site_id,111,116,117,118,119,162,180,61,76,77,9901,9924
AN-LISS1,0.058,9.0,8.93,0.045,0.00099,225.0,0.09,8.055,10.149999999999999,744.0,97.5,11.350000000000001
SW-RSN0807,0.0024000000000000002,0.27,0.269,0.0005,1.5e-05,32.5,0.00895,7.755,10.85,107.0,100.85,11.35
NW-88000728,0.14,6.699999999999999,6.61,0.071,0.00271,190.0,0.225,7.94,11.6,919.0,88.3,9.65
SW-70720019,0.015,0.6,0.596,0.002,0.00011,18.0,0.005,7.5,10.7,81.0,98.5,11.2
NW-88024607,0.053,0.1,0.098,0.002,0.00031,190.0,0.018,7.68,10.5,425.0,64.0,7.34
NE-49000143,0.015,0.23,0.226,0.002,0.00016,7.0,0.005,7.53,8.9,80.5,99.9,11.7
NE-49405120,0.122,0.82,0.8115,0.008265000000000002,0.00169,62.0,0.0338,7.98,8.55,188.0,98.95,11.55
AN-43M02,0.015,7.42,7.39,0.022,0.00026,252.5,0.11,7.87,11.3,812.0,84.4,9.13
NE-49400074,0.052849999999999994,1.565,1.52,0.0155,0.00069,36.0,0.11,7.890000000000001,10.4,197.0,100.4,11.2
SW-81201430,0.015,0.3,0.296,0.002,0.00016,28.0,0.016,7.5,7.8,128.0,97.0,11.8
SW-SSN0100,0.015,0.66,0.656,0.002,7.25e-05,39.0,0.019,7.28,11.9,167.0,95.5,10.2
MD-51147750,0.035,2.18,2.13,0.0095,0.000445,180.0,0.025,7.8,9.2,762.0,93.0,10.9
NW-88025769,0.72,0.63,0.594,0.036,0.00753,62.0,0.84,7.7,11.7,220.0,88.6,
SO-F0017505,0.129,1.38,1.37,0.0123,0.00092,50.0,0.036,7.45,12.5,489.6,87.6,9.3
SW-Z9370107,0.0475,5.77,5.75,0.0425,0.000905,250.5,0.35,8.155000000000001,11.3,712.5,97.0,10.45
AN-06M08,0.077,7.06,6.99,0.0688,0.00153,213.0,0.83,8.0,10.9,697.0,93.5,11.0
NW-88006376,0.041,4.1,4.08,0.023,0.00066,180.0,0.075,8.14,10.5,470.0,97.9,11.4
NW-88004896,0.045,2.9299999999999997,2.92,0.01515,0.00081,226.0,0.027999999999999997,7.865,10.850000000000001,581.0,90.15,9.879999999999999
NW-88022191,0.015,1.1,1.1,0.002,0.00019999999999999998,45.0,0.014,7.76,9.3,167.0,100.0,11.55
SW-60230005,0.094,5.4,,0.051,,300.0,0.16,7.71,12.55,1200.0,48.45,
AN-19M19,0.203,13.8,13.7,0.137,0.00115,95.0,0.072,7.57,9.1,843.0,71.3,8.2
NW-88005891,0.17149999999999999,3.86,3.835,0.033,0.00065,233.0,0.033,7.43,9.25,692.0,69.15,8.355
NW-88010465,0.292,3.26,3.21,0.0305,0.00353,143.0,0.212,7.93,9.4,592.0,92.3,10.8
NE-49800232,0.05,10.4,10.4,0.0388,0.00065,259.0,0.056,8.13,5.3,882.0,101.6,12.9
MD-41514100,0.062,4.9,4.73,0.0506,0.00072,170.0,0.126,7.73,12.2,1353.0,72.4,7.79
TH-PTHR0005,0.097,6.17,6.14,0.04,0.00154,205.0,0.14,7.855,11.0,708.0,86.0,9.62
NW-88005816,0.046,2.4,2.38,0.02,0.00078,176.5,0.094,8.09,10.1,468.0,98.3,11.5
TH-PTAR0087,0.09,17.3,18.0,0.037500000000000006,0.00124,220.0,1.7850000000000001,7.85,12.0,840.0,79.7,8.57
TH-RSN0594,0.026,7.8,7.76,0.042499999999999996,0.00037,135.0,0.20500000000000002,7.79,10.7,727.5,86.35,9.74
NE-RSN2036,0.058,5.0,4.960000000000001,0.032,0.00069,170.0,0.095,7.78,12.3,685.0,83.6,9.15
SW-91251640,0.015,1.9,1.9,0.002,7.5e-05,18.0,0.015,7.35,10.8,123.0,99.4,11.3
AN-30M36,0.015,14.0,14.0,0.0169,0.0001625,244.5,0.005,7.8,10.0,878.0,88.65,10.25
NE-49302040,0.066,2.27,2.26,0.0196,0.00059,267.0,0.093,7.81,10.8,1193.0,88.5,10.4
TH-PLER0060,0.05,11.0,11.0,0.034,0.00075,221.5,0.239,7.85,13.4,846.0,91.8,9.52
SW-RSN0061,0.10350000000000001,16.0,15.9,0.13,0.00131,180.0,0.31,7.555,14.3,796.5,71.55000000000001,7.1
NE-RSN0756,0.0067,2.1500000000000004,2.145,0.00415,0.00011999999999999999,66.0,0.032,8.07,10.55,426.0,97.7,10.850000000000001
NE-49905162,0.015,0.1,0.098,0.002,8.25e-05,17.5,0.005,7.76,8.15,69.0,102.5,11.45
TH-PCNR0059,0.015,5.880000000000001,5.855,0.026,0.0001975,260.0,0.0505,7.675,10.5,628.5,91.05,10.3
SO-E0004849,0.037,0.5,0.496,0.002,0.00024,86.0,0.017,7.49,11.2,336.0,90.9,9.73
SO-E0001614,0.10400000000000001,12.8,12.4,0.094,0.000435,77.0,0.387,7.14,11.15,614.5,61.900000000000006,5.965
NW-88022586,0.015,0.1,,0.002,,2.5,0.005,3.72,13.8,465.0,97.6,10.0
NW-88024603,0.015,2.1,2.1,0.00705,6e-05,260.0,0.017,7.215,10.65,581.5,60.9,6.99
NW-RSN0408,0.012,0.39,0.389,0.002,0.00012,22.0,0.0081,7.68,10.0,92.0,101.3,11.4
NE-SSN1333,0.015,3.1,3.09,0.0055,0.00027499999999999996,300.0,0.010499999999999999,8.29,9.8,716.0,101.5,11.8
AN-RSN0689,0.125,8.100000000000001,7.890000000000001,0.21,0.00237,210.0,0.22000000000000003,8.055,10.7,878.0,87.5,10.33
SW-81201510,0.032,2.11,2.11,0.002,4e-05,47.0,0.022,7.14,8.2,210.0,94.7,11.2
SW-91211370,0.015,0.35,0.346,0.002,8e-05,30.0,0.013,7.4,11.1,147.0,95.6,10.3
AN-BARE4,0.0765,10.35,10.25,0.049350000000000005,0.00107,223.0,0.2135,8.094999999999999,8.399999999999999,838.0,92.15,11.4
NW-SSN1434,0.4,1.1,1.07,0.025,0.00251,160.0,0.17,7.57,11.7,387.0,70.1,8.38
AN-RSN1506,0.015,9.6,9.58,0.0094,0.00025,200.0,0.023,7.97,8.8,785.0,89.2,10.5
SO-G0003989,0.037,4.8,4.78,0.021,0.00044,180.0,0.054,7.85,11.2,495.0,89.0,9.84
SW-82221901,0.015,6.4,6.4,0.002,0.000125,51.0,0.019,7.44,12.65,332.0,97.15,10.3
SW-RSN0141,0.63,2.7,2.57,0.045,0.00914,260.0,0.16,7.88,9.1,642.0,85.4,9.43
SW-RSN1523,0.00575,0.61,0.609,0.0005,5e-06,,0.00935,6.9,10.75,88.5,98.75,10.850000000000001
NE-49905126,0.0036,0.23,0.228,0.0005,4e-05,68.0,0.0005,8.07,8.6,156.0,98.1,10.9
AN-GLEN280B,0.015,7.76,8.33,0.0175,0.0002975,220.0,0.1,8.155000000000001,10.4,755.0,91.5,10.7
SW-81231185,0.0111,0.408,0.407,0.001,3e-05,8.0,0.0106,7.3,9.2,64.0,100.0,11.2
MD-53784688,0.0383,2.74,2.73,0.0234,0.00061,170.0,0.085,8.27,9.7,584.0,98.5,10.6
NE-49100479,0.058499999999999996,3.6,3.575,0.019049999999999997,0.0009,150.0,0.1335,7.94,10.9,496.0,93.2,10.3
NE-49100024,0.015,0.316,0.306,0.002,0.00023,84.0,0.005,8.24,9.0,190.0,98.4,11.05
MD-37557225,0.035,11.0,,0.018,,280.0,0.12,8.28,6.4,1028.0,100.9,
NE-49200305,0.015,12.0,12.0,0.028,0.000145,280.0,0.023,7.77,6.6,918.0,90.3,11.1
TH-PEVR0080,0.015,7.5,7.49,0.0155,0.0002275,220.0,0.0695,8.02,7.9,594.0,90.3,10.6
MD-06111920,0.06,4.95,4.94,0.027,0.00087,263.0,0.271,8.07,9.8,1116.0,88.6,10.2
NW-88002704,0.1305,7.055,6.885,0.08365,0.0012699999999999999,154.5,0.9495,7.7,11.5,758.0,83.3,9.42
TH-RSN1521,0.044,9.6,9.58,0.024,0.0008,180.0,0.34,8.0,13.5,828.0,92.4,10.4
MD-13615980,0.042,4.0,3.99,0.0126,0.00064,126.5,0.047,8.08,11.3,371.0,98.19999999999999,10.649999999999999
NE-41000039,0.015,1.21,1.21,0.002,9e-05,59.0,0.028,7.905,8.4,179.0,100.6,12.0
SW-60590144,0.0315,3.5,3.48,0.019450000000000002,0.000525,110.5,0.037,8.07,11.2,314.0,98.8,10.9
SW-82112810,0.015,7.21,7.21,0.00465,0.0001225,20.0,0.0295,7.51,10.85,302.0,100.0,11.05
MD-20353500,0.012199999999999999,2.785,2.77,0.006605,0.00016,75.5,0.02715,7.8100000000000005,10.95,233.0,96.1,10.7
SW-B3160105,0.045,4.795,4.76,0.0261,0.00097,300.0,0.257,8.17,11.1,774.0,95.0,10.1
TH-RSN0474,0.027000000000000003,4.0,3.9850000000000003,0.013000000000000001,0.000335,210.0,0.07150000000000001,7.9399999999999995,10.600000000000001,539.0,85.55,9.535
MD-28775020,0.087,13.0,13.0,0.05495,0.00085,203.0,0.195,7.7,10.8,883.5,86.94999999999999,9.594999999999999
MD-74357450,0.051,7.3149999999999995,7.3,0.043,0.00068,260.0,0.29,7.92,10.7,1025.0,89.5,10.4
SW-Z9390102,0.05,5.74,5.68,0.0433,0.00078,270.0,0.338,8.07,12.1,927.0,92.2,9.72
NW-88005131,0.001,0.237,0.236,0.0005,5e-06,2.5,0.0005,7.25,9.6,35.0,99.4,11.7
MD-RSN0678,0.015,8.55,8.54,0.0125,0.0003525,170.0,0.15,8.030000000000001,9.15,1832.5,100.15,11.4
SW-B3140101,0.0325,2.1500000000000004,2.145,0.0071,0.00059,250.0,0.024,8.22,11.5,615.0,98.2,10.9
SW-RSN2349,0.35,3.3,3.22,0.035,0.0056,210.0,0.16,7.93,12.6,524.5,81.3,8.91
NW-88000848,0.465,6.1,6.0600000000000005,0.0485,0.001305,160.0,0.016,7.415,10.85,921.0,78.85,9.07
SW-RSN0071,0.015,0.475,0.46499999999999997,0.00135,7.500000000000001e-05,110.0,0.009000000000000001,7.48,10.7,254.0,82.4,9.18
SW-70826005,0.015,1.97,1.9649999999999999,0.002,0.000205,44.0,0.027,7.8,11.0,170.0,99.1,10.7
NW-88002514,0.2625,2.035,1.9899999999999998,0.06455,0.002225,197.0,0.13,7.7,11.05,660.5,79.30000000000001,9.120000000000001
NE-49800097,0.015,0.435,0.416,0.002,0.00017500000000000003,33.0,0.005,7.52,9.7,113.5,97.1,10.75
MD-RSN2042,0.015,7.7,7.7,0.002,0.000175,280.0,0.036,8.21,4.0,640.0,101.9,13.3
SW-E2160020,0.0955,3.27,3.2,0.0343,0.0015249999999999999,218.0,0.14,8.09,11.0,543.0,95.1,10.6
SW-RSN1829,0.054,8.2,8.19,0.0505,0.00109,250.0,0.165,8.08,11.100000000000001,680.0,93.65,10.4
NE-49302216,0.15,4.0,3.96,0.048,0.00221,209.0,0.184,7.9350000000000005,9.1,1003.0,87.7,10.2
NE-49500662,0.061,2.83,2.82,0.013,0.00057,33.5,0.0675,7.79,10.9,314.0,97.7,10.9
TH-RSN2077,0.015,7.0,6.98,0.017,0.00028,240.0,0.29,8.15,12.2,638.0,99.1,10.5
SW-81915129,0.038,4.06,4.05,0.0056,0.00018,16.0,0.074,7.39,11.55,190.0,100.0,10.8
MD-02852980,0.023,5.199999999999999,5.1899999999999995,0.011349999999999999,0.0003925,275.0,0.0955,8.11,11.45,637.5,96.35,10.350000000000001
SO-SSN0487,0.015,7.9,7.86,0.014,0.00017,260.0,0.16,7.71,12.6,1386.0,71.9,7.62
SO-G0003764,0.015,1.33,1.3,0.0091,0.00022,96.0,0.056,7.68,9.9,398.0,88.5,10.1
NE-RSN0944,0.32,5.3,5.21,0.11,0.00531,280.0,0.22,7.59,8.9,860.0,66.1,6.54
TH-PWER0038,0.097,6.74,6.68,0.0575,0.0013,112.5,0.1905,7.79,12.45,504.0,90.6,9.805
MD-58248060,0.118,5.6,5.49,0.062,0.00173,265.0,0.33,7.97,10.8,1553.0,89.1,9.71
TH-PTHR0016,0.155,8.9,8.77,0.0797,0.002875,254.0,0.16,7.79,12.1,783.0,82.4,9.02
NW-88010493,0.039,0.75,0.736,0.005,0.00053,80.0,0.026,8.12,9.2,248.0,100.0,11.8
SW-70232250,0.086,2.6,2.56,0.036,0.0012000000000000001,150.0,0.121,8.0,10.05,410.0,92.44999999999999,10.2
NW-88023954,0.42700000000000005,2.855,2.8,0.06265000000000001,0.001425,225.5,0.15150000000000002,7.390000000000001,11.1,655.0,72.7,8.13
NW-88004373,0.0036,0.3105,0.308,0.0005,3.5000000000000004e-05,20.0,0.00275,7.74,8.95,70.0,102.5,11.9
MD-37917820,0.184,16.0,15.9,0.135,0.0029449999999999997,250.0,2.3,7.88,10.9,,85.95,9.11
NW-88002604,0.208,4.8,4.69,0.0506,0.00133,141.0,0.337,7.555,9.55,501.0,73.7,8.47
AN-SOME2,0.1,1.2,1.0550000000000002,0.0395,0.00132,160.0,0.12,7.55,12.95,633.5,72.2,6.425
NW-88023707,0.015,0.795,0.791,0.002,0.0001,19.5,0.005,7.635,9.3,94.5,100.55,11.350000000000001
NE-49301635,0.15,7.6,7.56,0.0621,0.00116,82.0,0.65,7.54,9.0,603.0,93.7,10.4
TH-PLER0067,0.015,9.2,9.18,0.0365,0.000565,220.0,0.21,8.3,13.7,805.0,112.05,12.45
TH-SSN0015,0.013,7.3,7.29,0.0067,0.00022,180.0,0.029,8.07,11.8,546.0,96.8,10.5
NE-49301263,0.052,4.09,4.08,0.0103,0.0007,87.0,0.041,7.94,9.4,532.0,97.3,10.6
AN-RISE010A,0.015,4.8,4.49,0.018,0.000345,180.0,0.029,8.02,8.7,645.0,97.2,11.4
SW-81610317,0.0395,5.4350000000000005,5.425,0.009000000000000001,0.00015,45.0,0.023,7.28,11.75,284.0,90.80000000000001,9.675
SW-50280911,0.015,0.84,0.761,0.0041,0.00016,29.0,0.044,7.52,10.4,204.0,90.7,10.2
AN-20M13,0.015,4.42,4.4,0.0221,0.00030000000000000003,268.0,0.181,8.135000000000002,10.85,899.0,95.15,10.65
AN-30M07,0.0415,13.0,12.9,0.046,0.00071,240.0,0.275,7.98,11.7,850.5,86.35,9.315
AN-23M08,0.015,5.29,5.27,0.0163,0.000245,233.0,0.1955,7.95,10.0,890.0,82.3,10.14
TH-PLDR0002,0.22,7.525,7.42,0.06915,0.0014,159.0,0.17,7.43,13.75,756.0,52.2,5.63
SO-E0000135,0.0595,3.0,2.95,0.0388,0.00183,165.5,0.0375,8.1,15.7,553.5,91.6,9.44
AN-RA05,0.081,3.4749999999999996,3.44,0.03395,0.00061,220.0,0.228,7.57,11.6,1124.0,56.1,6.06
SW-63100150,0.0805,9.35,9.23,0.0689,0.001925,269.5,0.355,7.98,14.0,1038.0,86.69999999999999,8.655000000000001
NW-88003111,0.095,0.83,0.82,0.0109,0.00085,204.0,0.036,7.73,8.9,677.0,90.6,10.5
NW-88003570,0.0785,1.315,1.2850000000000001,0.0208,0.00102,184.5,0.208,8.11,9.7,491.0,95.0,11.350000000000001
AN-OAE047,0.049,6.4,6.37,0.029,0.0005549999999999999,251.5,0.005,7.67,11.9,887.0,76.3,8.225
MD-37536190,0.54,2.0,1.97,0.11499999999999999,0.0053,420.0,0.013,7.56,10.0,4427.0,87.0,9.29
NE-RSN0520,0.37,5.0,4.94,0.065,0.00509,50.0,0.28,7.96,7.4,,106.9,12.8
NW-88000798,0.084,2.13,2.08,0.042,0.00146,156.0,0.083,7.91,10.9,603.0,92.5,10.2
TH-PLER0057,0.16,15.0,14.9,0.104,0.0019399999999999999,180.0,0.4,7.705,13.6,938.5,82.8,8.67
TH-RSN1229,0.015,1.2,1.2,0.002,0.000155,52.0,0.013,7.64,9.6,309.0,99.6,11.4
NW-88003490,0.015,0.77,0.757,0.0077,0.000275,95.0,0.035,8.17,8.4,277.0,98.8,12.3
NW-RSN0692,0.0055,0.24,0.239,0.0005,5e-06,,0.0057,7.025,9.899999999999999,63.0,98.4,11.0
NW-88000792,0.3095,18.0,17.9,0.191,0.00351,140.0,0.2455,7.71,11.25,883.0,79.55,8.84
AN-BUR137,0.074,4.08,4.045,0.04095,0.000755,222.0,0.058499999999999996,7.76,10.4,796.0,84.9,9.48
SW-82110403,0.015,9.44,9.44,0.002,3e-05,22.0,0.048,6.92,12.5,409.0,94.5,9.9
AN-WILN070D,0.0615,4.125,3.71,0.027,0.001295,209.0,0.0385,8.02,11.399999999999999,1240.5,85.19999999999999,9.725
MD-61041900,0.036,3.0,2.98,0.018,,150.0,,7.3,9.2,451.0,77.2,8.69
AN-24M13,0.0505,7.4,7.07,0.0455,0.000595,253.5,0.473,8.01,11.899999999999999,1018.5,89.44999999999999,10.45
MD-39926655,0.61,2.3,2.08,0.12,0.0066099999999999996,143.0,0.033,7.76,10.6,1021.0,65.6,7.87
MD-08019230,0.39,11.0,10.9,0.138,0.00458,180.0,0.5,7.85,10.4,928.0,91.7,9.9
SW-RSN1157,0.0265,4.9,4.84,0.032,0.000565,270.0,0.19,8.0,11.6,747.0,80.1,8.9
TH-SSN1359,0.037,8.6,8.59,0.011,0.0003,320.0,0.0695,7.93,9.8,787.0,88.9,10.5
SO-E0004771,0.034,8.33,8.29,0.0174,0.00053,220.0,0.198,7.97,11.9,707.0,89.9,9.49
NW-88003124,0.092,1.8,1.79,0.016,0.00096,160.0,0.03,7.7,12.5,690.0,93.6,10.0
SW-81930914,0.015,3.1500000000000004,3.2,0.002,5e-05,15.5,0.011,6.9350000000000005,11.75,226.0,97.55000000000001,10.5
NE-49301422,0.275,8.6,8.52,0.139,0.00352,195.0,1.27,7.765,10.7,1181.0,84.6,9.525
MD-04496180,0.036,8.85,8.504999999999999,0.023,0.0004625,260.0,0.162,7.93,10.100000000000001,932.0,83.35,9.364999999999998
SW-50280271,0.015,5.4,5.36,0.0239,0.00045,204.0,0.062,8.05,11.5,528.0,90.4,9.92
MD-60122050,0.015,7.75,7.73,0.022949999999999998,0.0004075,232.0,0.044,8.08,10.9,972.0,94.7,10.55
AN-SB0106,0.071,2.18,2.15,0.0338,0.00138,172.0,0.31,7.91,13.6,881.0,89.0,9.23
NE-49600498,0.015,0.885,0.881,0.002,0.0001825,36.0,0.005,7.74,7.800000000000001,215.0,94.25,11.3
SO-RSN0921,0.015,2.85,2.85,0.002,0.0002925,240.0,0.0385,8.129999999999999,11.25,559.0,95.65,10.350000000000001
SW-81710110,0.015,2.74,2.71,0.002,4e-05,24.0,0.005,6.97,12.45,205.5,96.5,10.3
SW-RSN1675,0.015,2.0,2.0,0.002,8e-05,26.0,0.071,7.4,9.2,142.5,97.05000000000001,10.95
NW-88005151,0.015,0.32,0.309,0.002,0.00027,81.0,0.005,7.87,6.8,391.0,103.1,11.8
NW-88020176,0.0655,5.4,5.365,0.0567,0.00135,113.5,0.11349999999999999,8.08,8.1,522.0,103.0,12.399999999999999
AN-42M05,0.041,7.1,6.765000000000001,0.032,0.0006,300.0,0.093,7.76,12.8,998.0,75.7,7.8
AN-53M14,0.0955,4.425,4.37,0.0456,0.0018549999999999999,226.0,0.095,8.0,11.100000000000001,1659.0,87.7,9.78
AN-RSN0901,0.36,1.0,1.19,0.011,0.0016,430.0,0.01,7.45,7.9,6328.0,83.4,9.21
SW-70240223,0.031,3.1,3.08,0.016,0.00046,110.5,0.093,7.995,10.05,419.5,97.25,10.850000000000001
NW-RSN0719,0.00155,0.185,0.184,0.0005,2.5e-05,62.5,0.0005,8.219999999999999,8.7,141.0,102.25,11.7
SW-81241155,0.015,0.1,0.098,0.002,5e-06,2.5,0.005,6.074999999999999,9.5,44.0,100.4,11.4
SW-RSN0701,0.033,7.0,6.96,0.038,0.00077,240.0,0.24,8.005,10.45,602.0,96.94999999999999,10.850000000000001
SW-82310160,0.015,2.61,2.645,0.002,0.00011750000000000001,23.0,0.005,7.47,12.05,209.5,99.1,10.5
AN-44M01,0.05,6.550000000000001,6.455,0.04085,0.00069,310.0,0.072,7.99,10.1,893.0,84.85,9.535
AN-MD02,0.11499999999999999,12.0,11.9,0.09,0.0005549999999999999,184.0,0.41,7.46,11.4,1177.0,54.4,6.09
TH-RSN0466,0.015,5.0,4.99,0.015,0.000215,280.0,0.044,8.01,6.8,855.0,85.1,10.9
MD-RSN2326,0.062,3.8,3.77,0.035,0.00112,210.0,0.11,7.99,11.0,776.0,96.4,10.3
TH-PLDR0018,0.036,4.46,4.44,0.0191,0.00045,182.0,0.087,7.8,10.8,584.0,82.05,9.385000000000002
NW-RSN2040,0.015,0.66,0.656,0.002,0.00012,29.0,0.016,7.77,8.9,118.0,100.75,12.0
NE-49405136,0.14500000000000002,1.85,1.78,0.071,0.003725,195.0,0.0495,8.155000000000001,11.75,772.5,96.0,10.7
TH-PTAR0002,0.015,6.3,6.29,0.018,0.000395,230.0,0.15,7.975,11.25,730.0,87.69999999999999,9.575
NE-49105162,0.159,4.435,4.405,0.0407,0.0025250000000000003,276.5,0.1175,8.12,9.1,778.5,93.9,11.15
MD-70414705,0.0092,0.5625,0.5609999999999999,0.0015,0.00011,25.5,0.01205,7.94,8.4,114.0,100.7,11.6
MD-RSN1052,0.015,10.0,9.95,0.054,0.00046,210.0,0.26,8.25,8.8,983.0,94.0,10.7
NE-49905202,0.015,1.745,1.74,0.0051,0.000335,150.0,0.025,8.29,10.1,392.0,99.5,11.1
TH-PCHR0055,0.0815,13.1,13.0,0.05775,0.0012699999999999999,182.0,1.4649999999999999,7.755,10.8,766.0,79.65,8.120000000000001
NW-88006262,0.0143,0.215,0.2125,0.002,0.00013749999999999998,16.0,0.005,7.85,11.350000000000001,57.0,100.2,11.149999999999999
SO-F0002953,0.015,7.37,7.36,0.0084,0.000165,130.0,0.085,7.72,11.1,466.5,86.55000000000001,9.395
MD-02851740,0.046,5.7,5.69,0.029,0.00085,270.0,0.229,8.13,10.3,698.0,88.7,9.67
AN-BUR175,0.104,2.48,,,0.00124,,0.035,8.075,12.649999999999999,951.5,94.65,10.25
SW-82513621,0.015,7.8,7.79,0.011,0.00035,280.0,0.022,8.13,13.4,734.0,98.5,10.4
TH-RSN0425,0.014499999999999999,8.5,8.49,0.012,8.5e-05,260.0,0.018,7.53,10.1,631.5,85.85,9.445
MD-22833380,0.045,5.4,5.38,0.023,0.00069,272.0,0.222,8.06,10.3,938.0,90.3,9.81
NW-88003455,0.29,1.29,1.25,0.035,0.00246,120.0,0.22,7.6,10.4,307.0,81.7,9.14
SW-60033471,0.241,2.6,2.53,0.0396,0.00201,260.0,0.11,7.74,10.6,705.0,83.65,9.66
NW-SSN0006,0.029,0.4,0.385,0.0065,7e-05,51.0,0.059,7.155,8.6,224.5,89.1,10.2
MD-53785450,0.07150000000000001,2.7,2.67,0.027,0.001425,256.0,0.022,8.235,12.1,823.0,96.6,10.4
SW-70641129,0.015,0.76,0.756,0.002,0.000105,14.0,0.005,7.24,11.0,83.0,97.3,11.0
AN-RSN1129,0.0125,8.55,8.535,0.0135,0.00021500000000000002,270.0,0.045,7.960000000000001,11.05,727.0,95.35,10.25
TH-PBNR0001,0.178,17.4,17.25,0.0807,0.00167,91.0,0.323,7.63,13.3,774.0,80.6,8.43
NE-49000771,0.015,9.6,9.56,0.021,0.00034,190.0,0.0575,8.27,11.1,604.0,100.2,11.4
SW-RSN1611,0.015,6.9,6.89,0.007,0.0003,64.0,0.15,7.96,11.6,310.0,99.6,10.9
SO-E0000498,0.069,3.95,3.875,0.048,0.0017,200.0,0.014,7.99,16.5,594.0,88.2,9.19
AN-GLV070,0.036,6.2,6.175,0.0283,0.000535,244.5,0.20350000000000001,7.9,10.8,790.0,88.45,9.8
SW-81250144,0.015,2.19,2.18,0.0064,0.00017,37.0,0.031,7.6,10.9,213.0,99.0,10.9
MD-45414020,0.042,1.4,1.39,0.0139,0.00039,230.0,0.033,7.75,9.4,790.0,84.4,9.63
SW-73030156,0.015,1.22,1.205,0.0039,0.00021499999999999997,36.0,0.076,7.71,11.05,192.5,97.8,11.05
AN-WOLD1,0.125,7.8,7.7,0.10500000000000001,0.001865,250.0,0.41,7.880000000000001,13.4,901.0,85.75,8.875
NE-49105249,0.015,0.5,0.489,0.002,0.000385,94.0,0.011,8.28,14.2,207.0,101.6,10.6
MD-65922180,1.7,1.94,1.86,0.0688,0.0134,177.0,0.046,7.71,11.0,836.0,59.0,6.16
NW-88004551,0.015,0.26,0.2555,0.002,0.00029,25.0,0.005,7.555,11.5,90.5,100.6,10.6
NE-49300329,0.149,1.545,1.53,0.01465,0.000365,338.0,0.048,7.08,10.5,1552.0,72.5,7.97
AN-53M24,0.015,3.8,3.7800000000000002,0.019,,,0.044,8.135000000000002,11.0,808.5,94.4,11.1
MD-04805580,0.015,3.6,3.59,0.0229,0.00028,180.0,0.137,7.84,11.4,681.0,82.5,9.04
NE-49100136,0.015,0.1,0.098,0.002,0.0002575,35.5,0.005,8.12,8.9,102.0,96.2,11.2
MD-37568140,0.015,7.765,7.595000000000001,0.00615,0.000145,315.0,0.014499999999999999,7.74,9.7,2306.0,96.65,10.8
AN-RSN1104,0.27,4.3,3.96,0.051,0.00251,265.0,0.005,7.75,12.55,1383.5,96.7,10.350000000000001
SW-E7070400,0.015,3.3,3.29,0.002,0.00029,240.0,0.031,8.125,11.2,525.0,102.7,11.5
TH-SSN1390,0.022,0.41,0.395,0.0068,0.0001,42.0,0.043,7.44,10.8,197.0,92.5,9.74
NW-88006163,0.0034000000000000002,0.611,0.6094999999999999,0.00166,4e-05,135.0,0.015,7.905,9.25,288.5,105.85,12.4
AN-52M14,0.0555,24.0,23.8,0.084,0.00105,202.0,0.2775,7.95,11.7,1013.0,88.5,9.57
SW-81261439,0.0157,1.01,1.01,0.0028,0.0001,37.0,0.0257,7.54,10.0,166.0,96.7,10.9
MD-39324570,0.044,14.1,14.0,0.0456,0.000785,294.0,0.0695,8.045,10.75,1437.5,95.75,10.5
NE-41000446,0.015,4.6,4.59,0.0066,0.000105,170.0,0.025,7.68,5.6,533.0,92.5,11.6
SW-64200240,0.0795,3.9299999999999997,3.91,0.027749999999999997,0.000975,311.0,0.18,7.85,11.0,945.0,92.0,10.4
NW-88004096,0.525,1.6,1.495,0.021400000000000002,0.00134,176.0,0.21,7.205,11.2,585.0,45.8,5.3149999999999995
MD-47517980,0.015,5.34,5.325,0.01935,0.0003,213.5,0.0825,7.945,10.8,738.0,85.8,9.254999999999999
AN-34M10,0.056,5.42,5.37,0.029,0.00079,214.0,0.005,7.93,5.6,737.0,97.2,10.7
MD-70263990,0.015,5.48,5.46,0.0201,0.00024,152.0,0.005,8.95,6.5,467.0,126.7,14.9
NE-49800075,0.109,1.6,1.585,0.02465,0.00101,91.0,0.0995,7.76,9.350000000000001,413.5,95.35,10.9
NE-RSN1268,0.015,13.0,13.0,0.025500000000000002,0.000135,170.0,0.0545,7.39,11.65,785.5,57.849999999999994,6.205
NE-49600496,0.05,2.0,1.99,0.019,0.00058,190.0,0.042,7.93,9.2,625.0,92.4,10.8
AN-52M04,0.408,3.9,3.86,0.0598,0.002685,270.0,0.005,7.68,10.35,1806.0,80.9,8.72
AN-MIN020,0.051500000000000004,2.455,2.43,0.023350000000000003,0.000435,304.0,0.051,7.63,11.35,971.0,71.5,8.25
SW-A1310101,0.015,4.66,4.65,0.022,0.000405,158.0,0.121,8.12,10.0,454.0,97.9,11.3
SW-82110170,0.015,4.88,,0.002,,12.0,0.005,6.5,13.2,278.0,94.1,
NW-RSN1176,0.0032500000000000003,0.275,0.274,0.0005,5.5e-05,77.5,0.0074,8.004999999999999,9.65,170.0,103.30000000000001,11.9
AN-13M24,0.015,6.025,6.015,0.01145,0.000185,248.0,0.023,7.75,11.2,726.0,85.94999999999999,9.385
NW-SSN0722,0.00485,1.25,1.25,0.001,5.75e-05,220.0,0.011,7.675000000000001,8.55,423.0,108.5,12.6
NW-88001870,0.015,1.6,1.6,0.002,0.000125,31.0,0.005,7.64,7.95,137.5,97.6,11.649999999999999
SW-RSN0413,0.0064,9.0,8.98,0.016,0.00013,250.0,0.069,8.26,10.1,607.0,120.45,13.95
SW-50370272,0.078,6.78,6.71,0.0419,0.00099,210.0,0.317,7.93,12.4,589.0,92.3,10.1
NE-RSN0992,0.013,6.6,6.58,0.012,0.0002,270.0,0.0305,8.26,11.5,744.0,98.2,10.4
MD-41821250,0.048,8.45,8.42,0.03945,0.00094,309.0,0.1895,7.965,10.2,2017.0,92.2,10.0
MD-RSN0344,0.014499999999999999,1.3,1.3,0.0031000000000000003,0.000285,120.0,0.029,8.085,10.0,306.5,100.6,11.3
NW-88002584,0.077,6.75,6.725,0.028,0.001025,140.0,1.1,7.755,13.55,559.0,92.05000000000001,9.885
MD-02659340,0.151,3.8449999999999998,3.645,0.05765,0.00243,174.0,0.271,7.81,12.6,673.5,77.3,8.530000000000001
MD-23966180,0.015,1.9,1.89,0.0062,0.0003,124.0,0.045,8.11,10.1,394.0,99.1,10.9
AN-STON050T,0.0745,3.83,3.83,0.0284,0.00113,248.0,0.11,8.02,10.0,736.0,89.6,10.1
NE-49302342,0.032,7.99,7.96,0.0246,0.00037,130.0,0.047,7.91,8.8,709.0,91.7,10.5
SW-91241709,0.015,1.82,1.82,0.002,8.5e-05,23.0,0.023,7.5,10.1,131.0,97.9,10.8
SW-81611033,0.1245,1.475,1.475,0.006699999999999999,0.00011,18.0,0.026,6.529999999999999,13.55,777.0,89.2,8.985
MD-04064050,0.0345,3.1950000000000003,3.16,0.02625,0.000695,205.5,0.118,7.955,11.5,691.5,88.55,9.505
NE-RSN1584,0.062,3.7,3.67,0.028,0.00076,80.5,0.25,7.82,9.899999999999999,336.0,96.3,10.649999999999999
TH-PCRR0020,0.079,3.4050000000000002,3.45,0.042,0.00116,215.5,0.1975,7.915,11.9,824.5,85.15,9.195
SW-RSN0023,0.07200000000000001,5.699999999999999,5.65,0.0445,0.00103,155.0,0.2,7.765,11.4,464.0,86.7,9.81
MD-SSN1320,0.031,5.0,4.97,0.022,0.00066,310.0,0.083,8.18,11.8,1177.0,94.0,10.3
NE-49000382,0.015,0.1,0.098,0.002,6.749999999999999e-05,9.0,0.005,7.505,10.45,82.5,100.85,11.1
NW-SSN0502,0.015,0.1,0.098,0.002,5e-06,5.0,0.005,5.92,13.4,40.0,100.8,10.45
MD-37421000,0.051,8.85,8.75,0.056,0.00079,220.0,0.288,7.83,11.1,1276.0,89.0,9.19
SW-72940404,0.015,0.1165,0.1155,0.0005,2e-05,2.5,0.0012,6.55,9.25,40.5,97.4,10.649999999999999
SW-RSN0765,0.0465,6.4,6.324999999999999,0.026500000000000003,0.0007,230.0,0.17,8.12,13.1,671.0,93.6,9.89
NE-49800228,0.015,4.15,4.125,0.008199999999999999,0.000305,120.0,0.031,8.035,9.9,448.0,100.2,11.5
MD-57407350,0.015,0.995,0.996,0.002,0.00021,43.0,0.013999999999999999,7.635,10.9,186.0,98.3,10.5
MD-12036180,0.074,4.875,4.835,0.042800000000000005,0.0011,153.0,0.432,7.965,10.350000000000001,700.0,90.6,10.149999999999999
SW-70630288,0.015,1.1,1.09,0.002,9.25e-05,15.0,0.0195,7.445,12.0,96.5,100.3,11.0
AN-GIP146,0.015,14.0,14.0,0.0335,0.0004,270.0,0.1,8.31,6.1,867.0,95.6,12.2
AN-DSOLDSMB,0.015,8.2,8.18,0.0165,0.0002875,240.0,0.049,8.06,8.75,726.0,96.55,11.350000000000001
MD-74358180,0.049,4.335,4.32,0.0342,0.00082,247.0,0.17,7.89,9.9,1079.0,90.0,10.4
SW-RSN0007,0.004,2.2,2.2,0.0016,3e-05,29.5,0.025,7.67,10.8,140.0,97.0,10.9
AN-SSN1499,0.015,2.4,2.39,0.01015,0.00024249999999999999,205.0,0.005,8.04,7.6,588.5,95.55,10.85
NE-SSN1382,0.0098,0.235,0.23399999999999999,0.0005,0.000135,31.0,0.0019,8.120000000000001,7.300000000000001,86.5,101.6,12.2
SW-70541602,0.015,2.32,2.3,0.0086,0.00025,52.0,0.043,7.85,9.3,205.0,99.3,11.6
MD-46250980,0.11449999999999999,9.6,9.415,0.087,0.00216,185.0,0.396,7.95,12.55,931.0,90.2,10.25
NW-SSN0714,0.215,0.985,0.9544999999999999,0.016,0.00093,185.0,0.255,7.36,11.3,388.0,71.7,7.74
NW-88025802,0.015,1.7,1.7,0.002,0.00022,83.0,0.027,8.01,10.6,264.0,102.2,11.0
MD-07957180,0.015,4.6,4.59,0.0172,0.000375,283.0,0.0995,8.15,10.9,761.0,95.2,10.8
SO-F0003014,0.015,3.1,3.08,0.011,0.00023,201.0,0.058,7.725,11.6,500.5,88.55,9.03
NW-88000873,0.19,6.5,6.47,0.052,0.00251,178.0,0.37,7.91,11.5,634.0,93.6,10.2
SW-81201470,0.05,1.6,1.59,0.011,0.00026,43.0,0.0655,7.47,11.75,200.5,95.4,10.5
NW-RSN0728,0.015,0.655,0.649,0.0040999999999999995,0.0001475,65.0,0.11,7.609999999999999,9.600000000000001,232.5,100.45,11.5
SO-RSN1617,0.046,9.1,9.05,0.063,0.00064,140.0,0.49,7.825,12.1,644.5,90.15,9.29
NE-49302117,0.036,24.7,,0.0208,0.0001,,5.02,7.375,12.05,967.5,78.8,8.24
NE-49000778,0.015,0.97,0.961,0.002,0.000235,37.0,0.021,7.79,10.5,180.0,100.0,11.0
SO-G0003918,0.015,8.35,8.34,0.011,0.0003,240.0,0.044,8.07,11.4,601.0,97.30000000000001,10.9
SW-73040102,0.015,3.295,3.285,0.01235,0.00021250000000000002,55.5,0.08249999999999999,7.73,10.55,238.5,93.9,10.7
SW-82111503,0.015,4.56,4.56,0.002,8.5e-05,17.0,0.021,7.46,9.1,225.0,100.0,11.5
SW-RSN1267,0.24,0.65,0.621,0.026,0.0013,62.0,0.11,7.5649999999999995,11.4,214.0,91.25,10.025
SW-RSN2221,0.074,4.1,4.08,0.022,0.00121,310.0,0.14,7.88,10.2,681.0,83.5,10.2
MD-RSN1516,0.019,1.2,1.19,0.0046,0.00027499999999999996,74.0,0.028,8.0,9.8,241.5,101.1,11.5
TH-RSN0545,0.043,11.0,11.0,0.041,0.001075,230.0,0.24,8.100000000000001,14.3,832.5,99.8,9.88
SW-50281619,0.052,1.23,1.22,0.002,0.00033,28.0,0.0109,7.34,12.0,197.0,87.2,9.04
NE-SSN1313,0.88,3.085,2.9955000000000003,0.05499999999999999,0.00246,250.0,0.365,7.359999999999999,12.15,706.5,54.25,6.42
NW-88000662,0.136,5.9,5.82,0.083,0.00144,215.0,0.32,7.78,11.4,1146.0,77.3,8.83
NW-88002113,0.034,0.6,0.596,0.0077,0.00051,35.0,0.03,7.88,8.7,171.0,98.3,11.4
NW-88002056,0.097,1.815,1.78,0.037,0.00103,144.0,0.14,7.73,10.95,462.5,84.05000000000001,9.15
AN-44M06,0.031,9.6,9.58,0.042249999999999996,0.00041,270.0,0.1005,7.84,10.9,877.0,79.8,9.184999999999999
NW-RSN1684,0.015,0.96,0.953,0.011,0.00046,160.0,0.024,7.96,11.6,479.0,98.8,10.3
NW-88003949,0.0052,0.2,0.198,0.00117,6e-05,51.0,0.0054,7.83,8.7,159.0,101.5,11.8
AN-12M03,0.037,6.494999999999999,6.465,0.0184,0.00067,210.0,0.209,8.06,13.1,793.0,93.4,10.2
MD-SSN0488,0.0087,2.0,2.0,0.0038,0.00017,200.0,0.0077,8.12,12.3,550.0,96.6,10.4
NE-49302349,0.051,13.3,13.3,0.033,0.00067,90.0,1.37,7.89,9.2,1102.0,93.4,10.5
NW-88005124,0.059,2.6,2.57,0.026,0.00039,46.0,0.076,7.585,11.1,215.0,97.3,10.7
MD-47519500,0.031,8.84,8.83,0.0212,0.000395,220.0,0.034,8.135000000000002,10.0,733.0,96.3,11.6
SW-T1000068,0.08,5.12,5.06,0.0376,0.0013,222.0,0.172,7.91,9.7,573.0,87.2,9.98
MD-28570210,0.12,13.0,12.5,0.1,0.00044,210.0,0.2,7.37,8.2,770.0,61.8,6.82
NE-49301456,0.032,4.69,4.695,0.0124,0.00057,93.0,0.039,7.97,9.5,568.0,95.6,11.1
SW-82312304,0.03,4.71,4.21,0.0095,0.000295,129.0,0.022,7.8,11.7,498.0,94.0,10.350000000000001
AN-37M14,0.015,9.9,9.87,0.0371,0.000425,259.0,0.13,7.95,11.5,867.0,95.2,10.9
NW-88004587,0.0034,0.27,0.269,0.0005,3e-05,8.0,0.0005,7.52,9.7,44.0,100.7,11.8
NE-SSN0485,0.026,0.098,0.0956,0.0022,0.00013,94.0,0.003,7.55,11.1,209.0,96.6,10.6
TH-PCHR0271,0.07,7.5,7.47,0.052,0.00096,180.0,0.15,7.89,10.8,592.0,91.1,10.1
AN-EYEB070A,0.049,4.35,4.38,0.015,0.00068,240.0,0.0595,8.22,10.0,716.0,95.0,10.6
SW-50820104,0.053,3.29,3.26,0.022,0.00203,181.0,0.058,7.8,10.6,486.0,90.0,10.1
SW-RSN0563,0.0645,3.1,3.075,0.0305,0.001265,255.0,0.29000000000000004,8.16,9.95,663.5,94.19999999999999,10.5
AN-CHK060,0.085,15.0,15.0,0.1275,0.0010249999999999999,280.0,0.7545,8.05,11.100000000000001,1070.0,87.8,9.55
MD-11740030,0.0555,4.93,4.895,0.0329,0.00071,175.0,0.267,7.84,10.850000000000001,632.5,90.25,9.925
MD-04796980,0.049,5.55,5.525,0.0415,0.0007199999999999999,168.0,0.18,7.88,14.0,809.0,88.9,9.475000000000001
AN-48M52,0.092,8.38,8.325,0.0557,0.00058,283.5,0.031,7.800000000000001,3.65,858.0,82.65,10.905000000000001
SW-73020127,0.015,2.3,2.29,0.0078,0.00023,37.5,0.035,7.76,11.0,181.0,96.8,10.6
SW-50830205,0.033,1.9,1.89,0.0087,0.00047,232.0,0.045,8.35,9.8,572.0,103.6,12.9
NW-88002065,0.219,4.15,4.1,0.071,0.00162,68.0,0.379,7.54,10.850000000000001,337.5,90.85,10.2
NE-49200137,0.015,11.2,11.2,0.0479,0.000255,189.0,0.013,7.97,9.1,581.0,95.5,10.5
SW-RSN0467,0.015,2.6,2.59,0.004,0.00012,24.0,0.031,7.52,11.1,151.0,98.6,10.7
SW-81930150,0.0395,2.545,,0.0078000000000000005,,17.0,0.023,7.2,10.85,202.7,100.0,
NE-49500292,0.086,4.095,4.055,0.0405,0.00124,129.0,0.157,7.88,10.9,662.0,91.25,10.5
SW-81916017,0.0315,4.449999999999999,4.449999999999999,0.002,6.5e-05,15.0,0.0125,7.1850000000000005,11.45,213.5,97.6,10.55
SO-SSN0414,0.07350000000000001,2.9,2.865,0.067,0.00147,210.0,0.51,7.87,13.6,569.0,84.5,8.61
SW-73063264,0.015,1.4,1.4,0.002,,,0.016,7.6,11.4,,99.3,11.55
NW-88024184,21.7,0.1,0.098,0.002,,585.0,0.005,6.81,,20893.0,67.0,
TH-PBRR0011,0.315,2.5,2.39,0.118,0.00452,210.0,0.38,7.805,13.05,856.0,70.3,7.415
NW-88002367,0.188,11.4,11.35,0.057550000000000004,0.001105,77.0,0.99,7.4399999999999995,13.350000000000001,574.5,88.4,9.33
NE-49800249,0.015,0.8,0.756,0.002,0.00021,33.0,0.018,7.645,8.7,112.0,100.5,11.8
SO-E0004847,0.067,2.87,2.83,0.0283,0.00039000000000000005,120.0,0.074,7.455,11.350000000000001,456.5,62.45,6.995
NE-SSN0021,0.0073,0.59,0.5885,0.0024000000000000002,0.000105,77.0,0.044,8.045,9.45,207.5,100.6,11.350000000000001
MD-29614590,0.015,1.0,,0.002,,56.0,0.028,7.5,10.8,276.0,99.9,11.1
AN-WOOT060H,0.0315,5.0,4.99,0.016,0.000365,240.0,0.051500000000000004,7.975,8.55,694.5,90.05000000000001,10.55
SW-81940468,0.015,3.47,,0.002,,26.0,0.005,6.9,12.3,254.0,96.0,
SW-81940411,0.015,2.3,2.3499999999999996,0.002,7.999999999999999e-05,30.0,0.005,7.4,12.2,250.5,98.25,10.75
MD-08017220,0.052500000000000005,7.82,7.775,0.0528,0.00101,213.0,0.4595,8.004999999999999,10.0,1040.0,91.45,10.05
NW-RSN1300,0.0195,0.69,0.6835,0.0040999999999999995,0.00023,41.0,0.0175,7.734999999999999,8.05,156.0,100.1,11.85
AN-STON040T,0.015,5.0,4.984999999999999,0.0175,0.0002375,250.0,0.056,8.19,8.2,716.0,94.30000000000001,10.95
MD-09882890,0.015,9.61,9.6,0.0053,0.0003,180.0,0.01,8.18,10.25,562.0,99.5,10.9
SW-RSN2253,0.0325,4.65,4.640000000000001,0.00625,0.000435,270.0,0.11499999999999999,7.945,10.9,611.0,92.69999999999999,10.3
AN-MD01,0.046,8.01,7.92,0.0564,0.00038,208.0,0.657,7.5,12.95,1180.5,64.35,6.225
NE-RSN2196,0.008,2.0,2.0,0.0014,0.00017,180.0,0.00995,8.38,9.05,392.5,102.55,11.649999999999999
MD-24239300,0.015,5.055,5.045,0.01,0.0003125,207.5,0.054,8.28,9.8,568.0,98.8,10.9
AN-CASTLEDK,0.057,2.6,2.37,0.044,0.00105,270.0,0.005,8.05,11.95,1618.5,113.9,11.95
NW-88003435,0.015,1.37,1.37,0.002,0.00025,251.0,0.019,8.4,8.7,531.0,99.8,11.7
AN-BROCK1,0.015,8.02,7.9799999999999995,0.01075,0.00013749999999999998,279.0,0.005,7.720000000000001,9.15,928.5,87.30000000000001,10.2
NW-88005850,0.201,3.5700000000000003,3.505,0.0435,0.00066,150.5,0.081,7.365,9.7,461.0,83.0,9.53
SW-81121431,0.0048000000000000004,0.6299999999999999,0.6275,0.0005,7.500000000000001e-06,9.5,0.00675,6.92,11.05,71.0,99.95,11.100000000000001
NW-88002279,0.023,0.81,0.805,0.0058,0.00023,60.5,0.036,7.78,10.2,231.0,99.2,11.4
MD-49401050,0.148,9.45,9.42,0.0465,0.00205,200.0,0.386,7.89,11.1,849.0,85.8,9.15
MD-61676550,0.128,2.2,2.18,0.03425,0.001665,152.5,0.1225,7.85,10.3,518.0,86.25,9.535
SW-RSN0019,0.023,2.0,1.99,0.0081,0.0001,96.0,0.02,7.35,11.85,350.5,89.80000000000001,9.885
SW-81940420,0.015,2.71,,0.002,,27.0,0.005,7.58,11.3,251.0,98.5,
NE-49100163,0.095,1.27,1.2,0.0132,0.00061,253.0,0.038,7.585,10.5,1834.0,80.4,9.14
MD-29992580,0.11,6.3,6.37,0.054,0.00075,220.0,0.18,7.75,11.6,648.0,83.4,9.27
MD-53119300,0.0067,0.176,0.17450000000000002,0.00079,1.7500000000000002e-05,15.0,0.008150000000000001,7.46,8.75,106.0,101.3,11.8
NW-SSN0082,0.0043,0.905,0.9015,0.0015500000000000002,7e-05,130.0,0.0052,8.36,12.4,290.0,99.6,10.85
SO-F0002534,0.83,7.32,7.125,0.151,0.01235,180.0,0.185,7.85,11.65,620.5,81.2,8.850000000000001
SO-F0017657,0.11950000000000001,1.3,1.18,0.024,0.000955,59.0,0.1,7.550000000000001,12.6,253.0,89.9,9.17
MD-10416140,0.036,4.3,4.28,0.017,0.00043,278.0,0.042,7.87,10.4,837.0,91.2,10.5
MD-50305850,0.062,7.13,7.09,0.036449999999999996,0.0006299999999999999,200.0,0.9039999999999999,7.74,10.25,1088.0,90.19999999999999,9.925
AN-RSN0980,0.275,12.0,11.9,0.1115,0.00226,235.0,0.86,7.505,12.6,1088.0,82.15,9.55
SW-70811778,0.015,5.0,4.985,0.011,0.00043999999999999996,130.0,0.0675,7.97,13.1,380.0,97.6,10.2
AN-BEL060,0.23,8.78,8.6,0.091,0.00324,230.0,0.822,7.88,10.9,1842.5,80.25,8.905000000000001
NE-RSN0511,0.023,1.1,1.1,0.004,9e-05,49.0,0.023,7.6,8.8,155.0,91.9,10.7
NW-RSN0523,0.004,0.37,0.369,0.0005,2.5e-05,15.0,0.0036499999999999996,7.390000000000001,10.55,74.5,95.69999999999999,10.9
AN-YAR220,0.059,6.7,6.66,0.0297,0.00109,257.0,0.116,7.92,11.8,853.0,79.3,8.54
MD-C0000030,0.046,6.47,6.415,0.0334,0.000725,171.5,0.114,8.03,10.35,818.0,89.2,10.05
SW-Z1010706,0.181,6.4,6.35,0.047,0.003345,224.0,0.166,8.125,11.1,667.5,96.25,10.7
TH-PRGR0032,0.039,6.74,6.71,0.032,0.00055,250.0,0.37,7.88,11.75,877.0,83.05,8.940000000000001
SW-73020110,0.015,2.1,2.08,0.0081,0.00021,40.0,0.044,7.71,12.3,185.0,98.4,10.6
AN-NENE030D,0.015,4.3,4.29,0.0116,0.00034250000000000003,220.0,0.044,8.215,10.0,653.0,98.1,11.25
NW-RSN0136,0.011,0.71,0.708,0.0035,7e-05,31.0,0.015,7.75,10.0,181.0,100.8,11.5
TH-PUTR0086,0.015,2.6,2.58,0.0133,0.000355,190.0,0.032,7.824999999999999,11.850000000000001,500.5,81.9,8.76
AN-CREB100C,0.03,2.26,2.18,0.015,0.00039,163.0,0.046,8.03,10.3,521.0,94.7,10.6
MD-RSN0526,0.0345,0.34500000000000003,0.3315,0.018,0.000465,230.0,0.0785,7.805,13.149999999999999,814.5,69.25,7.165
NW-88003536,0.081,0.9299999999999999,0.9105000000000001,0.014350000000000002,0.0008849999999999999,86.5,0.0465,7.66,9.85,330.0,96.45,11.0
TH-PWER0027,0.039,4.52,4.5,0.032,0.00034,72.0,0.12,7.665,11.350000000000001,347.0,89.0,9.81
NE-49301577,0.021,0.4,0.3975,0.002,6e-05,20.0,0.0058,7.33,8.6,74.0,96.1,11.0
MD-71204190,0.015,4.24,4.22,0.019549999999999998,0.00037,190.5,0.107,8.0,9.6,657.5,98.0,11.0
MD-22932250,0.015,8.95,8.940000000000001,0.02215,0.000375,252.0,0.1065,8.2,11.7,790.0,95.65,10.3
MD-58807200,0.015,4.6,4.59,0.013,0.00034,200.0,0.144,7.925,11.55,706.0,91.7,10.0
MD-39481620,0.015,11.0,11.0,0.0211,0.000375,280.0,0.066,8.05,11.5,1048.0,99.0,11.0
SW-50342808,0.023,4.875,4.85,0.018349999999999998,0.00047250000000000005,274.5,0.104,8.004999999999999,10.75,703.0,90.05,10.1
AN-TUD070,0.015,4.97,4.95,0.021,0.000445,288.5,0.13,8.15,11.4,823.0,93.4,10.2
SW-82010140,0.015,3.8899999999999997,3.8899999999999997,0.002,8e-05,15.0,0.0155,7.2,12.649999999999999,200.0,97.80000000000001,10.25
TH-RSN0505,0.032,8.8,8.67,0.04,0.00082,130.0,0.31,7.895,13.0,539.0,91.8,9.945
SO-Y0004402,0.047,4.279999999999999,4.255,0.02635,0.00056,129.5,0.1,7.82,12.5,498.0,93.0,9.99
NE-49301133,0.224,3.21,3.15,0.050949999999999995,0.00296,200.0,0.215,7.92,10.6,923.0,86.0,9.485
MD-RSN0318,0.15000000000000002,8.2,8.15,0.057999999999999996,0.002975,230.0,0.185,8.149999999999999,11.15,789.5,92.4,9.89
NW-SSN0730,0.11499999999999999,1.8,1.78,0.0315,0.000595,150.0,0.049,7.445,12.3,475.5,82.75,8.844999999999999
MD-83852117,0.4165,0.495,0.435,0.0074,0.000575,320.0,0.012,6.98,10.350000000000001,,76.0,8.629999999999999
MD-41296200,0.015,8.46,8.440000000000001,0.019799999999999998,0.000335,310.0,0.122,8.11,10.350000000000001,2042.5,95.25,10.75
NW-88002872,0.243,2.9349999999999996,2.855,0.09315000000000001,0.00238,173.0,0.1095,7.65,11.3,602.0,76.6,8.795
NW-88022382,0.242,7.0,6.87,0.0944,0.00293,176.0,0.13,7.63,10.149999999999999,733.5,75.25,8.495000000000001
NW-88023150,0.0081,0.151,0.15,0.0005,4e-05,15.0,0.0005,7.65,8.2,50.0,100.9,11.8
AN-RSN0721,0.045,5.4,5.35,0.053,0.0006050000000000001,215.0,0.0475,8.015,11.55,735.0,86.9,9.305
AN-STON030M,0.031,4.95,4.9350000000000005,0.016,0.00038250000000000003,250.0,0.061,8.184999999999999,8.9,689.5,96.25,11.149999999999999
NW-88002360,0.095,1.7,1.6549999999999998,0.0362,0.00149,160.0,0.082,7.97,9.9,602.0,96.9,10.8
AN-04M05,0.042499999999999996,7.529999999999999,7.470000000000001,0.0448,0.00074,224.0,0.183,7.98,9.95,800.0,84.2,9.27
SW-Z4170101,0.036,6.27,6.26,0.0121,0.00063,237.0,0.097,8.19,10.45,622.5,96.65,11.0
SO-G0006987,0.045,0.36,0.356,0.002,0.00013,63.0,0.13,7.29,13.3,271.0,78.3,8.43
NW-88006479,0.045,0.835,0.83,0.0069,0.00036,88.0,0.03,7.71,9.9,270.0,94.45,11.0
MD-RSN0830,0.039999999999999994,4.1,4.09,0.0245,0.00046,210.0,0.028,7.705,10.899999999999999,706.5,86.3,9.315
SO-RSN0809,0.0235,7.3,7.29,0.014499999999999999,0.000305,240.0,0.0275,7.6850000000000005,12.75,593.0,97.5,10.25
SW-RSN0147,0.0032,0.1,0.099,0.0005,5e-06,,0.0017,6.15,11.8,55.0,100.9,10.9
SW-SSN0724,0.0088,0.875,0.8734999999999999,0.0015,4.5e-05,31.0,0.01185,7.4350000000000005,11.95,135.0,97.44999999999999,10.5
NE-49700382,0.015,0.51,0.506,0.002,0.0002475,84.5,0.005,8.22,8.65,220.0,102.3,11.8
AN-CROOKEDB,0.175,0.28500000000000003,0.23099999999999998,0.025500000000000002,0.001425,345.0,0.29500000000000004,7.42,14.100000000000001,2559.0,40.3,4.035
MD-RSN0122,0.015,6.75,6.735,0.0215,0.00041,210.0,0.0935,8.15,11.1,647.0,95.45,10.7
MD-00259340,0.015,0.84,0.766,0.002,0.0002325,177.0,0.005,7.83,10.1,725.0,97.8,10.9
AN-HOGD110R,0.1795,18.85,20.3,0.14,0.002425,161.0,0.5885,7.87,12.4,1015.0,87.9,9.39
AN-02M25,0.015,6.6,6.57,0.0267,0.000415,230.0,0.647,8.07,9.85,840.0,93.1,10.75
NE-SSN0045,0.0042,0.0905,0.0895,0.0005,1e-05,15.5,0.0077,7.19,5.9,63.5,96.65,12.2
SW-Z9390201,0.077,8.74,8.56,0.0914,0.00153,252.0,0.558,8.045,13.2,1070.0,91.3,9.44
AN-RISE180G,0.015,5.27,5.24,0.01055,0.0002525,249.5,0.0775,8.05,10.3,861.0,90.6,10.2
NW-88005588,0.006149999999999999,0.22799999999999998,0.22499999999999998,0.001045,3e-05,10.5,0.00775,7.545,8.600000000000001,61.0,97.80000000000001,11.600000000000001
NW-88006306,0.015,1.67,1.66,0.0067,0.0004,94.0,0.020200000000000003,8.14,8.9,254.0,100.0,10.9
SW-SSN0508,0.037,1.6,1.59,0.0061,0.00068,,0.07,8.165,10.85,633.0,97.55,10.8
SW-82510102,0.015,4.19,4.18,0.0125,0.000115,72.0,0.022,7.62,10.2,330.0,99.5,11.2
NE-49100630,5.2,2.6,2.41,0.2,0.0969,380.0,1.8,7.91,14.0,1113.0,47.5,4.95
TH-RSN0962,0.015,9.3,9.285,0.022,0.00047,230.0,0.29,8.03,15.7,786.5,91.25,9.33
NW-88003438,0.12,1.475,1.44,0.016,0.00179,138.5,0.1625,8.024999999999999,9.7,359.0,98.0,11.25
NE-49500726,0.053,0.43,0.427,0.002,0.00038,10.0,0.0321,7.65,8.7,74.0,101.3,11.9
SO-RSN1213,0.015,3.3,3.26,0.0074,0.00023,59.0,0.0185,7.81,11.1,259.0,97.9,10.9
NW-SSN1418,0.015,1.2,1.1949999999999998,0.0057,0.0001425,150.0,0.043,7.475,12.05,347.5,95.25,10.399999999999999
NE-49400311,0.0455,1.42,1.4049999999999998,0.00925,0.000695,98.0,0.10250000000000001,8.184999999999999,8.3,317.5,99.25,11.649999999999999
MD-12178180,0.036,6.69,6.65,0.0358,0.000435,225.0,0.176,7.975,11.25,842.0,87.85,9.265
MD-58496180,0.037,7.0,6.97,0.041,0.00062,279.0,0.219,8.0,10.6,1075.0,88.5,10.1
SO-G0006963,0.015,5.7,5.69,0.0057,0.0003,240.0,0.024,8.18,10.7,550.0,97.7,10.8
SW-E3160500,0.057,3.72,3.68,0.0311,0.00076,272.0,0.043,8.05,10.4,705.0,94.2,10.8
SW-RSN0346,0.042,4.3,4.29,0.013,0.00027,270.0,0.11,7.630000000000001,10.9,611.0,86.4,9.655000000000001
NW-88024183,0.106,9.53,9.45,0.0835,0.00161,140.0,0.333,7.91,10.3,767.0,102.3,11.4
AN-WERR200I,0.082,3.98,3.995,0.05815,0.0010149999999999998,230.0,0.0875,7.855,10.6,934.0,74.8,8.18
MD-46388580,0.11,10.4,10.325,0.0735,0.0013800000000000002,184.0,0.365,8.03,10.649999999999999,1316.0,93.1,10.9
SW-50361118,0.051,1.81,1.8,0.009,0.00025,59.0,0.032,7.46,11.0,279.0,80.2,8.7
NW-88004073,0.044,1.37,1.36,0.0121,0.00049,69.0,0.073,8.0,9.3,243.0,99.7,11.3
MD-37267600,0.193,10.4,12.45,0.08085,0.00139,136.5,1.1549999999999998,7.645,11.35,728.5,85.2,9.82
NE-49100544,0.032,2.38,2.37,0.0075,0.00038,159.0,0.077,8.12,8.649999999999999,460.0,96.5,11.350000000000001
AN-BL10,0.015,7.41,7.39,0.017,0.00038,253.0,0.129,8.2,9.6,868.0,91.5,10.3
AN-36M07,0.040999999999999995,10.35,10.25,0.04525,0.00065,249.0,0.21,7.87,11.2,824.0,92.05,10.2
SW-72937708,0.057499999999999996,1.9,1.8900000000000001,0.0112,0.00026500000000000004,42.5,0.1085,7.37,11.95,194.5,94.25,10.25
AN-48M51,0.058,4.3,4.28,0.03,0.00041,305.0,0.048,7.74,7.9,770.0,72.4,8.55
MD-64496050,0.395,4.035,3.965,0.0591,0.006605,173.5,0.127,7.98,10.9,718.5,94.6,11.149999999999999
SO-E0001260,0.03,11.0,11.0,0.0305,0.0004925,210.0,0.22,7.97,12.0,732.0,104.44999999999999,11.649999999999999
NE-49400826,0.035500000000000004,1.31,1.3,0.009604999999999999,0.00058,44.5,0.0677,8.0,8.6,212.0,99.1,11.4
TH-PLER0123,0.015,7.5,7.49,0.013,0.0003075,279.5,0.28,8.08,11.4,723.0,92.3,10.2
NE-49900196,0.0975,4.475,4.445,0.0423,0.001395,241.5,0.2665,7.96,9.0,806.0,83.1,9.29
MD-04778460,0.07,9.97,9.84,0.0509,0.00129,180.0,0.285,8.01,12.6,946.0,91.3,9.64
MD-37849950,0.03,5.62,5.55,0.0236,0.0004,257.0,0.161,8.08,11.7,848.0,95.9,11.1
TH-PWRR0021,0.015,6.15,6.140000000000001,0.011,0.000315,210.0,0.087,8.23,13.4,566.5,97.1,10.3
TH-PLDR0019,0.11,5.9,5.81,0.0623,0.000665,117.0,0.085,7.545,12.4,578.0,74.7,8.465
SW-50350235,0.015,8.6,8.59,0.0085,0.00113,219.0,0.014,7.87,12.350000000000001,557.0,98.6,10.4
NW-88015476,0.109,1.67,1.65,0.0188,0.00115,203.0,0.143,8.1,5.1,595.0,94.0,11.6
NE-49000063,0.06,9.265,9.025,0.0429,0.00148,211.0,0.041,8.03,10.4,866.0,90.1,10.1
MD-45646150,0.065,17.0,17.0,0.0433,0.00056,120.0,0.6,7.615,10.9,869.0,82.2,8.805
MD-48942750,0.0375,5.32,5.295,0.02485,0.00047999999999999996,198.5,0.099,8.015,8.9,768.0,92.55,10.850000000000001
SW-82210130,0.015,11.149999999999999,11.149999999999999,0.01025,0.0001025,32.0,0.041,7.305,10.95,415.0,96.5,10.7
NW-88002094,0.015,0.87,0.849,0.0066,0.00032,65.0,0.041499999999999995,8.07,9.9,305.0,101.2,11.5
NW-88023773,0.1135,1.47,1.45,0.0329,0.001145,197.5,0.1315,7.725,10.05,751.5,91.94999999999999,10.3
AN-FBRO100F,0.3215,2.4,2.23,0.0514,0.00558,320.0,0.242,8.17,11.600000000000001,5438.5,103.0,11.6
MD-05348020,0.015,6.695,6.665,0.02315,0.000365,235.5,0.1755,8.004999999999999,11.4,729.5,87.6,9.649999999999999
NW-88002852,0.1925,4.75,4.68,0.054150000000000004,0.0015300000000000001,139.5,0.14,7.575,11.3,592.5,86.75,9.635
NW-88006393,0.00705,0.55,0.5485,0.0012,9.5e-05,72.0,0.0137,7.975,9.7,184.0,100.0,11.75
SO-E0000959,0.138,5.295,5.23,0.0475,0.000865,54.0,0.28,7.45,11.5,367.5,92.7,10.149999999999999
AN-SPRA060S,0.036,10.3,10.1,0.046,0.00047,75.0,0.46,7.88,10.4,467.0,90.3,9.93
MD-RSN0518,0.015,0.59,0.583,0.0077,0.00033,230.0,0.026,8.06,13.1,480.0,88.8,9.78
SO-F0002506,0.061,16.3,16.3,0.033,0.000755,81.0,0.633,7.64,14.05,656.5,87.65,9.094999999999999
AN-HD0120,0.049,10.55,10.55,0.038,0.000565,144.5,0.2255,7.83,11.25,792.0,88.0,10.45
NW-88002751,0.3,12.0,11.9,0.11,0.00219,130.0,1.97,7.52,12.6,684.0,80.9,8.855
SW-RSN0941,0.0096,7.0,6.98,0.01,0.00017,220.0,0.054,8.15,11.4,532.0,101.7,10.8
SO-SSN0715,0.015,10.5,10.495000000000001,0.008549999999999999,0.0002725,240.0,0.0215,8.01,10.35,655.0,98.19999999999999,10.95
SW-81281105,0.032,1.5,1.49,0.0072,0.0002,38.0,0.036,7.52,11.4,189.5,96.0,10.4
AN-DEB090,0.043,5.57,5.535,0.033,0.00059,290.0,0.14500000000000002,7.975,11.149999999999999,954.5,88.8,10.45
SW-Z1010501,0.184,6.42,6.36,0.051,0.004405,230.0,0.14,8.2,12.3,669.0,99.0,10.8
NE-RSN1744,0.0645,2.3,2.285,0.0225,0.00103,62.0,0.0905,7.965,9.350000000000001,256.5,98.35,11.4
NE-49905045,0.015,0.325,0.316,0.002,0.00023,59.5,0.005,8.07,7.7,162.0,101.1,11.6
SW-RSN1293,0.049,2.3,2.29,0.0057,0.00014,33.0,0.047,7.0,9.5,250.0,85.1,9.89
SO-E0001262,0.015,9.75,9.735,0.025,0.00038250000000000003,210.0,0.12,7.94,11.3,691.0,99.2,11.2
MD-SSN1292,0.25,0.24,0.236,0.012,0.00026,150.0,0.18,7.05,10.3,358.0,56.1,6.22
MD-61079610,0.054,5.18,5.15,0.033,0.00079,205.0,0.371,7.94,11.0,908.0,85.8,8.97
SO-G0003669,0.015,2.7,2.68,0.019,0.0003,158.0,0.052,7.76,11.0,538.0,88.2,9.85
MD-48883180,0.0955,12.4,12.35,0.07255,0.0018700000000000001,170.0,2.2350000000000003,8.03,11.850000000000001,911.0,88.1,9.445
MD-49712380,0.015,0.5,0.496,0.002,9.5e-05,15.0,0.005,7.59,10.1,83.5,100.1,11.5
AN-RSN1565,0.081,4.6,4.55,0.058,0.00161,320.0,0.32,8.0,12.3,954.0,86.9,9.84
AN-DEB085,0.069,7.22,7.17,0.0343,0.00073,299.0,0.136,7.945,10.6,955.5,84.75,8.925
SW-81202020,0.015,1.5499999999999998,1.5430000000000001,0.002,0.0001875,59.5,0.0205,7.515000000000001,11.7,290.5,91.94999999999999,9.844999999999999
SW-RSN2175,0.0635,4.45,4.415,0.0215,0.000305,62.5,0.10500000000000001,7.44,10.9,242.0,96.75,10.6
NW-88006313,0.00605,0.327,0.325,0.002035,6.5e-05,55.0,0.012,7.890000000000001,9.1,137.5,99.8,11.55
MD-10461800,0.015,7.16,7.14,0.0165,0.000345,206.0,0.805,8.02,9.9,975.0,92.4,10.5
NW-88002672,0.18,2.4,2.355,0.061,0.00243,170.0,0.1,7.8,12.5,699.0,82.2,9.17
NW-RSN1999,0.0049,0.16,0.159,0.0005,5e-06,,0.0015,6.9,9.1,62.0,101.1,11.7
SO-F0017549,0.03,0.1,0.098,0.002,6e-05,93.0,0.011,7.06,11.1,361.0,51.1,5.01
SW-50901590,0.027549999999999998,0.0147,0.013250000000000001,0.0019399999999999999,6.25e-05,9.0,0.0024,7.0600000000000005,10.95,159.0,76.9,8.425
TH-RSN0858,0.0345,0.89,0.8835,0.006500000000000001,0.00021250000000000002,365.0,0.022,7.654999999999999,9.05,808.0,74.6,8.215
NW-88002324,0.14,2.8,2.76,0.043,0.00137,75.0,0.089,7.73,10.55,359.5,98.15,10.850000000000001
AN-HOLL100C,0.015,5.7,5.69,0.0081,0.00028,161.0,0.023,8.15,9.8,553.0,96.0,10.8
AN-03M04,0.015,5.8149999999999995,5.795,0.0204,0.00033,240.0,0.13,7.98,12.2,781.0,91.4,9.5
AN-SSN0126,0.015,9.0,8.99,0.01,0.000205,320.0,0.14,8.28,6.2,866.0,97.0,12.0
AN-RSN0450,0.0495,5.25,5.234999999999999,0.01475,0.00033000000000000005,42.5,0.005,6.84,10.45,889.0,83.05,9.21
TH-PRTS0065,0.046,7.4,7.52,0.0285,0.00109,190.0,0.19,8.13,13.0,637.0,97.8,10.9
MD-SSN0652,0.007500000000000001,2.2,2.2,0.00145,0.000125,61.0,0.042499999999999996,7.9350000000000005,10.55,179.5,100.15,11.149999999999999
AN-RSN0049,0.0195,7.45,7.4399999999999995,0.0115,0.00038500000000000003,280.0,0.031,8.245000000000001,10.1,801.0,91.69999999999999,10.24
NW-88025761,0.21300000000000002,0.705,0.6859999999999999,0.019,0.000935,125.0,0.1235,7.51,4.699999999999999,338.8,94.7,12.149999999999999
MD-50900495,0.015,1.635,1.62,0.01285,0.00028,100.0,0.0175,8.14,10.25,347.5,102.55,11.8
TH-RSN0274,0.057999999999999996,7.2,7.17,0.0285,0.00113,195.0,0.15,8.06,13.05,656.5,98.1,10.2
SW-RSN2045,0.013,8.55,8.535,0.013,0.00013,250.0,0.04,7.69,12.1,637.0,88.0,9.36
MD-RSN0326,0.015,7.4,7.390000000000001,0.012,0.00038,255.0,0.125,8.2,10.45,608.0,95.6,10.7
SO-E0000629,0.039,3.4,3.385,0.021,0.000405,68.0,0.0875,7.74,12.0,358.5,93.55000000000001,9.945
SW-70240270,0.015,2.6500000000000004,2.645,0.0067,0.000245,65.0,0.07300000000000001,7.87,10.9,237.0,98.6,11.0
AN-DIGFNBIL,0.081,2.785,2.735,0.01265,0.000445,261.0,0.005,7.465,8.35,2632.5,79.25,9.45
SO-G0003761,0.037000000000000005,0.7,0.676,0.009850000000000001,0.0002675,130.0,0.032,7.67,13.6,512.0,92.0,9.64
TH-PRTS0662,0.16,11.0,11.0,0.051,0.00374,160.0,0.24,7.83,19.3,710.0,93.8,9.08
NW-88022581,0.015,0.1,,0.002,,17.0,0.005,7.06,9.8,71.0,100.8,
NW-88002568,0.15,4.44,4.36,0.06,0.00181,110.0,0.42,7.92,10.1,431.0,92.9,10.4
MD-46713440,0.13,12.2,12.0,0.09,0.00178,135.5,0.888,7.75,12.55,964.0,81.55,8.575
AN-CD0148,0.015,6.6,6.59,0.0206,0.00026,278.0,0.03,8.13,9.5,677.0,98.2,11.4
MD-12813020,0.031,4.5,4.48,0.0207,0.000465,307.0,0.427,8.004999999999999,11.2,1111.0,85.8,9.49
NE-49900183,0.015,0.53,0.516,0.002,0.000235,77.5,0.005,8.1,6.75,191.0,102.85,12.4
NW-88000754,0.024,1.8,1.795,0.0069,0.0003325,59.0,0.023,7.9,9.1,230.0,99.4,11.7
AN-MOUL080M,0.015,2.5,2.48,0.017,0.000265,150.0,0.013,8.13,9.6,568.0,103.2,11.7
TH-PTHR0038,0.20400000000000001,6.75,6.699999999999999,0.0412,0.002,260.0,0.526,7.64,14.05,985.0,62.5,6.18
SW-50340920,0.015,10.0,10.0,0.005,0.00021750000000000003,237.5,0.0165,7.890000000000001,11.05,617.5,95.19999999999999,10.5
SO-E0000909,0.08299999999999999,16.6,16.6,0.0317,0.0013,77.5,2.6,7.67,12.25,651.0,93.3,10.05
SW-60031280,0.032,7.65,7.63,0.019299999999999998,0.00055,270.0,0.193,8.17,11.4,764.5,94.69999999999999,10.4
MD-RSN1762,0.015,4.65,4.635,0.0175,0.0003175,170.0,0.0765,7.95,11.05,452.0,93.80000000000001,10.295
NW-RSN1700,0.068,0.93,0.905,0.024,0.00171,220.0,0.24,8.11,12.5,524.0,96.9,10.6
NE-49405138,0.059,2.6,2.58,0.023,0.000435,91.0,0.023,7.54,13.1,475.0,88.4,9.95
MD-24747580,0.015,5.44,5.43,0.01395,0.000365,232.5,0.1045,8.115,10.25,594.0,94.85,10.5
NW-88001879,0.015,2.57,2.56,0.01115,0.0003325,73.5,0.2135,8.035,10.0,309.0,99.9,11.45
MD-60387900,0.545,5.765000000000001,5.58,0.101,0.007245,210.0,0.253,7.845,12.35,775.0,80.15,8.535
NW-RSN0472,0.061,1.4,1.37,0.0165,0.00066,155.0,0.16,7.75,11.45,436.5,95.6,11.25
SO-F0017546,0.015,0.1,0.098,0.002,6e-05,88.0,0.039,7.2,8.3,288.0,51.0,5.6
NE-49300217,0.34,0.56,0.5455,0.0256,0.00249,391.5,0.73,7.63,11.1,1594.0,45.6,5.32
SW-60140325,0.015,3.02,3.0,0.0048,0.000305,290.0,0.024,8.3,10.850000000000001,767.0,97.6,10.649999999999999
SW-50310190,0.053000000000000005,5.5600000000000005,5.535,0.03265,0.00087,210.0,0.2055,8.09,10.4,560.5,96.45,10.8
MD-36732370,0.0615,8.16,8.085,0.042300000000000004,0.001165,166.0,0.296,8.094999999999999,11.55,857.0,96.7,10.8
AN-GIP180,0.0455,6.5,6.465,0.0515,0.000675,286.0,0.2,8.03,11.9,1050.0,87.8,9.38
AN-CHAT100U,0.015,4.4,4.39,0.0151,0.00038,200.0,0.1,8.04,10.1,740.0,91.5,10.2
TH-PTAR0022,0.015,9.5,9.5,0.016,0.000335,238.5,0.386,8.07,11.75,832.0,87.6,9.46
NE-49900184,0.015,2.14,2.16,0.0118,0.0004,160.0,0.05,8.145,10.05,447.0,89.05,10.1
MD-63081350,0.077,8.1,7.99,0.0875,0.00052,77.0,0.251,7.3,12.9,654.0,84.0,8.39
NE-RSN0196,0.27,3.3,3.28,0.035,0.00154,260.0,0.23,7.49,10.5,836.0,56.7,6.98
MD-55724900,0.1315,7.9,7.845,0.049,0.001545,173.0,0.2495,7.77,11.8,621.0,89.1,9.61
NE-49600480,0.015,5.734999999999999,5.734999999999999,0.002,0.00025,165.0,0.005,8.125,8.75,500.0,98.25,11.4
SO-G0003890,0.04,7.45,7.41,0.019,0.00069,230.0,0.043,8.14,11.4,580.5,98.55,10.9
NW-88002001,0.18,5.824999999999999,5.725,0.068,0.00188,65.0,0.33,7.67,11.1,396.0,99.0,10.8
AN-RUNFURWS,0.042499999999999996,4.38,4.265000000000001,0.02425,0.0007750000000000001,204.5,0.07150000000000001,8.28,9.899999999999999,828.0,99.5,11.649999999999999
SW-81520348,0.0053,1.2,1.2,0.0014,3e-05,11.0,0.0094,7.3,11.4,96.0,100.0,10.9
NW-88003441,0.031,1.1,1.08,0.011,0.00053,170.0,0.041,8.3,11.9,445.0,100.8,10.9
AN-RSN1609,0.015,7.7,7.67,0.021,0.000305,290.0,0.25,8.01,9.2,870.0,89.1,9.7
SW-81610221,0.092,1.34,1.34,0.002,9e-05,19.0,0.019,6.66,10.9,137.0,88.4,9.83
SO-G0004188,0.015,0.14,0.138,0.0019,5e-05,18.0,0.0094,7.13,10.6,159.0,87.4,9.83
NW-88003452,0.0475,0.34,0.329,0.002,0.00053,21.0,0.005,7.76,10.3,85.5,101.35,11.8
SO-E0000851,0.45,12.0,11.6,0.236,0.001495,85.0,0.38,7.21,13.399999999999999,677.5,49.650000000000006,4.965
SO-G0006983,0.029,0.078,0.075,0.0037,0.00014,80.0,0.012,7.2,13.7,311.0,64.0,6.82
NW-88000629,0.353,3.7,3.67,0.0605,0.00572,256.0,0.303,7.8,10.9,814.0,68.4,7.91
SW-RSN2251,0.0102,1.45,1.4449999999999998,0.0037,9e-05,38.0,0.046,7.4399999999999995,12.15,161.0,98.8,11.05
SW-81950522,0.21,2.5,2.48,0.012,0.00012,18.0,0.07,6.4,13.4,566.5,89.35,9.29
NW-RSN1127,0.03,0.0225,0.021249999999999998,0.0005,5e-06,13.5,0.0115,5.81,9.8,60.0,88.5,9.94
MD-47233820,0.0395,6.75,6.73,0.0205,0.00058,242.5,0.039,7.975,10.85,1202.5,94.0,10.4
NW-88004011,0.006999999999999999,0.255,0.2515,0.00165,0.00011,25.0,0.0096,8.0,10.1,95.5,99.85,11.15
MD-37572590,0.015,12.0,,0.0088,,290.0,0.095,8.09,6.2,833.0,99.5,
SW-70230174,0.045,2.6,2.59,0.014,0.000815,190.0,0.071,8.03,10.4,458.0,99.5,11.0
SW-A2270401,0.015,3.6,3.6,0.002,0.0002975,270.0,0.012,8.11,11.1,592.0,98.9,10.9
SW-70501840,0.015,0.71,0.7,0.0046,0.0002,79.0,0.03,7.7,12.5,260.0,95.0,10.1
SW-E1390400,0.137,6.175000000000001,6.105,0.0361,0.0021,172.0,0.11,8.08,10.399999999999999,484.0,92.25,9.879999999999999
TH-PWER0015,0.032,1.94,1.96,0.0099,0.0002325,112.0,0.12,7.74,10.5,349.0,87.4,9.46
NE-49301683,0.157,3.5,3.4299999999999997,0.0499,0.001555,41.0,0.2265,7.68,10.2,364.0,95.5,11.100000000000001
NW-88023686,0.001,0.237,0.236,0.0005,1e-05,13.0,0.0005,7.62,8.1,47.0,100.2,11.8
MD-10932140,0.032,4.7,4.69,0.0247,0.00037,192.0,0.16,7.83,12.0,756.0,81.4,8.18
NE-49105169,0.23,4.8,4.6,0.12,0.00296,250.0,0.053,7.68,12.3,1197.0,78.3,8.15
AN-NENE170B,0.061,5.21,5.39,0.039,0.0011,184.0,0.14,8.055,11.7,703.0,97.85,10.3
SW-73110903,0.015,1.8900000000000001,1.8900000000000001,0.002,0.000305,122.5,0.0245,8.105,11.45,329.5,99.1,11.0
SW-82530105,0.015,0.55,0.546,0.002,2e-05,6.0,0.005,7.05,11.45,78.0,100.9,10.9
AN-SSN0483,0.015,11.0,11.0,0.0041,0.000175,290.0,0.014,8.33,4.0,722.0,95.8,12.5
SO-E0007346,0.027,4.550000000000001,4.535,0.013999999999999999,0.0005575,260.0,0.2,8.135000000000002,13.05,747.0,94.95,10.094999999999999
NW-88000875,0.0835,5.5,5.46,0.04,0.001155,170.0,0.22,7.895,10.15,613.5,90.05,10.045
NW-88004995,0.015,1.565,1.545,0.00535,0.000235,29.0,0.022,7.5,14.1,159.5,98.1,10.3
SO-G0006946,0.004,0.024,0.023,0.0005,1e-05,10.0,0.0012,7.15,12.0,118.0,100.2,10.6
NW-88003485,0.01395,0.53,0.526,0.002,0.0001975,50.5,0.00785,8.184999999999999,7.8,166.5,99.8,12.350000000000001
TH-SSN1491,0.0335,2.8,2.74,0.0215,0.0006,210.0,0.19,8.055,10.649999999999999,682.5,92.8,10.235
NE-49700247,0.015,0.78,0.774,0.002,0.000335,110.0,0.0215,8.24,9.6,251.0,102.0,11.6
AN-TIF070,0.18,4.0,3.96,0.043,0.00203,290.0,0.076,7.95,6.1,764.0,88.4,11.1
NW-RSN0299,0.0047,0.65,0.649,0.0011,5e-05,78.5,0.014,7.91,10.2,191.0,101.0,11.7
NE-49100400,0.13,10.6,10.55,0.0765,0.00168,210.0,0.141,8.05,10.8,788.0,94.6,11.4
SO-G0004021,0.056,12.9,12.9,0.0289,0.0004,180.0,2.21,7.54,11.3,731.0,83.0,9.15
NE-49401025,0.036000000000000004,3.05,3.0250000000000004,0.0139,0.0005499999999999999,89.0,0.0645,7.875,10.25,438.0,98.25,10.95
TH-RSN0289,0.015,1.85,1.8399999999999999,0.00445,0.00027,150.0,0.015,7.97,11.25,492.0,97.75,10.9
MD-06110900,0.047,4.11,,,0.00076,277.0,,8.06,10.8,1111.0,94.5,10.1
NW-88005012,0.02065,0.82,0.816,0.00425,6.5e-05,15.0,0.017,7.22,9.85,106.0,99.35,11.45
MD-RSN1810,0.015,3.8,3.75,0.02,0.00036,220.0,0.12,7.91,10.899999999999999,952.5,85.8,9.67
SO-E0000695,0.041,1.8,1.79,0.014,0.0004,71.0,0.108,7.64,11.1,291.0,92.7,10.2
TH-PWER0026,0.08,4.65,4.640000000000001,0.02075,0.00073,36.0,0.231,7.539999999999999,11.1,273.0,90.55,9.77
AN-26M34,0.08,8.055,7.984999999999999,0.061950000000000005,0.00156,210.0,0.197,8.01,11.5,955.0,92.3,10.4
MD-00052182,0.0225,2.385,2.375,0.01105,0.000405,71.5,0.125,7.92,11.75,274.5,92.95,9.96
TH-RSN0097,0.18,2.95,2.895,0.088,0.00299,160.0,0.26,8.46,13.3,685.0,96.5,10.4
NE-49300684,0.015,0.215,0.2135,0.002,3.7500000000000003e-05,13.5,0.00995,7.49,9.9,82.0,98.6,11.3
SO-G0003947,0.0087,8.9,8.89,0.0052,4.5e-05,250.0,0.028,7.44,10.9,611.0,91.5,10.2
MD-03015120,0.045,9.39,9.37,0.0341,0.00102,279.0,0.34650000000000003,8.09,10.0,901.0,93.7,10.6
AN-FRES5A,0.1,11.3,11.2,0.0485,0.00109,229.0,0.23,7.74,10.3,765.0,93.4,10.5
SW-70220119,0.051,3.6100000000000003,3.565,0.027,0.00078,150.0,0.11,8.02,10.5,433.0,95.9,10.6
AN-METHRGAM,0.015,10.0,9.99,0.00585,0.0001225,250.0,0.026500000000000003,7.61,11.149999999999999,893.5,83.15,9.129999999999999
NE-49900003,0.015,0.3,0.286,0.002,0.00018,92.0,0.005,8.2,8.8,221.05,100.0,11.1
AN-BT0125,0.04,4.4,4.38,0.024,0.00059,290.0,0.091,7.97,11.0,829.0,87.6,10.1
AN-RSN2033,0.11,6.1,5.83,0.14,0.001745,275.0,2.4,8.265,10.1,1105.0,94.8,11.05
MD-28071200,0.0565,6.78,4.89,0.025,0.000795,215.0,0.0795,8.14,6.65,794.5,95.05,10.149999999999999
AN-NEWDIKE,0.062,7.4,7.33,0.05,0.001015,220.0,0.04,7.98,11.8,682.0,92.4,10.7
AN-51M01,0.071,8.5,8.37,0.0534,0.001405,260.0,0.11,8.05,12.350000000000001,941.5,89.4,9.87
SW-70231940,0.015,1.85,1.845,0.00945,0.00023500000000000002,54.0,0.0435,7.619999999999999,10.75,204.5,96.0,10.399999999999999
SW-91221750,0.028,3.45,3.425,0.00605,9.5e-05,35.0,0.0125,7.175,11.25,219.0,93.4,10.145
NW-88024210,0.0475,1.455,1.45,0.0085,0.000405,38.5,0.025,7.46,14.8,202.5,99.6,10.24
NW-RSN1251,0.013,0.61,0.608,0.0014,2e-05,,0.01,6.6,8.1,78.0,95.3,10.3
NE-RSN1632,0.014,0.043,0.044,0.0005,5e-06,2.5,0.0005,6.22,10.2,83.0,95.9,10.7
SO-E0004843,0.032,1.0,0.996,0.002,9e-05,49.0,0.034,7.19,10.3,225.0,85.8,9.9
NW-88000616,0.0525,2.18,2.13,0.0174,0.00034,265.0,0.1805,7.505,10.9,963.5,61.65,6.890000000000001
AN-HOBD6,0.1905,5.715,5.664999999999999,0.06075,0.00197,284.0,0.037,8.11,10.2,2406.0,98.2,11.8
NE-RSN0764,0.038,5.8,5.75,0.026,0.00077,220.0,0.018,8.16,13.1,627.0,97.4,10.2
SO-E0000478,0.058,5.0,4.99,0.023,0.0011849999999999999,220.0,0.05,8.195,11.7,631.0,98.4,10.5
SW-73060230,0.033,2.18,2.17,0.0059,0.00044,34.0,0.03,7.7,10.3,143.0,97.0,11.2
AN-WAV118,0.036,8.4,8.325,0.0445,0.00051,270.0,0.12,8.01,11.1,905.0,90.1,9.9
SW-82011025,0.015,2.37,2.37,0.002,2e-05,8.0,0.005,6.5,11.45,137.5,96.0,10.55
NE-49600137,0.041,4.38,4.36,0.023,0.00074,160.0,0.035,8.01,10.9,543.0,92.2,10.1
NW-88002631,0.591,5.91,5.79,0.107,0.00271,90.5,0.485,7.31,11.25,469.0,69.0,7.285
NE-49500037,0.015,0.725,0.746,0.002,0.00021,46.0,0.005,7.85,11.0,236.0,99.8,10.9
NW-88004930,0.032,1.1,1.0979999999999999,0.002,9.5e-05,6.0,0.005,7.095000000000001,8.7,79.5,100.44999999999999,11.7
SW-82111612,0.015,4.18,4.18,0.002,6e-05,15.0,0.005,7.3,11.1,207.0,100.0,11.0
MD-08100050,0.015,3.75,3.74,0.016,0.00042,243.0,0.2215,8.14,9.149999999999999,1198.5,97.80000000000001,11.05
SW-91241171,0.015,1.4,1.4,0.002,6.25e-05,32.0,0.012,7.255,12.55,140.0,98.25,10.55
TH-PRTS0038,0.16,0.18,0.223,0.0165,0.001275,240.0,0.0475,7.41,10.7,770.0,51.8,6.085
MD-28468300,0.047,10.0,9.96,0.048,0.0008,190.0,0.18,7.81,10.6,627.0,93.2,10.2
MD-45379020,0.068,1.35,1.335,0.01585,0.001365,432.5,0.044,8.32,10.95,2048.0,94.5,10.9
MD-28388360,0.015,8.25,8.22,0.0236,0.000325,188.0,0.07100000000000001,7.85,10.3,587.0,92.5,10.3
SW-81310288,0.015,1.05,1.048,0.002,1e-05,6.0,0.005,6.51,12.55,95.0,100.6,10.7
TH-PTHR0032,0.015,7.35,7.34,0.0125,0.000295,260.0,0.035,8.02,11.0,653.0,89.9,9.97
TH-PCHR0157,0.125,8.4,7.88,0.10885,0.001745,227.0,1.047,7.805,10.350000000000001,947.0,61.25,6.73
AN-HARR070C,0.03,2.43,2.42,0.0157,0.00043,240.0,0.049,8.16,11.9,965.0,91.8,9.8
MD-19235200,0.015,2.7,,0.002,,34.5,0.0805,7.63,9.85,169.0,100.1,
AN-59M15,0.9930000000000001,0.1,0.098,0.002,5e-06,2.5,0.005,3.44,20.0,1502.5,78.8,7.145
TH-RSN0977,0.015,6.8,6.79,0.0096,0.00025,270.0,0.088,7.88,11.3,666.0,98.0,10.8
NW-88002523,0.064,0.691,0.68,0.0107,0.00069,45.5,0.012,7.84,9.8,183.5,95.7,10.7
SW-50210705,0.015,5.04,5.02,0.015649999999999997,0.00027749999999999997,275.0,0.18,8.14,9.8,680.5,92.4,10.55
MD-46986050,0.051,18.4,18.2,0.0725,0.00094,211.0,3.02,7.97,10.3,898.5,87.7,9.73
AN-34M02,0.0675,12.0,11.9,0.0555,0.00135,240.0,0.261,7.93,11.7,943.0,92.0,9.89
NE-41000038,0.015,3.92,3.9050000000000002,0.014,0.000315,137.0,0.016,7.88,8.850000000000001,448.0,93.3,10.8
SO-Y0004370,0.042,3.96,3.94,0.0161,0.00032,120.0,0.037,7.615,11.4,474.5,95.3,10.3
NW-88002007,0.075,1.1,1.08,0.0196,0.00083,110.0,0.13,7.73,9.9,350.0,89.7,10.1
NW-88000708,0.19,8.95,8.9,0.0962,0.00291,200.0,0.31,7.91,11.9,952.0,82.8,8.59
SO-RSN0501,0.0475,4.8,4.785,0.017,0.0005600000000000001,68.0,0.0635,7.64,12.2,350.5,88.80000000000001,9.76
MD-37267170,0.105,7.74,7.34,0.0449,0.0008,149.5,0.329,7.54,11.3,826.0,73.75,7.83
AN-RSN1772,1.105,4.6,4.515000000000001,0.098,0.01735,310.0,0.16999999999999998,8.04,10.149999999999999,914.5,82.05000000000001,9.52
NE-49700224,0.00805,0.46499999999999997,0.46399999999999997,0.001425,9.5e-05,24.5,0.010100000000000001,7.94,9.2,83.0,99.8,11.2
AN-37M15,0.015,6.84,6.8100000000000005,0.0178,0.00024249999999999999,302.0,0.033,8.120000000000001,8.65,768.5,92.2,9.7
NW-88000820,0.2,8.26,8.15,0.09085,0.0025599999999999998,160.0,0.277,7.9,11.0,798.0,89.05000000000001,9.940000000000001
NW-88004024,0.015,0.69,0.686,0.002,0.00029,77.5,0.014,8.04,11.2,212.0,98.1,10.9
AN-RSN0206,0.011,4.6,4.58,0.0083,0.00022,240.0,0.061,8.3,9.5,697.0,99.6,11.5
NW-RSN2292,0.041,1.1,1.08,0.017,0.0008,88.0,0.052,7.9350000000000005,11.5,346.0,99.5,11.3
TH-PUTR0117,0.0325,6.05,6.03,0.0278,0.000495,231.0,0.0565,7.9,11.1,641.0,83.4,9.18
AN-CL0851,0.043,4.95,4.93,0.02565,0.00072,311.0,0.12,7.96,10.4,884.0,90.2,9.85
MD-59006100,0.206,10.0,9.81,0.14,0.00265,130.0,0.3,7.74,11.9,734.0,86.0,9.33
NE-49705107,0.0073,0.7,0.699,0.0005,0.00011,140.0,0.005,8.3,9.1,292.0,101.2,11.2
NE-RSN0900,0.015,2.5,2.49,0.015,0.000185,220.0,0.044,7.57,11.5,593.0,64.7,7.24
MD-58470770,0.015,6.949999999999999,6.925,0.014499999999999999,0.00027749999999999997,205.0,0.16,7.9350000000000005,10.85,864.5,90.75,10.02
NE-SSN0517,0.0074,0.35,0.349,0.0005,7e-05,26.0,0.0034,7.61,11.9,142.0,101.4,11.0
SO-RSN1729,0.036500000000000005,4.449999999999999,4.4399999999999995,0.031,0.00035000000000000005,150.0,0.0895,7.75,10.55,619.0,94.05,10.190000000000001
MD-54364800,0.015,4.845,4.83,0.0216,0.00038,267.0,0.334,8.11,10.1,1024.5,94.5,10.7
SW-70221203,0.015,3.0,2.99,0.0084,0.000325,81.0,0.0555,7.95,10.9,353.0,97.9,10.7
AN-NENE110N,0.063,6.5,6.45,0.0415,0.000905,180.0,0.165,7.95,11.4,708.0,91.6,9.7
MD-04851780,0.1045,6.18,6.105,0.055349999999999996,0.00235,249.0,0.2925,8.09,10.5,856.5,90.8,10.4
SW-Z1160102,0.015,2.4,2.39,0.006,0.0003,236.0,0.035,8.26,11.0,589.0,98.9,10.8
NW-88006396,0.0545,2.12,2.11,0.0193,0.00093,260.5,0.1585,8.05,9.2,583.0,97.19999999999999,11.35
NW-88006402,0.057499999999999996,2.615,2.5949999999999998,0.0216,0.0008049999999999999,239.0,0.091,8.13,8.75,562.0,99.1,11.35
AN-BAINUSDB,0.015,9.1,8.69,0.02,0.00026,240.0,0.024,8.17,8.4,660.0,97.7,11.0
MD-RSN1982,0.0985,4.699999999999999,4.66,0.0315,0.00139,240.0,0.16499999999999998,8.0,10.2,680.0,82.6,9.82
SW-50230145,0.015,6.07,6.06,0.0108,0.000285,220.0,0.058,8.15,11.2,556.5,101.1,11.1
TH-PTAR0107,0.044,6.35,6.32,0.0345,0.00051,280.0,0.46499999999999997,7.73,8.8,909.0,71.6,8.45
NW-88002513,0.29,7.395,7.295,0.07294999999999999,0.00188,120.0,0.18,7.54,11.7,645.0,84.5,9.15
NW-88000653,0.065,7.43,7.42,0.0538,0.00143,220.0,0.26,8.035,11.5,809.0,85.8,9.02
SW-73040178,0.015,1.5,1.5,0.002,0.000155,50.0,0.014,7.59,11.6,203.0,97.1,10.9
SW-RSN0131,0.095,1.1,1.07,0.019,0.00036,40.0,0.033,7.445,11.0,178.5,95.05000000000001,10.35
SW-50350414,0.015,13.0,13.0,0.002,8.5e-05,245.0,0.013,7.48,11.4,639.5,88.4,9.52
NE-49100373,0.07,6.505,6.455,0.041,0.00119,238.0,0.084,7.9,11.1,871.5,87.9,10.3
MD-51700150,0.015,3.535,3.525,0.005,0.000285,220.0,0.02,8.22,9.1,567.0,99.1,11.4
TH-PRVR0030,0.047,3.58,3.54,0.0425,0.00097,195.0,0.337,8.07,10.7,752.0,91.7,10.1
MD-14137880,0.015,4.33,4.31,0.017,0.0004,236.0,0.21,8.07,9.6,644.0,93.9,10.6
AN-ANCOC,0.1125,7.7,7.63,0.0557,0.00162,210.0,0.091,8.055,12.1,1088.0,96.4,11.2
MD-70257580,0.054,6.61,6.59,0.0337,0.00083,228.0,0.204,7.9,9.85,1016.0,88.0,10.1
AN-THUR050T,0.727,0.9,0.879,0.0236,0.00755,211.0,0.005,7.82,10.5,1006.0,78.8,9.06
NE-SSN0661,0.00275,7.35,7.35,0.0015500000000000002,5e-05,170.0,0.00595,8.19,9.85,485.5,99.95,11.350000000000001
SO-RSN0217,0.021,2.9,2.89,0.0049,0.000155,180.0,0.034,7.6,11.25,449.5,87.45,9.215
NW-88004023,0.015,0.71,0.706,0.002,0.000235,72.0,0.011,7.97,10.3,201.0,98.2,11.2
AN-CL08,0.032,3.505,3.475,0.0245,0.00028,305.5,0.112,7.745,10.100000000000001,893.0,78.2,8.375
NE-49700169,0.024,1.2,1.19,0.0083,0.00045,110.0,0.0368,8.2,9.4,280.0,99.8,11.3
TH-PCHR0160,0.037,20.0,19.9,0.046,0.00042,180.0,2.9,7.71,12.3,897.0,79.8,8.44
NE-49301476,0.316,7.92,7.745,0.1335,0.00421,198.5,0.176,7.8,9.2,983.5,73.3,8.295
NW-88001992,0.1465,1.75,1.7,0.03465,0.0022199999999999998,184.5,0.1735,7.99,10.2,646.5,92.9,10.6
AN-BT0164,0.0325,5.345,5.32,0.0278,0.00046499999999999997,298.0,0.169,8.03,9.399999999999999,847.5,90.85,10.605
NE-49300539,0.091,5.2,5.1,0.026,0.00085,92.0,0.09,7.82,8.8,547.0,94.1,10.8
MD-51657015,0.015,1.1,,0.002,,125.0,0.0195,8.0,8.2,369.5,98.69999999999999,11.75
TH-PMLR0232,0.068,3.0,2.97,0.026,0.0012,78.0,0.098,7.94,9.8,305.0,92.1,10.5
NW-88009907,0.045,1.04,1.04,0.0059,0.00064,86.0,0.068,8.075,8.8,239.0,99.6,11.6
AN-WOOT500K,0.015,5.46,6.875,0.019,0.0002925,210.0,0.2155,8.1,11.25,781.5,94.5,10.3
TH-PCHR0051,0.015,6.699999999999999,6.6899999999999995,0.017,0.0003175,180.0,0.12,7.92,11.2,647.0,87.25,9.504999999999999
NE-49000137,0.0315,0.73,0.726,0.002,0.0002875,39.5,0.015,7.8,9.9,221.0,96.0,10.75
AN-DEB070,0.047,2.91,2.88,0.0267,0.00074,300.0,0.215,8.0,11.0,967.0,90.2,9.93
SW-50210316,0.015,6.015,5.995,0.016,0.000355,240.0,0.083,7.96,10.850000000000001,594.0,94.85,10.5
NW-88001946,0.019299999999999998,0.38,0.379,0.00155,3e-05,10.0,0.0093,6.94,9.3,66.0,98.5,11.350000000000001
MD-27300203,0.53,6.0,5.855,0.14500000000000002,0.0138,130.0,0.135,8.07,17.9,1091.0,85.7,7.66
SW-50350104,0.015,8.3,8.28,0.012,0.00027,226.0,0.012,7.97,11.1,566.0,98.6,10.7
NE-49905165,0.015,0.87,0.856,0.002,0.000255,127.0,0.005,8.2,8.2,302.4,93.75,10.7
NE-49800132,0.041,0.41,0.40700000000000003,0.00418,0.000395,32.0,0.0048,7.63,11.1,109.0,93.1,10.25
SW-60010144,0.05,7.66,7.63,0.0244,0.00094,209.0,0.355,8.11,11.4,716.0,93.8,9.99
NW-88005673,0.015,0.395,0.391,0.002,5.5e-05,5.5,0.005,7.335,9.15,58.0,101.30000000000001,11.9
MD-50896620,0.0875,6.55,6.505,0.0485,0.00129,190.0,0.481,7.88,10.3,1332.0,92.0,10.3
AN-RSN0357,0.029,5.7,5.68,0.021,0.0004,260.0,0.052,7.98,13.2,754.0,90.6,9.88
SW-81211236,0.015,5.449999999999999,5.449999999999999,0.0031,0.00027749999999999997,67.0,0.026,7.91,12.350000000000001,320.0,99.44999999999999,10.6
AN-SSN1379,0.015,13.0,12.5,0.0175,0.000235,250.0,0.03,7.9,11.1,778.0,88.30000000000001,9.555
NW-88023119,0.057,10.5,10.5,0.0308,0.00067,84.0,0.067,7.890000000000001,9.600000000000001,358.5,97.25,11.2
SO-G0003935,0.015,8.5,8.48,0.011,0.000255,240.0,0.031,7.93,10.6,606.0,101.44999999999999,11.4
NW-RSN0107,0.0053,0.38,0.379,0.00075,7.500000000000001e-05,41.0,0.00955,7.95,10.1,111.0,101.9,11.8
MD-51524050,0.015,3.3,,0.002,,230.0,0.017,8.3,9.2,581.0,99.9,
MD-60387650,0.14150000000000001,9.350000000000001,9.285,0.07880000000000001,0.00149,151.0,0.426,7.65,13.149999999999999,771.0,72.0,7.1850000000000005
AN-EST010,0.0615,7.95,7.88,0.063,0.00034500000000000004,140.0,0.11,7.25,11.3,634.5,64.5,6.87
SW-70641065,0.015,0.75,0.746,0.002,0.000275,13.0,0.0151,7.89,12.6,104.0,100.0,10.8
MD-45223180,0.055,13.5,13.4,0.0398,0.00079,155.0,0.44,7.795,11.95,928.0,89.15,9.695
SW-Z1012004,0.043,2.6,2.59,0.019,0.001335,224.0,0.0935,7.97,12.2,688.0,88.9,9.58
NE-49500282,0.11,7.5,7.35,0.04735,0.00101,186.0,0.86,7.66,11.0,1040.0,81.8,9.1
NW-88024656,0.221,3.68,3.59,0.0949,0.00409,174.0,0.487,8.3,10.2,540.0,99.8,11.2
AN-FODD9,0.07,2.6,2.47,0.036,0.00099,270.0,0.034,8.219999999999999,11.15,2655.0,100.1,11.2
SW-50280585,0.035,6.27,6.22,0.033,0.00077,227.0,0.071,8.08,11.4,558.0,94.35,10.55
MD-RSN0116,0.015,6.0,5.98,0.013,0.00028,290.0,0.005,8.22,9.8,787.0,94.8,10.7
SW-RSN0583,0.033,5.8,5.77,0.026,0.00069,200.0,0.11,8.14,10.6,492.0,97.3,10.8
SW-RSN0611,0.00635,3.9,3.9,0.0023,8e-05,34.0,0.0078000000000000005,7.74,11.65,179.5,99.65,10.850000000000001
NW-88002867,0.3265,10.7,10.65,0.0877,0.0026,129.0,0.257,7.595,11.149999999999999,755.5,83.3,9.489999999999998
TH-PMLR0022,0.08499999999999999,9.57,9.53,0.0445,0.0014,140.0,0.22,7.87,10.9,637.0,97.1,10.6
MD-54141150,0.068,5.48,5.45,0.0352,0.00084,230.0,0.575,7.85,11.0,1204.0,83.5,9.395
AN-35M37,0.0625,16.25,16.9,0.101,0.00053,270.5,0.022,7.68,10.7,1161.5,67.5,7.83
NW-88000860,3.635,4.325,4.220000000000001,0.1185,0.03125,96.5,0.18,7.525,13.95,19806.5,89.65,8.82
AN-SSN0196,0.015,6.05,6.04,0.0063999999999999994,0.00028,230.0,0.03,8.1,10.2,662.0,97.8,10.9
TH-PCRR0067,0.185,2.72,2.62,0.0802,0.00196,250.0,0.365,7.79,11.6,893.0,64.6,6.66
MD-39067500,0.047,9.84,9.86,0.048,0.00058,175.0,0.2675,7.8,10.8,678.0,82.55,8.99
TH-PWER0126,0.036,13.0,13.0,0.0172,0.00047,170.0,0.29,7.76,13.8,702.0,91.7,9.3
NE-RSN0112,0.0057,6.8,6.8,0.0014,5e-05,220.0,0.074,7.62,10.3,601.0,82.4,9.17
SW-60100005,0.015,4.6,4.59,0.022,0.00045,251.0,0.191,8.12,11.3,727.0,93.2,10.3
AN-BUR070,0.015,6.1,6.09,0.02,0.0003675,230.0,0.049,8.04,10.2,757.5,91.6,10.5
SO-E0007347,0.015,7.1,7.09,0.0096,0.00035,250.0,0.035,8.14,12.9,657.0,96.4,10.2
NE-49800101,0.058,3.46,3.4749999999999996,0.02225,0.00078,77.0,0.233,7.83,10.7,316.0,94.0,10.399999999999999
AN-ORE040,0.035,9.32,9.27,0.0388,0.000445,290.0,0.248,7.8149999999999995,10.9,1053.5,81.1,8.94
AN-27M06,0.035,9.9,9.844999999999999,0.05,0.00047,270.0,0.255,7.87,11.2,824.0,89.0,9.96
NW-88006238,0.011349999999999999,0.8755,0.8685,0.004475,0.0001575,83.5,0.026750000000000003,8.075,8.8,223.5,104.19999999999999,12.35
SO-E0007035,0.0465,2.1149999999999998,2.0700000000000003,0.02095,0.0007000000000000001,200.0,0.078,7.895,12.850000000000001,1179.0,84.5,9.280000000000001
NE-49600123,0.015,11.0,11.0,0.0112,0.000275,160.0,0.021,8.16,9.0,539.0,97.2,11.3
NE-49900186,0.015,1.43,1.49,0.0065,0.000365,140.0,0.031,8.21,10.2,365.0,93.9,10.55
AN-CL0870,0.042,6.44,6.43,0.0327,0.00075,301.0,0.238,8.06,9.0,859.0,84.4,9.53
NE-49200136,0.0365,11.4,11.4,0.029650000000000003,0.00057,190.0,0.017,7.96,10.2,584.0,95.4,10.9
NW-88002344,0.6,3.5,3.44,0.0687,0.004935,79.5,0.12,7.63,10.95,452.5,94.94999999999999,10.45
NW-88002249,0.097,2.91,2.79,0.0274,0.00123,88.0,0.148,7.72,10.6,404.0,94.5,10.6
SO-E0000881,0.15,1.005,0.98,0.022,0.000975,120.0,0.22,7.52,11.600000000000001,443.5,67.19999999999999,7.17
NW-88002296,0.18,0.99,0.9444999999999999,0.025,0.00136,88.0,0.07,7.545,11.0,334.0,88.5,9.915
TH-PUTR0361,0.015,6.25,6.24,0.016,0.0002725,220.0,0.115,8.105,9.55,627.0,95.6,11.15
NE-41000032,0.015,2.8,2.8,0.0081,0.00026,120.0,0.028,8.17,8.7,381.5,98.25,11.4
MD-56015100,0.033,5.07,5.029999999999999,0.0297,0.0005549999999999999,266.5,0.1515,8.2,10.95,749.0,96.6,10.7
NE-49700084,0.015,9.620000000000001,9.615,0.0058,0.00025,281.0,0.01,7.98,9.5,822.0,95.85,11.0
SO-G0003851,0.015,11.0,11.0,0.01695,0.0002375,230.0,0.024,7.89,11.3,641.0,89.9,9.89
SW-72920121,0.015,2.08,2.075,0.008150000000000001,0.0002875,34.0,0.048,7.7,10.6,181.0,97.8,10.8
NE-41000376,0.015,0.1,0.098,0.002,3e-05,20.0,0.005,7.78,6.95,67.0,101.5,12.2
NE-49603067,0.015,3.1,3.09,0.012,0.00036,130.0,0.023,7.965,12.85,383.5,95.55,9.975
SW-60270733,0.22,7.300000000000001,7.15,0.067,0.00245,250.0,0.645,8.01,10.600000000000001,753.0,84.69999999999999,9.555
NE-49301961,0.104,5.9,5.86,0.0581,0.0011,150.0,0.728,7.75,10.55,711.5,84.30000000000001,9.41
NE-49100548,0.015,0.44,0.4425,0.002,0.0001975,92.0,0.005,8.01,9.2,212.0,93.2,10.205
NW-88022625,0.396,1.98,1.935,0.047200000000000006,0.004385,217.5,0.3715,7.735,9.350000000000001,570.0,79.6,9.21
SW-70231462,0.033,6.2,6.17,0.017,0.00063,200.0,0.07,8.094999999999999,12.2,508.5,97.7,10.4
NW-SSN1414,0.047,0.0325,0.030899999999999997,0.00145,5e-06,8.5,0.0645,4.67,8.7,96.5,68.44999999999999,8.005
TH-PLER0117,0.302,19.8,19.7,0.0715,0.00254,160.0,0.58,7.49,16.7,1055.0,89.9,8.975
MD-61674850,0.107,2.3,2.29,0.0335,0.00117,152.0,0.138,7.87,9.0,518.0,89.0,9.95
NE-49500600,0.023,0.535,0.531,0.002,0.000215,22.0,0.0116,7.81,10.7,165.0,98.7,11.1
NE-49705106,0.007,0.62,0.618,0.0022,0.00014,110.0,0.0059,8.3,11.149999999999999,243.0,102.85,11.25
AN-RH0210,0.052,3.06,2.975,0.0465,0.00122,180.0,0.2395,8.215,12.649999999999999,894.0,99.55000000000001,11.4
NE-SSN1509,0.015,0.1,0.098,0.002,5e-06,2.5,0.005,4.69,4.4,32.0,103.8,13.5
AN-WADINBCK,0.0615,10.5,9.33,0.035,0.001015,250.0,0.11499999999999999,8.07,9.95,812.0,91.55000000000001,10.15
NW-88003869,0.156,2.1,2.06,0.045,0.00209,186.5,0.304,7.91,10.3,511.5,88.0,10.149999999999999
SW-70420261,0.031,3.53,3.49,0.0303,0.00054,63.0,0.075,7.8,9.0,250.0,98.0,11.3
SW-70630113,0.015,1.4,1.4,0.005050000000000001,0.00015999999999999999,31.5,0.051,7.6,12.3,148.0,99.80000000000001,10.75
NW-88000755,0.0255,7.819999999999999,7.67,0.03215,0.00046,120.0,0.1315,8.175,10.95,538.0,101.05,11.25
NE-49200049,0.015,10.7,10.7,0.022,0.00025,206.0,0.093,7.855,10.3,614.0,101.9,11.6
NE-RSN2324,0.015,3.1,3.085,0.0115,0.0002825,45.5,0.0815,7.8100000000000005,12.7,287.0,100.6,10.65
SO-RSN2285,0.0245,0.885,0.873,0.009999999999999998,0.0001875,84.0,0.034,7.595,11.399999999999999,310.0,90.4,9.84
MD-47515180,0.041,5.25,5.1899999999999995,0.03365,0.00059,208.5,0.1545,8.004999999999999,12.05,766.5,90.2,9.545
SW-Z2040109,0.11499999999999999,2.2,2.16,0.03165,0.00197,220.0,0.144,7.97,11.4,852.5,89.25,9.715
SW-SSN1380,0.02,1.5,1.47,0.008,0.000155,68.0,0.034,7.449999999999999,11.5,302.5,96.19999999999999,10.6
NW-88001818,0.019,0.432,0.43,0.002,9e-05,11.0,0.005,7.3,11.4,73.5,100.35,11.0
SW-RSN1195,0.011,1.2,1.2,0.0032,0.00012,64.0,0.012,7.83,10.95,192.5,98.7,10.8
MD-00055460,0.015,2.0,1.99,0.00865,0.0003325,60.0,0.071,7.69,11.7,224.0,94.15,10.2
AN-RR0108,0.042,9.8,9.745000000000001,0.04485,0.00065,160.0,0.203,7.97,10.4,828.0,89.44999999999999,9.87
AN-RSN0453,0.058,0.1,0.194,0.012,0.00154,330.0,0.035,8.2,8.7,4651.0,92.3,10.8
SW-RSN1643,0.0030499999999999998,0.0445,0.0435,0.0005,5e-06,,0.0032,6.545,10.25,47.0,101.85,11.3
NE-49700268,0.006,0.062,0.0601,0.0011,1e-05,20.0,0.0089,7.42,8.75,69.0,100.85,11.850000000000001
AN-SBDTET,0.91,0.6,0.45,0.066,0.0259,330.0,1.0,7.88,17.3,15127.0,88.0,8.75
SO-F0003107,0.04,1.8,1.78,0.01465,0.000285,63.0,0.0385,7.67,11.55,298.0,81.2,8.5
TH-SSN1403,0.015,2.5,2.47,0.022,7e-05,260.0,0.013,7.45,9.7,619.0,38.1,4.21
SO-Y0004418,0.87,4.6,4.46,0.14,0.00692,190.0,0.087,7.5,10.3,596.0,67.0,6.99
TH-PTHR0186,0.015,6.23,6.21,0.016,0.00028,210.0,0.143,8.1,10.3,652.0,88.0,10.3
SW-81811108,0.0315,7.875,7.83,0.01345,0.0002,61.0,0.0315,7.475,10.65,384.5,98.0,10.55
AN-45M02A,0.11499999999999999,8.149999999999999,8.09,0.044,0.0019450000000000001,260.0,0.0995,7.905,12.7,867.0,93.8,9.99
SW-SSN1328,0.015,2.35,2.35,0.002,5.25e-05,37.5,0.0665,7.445,5.15,149.5,93.8,12.0
AN-WITH13,0.053,10.149999999999999,10.085,0.05025,0.00086,219.0,0.21100000000000002,8.11,8.7,946.0,95.6,11.1
NW-88000614,0.1375,6.5,6.38,0.0553,0.00141,190.0,0.2965,7.71,11.2,763.5,80.4,8.905000000000001
SW-RSN0167,0.0076,0.86,0.857,0.0013,8e-05,57.0,0.0071,7.7,10.3,162.0,98.6,11.2
SW-50830166,0.015,3.07,3.06,0.00785,0.00035999999999999997,250.0,0.05,8.2,10.75,610.0,96.9,10.6
AN-HUSBOWE1,0.1,2.1,,0.017,0.00056,,0.035,7.654999999999999,7.9,845.0,93.9,10.5
MD-26950820,0.043,10.7,10.7,0.046,0.00057,190.0,0.19,7.795,10.15,687.5,90.6,9.83
AN-WOLD3,0.14,9.0,8.844999999999999,0.107,0.00211,240.0,1.11,8.024999999999999,12.25,939.0,89.65,10.5
SW-81940837,0.015,5.41,5.42,0.00415,0.00011999999999999999,39.0,0.013999999999999999,7.59,11.2,264.0,98.5,10.9
SW-82610558,0.038,1.48,1.47,0.0054,0.00024,21.0,0.019,7.59,12.1,171.0,99.9,10.7
MD-46265220,0.064,8.4,8.31,0.051,0.00093,190.0,0.1825,7.92,11.6,851.0,87.0,9.69
NE-49302159,0.86,3.12,3.05,0.042249999999999996,0.0126,232.0,0.0295,7.885,10.85,1471.0,93.0,10.5
SW-E3181450,0.141,2.15,2.1,0.0343,0.00133,226.0,0.147,7.94,11.4,638.0,84.2,9.46
SW-82611150,0.073,1.79,1.79,0.006,0.00061,41.0,0.124,7.66,11.0,245.0,99.2,10.9
NW-88001841,0.2055,2.01,1.9649999999999999,0.033850000000000005,0.00114,29.0,0.2625,7.44,10.8,165.0,98.4,11.0
AN-YAR266D,0.1395,1.8,1.75,0.032,0.0008500000000000001,264.0,0.10200000000000001,7.59,9.95,1075.0,74.4,8.35
AN-04M13,0.03,6.7,6.67,0.0164,0.00042,,0.057,8.12,9.649999999999999,580.0,97.55,11.2
AN-RSN1692,0.015,12.0,12.0,0.020450000000000003,0.0001675,180.0,0.015,8.085,6.9,882.0,102.1,13.4
NE-RSN0092,0.015,1.3,1.3,0.0035,0.0002975,94.0,0.041,8.055,9.95,325.0,99.80000000000001,10.9
MD-46252580,0.158,8.9,8.78,0.13,0.00216,190.0,0.358,7.890000000000001,11.4,979.0,87.3,9.5
SW-91241749,0.015,0.99,0.986,0.002,3e-05,13.0,0.005,7.02,11.4,92.5,99.3,11.0
MD-28431400,0.015,8.91,8.885000000000002,0.0322,0.00036,189.5,0.18,7.84,10.7,653.0,90.4,10.05
AN-12M27,0.015,3.64,3.63,0.0292,0.00031,214.0,0.196,8.13,8.1,885.0,95.4,11.4
SW-72930250,0.066,2.2,2.19,0.014,0.00024,39.0,0.058,7.42,12.7,192.0,96.4,10.3
AN-BRAM080B,0.15,9.5,9.385,0.07050000000000001,0.00219,170.5,0.545,7.9,10.4,717.5,88.5,9.605
MD-37256600,0.1145,3.6450000000000005,2.855,0.02885,0.0012699999999999999,154.0,0.005,7.56,10.6,1260.5,71.9,8.225
AN-HYKEROAD,0.0755,1.6099999999999999,1.565,0.01955,0.00068,138.5,0.021,7.71,10.9,680.5,89.55,10.1
TH-PCNR0072,0.0555,7.45,7.35,0.0626,0.00096,240.0,0.32,7.82,12.3,720.0,87.55,9.22
MD-RSN0308,0.015,12.0,12.0,0.025,0.0003775,285.0,0.0565,8.1,11.45,1028.5,97.1,11.05
SW-RSN0659,0.0052499999999999995,4.9,4.9,0.002,3e-05,23.0,0.02,7.485,12.0,160.0,98.35,10.55
MD-65796185,1.9,1.6,1.55,0.062,0.00481,230.0,0.029,7.19,12.1,846.0,55.2,5.92
SO-F0002493,0.071,11.1,11.0,0.039,0.00092,79.0,0.44,7.62,12.6,542.0,87.2,9.34
MD-11562180,0.16149999999999998,3.45,3.385,0.054650000000000004,0.002985,190.0,0.221,7.93,10.0,731.0,84.0,9.09
AN-58M03,0.063,7.195,7.09,0.04955,0.00067,286.0,0.1125,7.785,10.7,829.0,79.1,8.61
MD-04465640,0.041499999999999995,3.3600000000000003,3.34,0.0152,0.00084,220.0,0.045,8.29,10.9,602.0,99.5,10.9
NE-RSN0276,0.015,13.0,13.0,0.0066,8e-05,59.0,0.013,7.33,11.7,611.0,94.4,10.0
MD-00024062,0.053,5.64,5.62,0.0291,0.0009,130.0,0.176,8.01,11.2,583.0,95.4,10.8
MD-38475950,0.0325,10.9,10.850000000000001,0.0665,0.0008799999999999999,191.5,0.2805,8.21,11.850000000000001,1028.0,93.85,10.8
MD-45214350,0.055,10.0,9.945,0.0445,0.001105,201.5,0.3385,7.96,10.9,1125.0,90.1,10.3
AN-CHAT130F,0.015,7.550000000000001,7.53,0.019,0.000385,175.0,0.10450000000000001,8.01,8.8,702.0,94.1,10.8
NE-49800251,0.015,0.16,,0.002,,63.5,0.005,7.675000000000001,9.95,106.1,102.2,
SW-70920142,0.00415,0.397,0.396,0.0005,2e-05,3.75,0.00235,7.495,9.8,59.0,99.65,11.0
NW-RSN0984,0.079,2.1,2.09,0.023,0.00144,130.0,0.057,8.219999999999999,11.65,368.0,98.35,11.6
NE-RSN1080,0.062,1.8,1.79,0.013,0.00116,180.0,0.041,7.99,13.6,418.0,92.5,9.47
AN-HELPREAU,0.037,9.615,10.370000000000001,0.050449999999999995,0.0004125,240.0,0.198,7.96,10.6,918.0,92.7,10.8
NE-49705098,0.015,0.245,0.241,0.002,0.0003575,128.0,0.005,8.3,13.8,272.0,101.6,10.7
NW-88006367,0.037,7.5,7.46,0.0194,0.00027,81.0,0.073,7.63,8.3,332.0,93.0,11.2
SW-70591079,0.015,2.305,2.305,0.0034,0.00019,44.5,0.0235,7.79,8.15,207.5,98.8,11.55
MD-37422780,0.094,12.7,12.6,0.0627,0.00095,257.0,0.359,7.77,10.2,1706.5,75.2,8.81
AN-RSN0852,0.015,9.0,8.98,0.02,0.00037,240.0,0.005,8.1,11.1,739.0,95.8,10.9
SW-RSN1691,0.00265,0.155,0.154,0.0005,5e-06,,0.0025,6.82,10.15,44.5,101.1,10.75
SW-70630270,0.015,0.1,0.098,0.002,2e-05,2.5,0.005,6.95,10.3,42.0,100.0,11.15
MD-46986400,0.15999999999999998,19.299999999999997,19.049999999999997,0.173,0.00198,203.5,3.1550000000000002,7.78,10.85,937.5,63.400000000000006,6.92
NE-49500621,0.185,2.49,2.48,0.0301,0.001515,31.0,0.0815,7.58,10.600000000000001,252.0,97.1,11.1
MD-36735800,0.16,7.4,7.33,0.0506,0.00251,165.0,0.2615,7.95,11.6,836.0,94.1,10.3
NW-88006362,0.009649999999999999,1.185,1.1749999999999998,0.00275,9.5e-05,189.5,0.016,7.845000000000001,8.55,400.5,95.1,11.3
MD-51314020,0.061,4.515000000000001,4.455,0.042300000000000004,0.00089,97.5,0.225,7.86,9.95,406.0,93.4,10.3
MD-RSN0906,0.00785,0.51,0.508,0.00195,8.5e-05,140.0,0.00435,7.945,8.5,469.0,96.55000000000001,11.3
SO-Y0004483,0.015,6.2,6.19,0.013,0.0003175,228.0,0.062,8.08,11.6,609.0,98.2,10.7
AN-DSOLDBGK,0.062,7.2,6.98,0.037,0.00102,230.0,0.12,8.13,10.2,706.0,92.8,10.2
SW-81950594,0.1855,1.9649999999999999,2.045,0.0087,2e-05,11.5,0.026500000000000003,5.71,12.7,313.5,66.2,7.03
MD-23596120,0.1335,14.8,14.55,0.197,0.00234,183.0,0.396,7.9,11.7,985.5,90.15,9.67
AN-RSN1785,0.067,2.25,2.17,0.025500000000000002,0.00099,240.0,0.098,7.890000000000001,11.8,1864.0,80.75,9.16
SW-70501104,0.015,3.08,3.075,0.009000000000000001,0.00018,81.5,0.081,7.7,10.05,347.0,93.0,10.4
NW-88003492,0.118,1.33,1.32,0.0235,0.00177,93.0,0.155,8.05,9.7,340.0,97.9,10.9
SW-60030166,0.076,3.5,3.59,0.043,0.00157,257.0,0.222,7.9,14.3,750.0,81.4,8.645
MD-14208020,0.0485,6.12,6.09,0.02625,0.000875,250.0,0.1035,8.1,10.25,630.5,92.85,10.5
SO-RSN0421,0.033,3.1500000000000004,3.125,0.0225,0.00021,60.0,0.14,7.41,12.85,307.0,90.95,9.92
NE-49600470,0.0064,0.1,0.098,0.0005,6e-05,12.0,0.0021,8.02,8.1,72.0,98.0,11.6
NE-49700385,0.015,0.52,0.516,0.002,0.00031,65.0,0.013,8.1,9.1,189.0,100.9,10.9
SW-82528005,0.015,3.13,3.13,0.0060999999999999995,0.00012,,0.033,7.385,11.0,177.0,97.1,10.5
MD-37737180,0.16,4.3,4.21,0.058,0.0034,240.0,0.058,8.09,12.8,,87.1,9.43
NE-49400245,0.077,12.9,12.9,0.0546,0.0015300000000000001,189.0,1.81,7.94,11.899999999999999,964.5,88.69999999999999,9.39
SO-G0003766,0.015,6.0,5.995,0.00675,0.00031,260.0,0.023,7.93,11.1,628.0,95.9,10.5
SW-81281161,0.0375,1.3,1.29,0.0068,0.00027749999999999997,32.0,0.04,7.46,11.350000000000001,172.5,99.35,11.25
MD-RSN0968,0.11,3.8,3.78,0.026,0.00085,72.0,0.032,7.67,11.0,295.0,97.0,10.9
NE-49505157,0.0153,0.2835,0.2825,0.0005,8.25e-05,9.5,0.0058,7.335,8.2,62.5,100.5,11.45
AN-SFFT5,0.058,2.465,2.4349999999999996,0.0298,0.00075,255.0,0.1145,7.970000000000001,11.3,1275.5,97.55000000000001,12.2
MD-29577380,0.0655,2.1,2.09,0.007,0.0005549999999999999,83.0,0.13,7.81,9.6,318.0,98.6,11.0
SO-E0001551,0.015,1.47,1.47,0.0071,0.000195,89.5,0.075,7.72,10.8,379.0,91.2,10.3
MD-RSN0970,0.032,2.5,2.48,0.018,0.00052,230.0,0.17,7.97,14.5,702.0,87.3,8.76
NE-SSN0405,0.009899999999999999,1.85,1.85,0.00245,0.00011999999999999999,88.5,0.0049,7.705,9.85,342.5,96.19999999999999,10.7
TH-PRTS0661,0.079,6.8,6.77,0.029,0.00166,200.0,0.13,8.09,12.7,630.0,97.4,10.495000000000001
MD-53963150,0.16,5.16,5.13,0.0361,0.00215,254.0,0.17,7.795,12.75,1164.0,87.25,9.545
NW-88003542,0.052,1.4,1.36,0.019,0.00058,98.0,0.0485,7.91,10.2,424.0,96.1,11.0
AN-SLEA8,0.053,13.0,13.0,0.0674,0.00064,226.0,0.0995,7.91,10.4,905.0,91.8,10.2
SW-81950886,0.015,3.01,3.01,0.002,3e-05,17.5,0.005,6.95,12.75,198.0,98.5,10.4
SW-60590407,0.206,3.04,3.0,0.0431,0.00392,88.0,0.027,8.01,9.7,256.0,99.7,11.4
SW-70591215,0.015,7.43,7.41,0.0196,0.00031999999999999997,160.0,0.0825,7.9,10.7,493.5,95.75,10.850000000000001
AN-37M04,0.059,9.2,8.895,0.046,0.001055,280.0,0.101,7.955,12.0,799.0,86.30000000000001,9.635000000000002
NW-88004371,0.015,0.9,0.896,0.002,0.000105,27.0,0.005,7.71,5.7,101.0,100.8,12.7
SW-RSN0237,0.0097,0.11,0.109,0.0011,5e-06,10.0,0.013,6.59,10.0,86.0,93.4,10.6
AN-LUDO9,0.05,6.0,5.91,0.0532,0.00098,210.0,0.027,7.915,15.8,665.0,93.2,9.98
AN-NLMD001C,0.158,1.25,1.18,0.0399,0.00148,350.0,0.0795,7.83,10.7,2997.0,82.15,9.995000000000001
MD-41105220,0.0225,9.055,9.035,0.0187,0.00035,285.0,0.067,8.105,9.2,2118.0,100.75,12.4
SO-G0003647,0.015,4.9,4.88,0.009049999999999999,0.0001575,180.0,0.075,7.665,11.5,554.5,84.69999999999999,9.455
MD-10927160,0.049,5.695,5.665,0.02715,0.00076,210.0,0.13,7.995,10.95,921.5,93.9,10.6
NW-88003818,0.0072,0.2565,0.2555,0.0005,4.75e-05,20.0,0.00665,7.62,9.399999999999999,70.5,100.6,11.3
MD-45646395,0.0545,4.7,4.68,0.035,0.000975,288.5,0.026,7.99,10.4,978.0,94.0,10.4
AN-11M31,0.182,8.1,7.85,0.0746,0.00301,245.0,0.446,7.98,8.7,880.0,88.6,10.4
SW-91221108,0.015,1.74,1.73,0.0066,0.000235,37.0,0.019,7.52,12.1,204.0,98.9,10.9
NW-88003872,0.086,1.5,1.49,0.015,0.00109,71.5,0.11,7.76,10.5,238.0,91.7,10.2
TH-RSN1522,0.015,6.5,6.49,0.00835,0.0003125,230.0,0.13,8.085,12.2,709.0,92.30000000000001,9.86
NE-49301717,0.065,6.800000000000001,6.75,0.0516,0.001215,170.0,0.6235,7.984999999999999,10.2,1020.0,94.4,10.95
MD-RSN1651,0.0135,0.995,0.992,0.002,0.00012,43.0,0.026000000000000002,7.63,12.0,146.0,98.4,10.35
MD-26947700,0.054,9.825,9.75,0.046,0.00063,193.0,0.20600000000000002,7.74,11.6,782.5,84.1,8.98
MD-08018640,0.1005,11.5,11.3,0.1285,0.001955,194.0,0.506,7.98,10.8,987.0,94.0,10.15
MD-46678660,0.015,4.83,4.82,0.0127,0.00032,152.0,0.108,8.11,10.5,514.0,95.5,10.7
NW-88000594,0.066,6.61,6.55,0.0514,0.00102,195.0,0.25,7.835,10.850000000000001,795.0,85.5,9.28
SW-50590188,0.015,5.9,5.885,0.01825,0.00035999999999999997,206.5,0.051500000000000004,8.1,12.05,549.5,98.0,10.55
AN-USBCOGLE,0.015,12.0,11.0,0.0095,0.000305,220.0,0.025,8.32,8.6,717.0,95.5,11.6
SO-E0000818,0.271,11.0,10.9,0.07235,0.0026,120.0,0.436,7.66,12.8,621.0,85.5,8.725000000000001
MD-H0000072,0.035500000000000004,2.8499999999999996,2.825,0.012,0.00055,120.0,0.0315,8.1,10.0,331.0,100.2,11.4
MD-39683020,0.23,14.0,13.7,0.065,0.00334,240.0,0.28,7.91,10.8,1067.0,83.9,9.38
MD-61471060,0.04,9.504999999999999,9.475000000000001,0.032049999999999995,0.0006,210.0,0.2605,8.0,10.6,716.0,95.0,10.45
AN-FRO020,0.072,4.29,4.26,0.0331,0.00062,288.0,0.042,7.55,10.9,1048.0,55.8,6.17
TH-RSN2010,0.054,1.55,1.59,0.022,0.00044,250.0,0.015,7.625,11.15,601.5,60.3,7.0
MD-12616850,0.0555,5.87,5.84,0.03225,0.00066,259.5,0.22749999999999998,7.805,11.15,1683.0,79.35,8.864999999999998
SW-Z1460136,0.0955,9.68,9.485,0.0631,0.001555,243.0,0.415,7.9,14.0,1074.0,87.2,8.85
NW-88006316,0.015,2.9850000000000003,2.975,0.010849999999999999,0.000345,178.0,0.0165,8.379999999999999,7.7,464.5,102.75,11.95
TH-PUTR0081,0.015,6.95,6.9399999999999995,0.0082,0.0002,250.0,0.011,7.78,10.95,641.5,91.44999999999999,10.0
SW-91221755,0.035,0.705,0.6755,0.00315,0.00010999999999999999,36.5,0.0175,7.125,10.15,181.0,94.4,10.55
NE-49500577,0.035,3.02,3.09,0.0072499999999999995,0.00049,80.0,0.020999999999999998,8.06,10.5,591.0,99.1,11.0
SW-RSN0909,0.015,4.699999999999999,4.6899999999999995,0.00655,0.00027,260.0,0.0455,8.25,9.899999999999999,635.0,97.3,11.0
NE-49400718,0.074,1.61,1.6,0.013,0.00078,170.0,0.069,8.015,9.4,423.0,92.9,10.8
SO-E0000906,0.10500000000000001,7.6,7.51,0.0631,0.0012699999999999999,78.0,1.3,7.75,11.6,512.0,90.4,9.92
SW-70561005,0.053,2.205,2.185,0.0185,0.00086,97.0,0.0875,7.9,12.05,266.0,96.0,10.3
MD-37118020,0.3185,2.04,2.01,0.023,0.00141,140.0,0.055,7.415,9.65,869.5,69.85,7.99
MD-39322060,0.015,6.575,6.545,0.0185,0.00039499999999999995,220.0,0.1315,8.215,10.65,985.5,93.55,10.2
MD-54085180,0.015,8.9,8.89,0.0102,0.0002175,203.0,0.077,7.86,10.850000000000001,705.0,92.05,10.1
MD-48426050,0.032,5.13,5.08,0.0259,0.00048,200.0,0.23,8.1,11.1,757.5,91.8,10.1
TH-RSN0562,0.036000000000000004,3.95,3.925,0.019999999999999997,0.00079,275.0,0.0415,8.1,9.75,714.5,90.1,9.89
MD-64496820,0.422,2.93,2.83,0.0662,0.00849,168.0,0.148,8.25,11.3,631.0,98.4,11.6
SW-50904444,0.145,0.461,0.455,0.002615,1e-05,54.0,0.01485,6.550000000000001,9.25,276.75,,
TH-PTHR0107,0.073,8.01,7.970000000000001,0.033049999999999996,0.00132,180.0,0.2,8.02,10.899999999999999,658.0,93.80000000000001,10.4
NE-49800065,0.015,0.599,0.596,0.002,0.0001,68.0,0.0061,7.965,9.5,189.5,93.75,10.5
NW-88023152,0.015,0.1,0.098,0.002,0.00011,11.0,0.005,7.49,10.6,78.0,98.0,10.8
MD-29577500,0.015,1.45,1.4,0.002,0.00021,79.0,0.062,7.895,10.95,307.0,100.05,11.2
MD-36745280,0.073,7.0,6.96,0.045,0.00122,170.0,0.23,8.14,12.3,815.5,96.9,10.4
AN-FLTTNSPR,0.176,1.84,1.81,0.0273,0.00356,220.0,0.094,7.86,17.2,1303.0,87.4,8.58
AN-RSN1969,0.015,11.0,11.0,0.027,0.00021,240.0,0.079,7.74,12.0,713.0,77.7,9.11
SW-70723535,0.015,0.67,0.666,0.002,0.0001,11.0,0.005,7.205,11.55,68.0,100.80000000000001,11.45
NW-RSN0156,0.012,0.74,0.726,0.0043,0.00014,83.0,0.024,8.035,10.0,213.0,101.69999999999999,11.8
AN-GAYTONDS,0.25,93.5,111.5,0.0195,0.001175,186.5,0.029,7.97,13.8,2732.5,84.9,8.895
TH-PUTR0250,0.084,8.1,8.0,0.0571,0.00146,220.0,0.21,8.08,12.2,755.0,90.7,9.94
NW-88006319,0.015,1.01,1.01,0.002,0.000335,142.0,0.018,7.97,8.2,329.0,98.5,11.4
NE-49105228,0.015,13.0,13.0,0.013,0.000225,210.0,0.032,8.34,7.0,723.0,102.3,12.3
SW-81610186,0.18,1.55,1.58,0.02,0.00022,22.0,0.42,6.895,11.649999999999999,292.0,93.25,10.1
AN-SHIREDYK,0.038,9.85,,0.056,0.0003675,,0.005,7.775,8.55,5415.5,92.44999999999999,10.66
SO-E0000540,0.049,3.94,3.91,0.0289,0.00043,130.0,0.11,7.625,12.5,542.0,87.4,9.5
TH-PCHR0031,0.038,5.5,5.49,0.029,0.00054,240.0,0.058,7.93,10.3,713.0,82.44999999999999,9.175
AN-LUD01,0.015,10.0,9.98,0.019,0.000335,200.0,0.0155,8.13,9.2,627.0,98.5,11.3
MD-67620110,0.039,4.2,4.19,0.0288,0.00059,197.0,0.146,7.93,9.6,1185.0,92.4,10.7
NE-49600174,0.036,2.96,2.93,0.0135,0.00053,120.0,0.012,8.05,8.8,355.0,95.35,10.9
SO-F0002238,0.015,2.8,2.785,0.012400000000000001,0.00036,190.0,0.14,8.04,10.35,538.0,90.1,10.0
SW-RSN0483,0.0056,5.4,5.4,0.00185,0.00013,140.0,0.061,8.31,11.399999999999999,356.0,98.65,11.0
AN-23M01,0.015,9.2,9.165,0.0295,0.0002525,259.5,0.069,8.05,8.9,838.0,88.3,10.2
NW-88022772,0.042,0.9,0.8825000000000001,0.011200000000000002,,187.0,0.066,7.824999999999999,8.9,545.0,63.45,7.465
TH-PLDR0020,0.077,8.115,8.045,0.06365,0.000705,110.0,0.0775,7.54,12.8,607.0,83.65,8.879999999999999
MD-46289020,0.045,3.275,3.25,0.024550000000000002,0.00028,211.0,0.068,7.585,9.95,1211.5,63.05,7.22
NW-SSN0010,0.015,1.6,1.6,0.002,0.000305,50.0,0.018,7.95,11.5,151.0,100.3,10.9
AN-34M12,0.126,11.6,11.5,0.051449999999999996,0.00248,240.0,0.029,7.95,11.600000000000001,819.0,91.45,10.4
SW-81250180,0.077,4.359999999999999,4.345000000000001,0.03895,0.0005449999999999999,66.5,0.037000000000000005,7.6,10.25,264.0,94.35,10.4
NW-88002520,0.41,9.0,8.86,0.1,0.00253,120.0,0.7,7.39,9.2,553.0,74.6,8.68
SW-RSN0409,0.0485,3.65,3.635,0.022,0.001005,230.0,0.125,8.015,9.2,753.5,93.94999999999999,10.45
SW-82310577,0.14,7.15,7.08,0.06999999999999999,0.000135,30.0,0.625,6.775,12.45,277.5,94.25,10.025
MD-45220500,0.142,9.5,9.16,0.08,0.00183,160.0,0.26,7.87,11.0,916.0,91.6,10.5
AN-RSN0037,0.042499999999999996,5.8,5.765000000000001,0.022,0.00093,260.0,0.12,8.02,11.2,864.5,91.0,10.18
SW-E4330900,0.046,4.06,4.04,0.0191,0.00074,280.0,0.082,8.14,10.0,686.0,92.2,10.0
NW-88025748,0.0605,3.15,3.14,0.009649999999999999,4.5e-05,140.0,0.028999999999999998,6.705,6.6,465.95,49.2,6.025
MD-60864380,0.0615,13.0,12.9,0.091,0.001235,150.0,0.862,8.0,11.85,683.5,93.4,10.3
NW-88005841,0.056,0.975,0.966,0.0088,0.0008849999999999999,140.0,0.0545,8.18,8.3,331.0,98.1,11.75
MD-56090950,0.043,1.06,1.05,0.011949999999999999,0.000615,52.5,0.037500000000000006,8.065,7.9,251.0,96.7,11.95
NW-88004613,0.015,1.6,1.6,0.0061,0.0003225,120.0,0.0215,7.9,10.6,296.0,99.7,11.2
AN-BL06,0.0545,10.5,10.440000000000001,0.0408,0.001075,241.0,0.2115,8.08,11.8,880.5,89.25,9.945
AN-NLMD010T,0.0945,0.63,0.7,0.0195,0.0016749999999999998,372.0,0.124,8.03,11.95,4407.0,84.69999999999999,9.76
NW-88002735,0.0565,1.1,1.08,0.0235,0.000625,193.5,0.0815,7.72,9.75,564.0,77.3,8.575
NE-49400102,0.0685,2.18,2.165,0.01815,0.001005,164.5,0.161,8.23,10.15,422.0,101.3,11.5
SW-50210770,0.03,4.6899999999999995,4.67,0.0216,0.00037,270.0,0.2245,7.98,11.1,691.0,87.45,9.515
SW-RSN0359,0.00655,2.0,2.0,0.00145,7.500000000000001e-06,10.0,0.003,6.800000000000001,11.35,80.5,100.0,10.85
NW-88002072,0.015,0.87,0.8614999999999999,0.00455,0.0003,72.0,0.028999999999999998,8.01,9.6,439.0,100.2,11.6
SO-F0002167,0.056,2.8,2.72,0.0215,0.000565,71.0,0.048,7.67,11.7,302.0,92.80000000000001,10.030000000000001
MD-51707350,0.015,0.385,,0.002,,32.0,0.005,7.71,10.9,146.0,99.85,11.0
SW-70571910,0.015,0.45,0.446,0.002,,,0.005,7.57,11.0,,100.0,11.2
NE-RSN0688,0.9,7.25,7.115,0.11499999999999999,0.00977,255.0,0.42,7.805,7.5,1301.5,85.8,10.469999999999999
SW-70551205,0.015,5.1,5.08,0.0158,0.00028,122.0,0.066,8.03,8.9,360.0,103.0,11.2
MD-29007320,0.032,13.55,13.5,0.03215,0.00045,126.5,1.96,8.01,9.65,660.0,97.30000000000001,10.9
NW-88005844,0.035,1.5,1.48,0.0123,0.00058,175.0,0.061,8.29,9.2,420.0,101.7,11.7
NW-88002071,0.0711,0.53,0.526,0.00521,0.00113,77.0,0.0124,7.91,9.9,497.0,99.3,11.6
NW-88001923,0.0745,2.17,2.13,0.027,0.00103,53.0,0.1835,7.8,11.1,223.0,100.5,11.1
SO-SSN0186,0.009600000000000001,0.375,0.3725,0.0015500000000000002,4.5e-05,33.0,0.0185,7.375,10.899999999999999,182.0,92.95,10.025
SW-RSN0471,0.013999999999999999,2.25,2.25,0.0027,4.5e-05,23.5,0.0275,7.2,9.9,136.5,95.5,10.7
SW-RSN2323,0.00795,2.2,2.2,0.0053,5.5e-05,,0.0245,7.515000000000001,10.45,179.0,98.0,11.149999999999999
SW-E1382600,0.107,6.29,6.17,0.0712,0.0021,224.0,0.164,8.23,11.2,559.0,95.0,10.4
AN-RSN0704,0.045,1.2,1.18,0.017,0.00027,290.0,0.091,7.64,4.8,1539.0,74.8,9.4
NE-49305364,0.015,0.9550000000000001,0.9515,0.00655,0.00031,229.5,0.055999999999999994,7.890000000000001,10.25,951.5,80.5,9.065000000000001
NW-88002010,0.093,1.2,1.19,0.0118,0.00143,180.0,0.046,8.3,10.5,543.0,99.0,11.0
NE-49100488,0.049,2.8,2.79,0.0148,0.000705,132.5,0.077,8.01,10.75,437.0,95.7,11.0
AN-LUDO6,0.065,11.0,11.0,0.095,0.00118,210.0,0.093,8.06,10.75,699.0,90.9,10.3
AN-RSN0192,0.015,7.95,7.930000000000001,0.016,0.000265,200.0,0.047,8.12,11.6,628.0,101.9,11.2
NE-49900203,0.075,8.21,8.14,0.061,0.00088,230.0,0.249,7.88,10.55,1109.5,82.35,9.370000000000001
SW-RSN1987,0.031,3.2,3.18,0.013,0.000365,78.0,0.083,7.87,10.7,297.0,97.1,10.7
AN-CA03,0.104,4.94,4.89,0.0392,0.00175,282.0,0.148,8.07,10.4,913.0,91.8,9.85
NE-49302140,0.015,3.94,,0.0217,0.00014,,0.126,7.81,6.8,610.0,94.0,
MD-15785620,0.015,4.05,4.04,0.01285,0.0003875,203.5,0.0765,8.13,10.15,489.5,97.45,10.8
SW-Z1460101,0.015,3.1,3.2,0.002,0.0003,256.5,0.082,8.1,10.7,746.0,96.0,10.5
TH-RSN0781,0.034,4.2,4.19,0.021,0.00043,85.0,0.245,7.9,9.3,312.0,97.2,11.0
SW-73060704,0.015,2.6550000000000002,2.64,0.00625,0.00015,41.0,0.026,7.7,9.05,203.5,97.1,11.0
MD-09072100,0.1495,4.515000000000001,4.46,0.037,0.00259,240.0,0.095,7.98,11.75,793.0,91.0,9.649999999999999
NE-SSN0677,0.0059,0.27,0.269,0.0005,1e-05,14.0,0.0037,7.495,10.25,67.0,102.45,11.6
AN-RSN0213,0.155,9.35,9.255,0.08299999999999999,0.00091,290.0,0.685,7.635,5.800000000000001,1081.0,70.69999999999999,8.875
SW-E2031200,0.068,7.015000000000001,7.0,0.053849999999999995,0.001155,183.0,0.33,8.16,10.3,566.5,98.65,11.0
AN-50M02,0.052000000000000005,6.84,6.695,0.03075,0.001115,257.0,0.041,7.96,12.0,780.0,88.0,9.635
TH-RSN0297,0.015,3.95,3.95,0.0074,0.00026999999999999995,220.0,0.2,8.004999999999999,10.45,500.5,96.2,10.8
AN-RSN1766,0.0445,7.35,7.305,0.024,0.0006349999999999999,250.0,0.068,8.075,10.1,773.5,88.5,10.35
MD-38481980,0.063,14.05,14.05,0.06720000000000001,0.00125,160.0,0.37,8.03,11.7,970.0,92.8,10.3
SW-82312340,0.015,4.72,,0.002,,92.0,0.005,7.92,11.649999999999999,424.0,96.0,
MD-SSN0719,0.0028,3.6,3.6,0.0005,5e-05,160.0,0.0037,8.1,10.0,401.0,99.0,10.9
SW-70512009,0.015,6.08,6.06,0.0182,0.00023,99.0,0.104,7.7,11.3,367.0,95.0,10.3
NE-49105200,0.015,0.42,0.41600000000000004,0.002,0.0002525,82.0,0.005,8.26,8.65,208.5,98.15,11.3
SW-SSN0112,0.00685,0.99,0.989,0.0005,2e-05,16.0,0.00625,7.295,9.100000000000001,95.0,99.6,11.45
NW-88003464,0.111,1.08,1.04,0.02,0.001095,108.0,0.093,7.9,9.55,270.5,94.15,10.7
SW-82410633,0.015,5.27,5.27,0.0083,0.000195,57.0,0.032,7.6,10.7,315.0,97.0,10.7
AN-16M06,0.034,19.05,19.0,0.092,0.0007,190.0,0.656,8.145,11.8,1066.0,97.4,10.6
TH-POCR0011,0.0495,7.7,7.665,0.0489,0.0008799999999999999,247.5,0.5389999999999999,7.955,11.3,834.0,84.15,9.325
MD-28272300,0.074,6.22,6.19,0.0282,0.00044,269.0,0.076,7.61,9.0,2264.0,75.0,8.08
AN-52M05,0.081,0.86,0.7965,0.037599999999999995,0.00166,225.0,0.054,8.02,11.9,1640.0,89.75,10.55
NW-88021071,0.053,2.1,2.08,0.0121,0.00084,96.0,0.037,8.01,10.4,278.5,97.5,11.2
AN-RSN2137,0.14500000000000002,5.65,5.575,0.057,0.00151,230.0,0.061,7.734999999999999,11.4,665.0,88.69999999999999,10.85
MD-67808020,0.038,8.28,8.24,0.025,0.00036,127.0,0.072,7.77,9.8,577.0,91.6,10.3
NE-49700392,0.015,0.1,0.098,0.002,0.000245,64.0,0.005,8.3,7.9,155.0,96.9,11.4
MD-39371130,0.015,15.0,15.0,0.037,0.000385,242.5,0.16,8.1,10.8,894.0,95.05,10.7
NE-49100401,0.0435,6.475,6.445,0.02605,0.0005175,239.5,0.088,8.145,8.7,737.5,99.05,12.1
SO-RSN0649,0.047,3.6,3.59,0.017,0.00096,340.0,0.56,7.91,13.7,836.0,81.4,8.56
SO-F0002151,0.058,3.8099999999999996,3.785,0.0304,0.00066,78.0,0.13,7.77,11.45,379.0,97.6,10.55
AN-TIF050,0.038,5.36,5.34,0.031,0.00057,300.0,0.094,8.06,10.5,841.0,92.1,11.0
NW-88023732,0.015,0.56,,0.002,0.00011,12.5,0.005,7.390000000000001,8.649999999999999,73.75,92.5,10.33
NW-88010048,14.200000000000001,0.8,0.765,0.035449999999999995,0.0839,439.0,0.0075,7.45,10.65,1319.0,63.45,7.025
NW-RSN1280,0.057999999999999996,0.725,0.7135,0.011,0.0005549999999999999,52.0,0.035500000000000004,7.8149999999999995,10.7,159.5,99.6,11.0
MD-52821150,0.015,2.145,2.245,0.002,0.00021999999999999998,172.5,0.016,8.16,8.2,432.5,100.1,11.55
SO-G0006947,0.094,0.75,0.745,0.008,0.00054,63.0,0.051,7.38,13.3,247.0,85.8,9.16
SW-82528098,0.015,1.82,1.82,0.002,0.000105,18.0,0.0112,7.48,10.5,133.0,99.7,11.1
SW-E4004200,0.13,6.470000000000001,6.375,0.07525,0.0022849999999999997,226.5,0.149,8.05,10.3,677.5,97.0,10.9
SW-82311939,0.015,5.25,5.2,0.002,0.000175,61.0,0.005,7.76,11.9,303.0,99.3,10.6
NE-49000686,0.015,0.1,,0.002,,18.0,0.005,7.19,7.3,157.0,100.6,
SW-72910721,0.015,4.6,4.59,0.013,0.00028000000000000003,64.0,0.049,7.67,12.8,301.0,92.1,9.63
AN-MAINDRN,0.038,6.7,6.68,0.037,0.00062,260.0,0.056,8.02,9.8,922.0,94.2,11.0
TH-PLDR0001,0.053,11.7,11.7,0.0363,0.00059,136.0,0.373,7.7,11.6,748.0,75.7,8.26
NW-RSN0476,0.015,0.61,0.606,0.002,0.00026,40.0,0.0155,8.055,9.4,144.0,102.9,11.6
MD-11108140,0.0565,2.65,2.64,0.02055,0.000695,219.0,0.092,7.795,9.649999999999999,851.0,84.55000000000001,8.985
SO-E0000900,0.055,6.2,6.11,0.048,0.00099,170.0,0.7,7.91,12.4,633.5,86.1,9.18
AN-EYEB030G,0.015,3.95,3.9400000000000004,0.00445,0.0003325,260.0,0.0125,8.24,9.649999999999999,707.5,98.69999999999999,11.0
SO-G0004148,0.077,0.27,0.2635,0.002,0.00021,77.0,0.027,7.09,11.9,302.0,69.4,7.68
AN-SB01,0.015,3.76,3.745,0.012750000000000001,0.000275,180.0,0.1855,7.91,11.15,784.0,89.94999999999999,9.754999999999999
SW-60400146,0.015,1.28,1.28,0.002,0.00024249999999999999,33.5,0.0265,7.9350000000000005,10.8,138.0,100.6,11.15
NW-88004549,0.013999999999999999,0.49,0.489,0.0016,3e-05,29.0,0.008199999999999999,7.24,10.35,98.0,97.95,11.25
NE-49100395,0.0505,8.33,8.3,0.033850000000000005,0.00058,230.0,0.3245,7.83,9.3,818.0,83.6,9.63
TH-PKER0337,0.015,8.3,8.29,0.0094,0.00022,230.0,0.035,7.89,10.5,569.0,95.2,10.5
AN-16M16,0.07,2.505,2.49,0.012400000000000001,0.000345,151.5,0.014,7.62,9.35,704.0,77.9,8.969999999999999
MD-58785260,0.072,4.87,4.77,0.05,0.00097,249.0,0.323,7.85,9.8,906.0,72.4,7.95
NE-49301628,0.08299999999999999,3.11,3.09,0.0384,0.000635,41.0,0.20650000000000002,7.76,9.1,339.0,94.0,11.6
MD-29742230,0.015,3.625,3.62,0.00575,0.0002725,110.0,0.058,8.13,9.5,332.5,102.45,11.3
SW-50221210,0.015,5.695,5.6850000000000005,0.018500000000000003,0.0002625,180.5,0.1795,7.835,12.649999999999999,513.5,91.3,10.1
AN-TRIBRAM,0.015,8.8,8.79,0.016,0.000335,200.0,0.06,8.22,11.1,682.0,96.3,10.9
AN-CROS040S,0.0905,1.06,1.32,0.0107,0.001075,,0.005,7.87,10.25,860.0,95.2,10.3
SW-A3210101,0.015,5.710000000000001,5.6899999999999995,0.0075,0.0003025,282.5,0.2275,8.055,11.1,692.0,93.55000000000001,10.4
NE-41000040,0.015,2.4,2.39,0.0098,0.00019,100.0,0.026,7.84,6.1,313.0,98.5,12.2
SW-50350521,0.015,9.8,9.79,0.0067,0.00023,222.0,0.016,7.945,12.0,577.0,100.4,10.8
MD-RSN0718,0.015,13.0,13.0,0.035,0.000195,240.0,0.067,7.86,9.9,2389.0,97.7,10.9
MD-64780550,0.096,1.9049999999999998,1.875,0.03395,0.00139,130.0,0.1745,8.0,9.2,439.0,91.4,10.850000000000001
TH-PLDR0010,0.048,7.1,7.0,0.032,0.00094,140.0,0.1,7.85,12.5,640.0,84.4,8.98
SW-60010836,0.053500000000000006,2.8449999999999998,2.83,0.0168,0.0010249999999999999,132.5,0.0695,8.215,12.7,362.5,99.95,10.8
AN-STNFLDEA,0.015,11.0,11.0,0.00745,0.0002725,245.0,0.0265,8.215,9.95,718.5,99.55,11.4
NW-88002218,0.0675,1.9,1.8650000000000002,0.030150000000000003,0.000515,74.0,0.09615,7.515,11.100000000000001,364.0,93.5,10.7
SW-Z1150101,0.057,6.35,6.31,0.025500000000000002,0.001225,240.0,0.58,8.145,12.2,722.5,97.35,10.55
SW-50231010,0.0126,5.7,5.7,0.0094,0.00018,230.0,0.025,7.9,10.5,552.0,97.0,10.8
NW-88003822,0.015,0.39,0.386,0.002,7.75e-05,14.5,0.0115,7.35,11.100000000000001,61.5,100.45,11.15
SW-91251605,0.015,2.68,2.67,0.0049,0.00013,26.0,0.032,7.48,11.4,159.0,98.4,10.7
MD-36787820,0.085,1.705,1.68,0.022949999999999998,0.00121,193.0,0.076,7.9,9.6,852.5,95.05,10.9
AN-BUR050,0.045,3.6500000000000004,3.63,0.025,0.000655,250.0,0.057,7.93,12.1,784.0,87.5,9.4
MD-08019580,0.043,2.6,2.57,0.0201,0.00098,220.0,0.26,8.14,10.5,808.0,96.6,10.7
SO-F0002162,0.13,4.6,4.51,0.074,0.00129,76.0,0.21,7.57,13.3,373.0,91.1,9.28
NE-49400175,0.15,2.995,2.98,0.026,0.00198,176.0,0.036500000000000005,8.235,8.3,794.5,96.15,11.4
SW-Z8490120,0.044,6.98,6.91,0.0348,0.000955,232.0,0.3365,8.145,9.75,730.5,97.1,10.899999999999999
MD-56878180,0.031,3.05,3.04,0.013,0.00044,188.0,0.053,7.98,10.05,472.0,95.05,11.3
SW-60260105,0.112,4.640000000000001,4.6,0.0435,0.00108,233.0,0.1085,7.67,12.35,713.5,81.1,9.18
NW-88010550,0.015,1.85,1.835,0.0118,0.0003075,182.0,0.10600000000000001,8.024999999999999,10.1,627.5,93.5,10.3
MD-44924250,0.067,14.0,13.8,0.0991,0.0009,190.0,0.42800000000000005,7.92,11.0,1047.0,92.0,10.1
SW-82211948,0.015,4.07,4.06,0.0057,,77.0,0.013,7.195,12.9,374.0,93.5,
AN-STF040,0.015,7.0,6.98,0.017849999999999998,0.000285,265.0,0.1085,7.88,11.0,801.0,91.0,10.1
AN-19M07,0.063,9.9,9.780000000000001,0.0735,0.00125,210.0,0.173,8.06,11.9,861.0,98.05,10.649999999999999
SW-82220303,0.015,6.25,6.24,0.002,5e-05,36.0,0.005,7.1,12.8,353.0,96.1,10.2
MD-00030850,0.0485,4.25,4.23,0.021650000000000003,0.0007149999999999999,94.0,0.12,7.93,11.05,428.0,94.15,10.25
AN-12M05,0.1235,7.26,7.14,0.05575,0.002035,212.5,0.433,8.0,11.8,905.0,94.4,10.8
MD-48827980,0.041499999999999995,5.18,5.165,0.02215,0.000815,250.0,0.16,8.18,11.0,930.0,92.1,10.05
MD-39012420,0.066,15.4,15.4,0.0473,0.00048,135.0,0.096,7.41,12.6,996.5,81.2,8.71
AN-SIND2,0.11,8.0,7.93,0.0613,0.001665,210.0,0.2,8.004999999999999,11.25,934.0,93.3,10.5
AN-RSN2240,0.0115,6.9,6.885,0.0125,0.00021,205.0,0.04,8.165,10.85,580.5,96.6,10.95
TH-PMLR0033,0.015,9.8,9.69,0.025,0.0003475,139.0,0.26,7.725,11.2,607.5,89.85,9.870000000000001
SW-91253904,0.015,0.5,0.496,0.002,2.25e-05,6.0,0.005,6.93,9.7,69.0,99.9,11.350000000000001
NE-49905148,0.1295,7.64,7.61,0.045450000000000004,0.001965,247.0,0.298,8.06,9.9,958.5,92.6,10.5
TH-PWRR0005,0.015,6.69,6.68,0.0098,0.000295,200.0,0.119,8.145,10.4,536.0,95.44999999999999,10.350000000000001
MD-49697380,0.0505,3.1,3.085,0.0165,0.00095,150.5,0.11,8.13,11.05,491.0,98.25,10.8
AN-DSROPSLY,0.042499999999999996,13.0,13.0,0.038000000000000006,0.000515,225.0,0.35,8.24,7.3,828.0,98.6,12.0
MD-02166595,0.068,3.075,3.045,0.0275,0.001065,246.0,0.1215,8.135,9.600000000000001,667.5,92.0,10.350000000000001
SW-50550130,0.048,6.62,6.605,0.0212,0.0008550000000000001,220.0,0.08,8.06,11.1,566.0,97.19999999999999,10.850000000000001
NE-49603070,0.015,2.6,2.6,0.002,0.00027,130.0,0.005,8.12,10.0,362.0,97.3,11.0
AN-WD01,0.05,5.205,5.17,0.02885,0.00064,174.5,0.483,7.92,11.3,961.0,82.0,9.44
MD-RSN0230,0.015,4.1,4.09,0.012,0.00032,270.0,0.11,8.02,9.5,830.0,93.7,10.4
AN-NETB1,0.04,13.0,12.95,0.03635,0.000775,245.0,0.28800000000000003,8.1,11.9,894.0,97.6,10.850000000000001
AN-MT2405,17.0,1.5,1.32,0.18,0.196,280.0,2.9,7.6,17.5,1263.0,64.9,6.73
SW-Z8480243,0.2625,1.145,1.115,0.02565,0.00293,194.5,0.019000000000000003,7.72,10.350000000000001,1174.0,86.5,9.655000000000001
NE-49905161,0.117,5.6,5.52,0.053,0.00169,280.0,0.155,7.98,7.9,893.0,87.3,10.6
AN-THCDSD,0.27999999999999997,6.3,6.145,0.14500000000000002,0.004425,220.0,0.97,7.69,17.1,1508.0,85.3,8.5
MD-30305180,0.11,14.1,14.0,0.06,0.00115,217.0,1.04,7.74,10.4,804.0,84.3,9.58
MD-64525830,0.678,4.205,4.26,0.11,0.010325,146.0,0.23,7.84,11.2,687.0,81.15,8.99
NE-RSN2244,0.032,5.9,5.88,0.025,0.0005,260.0,0.043,7.98,12.0,914.0,84.6,9.01
AN-07M09,0.035500000000000004,5.4,5.37,0.029,0.00051,229.0,0.0385,8.21,9.100000000000001,705.0,97.0,11.3
TH-PCNR0093,0.015,4.9,4.87,0.009,0.000175,268.0,0.03,7.78,11.0,661.0,85.8,9.65
MD-48392820,0.0455,6.8,6.775,0.016,0.00072,200.0,0.10300000000000001,8.165,9.95,624.0,95.5,11.05
NE-49600047,0.051000000000000004,5.01,4.975,0.027450000000000002,0.0005549999999999999,251.5,0.0215,7.77,11.15,1069.5,88.9,10.3
TH-PEVR0020,0.031,18.0,18.0,0.033,0.00029,170.0,2.0,7.74,12.6,828.0,85.3,9.03
AN-SSN0519,0.015,2.0,1.97,0.035,0.000235,73.0,0.072,7.87,11.8,583.0,86.5,9.33
MD-56423610,0.066,1.6749999999999998,1.6600000000000001,0.0171,0.00073,93.5,0.0685,7.82,8.05,311.0,91.6,10.7
NE-49905149,0.044,5.9,5.88,0.0267,0.00059,250.0,0.026,8.02,9.8,970.0,90.8,10.5
SW-91241191,0.015,2.2,2.2,0.0052,6e-05,49.0,0.03,7.1,12.2,301.0,96.4,10.4
AN-17M09,0.015,6.5,6.44,0.0218,0.000355,230.0,0.018,8.19,10.3,611.5,93.05000000000001,10.649999999999999
TH-PLER0063,0.0235,10.2,10.085,0.0305,0.00042500000000000003,229.5,0.159,7.865,10.45,818.5,93.19999999999999,10.350000000000001
SW-RSN1147,0.026000000000000002,1.75,1.74,0.007050000000000001,0.00016,40.5,0.0315,7.4350000000000005,11.75,180.0,97.1,10.45
MD-51524035,0.015,3.4,,0.002,,240.0,0.018,8.25,8.7,572.0,100.7,11.7
NW-88023648,0.415,4.225,4.205,0.019700000000000002,0.000535,122.5,0.072,6.89,9.8,586.0,59.3,6.61
NE-RSN0252,0.00585,1.65,1.645,0.0026499999999999996,9.5e-05,80.5,0.00945,8.145,9.6,375.0,100.4,11.5
AN-26M49,0.07250000000000001,2.52,2.45,0.0465,0.001435,242.0,0.13,7.904999999999999,12.6,974.0,78.3,8.83
NW-88023236,0.015,0.615,0.611,0.002,0.00011750000000000001,13.5,0.024,7.295,10.15,89.5,99.0,11.2
NE-49300953,1.56,3.2300000000000004,3.0700000000000003,0.125,0.0282,142.5,0.199,7.99,10.3,1000.0,95.5,10.9
AN-CR0140,0.26249999999999996,2.735,2.61,0.0857,0.004030000000000001,213.0,0.386,7.975,11.45,1101.0,84.9,10.2
NE-49300353,0.24,5.065,4.995,0.0797,0.00252,174.5,0.059,7.735,9.0,916.0,79.45,9.895
AN-RSN0094,0.0905,1.25,1.2,0.0445,0.001075,385.0,0.005,7.785,9.45,1507.5,88.35,10.295
MD-45915180,0.033,2.4,2.33,0.011,0.0005,170.0,0.032,8.04,11.05,607.5,96.15,10.75
NE-49600466,0.097,4.465,4.415,0.048350000000000004,0.001495,177.0,0.1005,8.29,10.149999999999999,520.0,98.2,11.5
SW-82528110,0.015,2.1,2.09,0.002,6e-05,25.0,0.012,7.215,10.9,151.5,100.0,11.0
NW-88000726,0.04975,5.775,5.74,0.0443,0.00066,158.0,0.1115,7.965,10.5,557.5,90.15,9.925
NW-88002348,0.422,3.365,3.25,0.0875,0.00402,80.0,0.104,7.63,11.350000000000001,436.0,94.35,10.3
NW-RSN0572,0.024,0.27,0.269,0.0005,,2.5,0.0091,,5.0,20.0,101.2,12.9
MD-15903500,0.015,2.48,2.45,0.0086,0.00031999999999999997,160.0,0.054,8.21,9.65,389.5,99.3,11.6
MD-47601580,0.015,4.12,4.1,0.012,0.0003775,217.5,0.0545,8.21,11.7,,97.5,11.3
SW-SSN1312,0.012,1.7,1.7,0.0036,0.00011,140.0,0.026,7.77,13.3,350.0,92.2,9.36
TH-RSN1258,0.015,5.0,4.99,0.0076,0.00027,210.0,0.02,8.12,11.6,570.0,92.9,9.85
TH-RSN0610,0.015,6.4,6.39,0.009049999999999999,0.00024,200.0,0.066,8.114999999999998,9.4,561.5,89.85,9.98
SW-81271593,0.015,0.945,0.936,0.002,5e-05,17.0,0.0064,7.345,11.3,121.0,98.5,10.75
SW-70724308,0.015,0.29,0.286,0.002,4.5e-05,6.0,0.005,7.09,10.5,52.0,101.7,11.6
MD-29266460,0.032,4.5,4.44,0.0205,0.00044,170.0,0.22,8.14,11.4,613.0,99.1,10.4
AN-LARM090N,0.05,4.1,4.09,0.03,0.00083,150.0,0.083,8.04,11.0,572.0,90.7,9.86
MD-59010850,0.16499999999999998,5.9,5.824999999999999,0.08549999999999999,0.0025,190.0,0.099,8.0,13.0,821.5,91.0,9.5
AN-MAXCUT01,0.034,6.255,6.205,0.0465,0.00069,210.0,0.125,8.18,12.15,778.0,98.1,11.5
MD-59024150,0.483,3.6,3.525,0.0917,0.00422,269.0,0.148,7.72,11.6,1051.0,75.1,8.23
MD-20034650,0.015,0.76,,0.002,,20.0,0.021,7.119999999999999,10.4,119.0,94.5,10.4
NW-88003521,0.0775,4.35,4.35,0.0418,0.001315,101.0,0.25,8.01,9.850000000000001,437.0,97.55,11.149999999999999
NW-88006185,0.011,0.91,0.906,0.0022,0.00018,87.0,0.01,8.28,10.0,216.0,102.1,12.2
MD-75576400,0.05,6.505,6.48,0.03345,0.0007,250.0,0.201,8.0,9.95,816.5,89.15,10.149999999999999
AN-59M02,0.982,0.46,0.456,0.002,5e-06,2.5,0.005,3.4450000000000003,10.399999999999999,1632.0,79.44999999999999,9.395
MD-24500020,0.015,3.8899999999999997,3.8899999999999997,0.01145,0.0003,210.0,1.46,8.21,10.2,635.0,87.8,10.0
SW-82511710,0.015,6.65,6.64,0.0089,0.00023,73.0,0.0645,7.73,12.5,687.0,95.5,10.1
AN-NENE200W,0.0685,12.0,11.9,0.068,0.00094,160.0,0.17,7.77,13.6,823.5,87.0,9.305
SO-F0017552,0.035500000000000004,0.1,0.098,0.002,0.000105,60.5,0.032,6.73,13.65,193.0,23.5,2.41
MD-29991100,0.056,7.3,7.08,0.05,0.00079,220.0,0.291,7.824999999999999,11.5,667.0,92.3,10.3
NW-88004515,0.108,3.65,3.62,0.0282,0.00106,264.0,0.054,7.785,7.5,729.0,75.7,9.06
MD-11561050,0.0825,4.279999999999999,4.25,0.03665,0.001555,230.0,0.221,8.065000000000001,11.55,842.0,91.35,10.1
MD-01348710,0.08299999999999999,5.65,5.585,0.028999999999999998,0.001805,200.0,0.175,8.0,11.600000000000001,600.0,94.15,10.2
MD-36789400,0.057,1.63,1.62,0.0201,0.0008,166.0,0.074,7.92,10.7,731.0,94.5,10.5
MD-42171020,0.037,2.84,2.81,0.02015,0.0005449999999999999,150.0,0.086,8.05,11.2,602.0,97.2,10.7
NE-49905147,0.015,2.7,2.69,0.015,0.00037,180.0,0.005,7.97,11.5,1091.0,91.7,10.6
AN-SKRTHDRN,0.1285,4.755,,,0.0022,,0.802,7.92,10.55,2277.0,94.55000000000001,10.75
TH-PCNR0046,0.015,9.3,9.285,0.023,0.000485,217.5,0.2785,8.01,11.899999999999999,797.5,92.15,9.89
TH-PKER0063,0.015,8.17,8.16,0.0081,0.000155,219.0,0.033,7.72,10.7,553.0,91.9,10.1
SW-60230006,1.3,0.1,,0.0097,,360.0,0.95,7.8,12.95,950.0,32.35,
SW-50250551,0.015,5.195,5.15,0.0236,0.000325,209.5,0.09,8.1,10.3,526.5,97.9,11.0
AN-RSN1841,0.0655,2.65,3.25,0.026,0.000645,235.0,0.8500000000000001,7.6899999999999995,11.05,1079.0,83.5,9.675
SW-B3130504,0.0225,1.4,1.39,0.008,0.0004575,240.0,0.08,8.12,10.1,673.0,93.44999999999999,10.6
MD-36791880,0.061,1.2,1.18,0.014,0.00053,110.0,0.048,7.755,10.6,361.0,91.95,10.75
TH-PLDR0045,0.035500000000000004,7.994999999999999,7.96,0.0385,0.0004525,170.0,0.07050000000000001,7.855,12.05,616.5,84.6,9.04
NW-88023520,0.015,0.44,0.436,0.002,0.00021250000000000002,50.5,0.013,7.86,10.1,126.0,100.4,11.350000000000001
SW-SSN0096,0.015,10.0,9.99,0.013999999999999999,6.749999999999999e-05,70.0,0.0575,7.29,12.8,305.0,94.2,9.905000000000001
NE-SSN1381,0.015,9.55,9.530000000000001,0.0083,8e-05,310.0,0.021,7.33,11.0,1633.0,71.3,7.83
MD-61485070,0.035,12.7,12.6,0.0265,0.0006,225.0,0.1,8.09,9.3,707.0,90.6,10.3
SW-RSN0397,0.0265,8.45,8.43,0.0215,0.000535,230.0,0.066,8.17,12.0,625.5,97.85,10.55
SW-81241146,0.015,0.22,0.216,0.002,1e-05,2.5,0.005,6.705,10.2,49.0,100.25,11.3
SO-F0017521,0.151,2.36,2.32,0.027,0.00229,158.0,0.126,7.9,11.6,709.0,94.7,10.3
SW-RSN1247,0.0021,0.435,0.434,0.0005,5e-06,9.0,0.0072499999999999995,7.12,10.8,55.5,99.8,11.0
SW-73210005,0.015,0.585,0.581,0.002,0.000155,28.0,0.005,7.79,8.75,108.5,101.0,11.649999999999999
SW-50331119,0.041,1.3,1.275,0.0097,0.0006,190.0,0.09,7.85,10.9,487.0,85.4,9.35
MD-RSN0710,0.015,2.1500000000000004,2.145,0.008199999999999999,0.00041,64.0,0.043,7.79,12.85,270.5,95.8,10.05
TH-PKER0013,0.015,4.39,4.39,0.0072,0.00028,235.0,0.093,8.09,10.4,581.0,85.5,9.57
SW-70593405,0.015,2.09,2.09,0.0058,0.000305,60.0,0.067,7.8,8.7,218.0,97.2,11.2
SW-73023505,0.015,2.03,2.02,0.0052,0.00016,32.0,0.04,7.8,8.6,179.0,97.0,10.8
SW-C0706000,0.036,5.56,5.06,0.0232,0.00085,277.0,0.169,7.96,9.9,818.0,92.8,10.5
NE-41000059,0.00415,0.30000000000000004,0.2975,0.0005,6.5e-05,23.0,0.0042,8.11,7.1,83.0,100.65,12.0
SW-72937262,0.015,1.45,1.4449999999999998,0.002,0.0001225,34.5,0.032,7.445,12.1,164.0,97.15,10.45
NW-SSN0498,0.0775,0.89,0.8495,0.016,0.000405,,0.053,7.61,12.4,115.0,95.6,10.1
AN-19M13,0.041,9.2,9.18,0.025,0.000245,110.0,0.005,7.41,10.8,702.0,88.95,9.89
MD-37107000,0.1315,6.95,6.885,0.05695,0.0017100000000000001,190.0,0.14500000000000002,7.7,13.6,1240.5,78.75,8.940000000000001
SO-E0007053,0.023,5.914999999999999,5.799,0.0258,0.00026000000000000003,230.0,0.0955,7.52,9.65,1021.5,44.95,4.975
AN-WNG020,0.054,35.3,35.3,0.0678,0.00088,190.0,0.67,7.79,14.9,1558.0,83.5,8.42
TH-PRGR0027,0.035,8.9,8.87,0.031549999999999995,0.00052,230.0,0.66,7.91,12.8,907.0,79.2,8.47
MD-39370252,0.0335,17.05,17.0,0.034850000000000006,0.0004875,213.0,0.1995,8.145,10.7,1072.5,92.35,10.149999999999999
SW-73010851,0.015,4.15,4.11,0.009,0.000225,45.0,0.057,7.85,11.3,239.0,98.0,10.7
SW-70581171,0.015,0.31,0.316,0.002,7e-05,14.0,0.005,7.4,10.2,69.0,101.35,11.3
AN-RSN2201,0.0175,12.0,12.0,0.018,0.00018,240.0,0.012,7.81,11.5,820.0,88.25,9.68
MD-38688580,0.031,17.5,17.3,0.0552,0.000415,182.0,0.545,8.07,9.8,907.0,93.1,10.4
MD-42168900,0.015,8.145,8.08,0.035500000000000004,0.0004,220.0,0.135,7.9399999999999995,11.3,1439.0,90.0,9.96
MD-RSN0974,0.026,11.5,11.5,0.0395,0.000135,185.0,0.0275,7.51,8.55,665.5,79.1,9.26
NE-41000052,0.00665,0.36,0.3575,0.0011,4e-05,26.0,0.005,7.94,8.0,92.0,101.2,11.9
SO-RSN0041,0.025,1.25,1.245,0.00955,0.0002225,39.5,0.0375,7.625,9.95,193.5,96.1,10.95
NE-49301827,0.033,1.42,,0.0059,0.00021,,0.011,7.43,13.1,481.0,85.4,
NE-SSN0114,0.0051,0.011,0.01,0.0005,1.7500000000000002e-05,10.0,0.0066,7.4,9.05,37.0,101.5,11.649999999999999
AN-CH1080,0.015,5.085,4.99,0.018,0.000275,291.0,0.086,8.07,10.350000000000001,742.0,94.25,10.5
SO-F0002867,0.118,4.74,4.71,0.0358,0.00176,175.0,0.501,7.855,9.1,544.0,87.3,9.37
NW-88024646,0.023,2.0,1.995,0.009925,0.00017,200.0,0.0473,7.6,9.9,446.0,92.5,10.75
SO-F0001968,0.0315,2.3,2.29,0.0087,0.00024249999999999999,55.5,0.041999999999999996,7.7,10.1,369.0,90.9,10.3
SW-RSN2005,0.015,4.9,4.89,0.015,0.00039999999999999996,220.0,0.056,8.3,10.7,575.5,97.75,10.6
SO-F0002234,0.0665,4.21,4.16,0.030100000000000002,0.00084,168.5,0.3355,7.81,11.0,566.5,86.55,9.125
NW-88002002,0.10200000000000001,3.52,3.48,0.0407,0.00121,59.0,0.243,7.81,10.1,294.0,97.35,10.95
AN-DORDKDRN,0.015,7.255000000000001,7.205,0.03145,0.00039749999999999996,239.5,0.0305,8.055,10.0,866.0,95.05000000000001,11.85
AN-FISH1682,0.015,6.6,6.59,0.013,0.00022,240.0,0.028,8.0,6.5,749.0,94.2,11.6
NW-88003944,0.015,1.1,1.1,0.002,0.00031,200.0,0.005,8.21,10.4,417.0,101.6,11.6
NW-88003411,0.015,0.1,0.098,0.002,7e-05,45.0,0.005,8.22,6.7,118.0,102.0,12.4
NE-49600469,0.03,7.24,7.2,0.031,0.000495,214.0,0.3,8.3,7.6,631.0,98.7,12.1
AN-WITH3,0.015,12.0,12.0,0.024,0.000325,220.0,0.1505,8.03,10.2,1074.0,93.4,10.4
AN-YAR120,0.015,4.6,4.57,0.023,0.000305,290.0,0.087,7.89,14.1,796.0,90.0,9.5
SW-70423244,0.015,1.9449999999999998,1.935,0.0113,0.00037,93.0,0.0915,7.9,9.850000000000001,287.0,96.0,10.850000000000001
MD-13604700,0.015,3.87,3.8600000000000003,0.012,0.0003675,145.0,0.046,8.2,10.8,402.0,98.44999999999999,10.850000000000001
MD-58808400,0.015,4.74,4.73,0.018,0.00039,190.0,0.16,8.01,13.2,732.0,95.3,10.1
MD-SSN1322,0.015,10.0,9.98,0.035,0.00033,160.0,0.076,7.94,12.7,650.0,87.5,9.14
NW-88002675,0.16,3.6,3.55,0.031,0.00119,170.0,0.065,7.86,7.9,499.0,92.2,11.0
MD-52008040,0.015,2.7750000000000004,3.31,0.002,,169.0,0.10320000000000001,8.53,10.05,431.0,101.05,11.9
TH-PUTR0196,0.015,4.895,4.869999999999999,0.0166,0.0001625,233.5,0.056999999999999995,7.8149999999999995,8.8,598.5,79.4,9.515
AN-BAIN7,0.04,8.07,8.0,0.0414,0.00052,219.0,0.119,8.29,9.4,703.5,99.6,11.2
MD-26269380,0.033,6.2,6.18,0.026,0.00044,130.0,0.11,7.975,11.45,432.0,96.8,10.5
AN-YAR266F,0.0455,0.725,,,0.00089,,0.024,7.96,10.2,1488.5,89.05,10.2
SW-Z5550105,0.015,4.4,4.39,0.0068,0.00016,267.0,0.049,7.63,10.5,647.0,84.4,9.47
SO-E0000631,0.099,2.3499999999999996,2.33,0.021,0.0012,59.5,0.0375,7.735,12.4,307.0,95.3,10.1
AN-BENB080C,0.015,6.6,6.59,0.013,0.000295,270.0,0.052,8.05,10.2,816.5,92.85,10.5
SW-RSN1191,0.0051,2.8499999999999996,2.8499999999999996,0.0015,1e-05,11.5,0.014,7.09,13.399999999999999,176.0,100.30000000000001,10.45
SW-81201143,0.035,0.81,0.806,0.002,0.00016,38.0,0.026,7.4,10.8,171.0,94.8,10.5
NW-88022792,0.015,0.1,,0.002,,2.5,0.005,6.645,9.4,31.25,101.4,
TH-PEVR0011,0.015,5.845,5.8149999999999995,0.018,0.0004175,210.0,0.275,8.03,12.3,608.5,91.05000000000001,9.825
NW-SSN1362,0.001,0.18,0.179,0.0005,1e-05,29.0,0.0005,7.75,10.9,79.0,99.9,11.0
SO-E0001462,0.015,5.41,5.4,0.0086,0.00018,246.0,0.035,7.78,10.7,606.0,90.7,10.2
MD-38289020,0.603,6.75,6.640000000000001,0.1245,0.0044,245.0,0.548,7.615,10.85,1606.0,66.45,7.5649999999999995
AN-GWSH180E,0.16,1.94,1.92,0.019,0.00224,217.0,0.012,7.86,11.8,971.0,87.44999999999999,9.370000000000001
NW-88006466,0.015,0.1,0.098,0.002,0.00031,56.0,0.005,8.27,11.6,149.0,110.0,12.8
NE-49700322,0.044,0.51,0.4995,0.002,0.00083,99.0,0.013,8.11,9.8,243.0,96.7,10.9
AN-41M01,0.36,7.15,7.055,0.11549999999999999,0.008415,310.0,0.032,7.86,10.0,917.0,75.5,8.945
AN-29M06,0.046,8.87,8.86,0.025,0.00125,255.0,0.306,7.95,15.8,845.0,80.2,8.99
NW-88006160,0.0039,0.32999999999999996,0.32899999999999996,0.0005,6.5e-05,76.5,0.0053,8.065,9.5,177.5,102.19999999999999,11.899999999999999
NE-49100018,0.16849999999999998,11.25,11.100000000000001,0.119,0.00267,224.5,0.507,7.9,9.4,975.0,86.4,9.629999999999999
NE-49301815,0.015,1.37,1.37,0.002095,0.00017,32.0,0.011,7.705,10.0,229.0,96.05,10.85
TH-PWER0034,0.1305,5.21,5.14,0.0592,0.00146,116.5,0.161,7.77,11.2,428.0,89.2,10.0
SW-RSN2171,0.012,1.3,1.3,0.0027,3e-05,35.0,0.011,7.26,11.0,179.5,95.85,10.399999999999999
MD-29757100,0.015,4.2,4.19,0.00695,0.0002375,89.0,0.027,7.975,8.8,281.5,96.75,11.3
TH-PRTS0035,0.25,17.0,16.9,0.099,0.00294,110.0,0.435,7.61,11.7,840.0,85.3,8.855
TH-PLER0143,0.045,8.3,8.265,0.044,0.00052,257.5,0.13,7.83,11.2,787.0,90.0,9.84
AN-CH09,0.043,12.0,12.0,0.021,0.00101,245.0,0.87,8.12,13.5,879.0,89.5,8.99
AN-HAMM4,0.071,0.18,1.87,0.0205,0.000505,400.0,0.011,7.515,14.5,1732.5,97.69999999999999,9.26
AN-RSN1561,0.015,11.0,11.0,0.029,0.000355,230.0,0.39,8.1,11.7,872.0,91.6,10.3
TH-PCHR0155,0.015,10.0,9.93,0.0243,0.00031,247.0,0.096,7.95,10.4,676.0,80.6,9.75
SO-RSN1509,0.079,2.1,2.075,0.0205,0.0006275,95.0,0.056999999999999995,7.7,11.6,722.0,91.2,10.2
SW-60270117,0.1195,3.425,3.38,0.042499999999999996,0.00123,246.0,0.2135,7.955,11.25,898.5,88.5,9.865
SW-91241183,0.015,1.8,1.8,0.002,9.5e-05,52.0,0.026,7.44,11.5,270.0,97.7,10.6
MD-58887190,0.015,3.4,3.39,0.009850000000000001,0.00028,184.0,0.061,8.024999999999999,11.0,562.5,93.95,10.3
AN-STHHYKE,0.17,3.455,3.44,0.06615,0.00218,220.5,0.1245,7.78,10.8,1085.0,83.3,9.21
SO-E0007343,0.015,4.8,4.8,0.0079,0.00035,260.0,0.033,8.15,13.3,682.0,94.8,9.84
NW-88002605,0.165,4.57,4.529999999999999,0.0579,0.002145,130.0,0.425,7.82,10.600000000000001,512.5,93.0,10.3
NW-RSN0552,0.071,1.8,1.79,0.059,0.00063,200.0,0.055,7.62,10.3,739.0,71.1,7.7
SW-RSN0279,0.064,10.0,9.91,0.056,0.00065,230.0,0.15,7.67,11.6,628.0,83.1,8.92
SO-E0004846,0.091,1.6,1.51,0.0282,0.00062,140.0,0.22,7.51,11.1,558.0,62.1,6.83
SO-G0003994,0.015,3.5,3.49,0.0093,0.0002,120.0,0.044,7.66,11.0,412.0,89.5,9.97
MD-71363900,0.084,7.4,7.35,0.0325,0.00085,210.0,0.186,7.97,11.5,893.0,83.9,9.37
MD-65539050,0.41600000000000004,3.025,2.9050000000000002,0.07995,0.005180000000000001,332.0,0.058499999999999996,7.7,11.6,1141.0,78.5,8.505
AN-WD0150,0.048,4.93,4.81,0.0401,0.00114,176.0,0.468,7.92,12.1,934.0,82.8,9.44
SW-70722271,0.038,2.98,2.96,0.0218,0.0004,109.0,0.042,8.1,10.4,300.0,97.0,10.7
SW-81251507,0.015,4.3,4.3,0.0049,7.5e-05,29.0,0.035,7.44,11.5,183.0,99.7,11.0
SW-RSN1819,0.0815,5.1,5.1,0.043,0.001215,120.0,0.14,7.895,11.35,380.5,95.9,10.6
NE-RSN0076,0.011,0.14,0.139,0.0013,0.000165,74.0,0.005,8.08,8.8,188.0,102.1,11.7
MD-SSN1482,0.13,4.4,4.36,0.0385,0.00065,210.0,0.29500000000000004,7.385,9.45,505.5,77.75,8.68
NW-88002883,0.229,5.5,5.42,0.0538,0.00131,170.0,0.185,7.54,11.1,712.5,80.9,9.11
AN-21M01,0.036,6.5,6.47,0.03,0.00049,270.0,0.1975,8.04,9.6,832.0,91.6,11.0
MD-79440020,0.015,0.92,0.912,0.0078,0.00027,165.0,0.042,7.99,9.3,634.0,91.0,11.1
MD-RSN1823,0.0071,0.63,0.629,0.0012,9e-05,140.0,0.012,8.17,9.5,296.0,101.0,11.6
MD-40950450,0.04,14.6,14.5,0.048,0.00054,279.0,1.0350000000000001,7.9,9.7,2145.0,93.30000000000001,10.2
MD-45220980,0.078,8.0,7.95,0.052,0.00107,170.0,0.23,7.84,11.3,928.5,93.1,10.6
SW-50580180,0.034,8.71,8.68,0.0293,0.00042,249.0,0.109,7.74,12.4,648.0,91.3,9.74
SW-E7001400,0.287,0.37,0.297,0.0136,0.00172,287.0,0.582,7.71,12.8,789.0,66.1,6.82
NW-88023702,0.015,0.27,,0.002,,7.5,0.005,7.445,6.95,50.900000000000006,105.0,12.58
SW-50040755,0.043,8.2,8.09,0.031,0.000835,220.0,0.096,8.14,11.2,706.0,94.3,10.3
NW-88003568,0.22399999999999998,2.12,2.045,0.061149999999999996,0.00372,220.5,0.245,7.97,10.15,583.5,89.35,10.235
AN-RSN2062,0.0575,3.0,2.9699999999999998,0.033,0.001045,230.0,0.03,8.14,11.4,785.0,96.55000000000001,10.7
NW-88005728,0.0192,1.89,1.85,0.0082,0.000405,93.5,0.026,8.1,10.3,256.0,100.8,11.6
NW-88003446,0.0065,0.47,0.469,0.0018,9e-05,69.0,0.01,7.94,8.1,162.0,101.7,12.1
NE-RSN0396,0.00685,0.0225,0.0215,0.0005,5e-06,2.5,0.00265,5.465,9.9,40.5,100.80000000000001,11.5
NW-88002566,0.14750000000000002,4.68,4.585,0.06695000000000001,0.00189,122.5,0.54,7.96,11.1,423.0,96.0,10.7
AN-52M25,0.042,2.67,2.6,0.0657,0.00067,288.0,0.093,7.96,8.5,2380.0,105.0,11.4
NW-88000734,0.36,8.4,8.305,0.09175,0.00575,190.0,0.325,7.96,11.8,1102.5,88.9,10.3
NE-49400263,0.015,2.2,2.19,0.0056,0.000265,93.0,0.059,7.86,12.6,450.0,97.1,10.8
NW-88000735,0.015,1.4,1.4,0.002,0.00025749999999999997,47.0,0.005,8.1,11.1,196.0,101.9,11.1
MD-37645580,0.469,5.37,4.76,0.457,0.0107,216.0,0.178,8.46,13.4,1959.0,79.1,8.25
NW-88006186,0.015,1.19,1.18,0.0054,0.000365,188.0,0.017,8.235,9.8,400.0,102.80000000000001,11.55
TH-PKER0338,0.015,6.4,6.39,0.014,0.000245,250.0,0.048,7.96,8.9,599.0,96.7,11.0
NE-RSN0767,0.014,2.65,2.64,0.00695,0.000185,145.0,0.00975,7.9350000000000005,8.85,490.0,95.25,11.05
NE-49400989,0.015,1.22,1.2149999999999999,0.0032,0.000285,90.0,0.0175,8.145,9.9,506.0,99.35,11.149999999999999
NE-49700250,0.015,0.585,0.581,0.002,0.00033,110.0,0.005,8.31,11.75,239.5,102.85,11.0
AN-44M18,0.046,8.835,8.73,0.0427,0.000705,283.0,0.1395,7.975,9.25,1004.0,85.65,9.265
AN-RSN0197,0.13,1.4,1.37,0.032,0.00139,230.0,0.053,7.88,10.2,1103.0,78.5,9.06
SW-50240461,0.0315,6.18,6.154999999999999,0.022350000000000002,0.00053,211.5,0.132,8.15,10.45,574.0,99.0,11.2
AN-16M19,0.181,8.24,8.21,0.045,0.00112,214.0,0.263,7.54,11.3,971.0,74.2,8.4
NW-88002384,0.015,0.41,0.406,0.002,0.00024,51.0,0.02,7.73,9.7,236.0,102.1,11.7
AN-SHIREDR1,1.1,0.42,0.4,0.032,0.00775,405.0,0.74,7.74,11.1,3009.0,60.2,7.17
NW-88000857,6.140000000000001,4.8,4.64,0.1505,0.0613,69.0,0.1235,7.42,16.7,44950.0,93.1,8.36
MD-RSN2194,0.083,9.15,9.1,0.083,0.0014399999999999999,165.0,0.25,7.82,13.7,817.0,89.3,9.25
MD-38485180,0.3635,9.05,9.015,0.0794,0.00528,163.0,0.7324999999999999,8.01,10.600000000000001,950.5,94.30000000000001,10.2
SW-Z9370415,0.252,7.99,7.94,0.0448,0.00464,237.0,0.515,8.08,11.4,651.0,94.0,10.3
NE-49301929,0.114,5.97,,0.0439,0.00159,,0.68,7.73,14.7,560.0,89.2,
TH-RSN1690,0.255,11.0,10.9,0.0895,0.00506,220.0,0.22499999999999998,8.094999999999999,9.8,692.5,92.45,10.399999999999999
SO-G0006577,0.056,2.7649999999999997,2.75,0.01575,0.0007,83.5,0.019,7.805,12.3,403.5,92.5,9.809999999999999
NW-88000612,0.065,7.3100000000000005,7.234999999999999,0.0549,0.000705,200.0,0.38,7.775,10.45,718.5,85.15,9.56
AN-49M03,0.015,14.0,14.0,0.0245,0.00023,240.0,0.028,7.82,10.1,766.0,85.7,9.45
AN-ANT170A,0.09,4.91,4.86,0.0383,0.00113,163.0,0.096,7.515,11.9,745.0,81.35,8.48
NW-88006481,0.038,0.7,0.688,0.0071,0.00087,80.0,0.047,7.88,8.95,213.0,98.0,12.0
NE-RSN1824,0.0091,0.975,0.971,0.0034,0.00016,110.0,0.011,8.26,10.1,263.0,101.65,11.649999999999999
AN-56M01,0.05,7.5,7.41,0.0543,0.00079,230.0,0.043,8.01,11.7,771.0,98.1,10.7
AN-TILLTRB2,0.048,7.8,7.61,0.045,0.00081,240.0,0.37,8.03,10.1,883.0,97.3,11.5
TH-PTHR0223,0.348,11.7,11.5,0.195,0.00185,260.0,0.156,7.28,11.3,849.0,46.2,5.36
TH-PWER0037,0.11,6.1,6.02,0.0632,0.00109,111.0,0.175,7.77,10.1,463.0,87.5,9.85
SW-Z2030216,0.0325,2.6,2.69,0.012,0.0006925,220.0,0.12,8.13,11.1,709.0,99.30000000000001,10.75
MD-36776540,0.088,9.1,9.085,0.06,0.00143,180.0,0.257,7.93,11.4,1000.0,91.0,9.88
TH-POCR0018,0.015,4.81,4.8,0.0079,0.0003,300.0,0.015,8.16,9.8,787.0,93.5,10.5
TH-RSN2094,0.015,7.550000000000001,7.54,0.0067,0.000255,235.0,0.008,8.065000000000001,10.850000000000001,585.5,90.5,10.04
AN-TILL5,0.14,11.0,10.9,0.085,0.00163,220.0,0.37,7.94,8.9,885.0,88.5,10.6
NE-49705097,0.015,0.1,0.098,0.002,0.0002725,73.0,0.005,8.295,10.25,154.0,104.6,11.5
SW-60030396,0.041999999999999996,4.5649999999999995,4.505,0.03245,0.001185,279.0,0.159,8.195,12.2,693.5,95.9,10.25
MD-76739210,0.69,16.0,15.9,0.25,0.0056,190.0,2.2,7.640000000000001,11.2,898.0,78.0,8.64
SO-E0001575,0.094,2.2,2.17,0.0205,0.000475,94.0,0.0535,7.535,13.4,615.0,82.45,9.059999999999999
NE-SSN1329,1.85,2.9,2.75,0.1055,0.016300000000000002,200.0,0.315,7.59,12.100000000000001,1101.0,54.5,5.955
NW-88000790,0.16,6.66,6.56,0.057,0.0017,210.0,0.109,7.765,10.850000000000001,895.5,83.15,9.21
NW-88002140,0.043,2.93,2.92,0.0155,0.00042,69.0,0.102,8.0,7.8,326.0,100.1,12.4
MD-SSN1503,0.017,0.64,0.627,0.0099,0.00021,120.0,0.041,7.86,10.9,364.0,94.8,10.6
SW-82110704,0.015,4.029999999999999,4.029999999999999,0.002,9e-05,56.5,0.014,7.375,12.25,353.5,95.0,10.1
AN-MT1270,0.049,18.3,18.4,0.0275,0.00048,100.0,2.2,7.67,13.7,920.0,83.4,8.57
AN-RSN0542,0.097,0.9550000000000001,0.909,0.0155,0.00099,270.0,0.010499999999999999,7.71,10.149999999999999,1301.0,83.35,8.985
AN-RSN1193,0.038,4.8,4.79,0.02,0.00051,310.0,0.044,8.3,12.0,756.0,97.9,11.0
AN-DEB004,0.015,22.0,21.95,0.0683,0.000245,205.0,0.005,8.34,11.8,633.0,98.0,11.3
SW-50330370,0.0995,4.27,4.25,0.0299,0.001145,293.0,0.322,7.895,10.2,770.0,81.5,9.075
NW-88025753,0.16,2.05,2.035,0.017,0.002105,195.0,0.091,8.235,5.55,482.5,98.7,12.45
AN-WAV020,0.116,2.0,1.935,0.0525,0.000725,310.5,0.005,7.49,11.8,976.0,56.45,5.640000000000001
SW-81520166,0.015,1.6,1.6,0.002,4e-05,13.0,0.0081,7.215,10.9,115.0,99.8,10.8
SW-RSN0871,0.0058,2.7,2.7,0.0014,5e-05,56.0,0.01,7.93,10.9,186.0,100.0,11.0
SW-RSN0387,0.0077,0.645,0.6425000000000001,0.00255,2e-05,,0.013999999999999999,7.17,11.399999999999999,97.0,98.1,10.75
SW-60010822,0.14,6.4,6.34,0.079,0.00244,160.0,0.233,8.02,10.1,475.0,96.0,10.4
TH-PLER0149,0.015,9.3,9.28,0.027,0.00046,247.0,0.253,8.1,12.4,871.0,89.3,9.33
MD-08366820,0.0395,3.0,2.9850000000000003,0.0165,0.0006000000000000001,239.0,0.2365,8.02,9.75,994.5,94.3,10.649999999999999
SO-RSN1529,0.008,8.3,8.29,0.011,0.00016,240.0,0.031,8.1,12.0,607.0,103.4,11.5
NW-88000663,0.202,6.95,6.91,0.0633,0.00186,208.0,0.368,7.83,10.3,2109.0,87.9,10.3
NW-88002481,0.14500000000000002,1.3,1.27,0.018,0.001605,139.0,0.005,7.72,11.899999999999999,825.5,98.85,11.0
NW-88003482,0.015,0.35,0.346,0.002,0.000205,71.0,0.012,7.95,8.2,209.0,99.7,11.8
NW-RSN0936,0.07050000000000001,4.7,4.655,0.042,0.0010400000000000001,110.0,0.094,7.87,10.8,780.0,94.3,10.7
NW-88022183,0.015,0.215,,0.002,,3.75,0.005,7.17,7.8,37.0,101.6,
MD-13656700,0.053,6.43,6.4,0.0325,0.00092,265.0,0.29,8.04,10.55,939.0,90.8,9.84
SW-SSN1352,0.0074,4.5,4.5,0.0028,0.00016,160.0,0.032,8.05,11.4,456.0,98.3,10.7
NW-88002043,2.4,1.3,1.15,0.12,0.0228,120.0,0.59,7.66,11.3,414.0,64.2,6.95
SW-50280572,0.046,6.34,6.305,0.036699999999999997,0.00081,214.5,0.07050000000000001,8.045,11.7,553.5,93.55,10.6
NW-SSN0673,0.00385,0.625,0.624,0.0005,1.7500000000000002e-05,15.0,0.00675,7.52,8.45,80.0,100.7,11.55
NE-49600489,0.01,0.57,0.566,0.0019450000000000001,9.25e-05,38.0,0.0077,7.855,7.699999999999999,180.0,99.05000000000001,11.75
NW-88003547,0.115,1.4,1.37,0.032350000000000004,0.00196,147.0,0.1145,8.02,10.0,544.0,96.8,11.0
SO-F0017522,0.048,0.21,0.206,0.002,0.00093,114.0,0.005,8.11,14.7,538.0,89.8,8.91
NW-88023158,0.015,0.1,0.098,0.002,0.000195,45.0,0.005,8.01,10.2,102.0,102.8,11.4
NW-88010525,0.218,9.62,9.54,0.0671,0.00188,99.0,0.22,7.725,12.5,672.0,91.2,10.1
SW-82312345,0.105,4.5,,0.002,,44.0,0.005,6.99,11.75,321.5,84.0,
NW-RSN0380,0.0034,0.0071,0.006,0.0005,3e-05,12.0,0.0019,7.34,10.3,38.0,100.8,11.1
MD-47030050,0.039,3.6,3.57,0.032,0.00059,230.0,0.13,8.03,11.0,662.5,94.85,10.75
SO-RSN0749,0.041499999999999995,0.37,0.366,0.002,0.000225,115.0,0.0155,7.48,9.8,471.0,84.35,9.84
AN-33M24,0.015,10.0,9.98,0.01875,0.000225,232.5,0.005,7.84,11.5,806.0,85.5,9.440000000000001
SW-E1007100,0.0525,5.295,5.245,0.03275,0.001015,182.0,0.217,8.114999999999998,11.15,509.0,98.6,11.25
AN-SSN1305,0.011,2.9,2.89,0.012,0.00022,210.0,0.022,7.88,14.3,695.0,83.3,8.47
MD-48392910,0.04,7.095000000000001,7.0600000000000005,0.02065,0.0006299999999999999,212.0,0.122,8.14,9.4,694.0,91.35,10.475
SW-50600251,0.015,7.02,7.01,0.0131,0.00028,223.0,0.056,8.22,9.7,598.0,97.6,11.0
NE-RSN0096,0.01,0.46,0.457,0.0028,0.00014,38.0,0.0093,8.02,10.2,207.0,98.2,11.1
SW-RSN1939,0.0086,3.7,3.6950000000000003,0.00435,6.5e-05,56.5,0.018000000000000002,7.515,12.45,287.0,96.85,10.149999999999999
SW-RSN1707,0.015,0.1,0.098,0.002,0.000395,340.0,0.16,7.82,11.1,795.0,71.5,8.83
NE-49000478,0.059,1.03,1.0,0.0066,0.0004,36.0,0.016,7.85,9.2,227.0,100.1,12.0
AN-LANG020S,0.032,3.4,3.39,0.011,0.00039,240.0,0.032,8.11,6.0,675.0,97.2,12.2
AN-RSN1686,0.056,7.5,7.4,0.066,0.0014,210.0,0.14,8.12,10.1,799.0,100.0,11.4
NE-RSN0828,0.0032500000000000003,0.0785,0.0775,0.0005,4e-05,75.0,0.0015999999999999999,8.26,9.6,192.0,102.15,12.65
SW-RSN1899,0.0091,1.4,1.4,0.002,4e-05,20.0,0.013,7.44,10.5,122.0,98.7,10.7
SW-RSN0755,0.015,0.94,0.936,0.002,0.000235,130.0,0.088,8.22,11.2,335.0,99.1,11.2
SW-50330227,0.0775,2.9,2.875,0.0315,0.00129,212.0,0.22,7.95,10.5,564.5,87.15,9.6
NW-RSN1808,0.011,0.2,0.199,0.0017,9e-05,29.0,0.0081,7.8,11.15,87.0,102.8,11.1
TH-PLER0091,0.015,5.76,5.75,0.012,0.00022,270.0,0.0635,7.76,10.6,660.0,95.05,10.8
NW-88002050,0.058499999999999996,1.66,1.645,0.0218,0.0008799999999999999,157.0,0.185,7.975,9.25,478.0,93.65,10.8
TH-RSN1241,0.185,1.55,1.5,0.038,0.000995,255.0,0.1535,7.47,9.850000000000001,983.0,74.05000000000001,8.075
SO-E0007051,0.042499999999999996,2.4850000000000003,2.4450000000000003,0.02015,0.00077,155.5,0.14,8.045,11.0,708.5,93.05,10.8
MD-RSN1804,0.015,6.6,6.58,0.022,0.000315,210.0,0.005,7.75,11.9,725.0,85.9,9.67
AN-DOCSLANE,0.015,7.285,7.735,0.019,0.0002625,241.0,0.037,8.024999999999999,10.25,749.5,95.05,11.05
NW-88005610,0.0325,0.685,0.6799999999999999,0.006500000000000001,0.00012,37.0,0.02,7.26,10.5,145.5,91.9,9.77
NE-49500105,0.2555,1.79,1.7,0.048,0.00216,248.0,0.0605,7.68,10.4,1382.0,82.7,9.29
SO-RSN0729,0.032,2.2,2.19,0.009600000000000001,0.00014,47.0,0.040999999999999995,7.43,11.7,235.0,94.5,11.1
NW-RSN0556,0.023,0.51,0.506,0.00355,0.00040249999999999997,83.5,0.0185,8.21,8.25,206.5,103.5,11.899999999999999
AN-30M19,0.05,19.0,18.8,0.0816,0.000745,210.0,0.28500000000000003,7.88,10.6,935.0,79.0,8.65
SW-RSN1950,0.0084,4.7,4.7,0.0044,7e-05,61.0,0.02,7.72,11.3,272.0,98.6,10.8
SW-E1431500,0.015,2.53,2.51,0.0098,0.000295,212.0,0.155,8.0,11.1,592.0,91.8,10.1
NE-49500638,0.018,0.97,0.966,0.002,0.00021,25.0,0.0205,7.82,10.0,198.5,99.85,11.2
NE-49700381,0.015,1.2,1.2,0.0042,0.000355,212.0,0.052,8.3,10.2,522.0,98.6,11.2
SW-50340330,0.023,5.0,4.970000000000001,0.0219,0.000495,227.5,0.2385,8.01,10.7,624.0,93.0,10.4
NE-49600142,0.037,4.6,4.57,0.0223,0.0005125,171.0,0.042,7.98,10.7,579.0,92.4,10.2
NW-88003076,0.118,14.8,14.8,0.0341,0.00106,120.0,2.9,7.58,11.6,618.0,84.3,9.129999999999999
NW-88002062,0.079,11.5,11.4,0.0508,0.00031,90.0,2.32,6.92,12.7,520.0,83.1,8.45
NW-RSN2183,0.0175,0.45,0.4465,0.0044,0.0003,250.0,0.035,8.120000000000001,10.35,488.5,99.5,11.25
AN-BILLBORO,0.015,7.984999999999999,7.975,0.0149,0.0002925,244.5,0.011,8.094999999999999,10.95,832.5,98.30000000000001,11.0
MD-04796740,0.033,5.9,5.86,0.02,0.000405,170.0,0.16,7.84,14.0,838.0,89.7,9.35
SW-70512916,0.0685,3.84,3.815,0.0345,0.00109,188.5,0.2015,7.92,10.8,615.0,94.2,10.5
AN-56M08,0.035,7.505,7.475,0.036500000000000005,0.0005549999999999999,240.5,0.045,8.015,13.0,759.0,99.45,10.15
MD-39771140,0.015,10.0,9.97,0.017,0.00033,260.0,0.13,8.36,12.6,747.0,97.5,10.0
MD-27585100,0.17,6.3,6.26,0.0645,0.00138,240.0,0.1115,7.67,10.5,741.0,76.9,8.75
SO-E0001770,0.056999999999999995,5.32,5.265000000000001,0.0252,0.000405,59.0,0.672,7.52,11.0,380.5,89.35,9.915
MD-37366859,0.015,4.15,4.125,0.0275,0.00027749999999999997,110.0,0.019,7.789999999999999,11.600000000000001,705.0,85.75,9.530000000000001
TH-RSN0042,0.062,18.0,18.0,0.043,0.00065,190.0,0.495,7.5649999999999995,12.6,831.0,63.95,6.455
SO-E0001296,0.046,17.200000000000003,17.200000000000003,0.0255,0.00073,164.0,0.17,7.9350000000000005,13.5,827.0,89.4,9.63
AN-56M13,0.038,7.11,7.05,0.0428,0.00112,240.0,0.072,8.16,10.7,1047.0,92.9,10.7
SW-RSN0647,0.091,4.9,4.84,0.066,0.00144,220.0,0.19,8.07,13.4,637.0,92.5,10.1
MD-06112780,0.04,5.1,5.08,0.0243,0.00048,256.0,0.278,8.085,7.4,1018.0,93.0,11.0
NE-41000374,0.015,2.02,2.01,0.0058,0.00029,86.0,0.023,7.96,8.5,266.0,96.0,10.2
MD-01148820,0.015,3.5,3.49,0.0092,0.00035999999999999997,230.0,0.07,8.28,10.7,545.0,98.9,10.9
MD-77758020,0.095,3.25,3.1950000000000003,0.0415,0.00148,175.0,0.071,8.08,10.6,574.0,97.4,11.2
NW-88003509,0.135,1.0,0.992,0.01525,0.00161,122.5,0.051,8.0,11.9,403.5,100.45,10.95
MD-53962650,0.10250000000000001,2.84,2.8,0.0382,0.00131,236.5,0.167,7.81,10.9,1440.5,80.0,9.425
MD-RSN1042,0.385,8.3,8.015,0.24,0.0022849999999999997,67.5,0.13,7.5600000000000005,11.149999999999999,491.5,87.15,9.54
SW-70920104,0.015,1.65,1.65,0.002,0.0002,41.5,0.072,7.74,11.6,168.0,98.05,10.8
MD-26275500,0.015,1.9,1.895,0.002,0.00028,68.0,0.052,7.9,10.7,230.0,98.3,10.9
NW-88003497,0.101,4.515,4.48,0.04675,0.00144,94.0,0.264,7.96,9.4,408.0,98.9,11.7
MD-49715680,0.015,0.28,0.278,0.002,5e-05,10.0,0.005,7.49,9.9,56.0,102.6,11.6
AN-GWSH310B,0.041,9.8,9.78,0.024,0.00068,220.0,0.11,8.145,9.85,762.5,93.6,10.55
NE-49302048,0.15350000000000003,3.865,3.795,0.0457,0.001075,129.0,0.21,7.77,10.1,574.0,94.1,10.5
SO-G0003757,0.015,0.97,0.962,0.0066,0.00011,92.0,0.043,7.42,11.5,385.0,91.7,9.8
MD-56734700,0.063,1.13,1.1,0.0137,0.00053,59.0,0.041,7.69,10.4,192.0,94.8,10.4
NE-49300400,0.05,3.64,3.6,0.0305,0.000845,125.0,0.14,7.885,9.8,631.0,92.3,10.6
AN-BT0103,0.0325,4.6,4.59,0.031,0.0007325000000000001,300.0,0.135,7.96,13.8,846.0,84.4,8.25
TH-PCHR0016,0.015,6.699999999999999,6.67,0.016,0.000375,215.0,0.192,7.99,10.75,735.0,84.30000000000001,9.455
MD-47519900,0.015,11.0,11.0,0.0093,0.000335,230.0,0.005,8.175,11.0,716.0,98.69999999999999,10.95
SW-81111808,0.015,1.1749999999999998,1.17,0.00355,0.0002175,42.0,0.0175,7.66,11.649999999999999,200.0,97.85,10.55
MD-10930720,0.0325,6.1899999999999995,6.130000000000001,0.0304,0.000355,196.0,0.17,7.905,10.7,940.0,79.35,9.129999999999999
TH-PLDR0011,0.23399999999999999,8.58,8.42,0.119,0.00164,160.0,0.3135,7.45,13.05,749.5,65.8,7.154999999999999
SO-F0002870,0.034,4.7,4.68,0.02,0.00051,180.0,0.5640000000000001,7.98,11.3,533.5,89.94999999999999,9.93
SW-SSN0164,0.015,2.75,2.75,0.002,0.0001425,38.0,0.16,7.52,10.899999999999999,194.0,98.1,10.899999999999999
MD-52396150,0.015,2.8499999999999996,2.91,0.002,0.0002575,210.0,0.03,8.2,9.350000000000001,584.5,99.3,11.3
SO-G0003786,0.015,7.805,7.795,0.013,0.00036,240.0,0.063,8.2,11.4,611.5,97.69999999999999,10.6
NW-RSN0543,0.00605,0.375,0.3725,0.0021999999999999997,8.5e-05,28.5,0.00505,7.775,10.399999999999999,89.5,99.45,11.8
NW-88005554,0.00395,0.2015,0.1995,0.00075,2e-05,20.0,0.00545,7.61,8.8,69.0,101.6,11.9
MD-61678050,0.06,2.6,2.58,0.017,0.00075,131.0,0.12,7.8,9.6,470.0,91.0,10.3
AN-RR0186,0.015,7.4,7.39,0.011,0.00031,290.0,0.061,8.09,9.2,905.0,91.0,10.1
TH-PWRR0025,0.015,6.5,6.49,0.0077,0.000305,200.0,0.052,8.2,10.6,528.0,97.1,10.8
NE-RSN0652,0.0113,0.595,0.5865,0.00175,8.5e-05,19.0,0.0074,7.744999999999999,10.4,95.0,103.1,11.65
TH-RSN1185,0.015,12.0,12.0,0.00915,0.00022,255.0,0.026,7.985,9.35,732.5,93.75,10.95
SW-Z2030218,0.082,2.7,2.67,0.031,0.00143,230.0,0.123,8.06,11.8,711.0,89.8,9.88
MD-29266040,0.048,4.925000000000001,4.835,0.02435,0.00101,141.0,0.19,8.04,10.95,590.0,95.8,10.4
MD-21551949,0.01845,4.01,3.995,0.01985,0.00034,224.5,0.11599999999999999,8.09,8.850000000000001,666.0,90.9,10.6
NE-49500619,0.175,3.955,3.9050000000000002,0.03805,0.001555,45.0,0.17,7.67,10.1,418.0,93.8,10.6
AN-12M44,0.3,14.0,13.649999999999999,0.15,0.00244,160.0,0.42,7.49,14.4,922.0,59.6,6.01
SW-91251658,0.015,1.635,,0.002,,15.0,0.018,7.42,12.3,110.7,104.7,
MD-58606050,0.015,6.324999999999999,6.305,0.0215,0.00035,286.5,0.2275,7.995,10.05,1126.5,83.6,9.100000000000001
TH-RSN0914,0.015,8.1,8.08,0.019,0.000345,250.0,0.31,7.94,15.1,840.0,80.0,8.74
SO-G0006580,0.043,4.5,4.485,0.017300000000000003,0.00056,173.0,0.385,7.93,11.4,588.5,90.55000000000001,10.1
NE-49300191,0.051,8.95,8.91,0.0254,0.00086,275.0,0.042,7.9350000000000005,11.4,1242.0,86.5,9.365
SO-G0003706,0.015,5.9,5.89,0.0077,0.00028,240.0,0.07,8.28,10.4,558.0,97.6,10.8
NE-RSN1560,0.032,2.9,2.88,0.014,0.00041,180.0,0.024,7.9350000000000005,9.2,417.0,98.69999999999999,11.3
SO-F0001985,0.0645,0.8,0.788,0.00305,0.000415,69.0,0.033,7.62,11.399999999999999,310.0,95.8,10.8
AN-BR01,0.035,12.0,11.95,0.0412,0.00061,246.5,0.51,8.02,11.100000000000001,1061.0,90.6,10.149999999999999
MD-53185500,0.015,0.395,0.391,0.002,0.0001,10.0,0.005,7.54,9.6,68.0,101.5,11.7
AN-BUR0395,0.015,7.15,7.125,0.022,0.0003175,230.0,0.059,7.95,11.2,728.0,89.85,9.875
TH-RSN0802,0.015,5.5,5.48,0.0106,0.000235,215.0,0.14500000000000002,7.9350000000000005,11.1,603.5,92.6,9.865
SW-B3130402,0.041,3.53,3.51,0.0218,0.00083,234.0,0.172,8.19,11.3,639.0,95.8,11.0
SW-81420288,0.015,3.8,3.8,0.002,0.000125,37.0,0.018,7.53,11.7,198.0,99.1,10.7
TH-RSN2130,0.038,5.5,5.475,0.0245,0.00056,290.0,0.08549999999999999,7.775,13.1,813.0,86.05000000000001,9.205
MD-RSN0918,0.015,4.3,4.29,0.0125,0.000375,145.0,0.125,7.955,12.25,667.5,92.5,9.89
SO-F0002003,0.13,3.69,3.62,0.039,0.0007,117.0,0.1,7.63,12.1,558.0,82.8,8.95
AN-27M20,0.2825,18.0,20.549999999999997,0.5125,0.0021999999999999997,190.0,0.404,7.55,12.2,1160.0,54.7,5.79
SO-E0001335,0.0315,8.89,8.87,0.019,0.000205,260.0,0.027999999999999997,7.535,10.8,1159.5,82.75,9.315
AN-WAV024,0.068,6.33,5.14,0.0322,0.0011450000000000002,296.5,0.351,7.93,9.35,917.0,66.15,6.625
TH-PCNR0025,0.015,10.7,10.7,0.0193,0.000455,225.5,0.29,8.11,12.1,839.0,94.8,10.1
MD-00027540,0.0685,5.1,5.09,0.023,0.00115,120.0,0.1585,7.94,11.55,476.0,92.3,10.035
NW-RSN0920,0.175,1.0350000000000001,1.0230000000000001,0.012,0.00034500000000000004,145.0,0.07150000000000001,7.01,12.9,552.0,78.2,8.350000000000001
MD-06127140,0.032,4.365,4.35,0.01415,0.000515,258.5,0.2085,8.1,8.9,1272.5,88.1,10.1
NE-49500530,0.01595,0.47,0.466,0.002,0.000255,29.0,0.005,7.83,9.4,254.0,101.05,11.5
SW-72940220,0.0141,0.69,0.687,0.00212,9e-05,11.0,0.0088,7.49,10.3,102.5,98.4,11.2
NW-88006403,0.035500000000000004,3.98,3.965,0.0221,0.0005600000000000001,195.5,0.098,8.254999999999999,9.05,495.0,101.05,11.649999999999999
SO-F0017551,0.052,0.72,0.715,0.0063,0.00041,82.0,0.094,7.51,12.8,282.0,74.0,7.91
NW-88001979,0.0875,1.12,1.1,0.022,0.001465,140.0,0.088,8.11,9.75,464.0,98.85,11.149999999999999
NW-88002269,0.07200000000000001,0.6,0.592,0.006500000000000001,0.000815,53.0,0.0445,7.789999999999999,10.05,194.0,98.7,10.850000000000001
NW-88022535,0.015,1.77,1.7149999999999999,0.00655,0.00028,226.5,0.0345,8.37,10.149999999999999,494.0,105.6,12.350000000000001
NE-49905173,0.015,0.28,,0.002,,96.0,0.005,8.155000000000001,8.45,203.5,101.05,11.3
AN-RSN0113,0.039,8.6,8.55,0.049,0.00123,240.0,0.1,7.9350000000000005,13.3,1141.0,91.1,10.1
SO-G0003814,0.015,7.2,7.19,0.0076,0.000225,250.0,0.023,7.9,10.7,598.0,99.95,11.05
NE-49905151,0.038500000000000006,7.3100000000000005,7.265,0.0412,0.00062,250.0,0.0975,8.004999999999999,10.45,1037.5,92.75,10.45
AN-GLEN250E,0.015,8.42,8.4,0.019,0.000295,220.0,0.106,8.215,10.399999999999999,754.0,93.30000000000001,10.6
SO-F0017619,0.0225,1.3,1.28,0.0097,0.0002225,57.0,0.07,7.65,8.350000000000001,236.0,94.65,11.3
TH-PRTS0660,0.078,7.0,6.96,0.037,0.00203,190.0,0.14,8.0,12.3,630.0,97.4,10.365
MD-H0000088,0.024,4.65,4.63,0.019,0.00040249999999999997,260.0,0.16,8.145,11.55,636.0,93.4,9.985
SO-Y0004415,0.04,1.04,1.03,0.0061,0.00025,99.0,0.042,7.5,12.350000000000001,400.0,76.5,8.155000000000001
AN-SWAN140B,0.032,6.2,5.99,0.029,0.00051,220.0,0.053,8.16,12.1,800.0,94.1,10.4
NE-49905180,0.015,1.3,,0.002,,79.0,0.005,8.12,7.3,203.0,92.3,
SW-60250640,0.0335,4.48,4.465,0.020249999999999997,0.00068,257.5,0.305,8.06,9.899999999999999,692.0,95.5,10.7
MD-50852100,0.062,7.33,7.3,0.0267,0.00065,87.0,0.0685,7.78,9.9,339.0,96.8,11.0
NE-RSN0272,0.013,0.33,0.329,0.0021,9e-05,42.0,0.0066,7.43,10.5,173.0,94.9,10.7
MD-RSN1098,0.0225,5.7,5.67,0.02,0.0003625,175.0,0.0675,7.82,10.3,1143.0,93.8,10.5
AN-WHDR1,0.0635,4.96,4.9,0.0298,0.000775,238.5,0.02,7.83,11.4,752.5,88.4,9.74
NW-88002556,0.045,1.7,1.68,0.016,0.00048,99.0,0.056,7.84,10.1,359.0,96.2,10.7
MD-42167030,0.08,8.7,8.66,0.0501,0.00131,210.0,0.455,7.975,12.45,1329.0,88.2,9.17
SW-RSN0275,0.015,0.98,0.976,0.002,0.000115,32.0,0.015,7.39,10.4,198.0,97.0,10.8
NE-49800213,0.07,6.6,6.565,0.036449999999999996,0.000985,110.0,0.53,7.82,10.149999999999999,484.5,93.7,10.5
NE-RSN0332,0.003,0.26,0.259,0.0005,2.75e-05,61.5,0.0029,8.1,10.3,155.5,100.94999999999999,11.45
SW-81950610,0.2495,1.935,1.36,0.009600000000000001,0.00029,18.0,0.083,6.34,12.8,554.0,85.6,8.44
AN-USRWSTN,0.015,12.35,9.350000000000001,0.017,0.000215,275.0,0.005,7.94,9.6,773.5,82.95,9.295
AN-03M02,0.064,7.6,7.555,0.034,0.00116,237.5,0.16,8.01,12.3,790.5,94.25,9.92
MD-RSN0910,0.015,7.8,7.78,0.02,0.000265,210.0,0.028,8.05,12.0,707.0,90.4,9.77
SO-E0001685,0.095,1.9,1.79,0.028,0.0009,170.0,0.08,7.65,11.9,634.0,71.8,8.54
SW-81950659,0.015,6.215,6.24,0.0033,3.5e-05,36.0,0.108,6.89,11.3,333.0,93.0,10.0
TH-PBRR0018,0.37,3.0,2.91,0.11,0.00442,188.0,0.303,7.71,12.4,817.0,72.4,7.73
SW-70641805,0.015,2.2,2.19,0.006,0.00016,26.0,0.088,7.44,10.9,154.0,98.0,10.8
MD-36785080,0.0665,2.55,2.52,0.0311,0.001165,198.0,0.0575,8.03,10.350000000000001,893.5,92.05,10.3
NW-88025766,0.048,0.48,0.47,0.01,0.00049,55.0,0.26,7.7,11.4,150.0,99.1,
NW-RSN1903,0.005350000000000001,0.33999999999999997,0.33899999999999997,0.0011,3e-05,18.5,0.0049,7.6,10.7,71.0,102.0,11.5
NW-88005545,0.0032,0.23,0.226,0.0005,3e-05,9.0,0.0015,7.76,9.2,47.0,103.0,11.8
MD-37556400,0.015,8.99,8.95,0.01,0.00033,290.0,0.0405,8.14,10.05,2085.0,97.95,11.1
MD-38836050,0.1255,12.55,12.35,0.11499999999999999,0.0018900000000000002,190.0,0.20750000000000002,7.96,9.4,914.0,92.35,10.8
SW-RSN0503,0.025,4.6,4.58,0.020999999999999998,0.000305,315.0,0.0675,8.06,11.2,773.0,96.5,11.1
SO-G0006949,0.053,0.275,0.271,0.002,9e-05,64.0,0.005,6.9,12.4,301.0,79.1,8.17
NW-88022814,0.015,0.37,,0.002,,5.5,0.005,7.36,7.6,52.6,100.7,
AN-FLEETHV1,0.383,0.1,0.1875,0.01435,0.005375,427.0,0.081,8.085,10.6,7445.0,89.1,9.965
SW-RSN0925,0.0082,7.6,7.6,0.0064,8e-05,220.0,0.028,7.71,10.2,549.0,93.3,10.5
NE-49700140,0.0665,2.1100000000000003,2.0999999999999996,0.0115,0.000995,94.5,0.045,8.065000000000001,8.8,356.0,96.5,11.1
TH-PRTS0050,0.034,7.0,6.98,0.024,0.0005549999999999999,210.0,0.19,8.105,12.2,675.0,93.5,10.55
TH-PWYR0016,0.037,7.24,7.23,0.0154,0.00068,245.0,0.094,7.87,13.3,704.0,94.6,9.87
MD-20355250,0.0124,2.35,2.34,0.00443,0.00012,66.0,0.0275,7.77,10.0,215.0,97.25,10.8
MD-49692980,0.068,3.63,3.61,0.0185,0.00126,157.0,0.113,7.94,10.4,539.0,96.2,11.0
MD-67417370,0.0436,3.8499999999999996,3.835,0.0246,0.00064,156.0,0.16,7.98,11.5,742.5,90.85,9.93
MD-RSN0762,0.0405,4.25,4.87,0.02,0.00067,240.0,0.15,7.984999999999999,9.3,778.5,88.1,9.525
MD-11053180,0.015,5.37,5.35,0.0338,0.000355,210.0,0.15,7.93,12.2,914.5,82.6,8.79
AN-CL0185,0.075,6.99,6.95,0.058,0.00092,220.0,0.48,7.87,10.2,840.0,86.55,9.219999999999999
SO-Y0004350,0.015,5.5,5.49,0.0082,0.000325,190.0,0.071,8.1,12.3,551.5,98.0,10.4
MD-RSN0458,0.013999999999999999,3.35,3.35,0.0033,0.0002325,215.0,0.01095,8.195,10.5,547.0,97.75,10.9
MD-04800980,0.19,6.1,5.97,0.13,0.00164,160.0,0.175,7.745,14.05,894.5,74.55,7.6850000000000005
NE-49600452,0.015,4.25,4.24,0.002,0.00025,139.0,0.005,8.03,8.9,436.0,95.8,11.0
SO-E0007342,0.015,1.1,1.09,0.0048,0.00018,170.0,0.15,7.73,12.9,551.0,89.3,9.0
TH-RSN0170,0.015,14.0,13.95,0.013000000000000001,0.0002975,220.0,0.0235,8.15,10.45,598.0,96.7,10.6
SO-F0001957,0.015,2.235,2.225,0.00925,0.000285,69.0,0.0455,7.65,12.3,366.5,93.85,10.3
NE-49000045,0.1005,7.165,7.0600000000000005,0.0644,0.0010249999999999999,256.0,0.0565,7.765,9.649999999999999,985.0,86.8,10.350000000000001
MD-38688150,0.036000000000000004,15.0,14.9,0.057,0.000615,209.0,0.32,8.055,10.9,897.5,93.1,10.95
SW-73060314,0.015,2.0,2.0,0.002,0.000145,28.0,0.018,7.5649999999999995,11.4,116.5,100.0,10.850000000000001
SW-RSN2213,0.015,5.6,5.59,0.0079,0.00029,230.0,0.061,8.37,10.7,531.0,99.5,11.3
SW-A2290112,0.015,5.09,5.08,0.012,0.00047,203.0,0.031,8.26,9.5,511.0,98.3,11.0
NE-49300789,0.5,0.97,0.956,0.0228,0.00481,403.0,0.022,7.7,12.149999999999999,1855.5,87.5,9.39
AN-02M13,0.015,6.445,6.415,0.022699999999999998,0.000335,229.5,0.315,7.945,9.9,768.0,83.55,9.52
NE-49400457,0.015,2.115,2.13,0.009000000000000001,0.00033,59.0,0.0504,8.03,9.75,385.5,101.1,11.25
SW-E2221400,0.167,2.405,2.38,0.057550000000000004,0.002445,272.0,0.28200000000000003,7.890000000000001,12.0,937.5,80.75,8.8
MD-C0000068,0.125,6.699999999999999,6.63,0.0555,0.001515,250.0,0.17,7.785,10.65,876.5,87.44999999999999,9.725000000000001
SW-E2042200,0.035500000000000004,2.7750000000000004,2.75,0.0184,0.0004925,224.5,0.11399999999999999,7.96,11.0,613.5,88.9,9.925
MD-25292180,0.033,8.25,8.23,0.03195,0.0005,182.5,0.1965,7.97,11.149999999999999,694.0,92.1,10.149999999999999
TH-SSN0187,0.015,6.45,6.445,0.00425,0.00024249999999999999,285.0,0.005,7.984999999999999,11.2,684.5,95.65,10.4
NE-49300923,0.053,1.51,1.49,0.0152,0.00069,95.0,0.023,7.775,9.75,378.0,93.15,10.55
MD-RSN0390,0.0565,2.6500000000000004,2.5999999999999996,0.024,0.00103,180.0,0.0525,8.26,10.9,437.5,95.75,10.35
SW-RSN2278,0.0017,0.22499999999999998,0.22399999999999998,0.0005,5e-06,,0.00295,6.92,10.15,46.5,100.69999999999999,11.4
SW-81223340,0.015,3.2,3.1950000000000003,0.002,8.25e-05,27.0,0.028,7.51,11.5,160.0,99.80000000000001,10.9
MD-26944690,0.053,9.9,9.85,0.044,0.00065,193.0,0.199,7.81,10.3,741.0,86.9,9.61
TH-RSN1850,0.015,11.5,11.5,0.016,0.00011750000000000001,250.0,0.08,7.52,11.149999999999999,694.5,96.30000000000001,10.6
AN-MBRUSWTW,0.015,10.2,8.85,0.0098,0.000285,113.0,0.025500000000000002,8.035,8.95,620.0,89.15,9.99
SW-50280344,0.015,5.6,5.58,0.027450000000000002,0.0004,210.0,0.068,8.07,11.149999999999999,535.0,91.25,10.1
MD-56591520,0.03415,0.745,0.7364999999999999,0.007625,0.00042,81.0,0.0309,7.94,9.9,300.0,97.3,11.0
AN-RSN2172,0.015,13.5,13.5,0.0089,0.0001425,255.0,0.015,7.720000000000001,8.8,743.0,90.80000000000001,10.899999999999999
NW-88002148,0.015,0.3165,0.3135,0.002,4e-05,19.0,0.005,6.855,8.9,161.0,96.7,11.3
MD-01349520,0.015,3.9,3.9,0.0053,0.0003125,200.0,0.017,8.254999999999999,8.8,532.5,102.1,11.4
NW-88000605,0.067,7.654999999999999,7.595000000000001,0.0528,0.00058,190.0,0.59,7.640000000000001,10.8,612.5,83.1,9.26
NW-88002469,0.185,6.300000000000001,6.205,0.0948,0.00195,124.5,0.21,7.71,11.3,683.0,86.8,9.74
AN-RH0125,0.077,4.9,4.875,0.06395,0.001605,211.5,0.285,7.98,12.6,1006.5,97.5,10.55
AN-MW4549,1.9,22.5,22.200000000000003,0.667,0.0131,170.0,2.8,7.56,12.55,1324.0,52.3,5.425000000000001
TH-RSN1282,0.015,5.2,5.18,0.0235,0.000445,245.0,0.14,7.955,12.25,671.5,85.4,8.620000000000001
SO-F0002980,0.015,3.0,2.99,0.0052,0.00023,168.0,0.013,7.85,10.3,452.0,89.1,10.1
SW-81913777,0.015,6.365,6.345000000000001,0.0085,6.5e-05,29.0,0.018,7.25,12.5,290.0,98.5,10.5
NW-88023211,0.009850000000000001,0.2,0.199,0.0005,2e-05,6.5,0.0005,6.98,8.55,34.0,99.5,11.55
SW-SSN0024,0.015,2.3,2.295,0.002,8.5e-05,32.5,0.005,7.300000000000001,11.45,184.0,97.30000000000001,10.600000000000001
MD-12183510,0.08149999999999999,3.6,3.56,0.033,0.0013449999999999998,240.0,0.078,7.85,10.2,687.0,88.0,9.87
NE-49700245,0.015,0.53,0.5505,0.002,0.00036,150.0,0.005,8.31,14.5,299.0,105.6,11.5
MD-RSN2102,0.0225,3.7,3.6849999999999996,0.013,0.000385,235.0,0.14,8.075,10.5,704.0,92.75,10.75
SW-60250618,0.082,5.265,5.21,0.048,0.001235,273.0,0.42100000000000004,7.9,11.3,726.0,81.15,9.09
SW-70230177,0.015,2.1,2.08,0.011,0.000425,240.0,0.074,8.26,13.5,478.0,98.0,10.350000000000001
TH-PRGR0011,0.042499999999999996,11.0,10.7,0.0377,0.00094,225.5,0.4375,8.085,12.0,1011.5,92.85,9.91
NW-88000646,0.0555,9.17,9.11,0.045899999999999996,0.00084,224.5,0.6125,8.18,10.65,665.0,91.65,10.05
SW-60600244,0.156,2.22,2.18,0.0385,0.00202,268.0,0.142,7.97,13.65,769.0,81.4,9.01
NE-49500336,0.254,4.6899999999999995,4.61,0.078,0.00212,62.0,0.38,7.59,11.0,502.5,90.25,10.1
AN-CL0432A,0.043,4.655,4.615,0.03375,0.000905,208.5,0.038,8.114999999999998,10.9,666.0,91.9,10.25
MD-48404250,0.015,8.82,8.81,0.0136,0.000355,233.0,0.404,8.08,9.2,783.0,94.6,10.6
SO-E0001569,0.015,1.26,1.26,0.0053,0.0001,79.0,0.022,7.37,11.3,453.0,86.1,9.45
MD-RSN1215,0.044,3.25,3.2249999999999996,0.024,0.0004925,110.0,0.11,7.855,11.1,338.0,96.05000000000001,10.45
MD-49099020,0.98,13.0,12.0,0.43,0.0117,200.0,0.255,7.71,10.1,841.0,76.5,8.61
NW-88022717,0.1315,4.995,4.92,0.05045,0.00106,184.0,0.1385,7.59,9.6,672.5,76.25,9.5
SW-81917403,0.047,5.79,5.74,0.0329,0.00063,147.0,0.063,7.95,10.9,572.0,92.5,10.2
SO-E0000827,0.1075,3.75,3.6799999999999997,0.028499999999999998,0.00103,97.0,0.789,7.71,10.8,661.0,84.5,9.08
MD-06306180,0.015,4.7,4.69,0.0174,0.000375,325.0,0.22,8.05,10.3,1038.0,90.4,10.1
MD-26957180,0.039,9.35,9.315000000000001,0.0402,0.0006050000000000001,172.0,0.1625,7.975,9.350000000000001,533.0,95.75,10.45
MD-56090180,0.0665,1.6,1.58,0.019200000000000002,0.0006399999999999999,62.0,0.0465,7.72,10.649999999999999,248.0,92.6,10.45
NW-88022167,0.015,0.41,0.406,0.002,8.750000000000001e-05,18.5,0.005,7.42,7.5,69.0,100.7,12.149999999999999
SW-70581170,0.015,0.3,0.296,0.002,0.00011,14.0,0.005,7.505,10.2,66.0,101.0,11.350000000000001
NW-88004520,0.015,0.43,0.426,0.002,7.5e-05,16.0,0.005,7.38,10.6,64.0,99.0,11.3
NE-41000377,0.0099,1.82,1.81,0.00363,0.0001,68.5,0.013,7.87,8.1,219.0,97.35,11.7
SW-82310103,0.015,3.88,3.8,0.002,0.0001225,52.0,0.019,7.51,12.5,351.0,96.4,10.3
AN-YAR110,0.015,5.4,5.39,0.0224,0.000435,270.0,0.082,8.1,9.7,789.0,94.6,10.3
MD-64502340,0.093,2.415,2.39,0.033600000000000005,0.00119,160.0,0.11,7.95,11.8,527.0,90.5,9.815
SW-72930120,0.076,1.715,1.69,0.01345,0.0005925,33.5,0.065,7.705,9.2,175.5,92.1,10.7
SW-Z2030432,0.048,1.9,1.88,0.01,0.0009,236.0,0.058,8.17,11.8,662.0,97.4,10.7
MD-51314620,0.015,3.17,3.16,0.01,0.00034,93.0,0.0395,8.03,9.7,383.0,98.5,11.4
NW-RSN1923,0.001,0.081,0.08,0.0005,5e-06,,0.0005,6.68,10.3,25.0,101.2,11.4
SW-SSN1344,0.041,5.3,5.27,0.031,0.00074,130.0,0.17,7.91,10.6,359.0,97.1,10.8
MD-20792155,0.015,5.36,3.715,0.01315,0.0002425,104.0,0.11,7.81,9.100000000000001,369.0,87.0,9.885
NW-88000769,0.11050000000000001,4.65,4.615,0.05085,0.00117,93.5,0.0865,7.98,8.9,428.0,92.44999999999999,10.7
MD-01351880,0.015,4.5,4.5,0.002,0.00027,210.0,0.005,8.17,9.8,532.0,100.4,11.3
SW-RSN1221,0.015,5.15,5.135,0.0125,0.0003925,325.0,0.0905,8.315000000000001,11.65,956.5,93.65,10.350000000000001
NW-88005134,0.015,0.228,0.2255,0.0005,5.5e-05,3.75,0.0005,7.6,9.2,39.0,100.4,11.7
SW-73060277,0.015,1.875,1.87,0.002,0.00011750000000000001,24.0,0.018,7.66,11.25,112.0,101.0,11.0
AN-THURPUMP,0.2585,1.0,0.949,0.054599999999999996,0.00429,256.5,0.10600000000000001,7.965,11.7,1234.0,82.25,10.350000000000001
MD-09566780,0.094,7.3,7.26,0.035,0.00173,210.0,0.089,8.1,10.0,650.0,91.2,10.6
MD-50582500,0.0615,4.244999999999999,,0.0134,,97.0,0.064,7.885,7.7,365.0,106.5,
SW-50320533,0.015,2.03,2.01,0.0154,0.000375,275.0,0.118,8.01,13.1,653.0,87.2,9.01
MD-06368720,0.015,2.8,2.79,0.009600000000000001,0.000225,245.0,0.069,7.9,9.55,677.0,93.69999999999999,10.75
SW-E4140600,0.0325,1.625,1.6150000000000002,0.00885,0.00063,228.0,0.0725,8.19,11.350000000000001,521.0,93.95,10.5
SW-RSN0365,0.057999999999999996,1.55,1.5350000000000001,0.017,0.00041,80.5,0.12,7.645,10.7,301.0,94.2,10.4
AN-32M02,0.023,7.65,7.57,0.02475,0.000395,264.0,0.545,7.98,10.5,889.0,83.5,9.55
TH-PTHR0054,0.065,4.3,4.22,0.027,0.00106,200.0,0.13,7.945,11.4,661.0,91.5,9.93
SW-E4170100,0.015,2.005,1.995,0.00585,0.00029,239.0,0.025,8.23,10.85,520.0,94.44999999999999,10.6
NE-RSN1228,0.010499999999999999,1.2,1.19,0.005,9e-05,57.5,0.03,7.775,9.3,159.0,93.55,10.95
AN-WEN040,0.015,9.4,9.38,0.01675,0.00021,256.0,0.043,7.73,10.7,722.0,84.6,9.49
AN-MORC090M,0.015,8.350000000000001,8.34,0.01,0.00027749999999999997,120.0,0.07050000000000001,8.01,9.9,606.0,96.9,11.05
SW-72930380,0.063,1.9249999999999998,1.94,0.0142,0.00053,35.0,0.0344,7.609999999999999,10.5,184.0,94.85,10.7
SW-70240231,0.063,3.2,3.185,0.019,0.000735,99.5,0.0945,7.865,10.45,360.5,96.0,10.7
SW-RSN0787,0.019,2.25,2.24,0.01055,0.000135,45.5,0.039,7.494999999999999,12.4,247.0,94.6,10.295
TH-PMLR0031,0.015,12.0,12.0,0.019,0.00042,150.0,0.23,7.85,16.6,591.0,94.2,9.72
AN-65M08,0.015,14.0,14.0,0.016,0.00029,250.0,0.014,7.89,11.7,825.5,93.94999999999999,10.149999999999999
AN-BUCKNALL,0.0245,9.600000000000001,9.885,0.0455,0.00031999999999999997,240.0,0.0765,8.065000000000001,8.850000000000001,840.0,92.95,10.7
SO-SSN1422,0.036500000000000005,0.46,0.448,0.012,0.00048,150.0,0.1,7.77,12.8,410.0,87.4,9.17
NW-88005616,0.015,0.325,0.3135,0.002,7e-05,15.0,0.005,7.54,8.8,63.0,99.35,11.0
AN-LIMBERRD,0.015,6.25,6.22,0.014499999999999999,0.00035,300.0,0.747,8.045,9.55,976.0,89.4,10.2
SW-E2050500,0.104,1.41,1.39,0.0167,0.00154,201.0,0.136,7.87,8.9,616.0,88.3,9.37
MD-30882220,0.015,1.8,1.8,0.00305,0.00024,26.0,0.026,7.84,9.55,117.5,98.45,11.0
MD-23527180,0.0755,12.0,12.0,0.06620000000000001,0.001055,173.5,0.4135,8.09,12.1,855.0,99.1,10.850000000000001
NW-88004895,0.015,0.8285,0.8245,0.002,7.75e-05,43.5,0.00955,7.52,9.4,155.5,93.65,11.4
NW-88000849,0.0955,3.3,3.29,0.034600000000000006,0.0011250000000000001,179.5,0.1485,8.04,10.7,672.0,92.8,10.4
AN-BILL1,0.043,16.0,15.9,0.048,0.00052,210.0,0.061,7.94,10.6,1164.0,91.1,10.6
MD-03696020,0.062,5.03,5.0,0.0491,0.00092,235.0,0.221,7.96,10.149999999999999,674.0,78.7,9.66
NE-49905171,0.015,2.2350000000000003,2.2199999999999998,0.01545,0.0004625,142.0,0.058,8.15,10.7,443.5,96.45,10.65
SW-81520205,0.015,1.5,1.5,0.002,4.5e-05,12.0,0.005,7.235,11.2,109.0,98.80000000000001,10.8
SW-50260338,0.0545,6.265000000000001,6.24,0.0375,0.0009,220.0,0.0745,7.995,11.600000000000001,564.0,89.2,9.985
NW-88002205,0.015,0.765,0.756,0.0041,0.0002275,50.5,0.027,7.9,9.5,212.0,99.5,11.3
NW-88001826,0.022,0.65,0.644,0.004,0.00012,19.0,0.022,7.41,11.1,102.0,98.7,10.5
AN-01M26,0.015,2.82,2.81,0.0094,0.000355,246.0,0.025,8.05,10.2,763.0,97.2,10.9
NE-SSN0049,0.015,13.5,13.5,0.00485,0.00017250000000000002,300.0,0.0315,7.615,11.3,1101.5,89.85,9.905000000000001
SO-F0002778,0.038,6.24,6.22,0.0266,0.00042,91.0,0.16,7.8149999999999995,11.5,440.0,82.65,9.045
SW-70540224,0.015,1.9,1.9,0.00995,0.000285,40.0,0.033,7.8,11.1,159.0,99.0,11.0
SW-RSN2283,0.0063,2.2,2.2,0.0017000000000000001,5.5e-05,31.5,0.0145,7.54,10.649999999999999,152.5,99.1,10.95
SO-E0000784,0.044,1.5,1.49,0.0113,0.00058,145.0,0.097,7.845,10.2,562.0,88.65,9.629999999999999
SW-81950880,0.409,3.4850000000000003,3.475,0.02875,0.0007949999999999999,24.0,0.32899999999999996,6.93,12.75,228.0,92.25,9.774999999999999
MD-50039050,0.038,6.0,5.99,0.0278,0.00066,280.0,0.178,8.15,10.0,774.5,92.9,10.6
AN-30M35,0.015,20.0,20.0,0.10500000000000001,,,0.005,7.4,9.5,1060.0,53.45,6.35
AN-40M02,0.114,9.83,9.78,0.0501,0.00206,244.0,0.179,8.14,12.2,998.0,91.8,10.6
AN-HUSBOWE2,0.057999999999999996,2.9000000000000004,,0.025500000000000002,0.00061,,0.041499999999999995,7.93,7.5,781.0,95.5,11.72
SW-60100313,0.015,4.07,4.0600000000000005,0.0063,0.00026999999999999995,118.5,0.0555,8.145,10.45,334.0,97.65,11.05
AN-ALLB100W,0.015,6.0,5.96,0.017,0.0003475,310.0,0.0885,8.03,10.6,1082.5,94.15,10.75
SW-81261133,0.015,2.04,2.04,0.002,0.000155,34.0,0.023,7.63,12.5,159.0,99.0,10.5
NE-49400587,0.015,0.635,0.631,0.002,0.00026000000000000003,155.5,0.031,8.375,9.899999999999999,337.5,102.75,11.7
AN-12M25,0.015,3.1950000000000003,3.175,0.015300000000000001,0.00023,163.5,0.07100000000000001,7.76,13.25,1033.0,85.55000000000001,8.43
SW-82511157,0.015,3.58,3.58,0.002,0.00015,38.0,0.023,7.59,11.2,220.0,98.5,10.8
NE-49705092,0.0094,0.83,0.827,0.002,0.0001575,117.0,0.01,8.195,9.2,271.0,99.4,11.2
TH-RSN0114,0.015,6.7,6.69,0.0083,0.00025,220.0,0.069,8.045,11.600000000000001,613.0,93.55000000000001,10.6
SW-82410276,0.037,4.86,4.83,0.0109,0.0001975,49.0,0.14,7.45,11.2,288.5,95.75,10.5
MD-58807700,0.015,4.5,4.48,0.015,0.0004,190.0,0.148,8.04,11.149999999999999,688.0,92.85,10.1
MD-75132290,0.068,8.34,8.295,0.04845,0.000835,209.0,0.1355,7.8,10.1,600.5,84.25,9.625
SW-Z9370201,0.052000000000000005,4.22,4.2,0.0125,0.001245,253.0,0.113,8.185,10.5,605.5,88.35,9.715
MD-47514350,0.056,9.8,9.76,0.05,0.00073,196.0,0.301,7.87,13.2,883.5,82.7,8.79
MD-70483505,0.0405,8.1,8.065,0.035500000000000004,0.000485,207.0,0.19,7.9,11.8,726.0,88.3,9.94
NW-88023701,0.015,0.3,0.296,0.002,0.00021250000000000002,70.0,0.013,8.105,8.2,219.5,100.8,12.2
AN-STNFLDWE,0.015,6.4,6.39,0.011,0.00025,240.0,0.047,8.27,8.9,654.0,97.7,11.4
SO-E0001752,0.015,0.43,0.426,0.002,0.0002475,180.0,0.005,8.004999999999999,9.45,1089.5,96.44999999999999,10.75
SW-70220527,0.015,2.0,1.98,0.0093,0.00038,93.0,0.07,8.0,10.0,384.0,102.2,11.5
SW-70531215,0.07,3.34,3.3200000000000003,0.026299999999999997,0.000875,78.5,0.1,7.9,11.600000000000001,281.0,95.0,10.9
SW-RSN0813,0.015,7.0,6.98,0.014,0.000285,220.0,0.055,8.08,11.0,533.0,103.2,11.3
AN-WELL100W,0.0565,4.7,4.65,0.032100000000000004,0.0008049999999999999,210.0,0.216,7.9350000000000005,10.350000000000001,712.0,86.65,9.594999999999999
TH-RSN1698,0.0102,7.2,7.1899999999999995,0.0076500000000000005,0.00015999999999999999,245.0,0.009899999999999999,7.965,10.45,585.5,90.4,10.25
MD-07688980,0.044,6.3,6.29,0.029,0.00072,210.0,0.4,8.18,9.7,644.0,94.5,10.4
MD-09592050,0.03,3.39,3.36,0.0149,0.00042,225.0,0.148,8.01,9.3,768.0,81.0,8.55
MD-01502090,0.015,2.4,2.4,0.0041,0.00031,230.0,0.026,8.15,10.9,538.0,99.1,10.8
AN-26M31,0.059,7.895,7.81,0.056,0.0011949999999999999,208.0,0.228,8.08,12.0,887.0,95.4,10.6
MD-53185100,0.01155,0.41,0.406,0.002,3e-05,13.0,0.0039,7.395,9.25,87.0,101.6,12.05
AN-ORE010,0.12000000000000001,5.335000000000001,5.275,0.0515,0.001885,260.0,0.11399999999999999,7.96,10.8,903.0,80.1,9.36
SW-70826055,0.0112,0.8959999999999999,0.8939999999999999,0.002,0.00011750000000000001,21.5,0.0232,7.765000000000001,10.2,94.0,99.4,11.3
NW-88004511,0.015,0.32,0.316,0.002,0.000245,10.0,0.005,7.75,11.2,49.0,104.0,10.6
NW-RSN1932,0.25,7.3,7.22,0.11,0.0012499999999999998,125.0,0.625,7.22,12.85,572.0,73.55000000000001,7.8100000000000005
AN-RSN0145,0.0535,11.0,10.95,0.0405,0.00086,245.0,0.165,8.03,11.850000000000001,877.0,89.6,9.745000000000001
MD-18500250,0.015,5.75,5.74,0.015,0.0003325,220.0,0.113,8.004999999999999,10.9,567.0,92.1,10.3
NW-88022799,0.015,0.1,,0.002,,13.0,0.005,6.7,8.95,38.5,102.25,
NW-88002846,0.2505,3.24,3.1500000000000004,0.0869,0.00208,170.5,0.1,7.675,11.0,606.0,77.0,8.74
NW-88006305,0.037,7.25,7.24,0.02,0.00032,94.0,0.125,7.83,9.0,475.0,99.9,11.8
NE-49600139,0.063,4.48,4.45,0.0267,0.00097,169.0,0.038,8.02,10.6,550.0,93.6,10.5
SW-RSN1078,0.00685,9.8,9.8,0.0026499999999999996,0.00013,230.0,0.025500000000000002,7.985,11.0,590.0,97.9,10.899999999999999
SW-81121473,0.015,0.1,0.098,0.002,7.500000000000001e-06,2.5,0.005,6.76,10.9,50.0,100.0,11.1
MD-55726980,0.06,3.6,3.57,0.0269,0.0006000000000000001,136.5,0.0565,7.895,9.7,460.5,94.75,11.25
AN-SLEA3,0.015,12.0,12.0,0.01455,0.00022,220.0,0.005,7.865,10.45,842.0,96.75,10.9
AN-RSN2202,0.0785,8.65,8.625,0.0295,0.00078,86.0,0.12,7.82,11.55,502.5,98.35,10.75
SO-G0006980,0.074,0.54,0.535,0.014,0.00073,66.0,0.068,7.47,14.7,278.0,84.2,8.47
NW-RSN1904,0.067,0.72,0.706,0.013,0.0011,84.0,0.024,7.955,11.45,259.0,101.3,11.4
MD-RSN0999,0.015,2.1500000000000004,2.1500000000000004,0.002,8.5e-05,69.0,0.24,7.64,9.0,206.0,98.4,11.5
AN-01M14,0.039,10.0,9.975000000000001,0.0241,0.00062,230.0,0.138,7.98,10.1,806.0,91.3,10.0
SW-82312334,0.015,7.96,,0.0101,,60.0,0.03,7.76,11.600000000000001,378.5,96.0,
AN-NORG1,0.07,3.92,3.7649999999999997,0.024,0.0005,250.5,0.032,7.52,10.8,1049.0,76.5,8.79
SW-81020137,0.015,1.42,1.415,0.002,0.000115,29.5,0.0295,7.470000000000001,10.5,151.0,98.55,10.95
AN-SSN1284,0.009850000000000001,4.699999999999999,4.6850000000000005,0.00825,0.0002,300.0,0.0455,8.265,8.45,786.5,97.5,11.2
MD-RSN0234,0.065,9.6,9.56,0.048,0.00138,170.0,0.18,8.0,13.6,887.0,94.7,10.0
MD-RSN0935,0.0097,1.9,1.9,0.0036,9e-05,56.0,0.021,7.67,11.0,178.0,99.0,10.6
SO-E0000859,0.076,1.02,0.986,0.012,0.00063,81.0,0.149,7.55,10.8,389.0,80.4,8.91
NW-88004886,0.015,1.62,1.62,0.002,0.0002,42.0,0.012,7.7,5.6,202.0,100.1,12.6
SO-RSN0121,0.03,0.38,0.352,0.0079,0.0003,99.0,0.028,7.74,11.5,350.0,92.7,10.8
SO-E0000976,0.0282,1.685,1.67,0.006500000000000001,0.00018,32.0,0.0615,7.58,10.4,210.5,92.80000000000001,10.3
NW-RSN2232,0.004,0.0675,0.0665,0.0005,5e-05,50.0,0.0026,8.0,9.1,128.5,100.85,11.6
AN-WAV110,0.062,13.05,13.2,0.0498,0.00088,291.0,0.2555,7.875,11.6,1061.0,84.2,9.05
NW-88001976,0.0965,1.115,1.07,0.032799999999999996,0.001485,137.5,0.265,8.015,8.5,459.0,99.15,11.75
NW-88021261,0.015,2.6100000000000003,2.605,0.00587,0.000285,214.0,0.031,8.23,9.9,538.0,104.0,12.1
NW-88002698,0.125,6.85,6.68,0.092,0.00133,155.0,0.84,7.61,12.649999999999999,742.0,81.3,8.879999999999999
SW-50210411,0.015,5.96,5.94,0.015,0.00027,240.0,0.095,7.99,11.7,603.0,98.1,11.2
SW-RSN1187,0.012,1.15,1.15,0.0005,0.000145,110.0,0.018,7.9,11.15,272.0,97.35,10.75
AN-FYN050,0.088,8.08,8.01,0.0614,0.00153,287.0,0.44,8.04,11.8,981.0,81.9,8.83
MD-04790980,0.065,10.0,9.96,0.047,0.00117,163.0,0.173,7.94,12.0,822.0,95.0,10.2
NW-88003197,0.093,3.9050000000000002,3.88,0.0338,0.00061,168.0,0.077,7.595,11.0,730.0,88.85,11.1
SW-RSN1527,0.0026,0.56,0.559,0.0005,2.25e-05,28.0,0.0093,7.8,10.45,104.0,101.05,11.2
TH-PMLR0322,0.073,0.1,0.098,0.002,,9.0,0.055,,14.7,119.0,68.3,6.9
MD-40307040,0.015,9.5,9.49,0.0168,0.00029,320.0,0.367,8.03,10.149999999999999,2589.5,92.69999999999999,10.2
SO-G0004007,0.26,0.88,0.873,0.016,0.00127,98.0,0.046,7.25,10.6,488.0,83.2,9.29
MD-29172960,0.127,8.89,8.79,0.0613,0.00085,165.0,0.334,7.61,9.8,600.0,88.2,10.5
NE-49905192,0.015,0.41,,0.002,,38.0,0.01,7.800000000000001,10.5,178.9,79.5,
MD-SSN0028,0.11499999999999999,1.65,1.63,0.0205,0.00094,160.0,0.086,7.720000000000001,12.2,567.0,79.55,8.16
AN-26M51,0.057,2.085,1.995,0.0296,0.00106,224.0,0.17,8.07,10.6,925.0,83.55000000000001,9.18
AN-MD05,0.0625,16.0,15.8,0.0654,0.000595,150.0,0.72,7.66,12.3,1143.0,67.55,7.324999999999999
MD-RSN1738,0.027,3.55,3.535,0.0155,0.0003,180.0,0.16,7.82,10.05,559.0,92.1,10.8
MD-50014900,0.0405,4.5,4.48,0.021,0.00065,200.0,0.047,8.17,10.4,528.0,92.85,10.649999999999999
AN-TAS110,0.057,6.3,6.275,0.0345,0.00091,308.0,0.20450000000000002,8.07,9.1,894.0,94.4,11.25
TH-PCNR0055,0.015,4.8,4.78,0.012,0.000285,250.0,0.078,7.98,11.1,642.0,94.1,10.1
TH-PPSR0007,0.52,11.0,10.9,0.18,0.0051199999999999996,239.0,0.291,7.64,12.2,854.0,71.5,7.68
NE-41000035,0.015,1.7650000000000001,1.76,0.0051,0.0002,90.0,0.018,7.965,9.3,288.5,94.0,10.8
SW-81010825,0.015,3.24,3.24,0.0074,0.0002525,138.0,0.024,8.04,11.55,411.5,97.7,10.8
SW-73060181,0.015,2.35,2.34,0.0057,0.000205,33.0,0.046,7.75,10.5,151.0,98.0,10.9
AN-26M32,0.069,8.39,8.34,0.0582,0.00117,207.5,0.28,8.114999999999998,11.4,939.0,93.8,10.3
SO-RSN0201,0.054,1.8,1.77,0.021,0.00025,74.0,0.052,7.390000000000001,12.8,346.5,76.94999999999999,7.97
AN-02M15,0.037,2.5,2.49,0.012400000000000001,0.00058,179.0,0.0295,8.07,7.7,532.0,94.9,11.0
TH-PTAR0120,0.043,1.8,1.76,0.0172,0.000585,280.0,0.222,7.84,10.6,797.0,76.0,7.99
NW-88003520,0.015,0.67,0.665,0.00315,0.0003175,75.0,0.0285,8.120000000000001,9.95,219.0,101.55,11.45
MD-RSN2150,0.041499999999999995,5.8,5.785,0.018000000000000002,0.0006349999999999999,210.0,0.07200000000000001,8.06,10.75,948.0,93.69999999999999,10.65
NE-RSN0028,0.00515,0.0275,0.0265,0.0005,9e-05,155.0,0.0029,8.43,9.25,316.5,103.5,12.05
SO-E0001366,0.08,7.5,7.44,0.054,0.00078,256.0,0.16,7.72,12.9,742.0,82.0,9.14
MD-42206050,1.2,11.95,11.55,0.3465,0.00769,178.0,0.255,7.465,10.85,1595.0,56.1,6.0
AN-RSN0737,0.014499999999999999,8.7,8.684999999999999,0.015,0.0003,260.0,0.041,8.004999999999999,9.2,750.0,94.85,11.0
MD-RSN0870,0.11,7.2,7.13,0.064,0.001835,220.0,0.15,7.695,12.5,757.5,82.0,8.805
NW-88006329,0.0073,1.72,1.72,0.002,0.00010999999999999999,78.0,0.011,8.11,8.55,222.5,102.6,12.05
NW-88005880,0.179,4.4,4.365,0.0495,0.00108,136.0,0.1,7.555,9.2,430.0,85.4,10.0
SO-RSN2177,0.015,11.0,11.0,0.020999999999999998,0.000225,215.0,0.07,7.78,12.600000000000001,703.0,95.05,10.5
SW-70531310,0.049,2.9,2.9,0.006,0.00048,40.0,0.035,7.7,10.5,195.0,99.0,11.1
MD-63377790,0.015,2.5,2.5,0.01,,,0.16,7.74,11.1,,89.0,9.64
NW-RSN0540,0.0031999999999999997,0.215,0.214,0.0005,4e-05,41.0,0.00375,8.04,9.8,116.5,100.05000000000001,11.5
NE-49905153,0.033,2.8,2.79,0.017,0.000475,170.0,0.074,8.18,11.0,506.0,97.1,11.2
SW-73080442,0.015,2.4,2.4,0.002,0.000195,42.0,0.026,7.84,11.0,175.0,98.7,10.9
SW-50220110,0.015,5.98,5.96,0.011,0.00030000000000000003,213.0,0.071,8.12,11.3,549.0,100.35,10.9
SW-81610138,0.076,2.5700000000000003,2.52,0.018099999999999998,0.00034500000000000004,22.5,0.16649999999999998,7.45,11.600000000000001,273.0,99.65,10.8
MD-SSN1386,0.039999999999999994,1.0350000000000001,1.0190000000000001,0.0115,0.000585,95.0,0.055,7.84,10.7,294.5,96.0,10.8
SW-50340488,0.053,5.59,5.52,0.0333,0.00095,220.0,0.313,7.98,11.3,619.0,81.5,9.19
NW-88003147,0.147,5.83,5.78,0.049,0.00157,150.0,0.93,7.66,12.3,646.0,90.0,9.74
SO-E0001545,0.072,1.8,1.77,0.0192,0.000565,95.5,0.051,7.64,13.0,407.0,88.5,9.69
AN-CHEL040H,0.015,7.99,7.805,0.0115,0.00024,278.0,0.043,7.95,9.9,988.0,92.4,10.3
NW-88004481,0.032,2.0,1.99,0.0094,0.0003,180.0,0.043,7.66,10.3,448.0,91.4,10.4
MD-70260380,0.044,6.6,6.57,0.035,0.0006,210.0,0.17,7.87,10.6,891.0,86.8,9.45
AN-RSN0064,0.1075,8.95,8.905,0.082,0.0010999999999999998,225.0,0.225,7.695,11.0,724.0,85.94999999999999,9.405000000000001
NW-88004996,0.063,1.3599999999999999,1.35,0.00755,0.00034,42.0,0.027,7.46,12.95,238.5,99.1,11.1
NE-RSN0352,0.0044,0.55,0.547,0.0005,2e-05,13.0,0.0063,7.66,9.5,96.0,100.1,11.5
NW-88023207,0.023,0.1,0.098,0.002,0.000365,14.5,0.005,7.890000000000001,9.850000000000001,56.5,104.45,11.899999999999999
AN-THRNLEMR,0.037,7.7,7.69,0.022,0.000495,187.0,0.027,8.09,11.3,712.0,98.4,11.4
AN-44M03,0.059,9.5,9.39,0.0565,0.00108,280.0,0.12,7.99,11.2,912.0,85.6,9.34
NE-RSN0816,0.015,2.9,2.875,0.0215,0.0004975,195.0,0.016,8.114999999999998,12.05,637.0,97.5,10.75
NW-88002697,0.1,2.7,2.69,0.038,0.00082,159.0,0.066,7.655,11.149999999999999,699.0,89.6,9.92
MD-04766040,0.0805,8.45,8.375,0.04655,0.00139,190.0,0.2755,7.93,11.8,877.5,91.2,9.76
SO-F0017460,0.015,6.11,6.1,0.01,0.00041,274.0,0.091,8.09,14.0,709.0,93.4,9.73
NW-RSN0104,0.19,2.2,2.17,0.04,0.001505,175.0,0.255,7.65,11.9,693.0,77.8,8.715
TH-PTHR0012,0.094,16.0,15.9,0.041,0.00091,98.0,0.5,7.67,13.3,817.0,85.1,8.9
TH-RSN0626,0.015,8.7,8.69,0.0079,0.000255,220.0,0.005,8.16,10.6,580.0,98.4,11.0
MD-RSN0022,0.038,3.1,3.08,0.024,0.00068,180.0,0.19,7.9,11.8,554.0,88.1,9.49
TH-PTHR0120,0.015,6.975,6.949999999999999,0.02175,0.000505,217.5,0.177,8.1,12.4,667.0,94.8,10.0
MD-36741880,0.066,7.055,7.01,0.0474,0.00149,167.0,0.24,8.08,12.3,786.5,94.8,10.4
TH-RSN0373,0.035500000000000004,7.8999999999999995,7.875,0.0155,0.00043000000000000004,195.0,0.685,7.86,13.25,703.0,92.9,9.575
AN-04M08,0.0395,7.37,7.33,0.03515,0.000895,240.5,0.25,8.03,12.600000000000001,809.0,91.35,10.25
NW-88002485,0.095,12.85,12.85,0.0485,0.00114,90.0,0.724,7.720000000000001,12.35,608.5,91.0,9.844999999999999
MD-29499450,0.015,1.6,1.6,0.002,0.00018,49.0,0.029,7.85,8.2,154.0,95.8,10.9
MD-11828390,0.066,8.04,7.9,0.0268,0.00155,218.0,0.099,8.0,12.0,881.0,87.0,10.1
AN-30M24,0.015,13.0,13.0,0.03895,0.00038,235.5,0.28500000000000003,8.105,10.1,781.5,88.05,9.89
AN-ST1391,0.015,16.0,15.95,0.026,0.0003525,240.0,0.155,8.085,9.350000000000001,773.0,91.5,10.45
TH-RSN0329,0.015,0.89,0.886,0.002,8e-05,21.0,0.005,7.4,10.6,176.0,99.7,11.5
AN-04M11,0.015,7.68,7.66,0.0274,0.00026,200.0,0.113,8.11,8.0,738.0,101.0,11.5
AN-WAV00036,0.05,0.1,0.098,0.002,0.0003,340.0,0.035,7.31,15.3,906.0,51.2,5.12
MD-61371500,0.0605,11.9,11.8,0.05625,0.000985,255.0,0.165,8.0,11.25,811.0,90.4,9.809999999999999
SW-Z4170207,0.015,6.83,6.83,0.002,0.00027,243.0,0.038,8.17,10.4,630.0,99.6,11.2
SW-64200210,0.131,0.9299999999999999,0.914,0.0223,0.0017850000000000001,330.0,0.156,7.98,8.6,1046.0,83.5,9.32
AN-44M26,0.1485,11.1,11.0,0.06545000000000001,0.002095,296.0,0.45999999999999996,7.970000000000001,9.850000000000001,925.0,87.5,9.505
MD-10534250,0.015,5.6,5.59,0.0175,0.000345,200.0,0.66,8.045,7.6,764.5,88.85,10.6
AN-TAS020,0.063,1.6800000000000002,1.6349999999999998,0.0315,0.00084,320.0,0.0655,7.77,12.0,869.0,66.65,6.824999999999999
SW-70221275,0.015,1.39,1.39,0.002,0.000155,33.0,0.026,7.65,9.5,162.0,98.0,11.0
SO-Y0004518,0.41,0.1,0.193,0.0041,0.0071849999999999995,60.5,0.015,7.81,15.5,47926.0,103.1,10.5
NE-49000474,0.015,0.27,0.266,0.002,0.00022,72.0,0.005,8.14,11.25,303.0,104.05,11.3
MD-49690300,0.0545,4.2,4.165,0.021150000000000002,0.00105,160.0,0.111,8.02,11.9,571.5,95.6,10.7
TH-PTAR0017,0.041,9.005,8.905,0.065,0.00083,242.0,0.52,8.08,11.5,741.0,88.3,9.14
AN-BARRBECK,0.068,17.0,17.0,0.032,0.00034,240.0,0.03,7.46,11.0,1070.0,89.0,9.9
SO-E0007264,0.015,0.635,0.63,0.002,0.00027,98.0,0.019,7.83,11.95,317.5,95.5,10.3
SW-72923071,0.015,2.77,2.765,0.0059,0.00014,38.0,0.028999999999999998,7.6,10.0,190.5,96.65,11.1
MD-29994140,0.14,5.69,5.6850000000000005,0.0557,0.00084,220.5,0.259,7.68,11.0,665.0,81.6,8.725
SW-E2090600,0.015,1.4,1.4,0.006,0.00037,120.0,0.081,8.12,14.2,402.0,97.3,10.1
MD-37574590,0.015,9.625,9.59,0.021150000000000002,0.0002975,280.0,0.005,8.0,11.100000000000001,2478.0,98.1,10.05
AN-STOD1,0.0635,8.2,8.120000000000001,0.0531,0.0009350000000000001,215.0,0.0965,8.055,11.35,729.5,88.95,10.8
NW-88003491,0.12,3.6500000000000004,3.605,0.0336,0.00183,81.0,0.09,7.845,9.4,352.0,98.2,11.3
NW-88005566,0.0052,0.33,0.328,0.001,4e-05,21.0,0.0028,7.74,9.8,72.0,103.8,12.0
SW-50211405,0.059,7.2,7.14,0.0467,0.001,250.0,0.152,8.03,11.05,648.0,93.55,10.5
NW-SSN0182,0.0505,0.76,0.7415,0.0115,0.00084,165.0,0.14,8.055,11.15,349.0,99.19999999999999,11.05
SW-82110721,0.015,3.975,3.975,0.002,0.0001,39.0,0.010499999999999999,7.4,11.7,259.0,97.4,10.6
NW-RSN1892,0.026,1.1,1.09,0.01,0.0004,62.0,0.045,7.75,10.6,214.0,97.7,11.4
NE-49700156,0.0475,2.1,2.08,0.01455,0.0007750000000000001,127.0,0.056,8.08,9.9,380.0,97.6,10.8
MD-C0000105,0.015,5.115,5.095000000000001,0.0269,0.00033,202.0,0.21000000000000002,7.869999999999999,9.65,596.0,92.5,10.4
NW-88002849,0.29,3.31,3.81,0.14,0.00629,170.0,0.19,7.93,15.5,740.0,85.8,8.66
MD-37181400,0.14100000000000001,1.675,1.6400000000000001,0.03225,0.001225,174.0,0.0605,7.715,9.45,1629.5,81.5,8.98
MD-38689180,0.137,18.6,18.6,0.0917,0.00136,125.0,0.61,7.75,11.0,879.0,87.1,9.43
TH-PCNR0068,0.036,4.4,4.380000000000001,0.018,0.000495,216.5,0.112,7.824999999999999,12.25,834.0,96.25,10.25
MD-RSN1907,0.015,1.5,1.49,0.0073,0.00032,60.0,0.058,7.81,13.1,208.0,97.0,10.2
MD-36821020,0.27,2.04,2.03,0.0163,0.001475,220.0,0.005,7.64,10.100000000000001,1969.5,97.6,11.0
NW-88002314,0.046,1.23,1.21,0.0207,0.0009,107.0,0.107,8.19,8.8,483.0,98.2,11.2
NW-88002594,0.0605,0.1,0.1905,0.0043,0.00046,81.0,0.0415,7.535,11.05,333.5,77.1,8.715
MD-43994150,0.056999999999999995,5.91,5.895,0.02985,0.000925,195.5,0.0635,8.205,10.1,559.5,91.8,10.3
NE-49301804,0.05635,1.1549999999999998,1.145,0.009135,0.00039,28.0,0.007350000000000001,7.545,9.8,220.5,97.2,11.0
AN-BRAN1,0.058,9.12,9.01,0.0606,0.00095,220.0,0.21,7.99,10.5,977.5,90.2,10.4
AN-WELL095G,0.036,7.300000000000001,7.279999999999999,0.039,0.00053,190.0,0.6799999999999999,7.97,14.1,830.0,89.5,9.62
NE-49405127,0.015,0.33,0.326,0.002,0.00017,20.0,0.005,7.7,11.8,93.0,101.8,11.5
MD-12182180,0.0475,6.125,6.1,0.0403,0.00091,243.5,0.212,7.99,9.55,831.5,96.25,10.65
NW-88002629,0.107,2.3,2.26,0.0479,0.00159,150.0,0.2,8.01,9.7,723.0,97.1,11.0
NW-88002263,0.015,0.615,0.612,0.0045,0.00023,40.0,0.03,7.71,10.1,164.5,98.35,11.25
NW-SSN0022,0.22500000000000003,0.1,0.1935,0.0058,0.0012699999999999999,370.0,0.008,7.4,12.7,4887.5,82.85,8.645
AN-RSN0596,0.02,8.1,8.075,0.024,0.000335,200.0,0.14,8.17,9.45,665.0,94.6,10.850000000000001
NE-49301821,0.015,0.66,0.656,0.002,0.00016,25.5,0.0205,7.925,9.05,158.5,98.1,11.6
SW-RSN2243,0.014499999999999999,0.21,0.2075,0.0015999999999999999,3.5000000000000004e-05,23.0,0.013000000000000001,7.07,11.0,130.0,96.35,10.45
NW-88024112,0.323,0.47,0.466,0.002,7e-05,62.0,0.065,6.24,6.1,335.0,42.8,5.48
MD-61671530,0.06,2.3,2.27,0.039,0.00093,179.0,0.14,8.0,11.3,684.0,92.7,10.5
AN-YAR200,0.058,7.2,7.17,0.03,0.00094,263.0,0.11,7.89,11.9,836.0,84.8,8.9
MD-41515120,0.015,5.04,5.03,0.0182,0.000205,130.0,0.086,7.735,11.3,1767.0,85.6,9.845
SW-SSN0420,0.010100000000000001,2.25,2.25,0.0025,6.500000000000001e-05,29.5,0.0175,7.4,13.95,142.5,95.7,9.774999999999999
NW-88000794,0.813,6.86,6.76,0.102,0.00927,138.0,0.385,7.885,9.0,731.0,92.4,11.2
SO-F0002327,0.032,1.4,1.39,0.0086,0.000225,47.0,0.045,7.55,10.8,250.0,91.4,9.69
NW-88000736,0.0964,1.9449999999999998,1.915,0.02325,0.00099,64.5,0.02435,7.855,9.25,244.5,98.25,11.55
SW-73011002,0.015,5.245,5.210000000000001,0.00925,0.000285,68.0,0.0575,7.9,10.7,288.0,97.8,10.9
SW-Z1012002,0.0465,5.17,5.154999999999999,0.01975,0.0006850000000000001,176.0,0.035500000000000004,8.1,10.45,570.0,92.05000000000001,10.350000000000001
TH-PUTR0360,0.015,7.5,7.49,0.0078,0.00025,240.0,0.005,8.09,9.4,589.0,90.6,10.2
MD-60021300,0.053,12.4,12.4,0.02635,0.0007949999999999999,184.5,0.278,7.92,11.9,966.5,90.44999999999999,10.1
NE-49300552,0.016649999999999998,1.105,1.105,0.003265,8e-05,30.5,0.006,7.355,11.3,173.0,94.85,10.45
SW-Z1011103,0.0525,6.195,6.15,0.0421,0.001335,233.0,0.2245,8.155000000000001,12.0,653.0,95.4,10.010000000000002
MD-51703410,0.015,3.8,3.79,0.002,0.000295,210.0,0.02,8.32,9.4,544.0,101.4,11.5
SO-G0004232,0.024,2.625,2.64,0.0116,0.000465,130.0,0.06,7.79,12.2,486.0,90.3,9.625
NW-88003479,0.045,0.78,0.767,0.0087,0.00078,92.0,0.028,8.14,9.8,326.0,101.7,11.6
AN-RSN1184,0.14,2.0,1.92,0.0365,0.0032900000000000004,345.0,0.07100000000000001,7.945,13.5,1397.0,85.15,10.035
AN-RSN1149,0.015,12.0,11.99,0.016,0.0002475,270.0,0.0075,7.965,8.6,1000.5,100.55,11.8
AN-RUSB1,0.0325,14.9,14.9,0.0496,0.00052,260.0,0.23,8.12,10.850000000000001,1100.0,97.0,11.0
NW-88004369,0.007,0.815,0.8135,0.002,6.5e-05,50.0,0.016149999999999998,7.84,10.55,134.0,102.95,11.7
NE-49600035,0.097,3.7,3.63,0.028,0.00184,180.0,0.012,8.2,9.3,505.0,94.4,11.0
NW-88003167,0.049,3.25,3.22,0.017,0.00098,110.0,0.19,7.95,12.1,408.0,96.7,10.75
AN-CAIC1,0.035,5.395,4.58,0.025,0.000485,200.0,0.096,8.09,12.2,727.0,98.9,11.1
NW-88003422,0.015,0.615,0.611,0.002,0.00031499999999999996,130.0,0.013,8.405000000000001,8.65,276.5,98.85,11.4
SW-Z1430103,0.015,4.975,4.96,0.0103,0.00031,267.5,0.0495,8.085,10.55,666.0,92.5,10.4
NE-49200295,0.015,8.99,8.94,0.0141,0.000305,187.0,0.019,7.94,10.0,545.0,101.1,11.4
NW-RSN1088,0.125,4.45,4.405,0.045,0.00138,250.0,0.26,7.96,10.8,907.0,91.7,10.45
SW-82311805,0.015,4.85,4.84,0.0051,0.000225,39.5,0.0125,7.77,11.45,327.5,100.0,10.850000000000001
NE-49905044,0.015,0.1,0.098,0.002,0.00030250000000000003,47.0,0.005,7.975,11.2,123.0,101.19999999999999,10.7
AN-WEN102,0.031,6.7,6.67,0.031,0.000475,250.0,0.064,8.03,12.1,723.0,88.8,10.1
SW-81810130,0.106,3.54,3.525,0.016649999999999998,0.000395,25.5,0.0755,7.335,12.75,262.0,98.0,10.7
MD-RSN2318,0.015,6.0,5.98,0.025,0.000275,250.0,0.13,8.05,10.1,863.0,94.6,10.3
AN-STATROAD,0.075,0.4,0.3755,0.013649999999999999,0.0007899999999999999,150.0,0.022,7.78,11.7,717.5,84.5,9.175
SW-82513260,0.015,5.075,5.07,0.008199999999999999,0.00027499999999999996,57.0,0.0245,7.81,11.7,288.5,99.0,10.5
MD-13397040,0.043,5.72,5.69,0.0286,0.000555,280.0,0.23,8.07,10.4,1228.0,92.2,10.1
NW-88024196,0.12,1.11,1.11,0.0083,0.00088,172.0,0.012,7.77,6.2,791.0,92.7,11.5
SW-50220329,0.03,4.1,4.07,0.015,0.000395,199.0,0.18,8.16,11.1,503.0,96.75,10.5
AN-61M04,0.183,8.4,8.26,0.071,0.00189,195.0,0.041,7.8,9.8,734.0,83.1,9.44
TH-PTAR0032,0.032,5.595,5.55,0.02805,0.00042,267.5,0.245,7.88,11.350000000000001,743.5,80.05000000000001,8.774999999999999
SW-A0340303,0.034,3.38,3.36,0.0115,0.00056,258.0,0.117,8.28,11.0,635.0,96.4,10.8
TH-PMLE0389,0.235,0.1,0.098,0.002,,17.0,0.082,,16.6,207.3,41.9,4.09
SW-E4003500,0.373,6.18,6.03,0.107,0.00498,219.0,0.185,7.85,11.4,689.0,80.5,8.47
MD-38689260,0.0515,6.365,6.29,0.024399999999999998,0.0005449999999999999,159.5,0.059,7.8,9.9,841.0,89.5,9.905000000000001
AN-SKDR4,0.393,14.4,14.3,0.16,0.0189,644.0,0.368,8.195,20.2,2665.0,86.9,8.1
MD-50899450,0.0485,3.2199999999999998,3.27,0.0225,0.000825,97.0,0.28,8.03,10.4,402.5,97.9,11.05
SW-70581610,0.015,0.27,0.266,0.002,0.0001,8.0,0.0044,7.6,9.0,56.0,100.0,12.4
SO-G0003922,0.015,10.0,9.99,0.0089,0.00031,230.0,0.108,8.06,11.5,615.0,102.75,11.4
SW-70523514,0.0225,2.6950000000000003,2.685,0.024,0.0003925,180.0,0.1075,7.970000000000001,10.05,619.5,92.9,11.149999999999999
NW-88003172,0.075,0.985,0.931,0.013,0.00116,213.0,0.08549999999999999,8.1,10.8,829.0,98.6,11.1
MD-RSN0823,0.015,2.1500000000000004,2.1500000000000004,0.00335,0.0002075,30.0,0.027,7.895,10.15,145.5,100.4,11.5
AN-MOULTON1,3.6,0.55,0.507,0.064,0.0588,390.0,0.21,7.77,10.1,2483.0,74.9,8.77
SW-70920200,0.015,3.96,3.95,0.0060999999999999995,0.00021999999999999998,99.5,0.12,7.8,11.5,331.5,95.8,10.4
SW-SSN1340,0.015,2.25,2.245,0.0049499999999999995,0.00027249999999999996,280.0,0.031,7.925,12.85,804.0,91.4,9.809999999999999
TH-PTAR0103,0.0365,6.595000000000001,6.57,0.017349999999999997,0.00066,254.5,0.20900000000000002,8.0,9.8,766.0,81.30000000000001,9.27
SW-82710445,0.015,2.1,2.06,0.002,0.0001275,35.5,0.02,7.51,10.9,227.0,96.45,10.5
SW-81610134,0.07150000000000001,2.2,2.18,0.0185,0.000255,21.5,0.174,7.465,14.05,271.0,100.95,10.45
SW-RSN2117,0.015,2.6,2.59,0.0165,0.00034,245.0,0.10250000000000001,8.01,11.6,609.0,90.6,9.69
NW-88003540,0.09,1.45,1.43,0.029,0.00141,81.0,0.153,8.024999999999999,10.1,354.5,98.6,11.2
SW-72922205,0.015,3.11,3.1,0.0074,0.0001975,38.5,0.057,7.7,11.3,200.0,97.5,10.9
MD-26953660,0.092,9.3,9.24,0.053,0.00145,194.0,0.211,7.84,13.4,624.0,88.8,9.17
NW-88004959,0.0035,0.244,0.243,0.0005,3e-05,9.0,0.0013,7.54,9.1,52.0,101.8,11.7
SW-RSN1501,0.00845,3.1,3.1,0.00295,0.000155,230.0,0.013,8.28,10.6,566.0,97.45,10.75
AN-WOOT120R,0.045,3.48,3.15,0.027,0.0007,215.0,0.093,7.98,10.6,847.0,88.0,9.57
AN-DSGLOSTW,0.0915,4.8,4.755,0.04,0.001575,245.0,0.10650000000000001,8.07,10.75,710.5,94.6,10.35
SW-70810177,0.015,2.5,2.5,0.002,0.00014,51.0,0.037,7.61,12.4,192.0,98.5,10.5
NW-88002015,0.14200000000000002,3.2,3.17,0.055,0.0012000000000000001,65.0,0.2445,7.62,12.7,311.0,97.1,10.4
AN-RR03,0.034,7.7,7.67,0.029,0.0003,157.0,0.24,7.81,9.850000000000001,826.0,78.6,8.98
SW-81261132,0.015,1.47,1.47,0.002,0.00011,32.0,0.013,7.54,10.8,156.0,99.9,11.1
NE-49300532,0.13,2.7,2.65,0.0496,0.00166,175.0,0.053,7.795,10.350000000000001,1094.5,87.75,9.995000000000001
MD-46259100,0.071,6.93,6.86,0.053,0.00133,190.0,0.315,7.975,10.4,878.0,89.94999999999999,10.4
NE-49300677,0.05,4.915,4.890000000000001,0.0295,0.0005449999999999999,220.0,0.0775,7.890000000000001,9.7,1095.0,86.6,10.02
AN-08M09,0.033,7.4,7.37,0.0395,0.00058,198.5,0.191,8.035,11.2,799.0,90.6,9.87
SO-F0017527,0.137,2.46,2.43,0.0558,0.00258,111.0,0.081,7.81,10.2,413.0,93.1,10.3
MD-20062150,0.0375,4.745,,0.002,,53.5,0.1085,7.425000000000001,9.95,225.0,96.6,
NE-49105198,0.015,0.21,0.206,0.002,0.000265,83.0,0.005,8.42,8.5,204.0,103.15,11.7
AN-58M15,0.015,7.85,7.79,0.0267,0.000365,217.0,0.062,7.98,9.8,673.0,82.5,9.74
NW-RSN2080,0.0027,0.14,0.139,0.0005,1e-05,15.0,0.0013,7.47,4.3,52.0,104.0,13.2
SW-81201137,0.046,1.56,1.5499999999999998,0.00665,0.00056,54.0,0.036500000000000005,7.7,8.3,217.0,95.0,10.9
SW-60030188,0.131,4.98,4.904999999999999,0.0655,0.0024600000000000004,268.5,0.19,8.0,12.8,770.0,83.8,9.2
AN-RSN1852,0.015,9.25,9.2,0.0295,0.000415,210.0,0.16,8.03,12.6,925.0,84.9,8.98
MD-39369700,0.079,13.7,13.5,0.045,0.0008749999999999999,240.0,0.202,7.93,10.2,1215.0,85.15,9.39
SO-G0004225,0.015,0.345,0.34099999999999997,0.002,0.0002,30.0,0.0125,7.859999999999999,10.55,189.5,90.65,10.350000000000001
NW-88025830,0.015,0.1,,0.002,,2.5,0.005,5.7,10.4,27.0,101.4,
NW-88002144,0.5489999999999999,2.1,2.0,0.05,0.00595,60.0,0.25,7.595,6.15,337.0,93.1,
TH-RSN2261,0.015,4.5,4.49,0.0115,0.00026500000000000004,235.0,0.12,8.01,10.05,524.5,96.15,10.8
NE-49000487,0.015,0.1,0.098,0.002,0.000145,10.0,0.0051,7.64,10.1,91.0,99.1,11.1
SW-91210168,0.0335,1.8,1.795,0.007050000000000001,0.0001825,45.0,0.045,7.49,11.6,207.0,93.44999999999999,10.25
SW-SSN1508,0.015,3.4000000000000004,3.4000000000000004,0.00425,0.00015,150.0,0.005,7.615,13.600000000000001,508.0,96.5,9.81
MD-16479050,0.015,5.36,5.32,0.0248,0.000435,202.0,0.079,8.13,9.4,507.0,95.8,10.8
NW-88023948,0.015,1.14,1.14,0.0056,0.00028,86.0,0.028,8.03,8.0,253.0,102.7,11.8
TH-PKER0016,0.015,3.74,3.72,0.01145,0.0003475,143.0,0.155,8.0,11.649999999999999,441.5,86.85,9.425
SW-60130004,0.25,4.6,4.5,0.05,,303.0,,8.265,10.2,747.5,97.4,
SW-SSN0656,0.015,2.0,1.99,0.0056,0.000345,340.0,0.21,8.035,11.8,699.0,95.25,10.149999999999999
AN-GLEN370B,0.07,8.2,8.14,0.048,0.00108,250.0,0.072,8.22,8.9,842.0,95.4,11.3
NE-49301624,0.16,8.0,7.89,0.0805,0.0019299999999999999,110.5,0.752,7.69,11.350000000000001,773.0,89.6,10.1
MD-56447050,0.122,1.815,1.8,0.01695,0.00114,97.0,0.0825,7.7,8.0,323.5,95.0,10.899999999999999
MD-20357100,0.0107,1.15,1.15,0.00258,9e-05,43.0,0.02135,7.720000000000001,11.0,152.0,98.9,11.1
MD-47043180,0.015,1.5,1.495,0.005085,0.000255,139.0,0.031,8.12,10.399999999999999,457.0,96.7,10.7
NE-49700239,0.015,0.52,0.5395000000000001,0.002,0.000355,110.0,0.005,8.32,15.0,207.0,105.9,11.1
AN-GLEN780H,0.015,7.12,7.105,0.01765,0.00027749999999999997,210.0,0.005,8.175,10.1,677.0,89.8,10.0
TH-PTHR0015,0.015,7.8,7.79,0.014,0.00021,260.0,0.019,7.77,11.8,693.0,81.3,9.07
SW-70812124,0.015,6.6,6.59,0.012,0.00029,120.0,0.036,7.86,13.3,460.0,96.8,10.3
SW-60260025,0.475,2.6,2.5,0.0645,0.003645,320.0,0.22,7.76,11.75,760.5,67.8,7.37
NE-49100397,0.069,9.7,9.47,0.066,0.0013,211.0,0.15,7.94,9.100000000000001,808.0,94.69999999999999,11.1
MD-19234150,0.015,1.2,1.2,0.002,0.000295,40.5,0.036000000000000004,7.84,9.5,180.0,98.9,10.9
AN-RH04,0.075,17.0,16.95,0.0915,0.00126,130.0,4.6,7.85,13.5,1021.0,87.3,8.975000000000001
AN-CL0814,0.0335,3.8,3.77,0.022,0.000355,290.0,0.087,7.92,10.5,820.0,81.95,9.225
AN-RSN2249,0.215,4.45,4.41,0.038,0.00231,305.0,0.05,7.765,11.649999999999999,852.0,86.4,9.36
SW-82311369,0.015,5.4,5.4,0.002,0.0001,40.0,0.01,7.43,12.4,348.0,97.4,10.1
NE-49301545,0.197,7.66,7.6,0.0735,0.0016150000000000001,85.0,0.5469999999999999,7.58,10.350000000000001,634.0,88.6,9.92
SO-G0004024,0.015,4.23,4.215,0.0158,0.0004375,179.0,0.036,8.01,12.350000000000001,504.5,92.15,9.91
NW-88005618,0.0031,0.176,0.175,0.0005,1e-05,2.5,0.0005,7.26,9.7,31.0,98.7,11.7
AN-ALGORESW,2.2,0.1,0.098,0.002,0.00437,340.0,0.51,7.32,15.0,1186.0,20.6,2.26
SW-Z1010324,0.089,4.68,4.57,0.0577,0.0012000000000000001,260.5,0.247,7.865,10.75,896.5,74.80000000000001,7.775
NE-49100558,0.015,0.3555,0.346,0.002,0.00018,75.5,0.01,8.175,8.3,188.5,93.9,10.75
NE-RSN0956,0.0068,0.14500000000000002,0.14400000000000002,0.00135,1.7500000000000002e-05,20.5,0.00285,7.5649999999999995,11.95,134.0,100.19999999999999,10.649999999999999
NW-RSN0988,0.25,2.2,2.14,0.051,0.00291,180.0,0.37,7.92,11.05,474.0,88.8,9.66
SO-G0004228,0.0535,4.23,4.22,0.0192,0.0007700000000000001,125.0,0.08499999999999999,7.805,12.95,482.0,82.55,8.864999999999998
NW-88002167,0.0348,0.6699999999999999,0.6605000000000001,0.007405,0.000295,78.0,0.0155,7.66,10.0,309.0,98.19999999999999,11.45
SO-RSN0841,0.015,3.3,3.29,0.012,0.000155,93.0,0.058,7.61,10.2,358.0,94.3,10.7
SO-G0004084,0.015,8.504999999999999,8.49,0.0153,0.00027749999999999997,238.0,0.04,8.02,11.3,600.0,97.7,10.5
AN-WELL350T,0.08549999999999999,7.6,7.52,0.0525,0.0013,210.0,0.14,8.015,11.7,787.0,95.6,10.6
AN-THR080,0.015,0.9,0.89,0.0079,0.00052,178.0,0.005,7.85,12.8,4540.0,84.0,9.68
SW-82310411,0.015,4.895,4.89,0.002,0.0001,48.5,0.037,7.48,12.149999999999999,299.0,97.7,10.5
MD-RSN0754,0.015,7.4,7.37,0.014499999999999999,0.00024,200.0,0.10450000000000001,8.06,10.850000000000001,566.5,96.45,10.7
AN-46M09,0.064,20.0,19.95,0.08249999999999999,0.00027499999999999996,230.0,0.0875,7.37,10.55,972.5,61.95,6.605
SW-RSN0903,0.052,8.7,8.64,0.054,0.00119,180.0,0.2,7.84,16.8,625.0,93.0,8.73
SO-G0003793,0.015,7.2,7.18,0.012,0.000315,250.0,0.0385,8.13,11.3,603.0,97.8,10.6
MD-56092780,0.015,1.2,1.1949999999999998,0.002,0.00029,40.5,0.019,7.92,9.75,185.0,99.2,11.3
MD-45002170,0.039,7.779999999999999,7.715,0.04865,0.000245,285.5,0.0885,7.49,10.5,2793.0,73.0,7.93
MD-39371210,0.034,20.0,,0.057,,230.0,0.23,8.0,8.1,897.0,84.3,
AN-11M26,0.102,11.4,11.3,0.13,0.0011,125.0,1.8849999999999998,7.82,11.7,758.0,79.3,8.32
MD-RSN0778,0.0625,6.05,6.01,0.027,0.0009500000000000001,310.0,0.135,7.895,12.55,855.0,89.1,10.4
SW-73070167,0.015,1.08,1.08,0.002,0.00021,23.0,0.0103,7.93,10.2,107.0,98.0,11.0
MD-36756680,0.088,8.25,8.145,0.0699,0.00141,153.5,0.3195,7.869999999999999,11.2,787.0,86.25,9.425
AN-RISE220B,0.032,4.2,4.18,0.02,0.00046,230.0,0.084,7.9350000000000005,11.5,823.0,85.19999999999999,9.16
NE-49301818,0.06325,1.04,1.0350000000000001,0.00419,0.00047999999999999996,30.0,0.0165,7.55,9.65,171.0,94.15,10.649999999999999
MD-04772460,0.1,9.4,9.35,0.053,0.00159,180.0,0.23,7.96,11.8,868.0,96.6,10.2
NE-RSN1024,0.058499999999999996,3.0,2.99,0.0155,0.00026,230.0,0.0485,7.565,8.15,991.5,79.8,9.684999999999999
NE-49301903,0.159,5.92,5.8,0.0654,0.00143,150.0,0.741,7.67,9.9,660.0,85.7,9.86
SO-RSN2309,0.005549999999999999,0.056,0.05445,0.0005,1e-05,14.0,0.00285,7.15,11.55,113.0,95.85,10.5
NW-88019894,0.015,0.32,0.3135,0.002,9.750000000000001e-05,11.0,0.005,7.5,10.0,44.0,103.8,11.1
NW-88005076,0.015,0.36,0.357,0.002,3e-05,6.0,0.005,7.36,11.1,41.0,100.0,11.0
AN-46M01,0.05,7.85,7.8149999999999995,0.041999999999999996,0.00059,260.0,0.101,7.93,12.5,802.0,92.5,9.76
SW-50700109,0.015,5.0,4.985,0.0185,0.0004225,220.0,0.076,8.3,10.25,572.0,100.0,11.0
SW-81950640,0.056999999999999995,5.66,5.645,0.01015,0.000125,28.5,0.1815,7.01,12.6,286.0,94.25,10.149999999999999
SO-F0002566,0.036,3.2,3.165,0.019,0.00037,130.0,0.083,7.76,11.7,503.0,87.4,9.42
NW-88006483,0.0495,0.805,0.799,0.0066,0.00036,87.5,0.0295,7.83,8.15,264.0,96.4,11.75
MD-45223520,0.045,4.4,4.39,0.011,0.0009,270.0,0.045,8.12,9.4,,98.0,10.7
SW-50281314,0.015,0.15,0.146,0.002,8e-05,11.0,0.016,7.25,10.9,101.0,91.8,10.2
NW-88006241,0.0025,0.0635,0.0625,0.0005,2e-05,15.0,0.0005,7.8100000000000005,9.100000000000001,51.0,102.5,11.6
AN-52M06,0.091,4.2,3.96,0.0619,0.001025,230.0,0.1005,8.21,11.4,1332.0,89.8,10.0
MD-56590480,0.046,0.575,0.5605,0.007965,0.00048,65.5,0.0239,7.720000000000001,11.25,265.0,81.65,8.495000000000001
NW-RSN0152,0.14,1.6,1.58,0.038,0.00182,150.0,0.079,7.97,11.7,537.0,94.8,10.5
SW-82540170,0.02985,3.88,3.84,0.011,0.00023,48.5,0.0292,7.59,11.7,259.5,97.45,10.6
SW-RSN0653,0.011,9.149999999999999,9.125,0.014,0.000255,240.0,0.0305,7.9350000000000005,11.2,605.5,99.5,11.399999999999999
SW-Z1060105,0.015,2.04,2.03,0.0122,0.00047,293.0,0.109,8.22,10.8,841.0,98.6,10.7
NE-49600172,0.015,3.2,3.2,0.002,0.000265,160.0,0.005,8.15,10.2,437.0,96.8,10.8
NW-88003448,0.015,0.38,0.376,0.002,0.000365,92.0,0.013,8.05,9.7,221.0,99.9,10.8
NW-88020376,0.015,2.41,2.4,0.009,0.000355,140.0,0.039,8.004999999999999,10.5,370.0,100.4,11.3
SW-70620154,0.015,1.6,1.6,0.0061,0.000195,29.0,0.048,7.6,10.3,141.0,95.0,10.6
SO-E0007259,0.04,2.9,2.88,0.019200000000000002,0.0003175,55.5,0.18,7.574999999999999,13.1,280.0,91.85,9.8
AN-RSN1938,0.47,4.7,4.5,0.11,0.00609,290.0,0.23,7.98,8.4,845.0,82.7,8.45
AN-LYDB060L,0.034,4.05,4.01,0.0216,0.00057,200.0,0.4435,8.0,10.9,821.5,83.94999999999999,9.025
SW-SSN0704,0.0028,1.3,1.3,0.0005,5e-06,24.5,0.0225,7.375,10.5,98.0,99.05000000000001,11.1
SO-F0017548,0.015,0.1,0.098,0.002,2e-05,47.0,0.024,6.88,12.4,246.0,82.3,8.79
SW-91211368,0.04,0.9,0.89,0.004399999999999999,0.0001475,40.0,0.0665,7.34,9.2,184.0,94.1,10.65
NW-RSN0744,0.015,6.050000000000001,6.19,0.012,0.00036,170.0,0.095,7.984999999999999,11.45,474.0,98.3,11.1
NE-RSN1660,0.13,2.6,2.53,0.053,0.0028,220.0,0.046,8.14,8.9,952.0,93.5,10.4
SO-E0001583,0.045,2.6,2.54,0.017,0.00022,70.0,0.04,7.42,14.2,432.0,90.3,9.63
TH-PRGR0028,0.015,4.8,4.795,0.0152,0.00028,280.0,0.085,8.02,10.6,841.0,88.05000000000001,9.67
MD-57403450,0.015,2.1,2.1,0.002,0.00011,169.0,0.025,7.56,9.8,442.0,89.1,10.4
SW-70810633,0.015,7.71,7.7,0.0087,0.000225,114.0,0.17,7.8,12.0,393.0,93.0,9.99
MD-06701220,0.015,7.4,7.39,0.021,0.00041,250.0,0.28,8.01,9.5,1842.0,91.65,10.4
SW-Z1510101,0.015,3.5599999999999996,3.545,0.00925,0.000285,271.0,0.032,8.015,10.100000000000001,670.0,89.65,9.895
TH-PBVR0004,0.1075,22.0,22.0,0.0385,0.000605,123.5,0.2985,7.31,16.6,1231.0,74.15,7.145
SO-E0000686,0.024,1.2,1.2,0.0062,0.00018,61.0,0.014,7.51,11.6,271.0,88.7,9.81
NE-49300319,0.21,3.75,3.72,0.076,0.00264,201.0,0.055,7.615,10.8,1095.0,81.5,8.64
MD-22409248,0.25,13.9,13.8,0.0462,,295.0,0.103,8.11,8.9,1468.0,96.5,
MD-39838020,0.035500000000000004,7.46,7.42,0.04055,0.000485,245.0,0.085,8.024999999999999,10.8,1259.0,90.7,10.3
MD-57202050,0.015,3.6,3.53,0.0114,0.00044,229.0,0.088,8.11,9.6,590.0,95.0,10.7
MD-00770750,0.015,3.2,3.1799999999999997,0.015,0.00040249999999999997,142.5,0.21250000000000002,8.125,10.25,502.0,99.35,11.1
SW-C0235000,0.015,4.0,3.97,0.013,0.000405,198.0,0.14,8.04,10.3,516.0,91.6,10.55
MD-33322590,0.15,2.01,1.98,0.019,0.000945,75.0,0.183,7.69,10.75,284.5,90.4,9.969999999999999
NE-49500699,0.25,2.635,2.5599999999999996,0.0565,0.00367,193.0,0.0485,7.94,9.9,970.0,88.35,10.2
MD-25491500,0.248,8.8,8.59,0.0986,0.00302,191.0,0.117,7.8,10.2,621.0,88.8,10.3
SW-81291204,0.015,1.4,1.395,0.005849999999999999,0.0001225,42.0,0.024,7.48,11.399999999999999,209.5,94.1,10.4
NW-RSN2095,0.015,2.4,2.39,0.01,0.00036,180.0,0.018,8.25,13.2,420.0,99.7,12.3
NE-49000127,0.015,0.37,0.366,0.002,,,0.005,7.415,9.9,,98.4,11.55
NW-88005561,0.015,0.291,0.288,0.002,0.00012,16.0,0.0078,7.61,9.3,74.1,100.9,11.9
MD-13464320,0.015,4.25,4.24,0.01335,0.0003325,318.0,0.1425,8.07,11.0,921.0,93.4,9.875
SW-73030120,0.015,1.7149999999999999,1.6949999999999998,0.005605000000000001,0.0002075,41.0,0.05,7.72,10.2,245.5,96.55000000000001,11.0
NE-49905176,0.015,0.45499999999999996,,0.002,,72.5,0.005,8.15,6.8,162.0,102.6,
NW-RSN2215,0.00475,0.2,0.1985,0.0017,7.000000000000001e-05,130.0,0.00775,8.235,7.15,353.0,102.3,12.25
NW-88000660,0.066,6.0,5.99,0.0419,0.00094,236.0,0.358,8.0,9.6,838.0,85.1,9.67
SW-81252104,0.015,3.14,3.14,0.0041,0.000115,53.0,0.012,7.57,8.8,254.0,96.0,11.2
NW-88010518,0.465,0.94,0.84,0.05,0.00265,52.0,0.073,7.6,6.6,240.0,102.0,
SW-Z1012601,0.1,6.5,6.4,0.036,0.00205,240.0,0.08,7.97,11.6,649.0,93.9,9.92
MD-53771095,0.0515,5.9,5.85,0.043,0.0011350000000000002,229.0,0.542,8.065000000000001,11.3,1012.5,90.0,9.690000000000001
AN-WEN0155,0.0375,11.350000000000001,11.4,0.0309,0.00039000000000000005,239.0,0.1945,7.74,10.7,737.0,85.5,9.23
NW-88005150,0.005,0.355,0.354,0.0011,4e-05,20.0,0.0018,7.7,11.9,78.0,101.2,11.0
SW-82210105,0.035,10.4,10.4,0.017,0.00019,32.0,0.05,7.52,11.8,408.0,100.0,10.8
SO-RSN0905,0.015,0.65,0.646,0.002,0.000125,53.0,0.015,7.58,11.7,251.0,95.0,10.4
AN-ANDEBYDR,0.061,2.5,2.49,0.026,0.00084,233.0,0.052,8.18,11.3,1092.0,99.7,11.6
SO-E0000768,0.058,17.5,17.3,0.049,0.00067,75.0,0.524,7.695,12.05,736.5,88.1,9.370000000000001
NW-88006465,0.015,0.1,0.098,0.002,0.00014,75.0,0.005,7.87,6.5,211.0,100.3,12.1
NW-88006452,0.00585,0.8185,0.8155,0.001895,9e-05,210.0,0.00915,8.39,9.5,411.0,107.4,12.1
NW-88000876,0.4925,5.84,5.67,0.108,0.00658,160.0,0.194,7.845,10.45,3516.5,88.80000000000001,10.1
NE-49500491,1.12,6.09,5.875,0.27549999999999997,0.0123,,0.0865,7.86,9.8,1041.0,87.9,10.1
SW-A3240102,0.015,5.4,5.38,0.014,0.0003575,280.0,0.10350000000000001,8.31,11.1,650.0,99.5,10.8
MD-SSN0481,0.015,3.8,3.79,0.012,0.000345,260.0,0.099,7.91,13.8,951.0,86.8,8.86
SO-RSN1997,0.015,0.1,0.191,0.0061,0.00031,430.0,0.14,7.99,11.8,1475.0,84.5,9.65
NW-SSN0086,0.049,0.49,0.4865,0.0033,0.000305,,0.0275,7.32,11.4,76.0,98.2,10.8
NW-88006392,0.0085,0.55,0.549,0.0014,0.00018,100.0,0.011,8.0,8.5,236.0,101.5,11.4
AN-37M31,0.015,12.0,12.0,0.0098,0.000185,240.0,0.018,7.76,10.95,682.0,91.6,10.0
MD-56082180,0.015,3.13,3.12,0.011,0.00038500000000000003,98.5,0.091,7.890000000000001,12.0,411.0,97.0,10.6
MD-59636820,0.081,1.1,1.08,0.02,0.00059,100.0,0.005,7.6,10.1,993.0,83.0,9.15
SW-50230111,0.015,6.085,6.074999999999999,0.0114,0.0003225,217.0,0.057,8.145,12.3,558.5,101.05,10.75
MD-SSN1327,0.056999999999999995,7.5,7.4399999999999995,0.037000000000000005,0.0004975,195.0,0.135,7.6850000000000005,10.7,567.0,88.3,9.635
AN-NORTHBK,0.0345,10.2,10.184999999999999,0.027,0.000435,179.0,0.0905,8.03,8.25,614.5,90.1,10.5
NW-88024652,0.015,0.18,0.226,0.002,0.00022,50.0,0.014,8.01,7.5,140.5,99.44999999999999,12.15
MD-48189390,0.052,3.4,3.38,0.028,0.00104,201.0,0.15,7.91,11.05,780.0,90.5,10.1
SO-E0007103,0.678,1.455,1.435,0.023399999999999997,0.003775,82.5,0.7355,7.665,9.95,349.5,90.80000000000001,10.1
SW-70721011,0.015,5.05,5.03,0.0133,0.000325,223.0,0.132,8.0,10.0,539.0,93.7,10.2
NW-RSN1216,0.0795,3.05,2.995,0.0335,0.000815,165.0,0.0835,7.63,11.1,497.5,94.0,10.3
SW-82311912,0.015,4.1,4.09,0.0056500000000000005,0.00017,48.5,0.027,7.585,12.0,320.0,97.5,10.4
MD-29998810,0.0465,4.94,4.915,0.025,0.000515,229.0,0.1045,7.74,9.5,601.5,86.0,9.63
MD-38263020,0.083,5.42,5.345000000000001,0.039,0.00086,230.0,0.5945,7.78,10.3,1267.0,80.0,9.28
SW-70723712,0.015,0.67,0.666,0.002,0.00014,13.0,0.0131,7.3,11.5,84.0,99.0,11.0
SO-F0017457,0.084,3.63,3.62,0.0123,0.00046,76.0,0.18,7.53,8.1,246.0,98.2,11.6
MD-11562960,0.163,6.85,6.79,0.0553,0.0019,191.0,0.317,8.0,11.1,741.5,84.95,9.59
SW-81223343,0.033,3.29,3.3,0.00625,0.0001675,27.0,0.0495,7.525,11.6,174.0,98.85,10.649999999999999
MD-RSN0462,0.015,4.7,4.7,0.0086,0.00019,150.0,0.082,7.97,5.2,678.0,93.9,11.1
AN-CHAT160C,0.015,6.7,6.69,0.014,0.0003,190.0,0.087,8.055,10.850000000000001,749.0,95.2,10.55
MD-44508180,0.08449999999999999,6.765000000000001,6.734999999999999,0.0377,0.00159,256.5,0.039,8.125,10.95,905.5,97.1,11.0
NW-88004448,0.1295,2.0949999999999998,2.0700000000000003,0.01805,0.000505,237.0,0.103,7.4,9.75,1249.5,62.8,7.285
SO-E0001292,0.0565,13.0,12.9,0.0415,0.0007750000000000001,172.0,0.135,7.855,11.8,714.0,84.5,9.14
NW-88003417,0.015,0.46,0.461,0.002,0.0002375,41.5,0.024,7.86,9.95,136.0,99.8,11.8
TH-PCNR0075,0.0525,3.2,3.175,0.025500000000000002,0.000815,190.0,0.19,7.93,11.75,756.0,87.15,9.335
SW-50320118,0.083,4.05,3.98,0.0402,0.001365,240.0,0.46,7.845000000000001,10.7,639.0,73.7,8.18
NW-88002012,0.124,1.3,1.27,0.0271,0.0022649999999999997,140.0,0.1,8.05,9.7,426.0,98.7,10.9
MD-51025190,0.35,2.01,1.58,0.036,0.00372,200.0,0.26,7.87,10.0,,90.1,10.1
NE-RSN0016,0.008,0.44,0.438,0.0016,5e-05,9.0,0.0089,7.5,9.1,122.0,98.8,11.1
NW-88003486,0.0162,1.005,0.997,0.004325,0.0003225,72.0,0.0385,8.03,8.1,211.0,101.2,12.0
AN-HOLTCUMB,0.015,9.04,9.025,0.0172,0.00031749999999999997,231.0,0.042,8.13,8.9,718.0,96.55,11.55
TH-RSN1973,0.101,12.85,12.835,0.05,0.0007199999999999999,95.5,1.9,7.64,11.2,627.5,86.44999999999999,9.594999999999999
NE-SSN0165,0.015,3.35,3.35,0.006200000000000001,0.00024249999999999999,104.5,0.0175,7.885,10.6,416.0,96.35,10.55
MD-37819100,0.0285,9.21,9.15,0.025,0.0004475,246.0,0.108,8.030000000000001,12.2,852.0,101.05000000000001,11.25
SW-91231102,0.015,1.69,1.685,0.00405,0.000115,34.5,0.012,7.529999999999999,11.1,193.0,98.0,10.95
NW-88005808,0.04,2.39,2.38,0.016,0.00061,170.0,0.079,8.1,10.0,440.0,99.6,11.4
NW-88003102,0.0925,3.0,2.955,0.02885,0.000915,118.5,0.114,7.71,10.6,515.0,96.4,10.8
NE-49705099,0.035350000000000006,0.785,0.754,0.009075,0.000285,47.5,0.01335,7.779999999999999,8.85,190.0,95.35,11.32
SO-E0000157,0.0615,4.1,4.06,0.042,0.00106,190.5,0.292,8.09,11.850000000000001,768.0,93.7,9.9
TH-PCNR0063,0.055,0.63,0.608,0.015,0.00088,161.0,0.075,7.95,12.2,663.0,76.2,7.39
AN-RSN1585,0.0755,3.5,3.45,0.0485,0.0014,270.0,0.101,8.01,12.9,2251.0,94.5,10.7
AN-WITHN,0.015,12.0,12.0,0.0155,0.0003075,210.0,0.0715,8.07,11.4,784.0,96.4,10.850000000000001
MD-RSN1626,0.03,4.5,4.49,0.015,0.00043,120.0,0.16,7.99,10.1,450.0,92.4,10.1
MD-29499230,0.065,1.7,1.69,0.0063,0.00077,42.0,0.04,7.64,8.4,178.0,94.4,10.3
NW-88022815,0.015,0.1,,0.002,,47.0,0.005,7.92,9.2,211.9,94.1,10.66
NE-49400563,0.046,1.255,1.245,0.00805,0.0006000000000000001,162.0,0.023,8.05,10.55,435.5,99.6,11.149999999999999
SO-RSN0589,0.0185,1.5,1.49,0.0093,0.0001675,68.0,0.093,7.6899999999999995,10.649999999999999,264.5,88.80000000000001,10.045
SW-81020847,0.015,0.47,0.466,0.002,3.7500000000000003e-05,9.0,0.005,6.895,10.9,110.0,100.0,10.9
NE-49600467,0.015,4.88,4.865,0.01605,0.00011750000000000001,139.0,0.005,7.609999999999999,9.75,492.5,90.8,10.25
NW-88004977,0.015,0.58,0.576,0.002,7.5e-05,33.0,0.012,7.38,9.1,128.0,85.9,10.3
SW-82112131,0.0065,3.81,3.81,0.002,4e-05,19.0,0.02,7.24,13.2,231.0,98.4,10.2
AN-23M12,0.015,18.7,18.7,0.0241,0.00022,211.0,0.056,8.02,7.78,904.0,86.3,10.3
NW-88025751,0.47,1.4,1.37,0.03,0.00055,160.0,0.14,7.0649999999999995,5.800000000000001,477.5,59.0,7.38
MD-39415050,0.015,12.0,11.5,0.0148,0.00051,210.0,0.3145,8.28,11.2,1302.5,95.1,10.5
MD-23416780,0.06,8.7,8.66,0.037,0.00064,140.0,0.27,7.88,10.1,610.0,89.9,9.85
SO-G0003762,0.0225,0.59,0.584,0.005,0.00022,88.0,0.0605,7.56,12.5,329.0,88.8,8.9
AN-RSN0654,0.015,11.0,11.0,0.013,0.00024,89.0,0.027,8.08,8.2,506.0,95.2,10.9
SO-E0007236,0.212,1.57,1.56,0.0122,0.00241,37.0,0.0851,7.85,8.2,212.0,91.1,10.7
NW-88000623,0.17,3.215,3.1799999999999997,0.0613,0.0025250000000000003,130.0,0.497,7.91,10.8,535.5,87.69999999999999,9.3
AN-WITH7,0.081,9.33,9.27,0.041999999999999996,0.001365,220.0,0.1755,8.155000000000001,10.95,881.0,96.8,10.9
NE-49905159,0.015,0.1,0.098,0.002,0.0002525,32.5,0.005,7.92,9.4,79.0,102.1,11.4
AN-14M01,0.034,10.2,10.2,0.0253,0.00028,241.0,0.022,7.655,11.1,720.0,89.6,9.715
TH-PTAR0007,0.063,8.135,8.28,0.043399999999999994,0.00082,230.0,0.431,7.8,9.9,976.0,70.5,8.06
NW-88024242,0.109,0.8,0.796,0.002,,63.0,0.04,7.87,9.8,203.0,105.2,
NW-88023779,0.486,10.5,10.4,0.1,0.0034,129.0,0.241,7.49,10.9,725.0,70.1,7.54
NW-88001898,0.015,1.4,1.4,0.0081,0.000295,44.0,0.032,7.78,10.4,195.0,100.6,11.3
AN-EASEDRN,0.115,3.8,3.59,0.041,0.001315,245.0,0.325,8.01,11.05,1039.5,90.15,10.6
NE-RSN1096,0.017,2.7,2.69,0.0064,0.00029,150.0,0.013,8.18,6.4,493.0,98.3,12.1
NE-49905188,0.015,0.35,,0.002,,37.0,0.0075,7.365,5.8,118.0,88.8,
SO-Y0004316,0.056,2.535,2.5199999999999996,0.0162,0.00068,98.0,0.0085,7.8,13.2,563.0,94.0,9.98
SW-81522725,0.015,1.1,1.1,0.002,2e-05,8.0,0.005,6.765,12.0,89.0,99.3,10.8
MD-22241840,0.047,7.2,7.175,0.0285,0.000755,225.0,0.2775,8.0,10.6,2001.0,93.45,10.55
SW-91251730,0.015,2.0,2.0,0.002,4.5e-05,18.0,0.005,7.04,11.9,125.0,98.2,10.5
SW-A4070401,0.015,4.94,4.94,0.004,0.00014,298.0,0.057,7.69,10.7,650.0,89.5,9.85
SW-A4070402,0.015,6.52,6.52,0.002,0.00029,297.0,0.061,8.225000000000001,11.0,655.0,99.0,10.8
MD-46389020,0.05,4.3,4.26,0.026,0.00095,219.0,0.101,8.085,9.649999999999999,961.0,94.15,10.75
AN-RSN0898,0.038,7.4,7.37,0.028,0.00092,220.0,0.46,8.06,12.0,916.0,88.1,9.21
TH-SSN0203,0.015,1.65,1.6400000000000001,0.0093,0.000155,86.0,0.0525,7.735,11.0,367.5,95.0,10.6
SW-81201370,0.3535,0.915,0.888,0.026799999999999997,0.00115,60.0,0.07150000000000001,7.2,11.2,257.5,89.75,9.925
MD-H0000032,0.041999999999999996,6.49,6.46,0.027,0.00058,215.0,0.0975,7.845,6.95,590.0,89.5,10.6
NW-88003495,0.052,2.16,2.14,0.0224,0.00077,88.0,0.069,7.91,9.8,331.0,100.0,11.2
NE-RSN1036,0.015,6.300000000000001,6.29,0.01,0.00024249999999999999,165.0,0.135,8.004999999999999,11.9,728.5,92.30000000000001,9.934999999999999
NE-49600134,0.037500000000000006,4.32,4.3,0.02325,0.000615,175.0,0.0505,8.01,12.0,554.5,90.7,9.725
NW-88025750,0.445,1.65,1.58,0.072,0.00062,180.0,0.21000000000000002,6.99,6.1,537.4,45.9,5.695
MD-07429100,0.042,3.5,3.48,0.017,0.0008,174.0,0.01,8.21,10.9,513.0,98.4,10.9
NW-88006318,0.015,0.1,0.098,0.002,0.00011,70.0,0.01,7.76,7.6,182.0,99.8,12.9
SW-70533913,0.034,2.5,2.49,0.01,0.00039,66.0,0.05,7.67,10.9,221.5,98.3,11.1
SW-81251548,0.015,4.6,4.59,0.011,0.00014,37.0,0.045,7.5,11.8,197.0,99.2,10.8
SW-82410610,0.15,5.2,5.234999999999999,0.0253,0.00059,44.0,0.013,7.48,11.6,308.0,97.5,10.350000000000001
MD-00260130,0.015,0.535,0.531,0.002,0.00026,123.5,0.005,7.970000000000001,10.6,450.5,96.8,11.05
AN-RSN1552,0.055,4.550000000000001,4.535,0.033,0.0006249999999999999,260.0,0.057,8.09,11.399999999999999,743.5,90.44999999999999,10.9
SW-Z2030312,0.054,1.685,1.67,0.011099999999999999,0.00082,256.5,0.122,8.05,9.05,978.5,91.15,10.6
MD-RSN1920,0.0235,4.6,4.59,0.011,0.000395,250.0,0.039,8.1,10.2,597.5,97.4,11.05
SO-G0003848,0.057,4.5,4.48,0.025,0.00079,210.0,0.053,7.890000000000001,11.7,522.0,85.9,9.52
SO-RSN0105,0.0125,12.0,12.0,0.013,7e-05,230.0,0.022,7.535,11.95,647.0,85.0,9.3
SO-E0000544,0.0555,3.3,3.275,0.0235,0.00056,130.0,0.11,7.69,12.35,557.0,87.25,9.48
SO-RSN1057,0.035,0.33999999999999997,0.33599999999999997,0.002,0.000205,76.5,0.054,7.535,10.100000000000001,346.5,90.05000000000001,10.4
AN-RSN0832,0.155,9.9,9.809999999999999,0.11,0.0016099999999999999,235.0,0.185,7.85,10.95,756.5,90.44999999999999,10.149999999999999
TH-PTHR0004,0.0385,8.155000000000001,8.115,0.04825,0.00042,226.0,0.218,7.865,9.899999999999999,847.5,78.94999999999999,8.48
TH-PTHR0088,0.047,7.0,6.975,0.023,0.00104,219.0,0.146,8.1,14.5,664.0,96.8,9.68
SW-RSN1909,0.026,3.5,3.49,0.016,0.00024,190.0,0.05,7.71,11.8,574.0,82.6,9.06
NW-88006232,0.015,0.1,0.098,0.002,4e-05,32.0,0.005,7.95,8.850000000000001,91.0,100.2,11.3
SW-82010130,0.0755,5.385,5.37,0.0139,0.00023,16.0,0.026,7.09,12.0,222.0,97.5,10.4
NW-88002354,0.138,1.97,1.9249999999999998,0.041800000000000004,0.00204,158.0,0.041,8.01,9.95,503.0,96.45,10.9
SW-E1005520,0.106,5.37,5.33,0.0589,0.00151,160.0,0.269,7.89,11.6,436.0,92.9,9.83
NW-RSN2211,0.01005,0.935,0.9325000000000001,0.002,6.5e-05,31.0,0.016,7.455,9.7,130.5,99.4,11.5
MD-36782880,0.10550000000000001,10.33,10.219999999999999,0.06295,0.00119,161.5,0.2835,7.859999999999999,11.7,873.5,87.3,9.625
NE-49400347,0.051000000000000004,7.824999999999999,7.779999999999999,0.03125,0.000595,176.0,0.053,7.855,9.7,1142.0,95.6,10.95
TH-PCHR0148,0.015,9.4,9.355,0.0212,0.00078,270.0,0.1635,7.87,8.7,702.0,91.9,9.86
AN-BAIN5,0.015,9.75,9.72,0.0278,0.00034500000000000004,233.0,0.046,8.065000000000001,9.75,698.5,95.3,11.149999999999999
TH-RSN0706,0.14,2.8,2.72,0.064,0.00222,240.0,0.25,7.82,15.0,870.0,64.9,6.52
SW-RSN0211,0.00465,4.6,4.595,0.00185,3e-05,39.0,0.013,7.6,12.2,217.0,98.9,10.6
SO-RSN1177,0.0255,0.7949999999999999,0.764,0.018500000000000003,0.00017,120.0,0.10500000000000001,7.5,10.5,431.0,75.95,8.030000000000001
NW-88002500,0.13,11.0,10.91,0.057999999999999996,0.000575,96.0,0.15000000000000002,7.34,12.05,697.5,78.15,8.55
MD-23647020,0.069,10.5,10.45,0.042,0.0013,169.0,0.47,8.0,12.0,691.0,95.2,10.2
AN-RSN1912,0.015,9.3,9.29,0.017,0.0003525,200.0,0.08299999999999999,7.91,10.45,654.5,96.15,11.15
AN-RISE150B,0.015,5.305,5.29,0.01585,0.0002225,230.0,0.08,7.85,11.8,810.0,91.3,10.0
AN-RSN0325,0.037,10.0,9.975000000000001,0.0335,0.00075,270.0,0.0685,8.0,12.8,839.5,92.2,9.844999999999999
TH-PRGR0119,0.1495,3.3,3.23,0.06875,0.00238,230.0,0.32,8.01,11.9,988.0,91.5,9.77
AN-ST13,0.05,13.45,13.350000000000001,0.0691,0.00081,270.0,0.555,7.765,13.3,1450.0,84.7,8.83
SW-50220170,0.015,6.3,6.175,0.013,0.0002975,210.0,0.087,8.105,10.5,542.0,98.2,11.05
NW-88003961,0.015,0.375,0.371,0.002,0.00025,75.0,0.005,8.19,8.5,217.0,107.3,12.6
AN-SEGMOR,0.015,16.5,16.0,0.028,0.000265,260.0,0.24,8.12,9.3,994.0,99.6,11.9
NW-88003106,0.138,1.1,1.06,0.0182,0.00102,94.0,0.093,7.62,10.9,401.0,92.2,10.3
MD-SSN0168,0.05,0.1,0.098,0.002,0.00031,190.0,0.54,7.39,13.3,420.0,63.7,6.35
SW-70812130,0.015,5.5,5.49,0.0063,0.00034,130.0,0.031,7.97,13.2,430.0,99.4,10.5
NW-RSN0236,0.0019,0.235,0.23399999999999999,0.0005,7.500000000000001e-06,19.0,0.0018,7.529999999999999,6.9,106.0,101.3,12.35
SW-81930903,0.053,3.94,3.89,0.031,0.00016,18.0,0.1305,7.07,11.8,238.0,96.9,10.5
NW-88020453,0.96,2.1,1.86,0.12,0.00517,230.0,0.27,7.48,12.2,656.5,60.2,6.265000000000001
NW-88004566,0.015,0.41000000000000003,0.406,0.002,3.9999999999999996e-05,24.0,0.005,7.27,9.9,94.0,99.35,11.5
NW-88000598,0.26,6.05,5.99,0.08325,0.00181,180.0,0.24,7.62,10.9,520.0,76.6,8.72
MD-08102060,0.046,3.7,3.64,0.022,0.00088,242.0,0.26,8.14,11.35,1203.0,92.0,9.89
AN-41M16,0.06,8.81,8.77,0.047,0.00078,310.0,1.045,7.86,10.5,1053.0,84.0,9.83
NW-RSN1111,0.0028,0.039,0.038,0.0005,1.9999999999999998e-05,42.5,0.01,7.65,8.05,100.0,100.55,11.7
NW-88022354,0.077,1.15,1.125,0.024550000000000002,0.000985,170.0,0.1195,7.725,11.8,665.5,86.44999999999999,9.4
SW-81950570,0.187,1.91,1.91,0.0052,1e-05,10.0,0.015,5.63,12.3,316.0,62.7,6.73
TH-SSN0207,0.02,3.5,3.49,0.0036,0.00023,280.0,0.041,7.94,8.1,661.0,90.5,10.6
NE-RSN2044,0.049,1.6,1.59,0.012,0.00043,70.0,0.052,7.78,9.9,252.0,98.5,11.1
NE-49600214,0.035500000000000004,7.255,7.15,0.0201,0.000495,238.5,0.11,7.98,8.9,1169.0,94.75,11.3
AN-12M08,0.079,6.9,6.859999999999999,0.058499999999999996,0.00132,220.0,0.226,8.004999999999999,12.6,882.5,93.0,10.04
TH-RSN0257,0.015,8.6,8.57,0.019,0.000335,280.0,0.27,8.035,11.25,732.5,92.19999999999999,10.2
NW-88003957,0.0055,0.49,0.485,0.0011,0.00012,65.0,0.0069,8.11,9.7,168.0,102.3,11.7
NE-49500373,0.022,1.1,1.13,0.00335,0.00031,30.0,0.03,7.72,11.1,190.0,99.8,11.4
TH-RSN0513,0.015,7.65,7.625,0.0205,0.00031999999999999997,260.0,0.0655,7.96,11.899999999999999,651.5,97.55,10.3
AN-MD0517,0.015,1.6,1.59,0.0087,0.000325,130.0,0.22,7.84,10.8,805.0,94.4,10.1
AN-EVBK100E,0.015,4.025,4.005,0.0086,0.00029,150.0,0.039,8.12,9.4,523.0,94.4,10.9
AN-JORD040T,0.045,3.645,3.37,0.023,0.00108,220.0,0.096,8.125,11.45,755.5,97.0,10.9
AN-RSN1985,0.049,8.649999999999999,8.605,0.054,0.00082,240.0,0.1,7.85,10.0,822.0,92.8,10.7
NW-88003474,0.108,0.344,0.337,0.00655,0.00222,55.0,0.0211,8.02,9.9,185.0,95.1,10.7
NE-49100497,0.051000000000000004,3.105,3.08,0.0158,0.00079,137.0,0.08549999999999999,8.03,9.5,453.0,94.8,11.2
NW-88005571,0.0092,0.198,0.211,0.0011,3e-05,13.0,0.0014,7.33,9.0,57.0,100.0,11.3
NW-88002045,0.279,2.0,1.9449999999999998,0.058,0.00387,140.0,0.22,7.85,10.7,497.0,85.7,9.53
NW-88000681,0.179,7.045,6.97,0.06795000000000001,0.002665,223.5,0.2285,8.004999999999999,10.149999999999999,812.5,90.25,10.149999999999999
MD-48976020,0.45999999999999996,9.7,9.51,0.2125,0.005690000000000001,227.5,1.7,7.805,11.45,823.0,62.150000000000006,6.8
SO-F0002990,0.037,3.69,3.68,0.00895,0.000185,98.0,0.0745,7.5,10.1,339.0,83.0,9.5
AN-28M03,0.015,9.7,9.67,0.019450000000000002,0.0002325,270.5,0.072,7.85,10.8,787.0,93.4,10.25
MD-RSN0166,0.155,7.65,7.6,0.07200000000000001,0.0017950000000000002,205.0,0.18,7.8,11.7,1007.5,83.0,9.08
NE-49100071,0.058,12.0,12.0,0.0519,0.00052,250.0,0.059,7.715,10.85,942.0,82.5,9.465
SO-G0004145,0.0365,0.27,0.266,0.002,0.0001,33.0,0.0365,7.16,11.5,203.0,83.1,9.25
SO-G0006951,0.015,0.1,0.098,0.002,5e-05,30.0,0.005,7.09,12.2,178.0,93.1,9.7
SW-A3200207,0.04,8.2,8.18,0.047,0.00085,250.0,0.195,8.08,10.9,684.0,95.2,10.4
TH-PBRR0015,0.32,2.6,2.5,0.13,0.00556,210.0,0.39,7.95,12.350000000000001,865.0,87.05000000000001,9.870000000000001
MD-48370100,0.015,3.98,3.92,0.018,0.00032,230.0,0.16999999999999998,8.01,9.85,843.0,86.85,9.915
AN-YAR230,0.053,6.13,6.12,0.023,0.00101,259.0,0.13,7.96,12.25,851.5,84.3,9.385000000000002
SW-72937830,0.082,2.31,2.29,0.016,0.00042,37.0,0.04545,7.35,10.9,207.0,95.3,10.3
MD-RSN1290,0.023,4.9,4.89,0.019,0.00031499999999999996,135.0,0.14,7.734999999999999,10.15,881.0,93.6,10.45
AN-WELL380D,0.036,5.65,5.61,0.052,0.00066,214.0,0.149,8.13,10.6,819.0,90.5,10.1
SW-70634104,0.015,2.23,2.23,0.002,0.0001225,41.5,0.026000000000000002,7.6,9.35,228.5,96.7,11.1
SO-F0002537,0.0455,1.55,1.5350000000000001,0.0147,0.00073,180.0,0.051000000000000004,7.9399999999999995,10.05,510.0,86.6,9.525
NE-41000372,0.015,1.835,1.8250000000000002,0.00605,0.000275,78.0,0.022,7.92,9.6,249.0,94.8,10.6
NW-RSN1639,0.0026,0.26,0.259,0.0005,5e-05,64.5,0.0014,8.09,8.2,144.0,100.5,11.649999999999999
TH-PCNR0042,0.015,5.49,5.470000000000001,0.017349999999999997,0.00031,238.5,0.0905,7.955,11.6,677.5,93.1,10.3
NW-88003840,0.075,0.965,0.951,0.0095,0.0007650000000000001,50.0,0.053,7.7,10.7,173.0,94.94999999999999,10.9
MD-49699721,0.054,2.9,,0.013,,150.0,0.057,8.1,8.3,501.0,101.3,12.0
NE-49105243,0.0925,5.05,4.984999999999999,0.0495,0.001365,255.0,0.165,7.86,12.0,756.0,86.2,9.51
NW-88024207,0.068,1.975,1.9649999999999999,0.0108,0.000205,27.5,0.037,7.255,12.25,178.0,97.05,10.64
SW-70420116,0.015,4.6,4.58,0.02545,0.0004775,114.5,0.148,8.0,10.7,398.0,99.1,11.0
NE-49100601,0.039,3.7,3.68,0.028,0.00069,230.0,0.074,8.13,11.2,641.0,92.8,10.4
SO-RSN1217,0.010599999999999998,0.072,0.0707,0.0013,2e-05,26.0,0.0049499999999999995,7.09,10.399999999999999,158.5,91.6,10.25
AN-WEN280,0.043,6.07,6.04,0.0257,0.00062,252.0,0.069,8.01,10.8,756.5,92.1,10.6
NW-RSN1607,0.0045,0.19,0.189,0.0005,6e-05,74.0,0.0037,8.06,9.6,181.0,103.0,11.8
SW-72930136,0.035500000000000004,2.19,2.175,0.0102,0.000335,35.5,0.0455,7.605,11.15,184.0,96.6,10.7
NE-RSN1548,0.0047,0.18,0.179,0.0005,7e-05,55.0,0.0033,8.22,8.1,154.0,102.9,12.0
TH-PLDR0013,0.0755,0.91,0.895,0.0129,0.000495,92.0,0.023,7.395,11.8,413.5,74.30000000000001,8.33
AN-THR093,0.015,1.6600000000000001,1.6400000000000001,0.015099999999999999,0.00047500000000000005,180.0,0.025500000000000002,7.87,13.55,3360.0,84.15,9.0
NW-88005630,0.0052,0.21,0.209,0.0005,2e-05,2.5,0.0005,7.225,10.5,40.0,99.4,11.2
NE-49300382,0.036,3.425,3.4050000000000002,0.012,0.00053,133.0,0.022,8.045,9.6,882.0,95.8,10.9
AN-DEB0113,0.015,12.8,12.8,0.016,0.00026000000000000003,266.0,0.13,7.97,10.2,927.0,91.75,10.265
SW-82528159,0.015,1.8,1.8,0.002,8e-05,23.0,0.011,7.295,11.8,144.0,98.75,10.6
SW-50281905,0.01875,1.505,1.5,0.003895,0.0001425,16.5,0.013600000000000001,7.535,9.4,146.0,96.95,11.05
TH-PLER0122,0.015,13.0,13.0,0.0275,0.000275,270.0,0.8360000000000001,7.915,10.5,847.0,93.55,10.45
TH-PUTR0069,0.092,13.95,13.95,0.033,0.00076,182.0,0.14700000000000002,7.555,14.55,983.5,64.4,6.725
AN-DEB050,0.044,2.24,2.21,0.0255,0.00065,299.0,0.079,7.99,10.1,929.0,84.9,9.15
SO-Y0004529,0.052,0.71,0.703,0.012,0.000665,78.5,0.12,7.84,12.9,437.5,90.85,9.52
TH-PRGR0030,0.34850000000000003,5.154999999999999,5.015000000000001,0.115,0.00422,199.5,0.5525,7.75,14.25,911.0,72.80000000000001,6.995
NE-49600482,0.015,0.56,0.556,0.002,0.000125,41.0,0.005,8.085,10.0,202.0,97.7,11.75
NE-49700256,0.025,0.94,0.9275,0.0079,0.0003925,130.0,0.043,8.15,9.4,285.0,98.6,11.2
MD-H0000004,0.015,0.745,0.7404999999999999,0.002,0.00025,154.0,0.026,8.22,9.95,330.0,101.35,11.7
NW-88022941,0.6515,9.605,9.57,0.0957,0.005075,131.0,0.215,7.52,11.4,687.0,80.4,8.84
SW-72930937,0.06,0.75,0.736,0.012549999999999999,0.000495,66.0,0.064,7.595,11.4,254.0,91.5,10.55
SO-E0000568,0.0485,5.1,5.074999999999999,0.033,0.00055,190.0,0.18,7.78,11.5,635.0,76.8,7.98
NW-88006307,0.127,6.47,6.4,0.0304,0.00113,87.0,0.096,7.72,8.6,325.0,97.0,11.3
AN-BARLEAU,0.015,11.7,13.0,0.0096,0.00028,260.0,0.02,8.13,10.3,811.0,97.5,11.0
NE-RSN2104,0.096,18.0,18.0,0.032,0.00078,240.0,0.025,7.49,10.9,947.0,84.9,10.4
SW-50370707,0.1065,1.88,1.8745,0.00532,0.00021500000000000002,53.5,0.00315,6.945,6.5,361.5,,
AN-BRN030,0.038,12.0,12.0,0.0335,0.00075,240.0,0.0495,8.02,12.1,777.0,104.3,11.3
MD-47467620,0.015,3.16,3.15,0.00785,0.0002825,203.0,0.0975,8.06,10.350000000000001,,93.25,10.6
MD-51705550,0.015,3.5,3.425,0.01005,0.000155,170.0,0.034,7.63,9.7,479.0,94.4,10.6
AN-SSN0083,0.015,2.5,2.49,0.013,0.00036,320.0,0.069,7.86,10.9,735.0,88.6,9.57
AN-BUR140,0.0465,5.605,5.574999999999999,0.02525,0.000515,230.0,0.04,7.84,11.1,802.0,82.8,9.030000000000001
TH-PLER0118,0.015,10.55,10.55,0.028,0.000225,270.0,0.057,7.78,10.3,755.5,93.85,10.5
NW-88023695,0.0023,0.0711,0.0701,0.0005,2e-05,25.0,0.0024,7.84,5.8,70.0,101.1,12.3
NW-88023624,0.127,2.1799999999999997,2.1399999999999997,0.034699999999999995,0.0017699999999999999,197.0,0.298,7.925,8.9,585.0,91.5,10.5
MD-48941980,0.051,5.1,5.075,0.022850000000000002,0.00085,228.0,0.1175,8.065000000000001,10.149999999999999,746.5,93.69999999999999,10.55
SW-81522340,0.015,0.23,0.227,0.002,1.5000000000000002e-05,4.25,0.005,6.1,10.2,79.0,95.6,10.34
AN-SSN0411,0.01145,16.5,16.5,0.00855,0.000175,190.0,0.028,8.015,9.15,708.5,92.4,10.645
MD-50304300,0.065,6.2,6.14,0.041,0.0009,141.0,0.706,7.87,10.3,735.0,94.6,10.7
NE-49600141,0.042,4.89,4.87,0.0242,0.0007,170.0,0.034,8.06,8.0,563.0,95.0,11.2
NW-88006417,0.0535,2.7,2.685,0.0215,0.00081,195.0,0.093,8.195,9.149999999999999,485.5,97.9,11.0
MD-C0000052,0.145,0.84,0.783,0.0284,0.00154,173.0,0.187,7.7,10.3,621.0,64.0,6.31
TH-PKER0082,0.0605,14.5,14.5,0.058,0.00077,126.0,0.503,7.75,11.65,762.0,81.1,8.68
SW-70630240,0.015,1.19,1.19,0.0022849999999999997,0.000115,19.5,0.0194,7.6,11.7,112.0,100.4,10.9
MD-13612980,0.015,4.07,4.039999999999999,0.015,0.000405,140.0,0.047,8.17,11.3,389.0,98.80000000000001,10.6
NE-49905127,0.0054,0.217,0.216,0.0005,6e-05,73.0,0.0016,8.15,8.9,168.0,100.1,11.0
NW-88004563,0.015,0.375,0.372,0.002,0.0001,17.0,0.005,7.67,10.9,71.0,101.7,11.1
AN-WEN020,0.015,9.9,9.88,0.021,0.00026,277.0,0.0375,7.9,10.6,762.0,91.1,9.985
SO-F0017656,0.015,3.7,3.7,0.002,0.0003075,190.0,0.021,8.015,12.0,512.5,96.55,10.5
NW-88000588,0.284,10.5,10.4,0.08365,0.00224,171.0,1.4649999999999999,7.57,11.8,909.0,68.9,7.4399999999999995
MD-39324040,0.015,16.0,,0.0096,,320.0,0.04,8.14,7.7,895.0,96.6,
SW-82528082,0.015,1.85,1.8450000000000002,0.002,6e-05,19.0,0.0162,7.4,10.7,134.0,99.3,10.9
SW-81271803,0.015,1.28,1.25,0.002,0.000115,40.0,0.017,7.54,11.6,179.0,97.0,10.5
SW-81281111,0.015,1.47,1.47,0.0059,0.0001525,35.0,0.036,7.5,10.5,183.0,96.5,10.649999999999999
MD-41822150,0.015,8.85,8.83,0.0245,0.00032,304.5,0.24,7.880000000000001,9.2,1260.0,85.8,9.27
NW-88006256,0.00225,0.089,0.0875,0.0005,1.5e-05,13.5,0.00075,7.62,7.4,50.5,101.65,12.2
SW-91251650,0.015,2.09,,0.002,,20.0,0.015,7.32,11.1,125.0,101.5,
MD-23327650,0.015,3.1,3.035,0.011,0.00038250000000000003,200.0,0.0675,8.01,11.5,515.0,92.0,9.879999999999999
NE-49100231,0.09,2.995,2.95,0.038650000000000004,0.00235,277.0,0.08399999999999999,7.83,8.8,951.0,73.0,8.57
TH-RSN2129,0.068,0.58,0.576,0.013,0.00019,220.0,0.097,7.41,12.0,693.0,74.1,8.84
SW-82311311,0.015,5.85,5.835,0.007600000000000001,2.5e-05,30.0,0.315,6.865,12.649999999999999,365.0,95.15,10.149999999999999
MD-19337420,0.015,1.18,1.18,0.002,0.000215,41.0,0.0485,7.835,10.0,160.5,96.44999999999999,10.9
SW-70591717,0.0305,3.635,3.62,0.01845,0.00043749999999999995,70.5,0.1285,7.9,9.899999999999999,254.0,94.0,10.600000000000001
TH-PWER0022,0.015,6.73,6.71,0.0173,0.00037,220.0,0.29,8.155000000000001,11.1,633.5,97.55,10.350000000000001
NE-49300798,0.109,18.9,18.8,0.1195,0.0006349999999999999,93.0,3.0300000000000002,7.5,12.0,845.0,75.05,7.81
NW-RSN0363,0.0039000000000000003,0.24,0.236,0.0005,1e-05,15.5,0.00425,7.365,9.8,57.5,102.69999999999999,11.65
SW-81940425,0.015,2.0,,0.002,,2.5,,5.68,11.9,42.0,81.0,8.9
MD-RSN1058,1.75,3.0,2.91,0.0995,0.015349999999999999,230.0,0.0655,7.665,11.0,711.5,64.94999999999999,7.735
NE-SSN0709,0.0405,3.1,3.09,0.025500000000000002,0.00072,110.0,0.0485,7.955,9.649999999999999,358.0,94.8,10.95
AN-RISE310B,0.042499999999999996,4.62,4.57,0.024,0.00078,210.0,0.101,8.09,11.4,813.0,92.4,10.1
AN-RSN1244,0.015,6.199999999999999,6.18,0.0235,0.0003575,240.0,0.07,8.285,12.75,842.0,112.8,12.3
SW-82528060,0.015,2.0,2.0,0.002,0.000105,18.0,0.014,7.43,11.75,130.0,99.8,10.8
TH-PBRR0070,0.52,2.6,2.41,0.17,0.00647,210.0,0.51,7.82,11.4,840.0,64.4,7.05
MD-44284560,0.015,6.484999999999999,6.470000000000001,0.030100000000000002,0.00028,253.5,0.0745,7.845,10.8,1780.5,85.25,10.239999999999998
NW-88003973,0.015,0.45,0.446,0.002,0.000245,58.0,0.005,7.78,10.4,176.0,102.1,11.6
NW-88003089,0.06,3.04,3.02,0.0251,0.0005,85.0,0.181,7.91,5.4,401.0,100.6,12.7
SO-E0000873,0.063,10.385,10.325,0.038,0.000415,59.5,0.354,7.4350000000000005,12.0,551.5,82.7,8.78
NW-88002383,0.36,4.2,4.12,0.0882,0.00332,82.0,0.168,7.66,11.4,455.0,93.2,10.3
AN-BB0136,0.14,7.53,7.36,0.0849,0.00136,181.0,0.39,7.72,9.2,687.0,67.6,7.78
NE-49301396,0.17,9.63,9.55,0.117,0.001955,179.0,1.46,7.735,12.5,1268.5,92.9,10.05
SW-RSN0957,0.015,3.85,3.8150000000000004,0.0175,0.00033,240.0,0.11,7.875,11.850000000000001,631.5,93.1,9.9
AN-WEN223,0.03,5.48,5.45,0.0239,0.00058,241.0,0.043,8.07,9.2,743.0,95.4,10.6
AN-45M02,0.1295,7.715,7.67,0.043800000000000006,0.00205,275.5,0.145,8.024999999999999,10.25,880.5,83.65,9.375
SO-E0007238,0.0225,1.295,1.2850000000000001,0.007859999999999999,0.00011,65.5,0.0296,7.52,9.0,243.0,93.6,10.7
SW-81232708,0.0068000000000000005,0.991,0.99,0.0005,3.2500000000000004e-05,13.0,0.01695,7.28,11.0,109.0,98.65,10.850000000000001
AN-USWAFORD,0.015,5.5,3.09,0.018,0.00028,210.0,0.022,8.0,10.3,781.0,92.6,10.0
SO-E0001410,0.015,3.7,3.69,0.0104,0.0003125,250.0,0.10500000000000001,8.175,11.8,617.5,89.94999999999999,9.614999999999998
SW-82710981,0.015,1.75,1.74,0.0089,8e-05,43.0,0.016,7.3,10.8,220.0,94.0,10.3
NW-88024628,0.033,2.0,1.99,0.0099,0.00042,58.0,0.068,7.94,11.3,297.0,98.4,10.7
TH-PWRR0009,0.015,6.29,6.29,0.0045,0.00029,210.0,0.11,8.22,10.649999999999999,533.0,99.45,11.1
SW-82517005,0.045,4.4,4.37,0.02,0.00077,190.0,0.05,7.83,12.9,560.0,92.9,9.61
NE-49105167,0.43,6.24,6.16,0.0749,0.00519,242.0,0.167,7.88,10.0,857.0,87.6,9.91
AN-ANCN2,0.113,8.75,8.705,0.058499999999999996,0.002125,206.0,0.15000000000000002,8.219999999999999,13.2,868.5,94.7,11.149999999999999
NE-49100245,0.277,7.83,7.72,0.0931,0.00349,239.0,0.401,8.03,10.649999999999999,4556.0,94.19999999999999,11.25
SW-82310924,0.015,3.705,3.705,0.002,9.750000000000001e-05,37.0,0.005,7.34,12.85,325.0,98.85,10.45
SW-E2041300,0.051,2.45,2.4,0.0242,0.00086,190.0,0.131,8.01,10.3,530.0,90.6,9.84
AN-BLACKDYK,0.039999999999999994,12.65,12.65,0.022850000000000002,0.0007,265.0,0.0575,8.16,12.0,860.5,102.55,11.85
NW-88006453,0.0043,0.712,0.711,0.00116,8e-05,122.0,0.0064,8.35,8.1,336.0,104.2,12.3
MD-48359880,0.015,2.4,2.29,0.0155,0.00036,190.0,0.068,8.06,10.850000000000001,578.5,96.7,11.05
MD-08177350,0.059,4.6,4.56,0.029,0.00101,240.0,0.17,8.05,10.0,808.0,93.0,10.6
MD-RSN0314,0.041499999999999995,10.1,10.085,0.036500000000000005,0.00057,275.0,0.1,8.0,9.149999999999999,811.0,89.30000000000001,10.17
SW-91212027,0.0385,2.0,1.99,0.011,0.00019,47.0,0.0377,7.405,11.1,219.5,94.15,10.45
NW-88022311,0.012,0.21,0.208,0.0005,4.75e-05,2.5,0.0005,7.51,10.149999999999999,37.5,100.45,11.0
AN-SOWS1,0.549,2.75,2.71,0.047,0.00599,387.0,0.088,7.805,10.45,8206.0,76.6,9.295
NE-49100532,0.3725,7.785,7.625,0.123,0.0027749999999999997,245.5,0.2555,7.73,9.399999999999999,1339.0,80.05,9.735
AN-BUR120,0.03,5.0,4.99,0.024,0.00048,230.0,0.036,7.97,11.1,787.0,89.3,9.84
SW-70557003,0.01265,1.385,1.38,0.003915,0.00013749999999999998,30.0,0.017849999999999998,7.8,9.4,139.0,98.6,11.4
MD-13608780,0.015,3.9,3.89,0.0135,0.00037,140.0,0.0535,8.18,11.4,396.0,97.3,10.1
NE-49600483,0.015,0.7949999999999999,0.7909999999999999,0.002,0.0002225,64.0,0.0047,8.239999999999998,10.2,199.0,95.65,10.8
SO-E0001273,0.015,9.515,9.48,0.024,0.000335,204.0,0.11,7.93,12.149999999999999,678.0,101.05000000000001,11.0
NE-49400739,0.261,3.56,3.5,0.0766,0.00399,118.0,0.333,7.82,9.3,432.0,86.2,10.1
SW-RSN1670,0.001,0.0025,0.002,0.0005,5e-06,,0.0072499999999999995,5.69,11.0,37.0,101.3,11.1
MD-RSN1246,0.13,2.3,2.17,0.019,0.00051,110.0,0.15,7.36,11.7,375.0,84.3,8.96
AN-CR0237,0.1525,1.9249999999999998,1.87,0.06615,0.0024850000000000002,189.5,0.294,7.875,11.45,1193.0,68.8,7.705
TH-PTHR0124,0.1,13.75,13.7,0.086,0.00105,200.0,0.3835,7.69,12.6,934.0,74.3,7.81
NE-49300137,0.015,1.98,1.97,0.008150000000000001,0.0002475,94.5,0.0835,7.94,8.8,363.0,94.4,11.2
NE-49400266,0.015,2.1,2.1,0.0065,0.000275,87.0,0.038,7.93,9.8,445.0,97.7,11.2
SW-81950555,0.189,2.41,2.33,0.011,5e-05,15.0,0.042,6.1,12.5,287.0,83.65,8.77
SW-RSN0723,0.01,3.8,3.8,0.00455,0.00011,52.0,0.016,7.755,12.3,226.5,99.69999999999999,10.55
SW-RSN0759,0.013,4.5,4.49,0.0033,3e-05,20.0,0.022,7.2,12.4,240.0,99.1,10.7
NW-RSN0216,0.18,1.05,1.014,0.029,0.00162,100.0,0.057999999999999996,7.7,10.7,349.0,90.8,9.985
NE-49401015,0.035,1.92,1.91,0.011,0.000565,85.0,0.051,8.08,9.5,482.5,98.7,11.4
SW-A3190203,0.033,5.99,6.025,0.02,0.00049,260.0,0.24,8.0,11.2,742.0,93.5,10.5
MD-30726120,0.041,4.9,4.88,0.027,0.00042,180.0,0.121,7.76,11.2,533.0,91.1,9.83
NW-88000872,0.61,6.0,5.84,0.11,0.00912,170.0,0.18,7.79,12.0,3708.0,87.6,9.89
SW-E3120200,0.015,2.55,2.545,0.00445,0.0003075,275.0,0.0495,7.995,13.1,640.0,90.19999999999999,9.525
SW-RSN1931,0.015,0.96,0.956,0.002,0.000125,21.5,0.009999999999999998,7.52,10.55,136.5,99.55,11.0
SO-E0000400,0.056,3.95,3.925,0.0235,0.00064,75.0,0.188,7.78,12.1,374.0,93.5,10.0
SW-RSN0867,0.013,3.1,3.1,0.0026,2e-05,,0.0054,6.970000000000001,11.850000000000001,225.0,98.05,10.649999999999999
MD-11054980,0.0325,4.0,3.98,0.0184,0.000355,240.0,0.121,7.85,11.4,870.0,84.9,9.545
SW-81020802,0.015,1.1349999999999998,1.13,0.002,6e-05,15.0,0.032,7.21,11.2,124.5,98.6,10.649999999999999
SW-A1310201,0.038,6.53,6.52,0.0158,0.0005200000000000001,268.5,0.141,7.71,11.0,665.0,88.9,9.82
SW-70641818,0.015,2.1,2.1,0.002,0.00010750000000000001,25.0,0.0675,7.465,11.25,143.0,100.1,10.95
SW-70633822,0.015,2.95,2.9450000000000003,0.00315,0.00012,41.0,0.025,7.59,12.5,226.0,94.9,10.3
AN-52M26,0.102,0.1,0.19,0.0097,0.00101,446.0,0.322,7.77,7.8,4835.0,92.6,9.04
SW-RSN1795,0.015,2.5,2.47,0.0081,0.000195,66.0,0.17,7.65,10.0,279.0,94.05,10.7
NW-88003108,0.0485,0.7,0.696,0.006500000000000001,0.000535,151.5,0.031,7.975,10.399999999999999,1082.5,96.05000000000001,10.8
NW-88005570,0.008400000000000001,0.256,0.255,0.001165,3e-05,20.5,0.00545,7.67,9.2,76.0,102.4,12.9
AN-RSN0529,0.03,24.0,24.0,0.016,0.0003,180.0,0.14,7.86,6.3,1028.0,89.3,11.2
MD-51941130,0.015,5.55,6.959999999999999,0.002,,204.0,0.0079,7.84,7.8,522.0,90.9,11.75
SO-F0002000,0.0515,1.9849999999999999,1.96,0.024149999999999998,0.000605,141.5,0.07050000000000001,7.59,13.45,657.5,78.95,8.895
TH-PTAR0102,0.015,6.95,6.9350000000000005,0.014499999999999999,0.000255,247.0,0.5700000000000001,7.779999999999999,11.350000000000001,1083.5,83.19999999999999,9.315000000000001
MD-47600050,0.032,2.67,2.65,0.013,0.0007,242.0,0.137,8.16,11.9,760.0,91.5,10.4
MD-78373480,0.14,2.315,2.27,0.03755,0.0016250000000000001,190.0,0.0475,7.9,9.95,958.0,89.45,9.785
NW-RSN0488,0.0495,4.75,4.720000000000001,0.026000000000000002,0.00083,210.0,0.195,8.01,11.8,673.5,91.9,9.885
AN-38M15,0.038,11.600000000000001,11.600000000000001,0.03835,0.00038250000000000003,256.5,0.371,7.83,10.350000000000001,806.0,79.2,9.85
NE-RSN0268,0.00885,1.45,1.45,0.0034000000000000002,0.000115,130.0,0.0099,8.265,10.649999999999999,310.5,102.65,11.75
MD-59535100,0.015,7.12,7.095000000000001,0.02275,0.0003075,262.0,0.3005,7.885,9.45,1281.0,90.4,10.7
MD-10325060,0.034,5.949999999999999,5.93,0.0225,0.00044500000000000003,235.0,0.20500000000000002,8.07,8.05,811.5,94.15,11.350000000000001
MD-22147580,0.063,5.3,5.27,0.0269,0.00065,260.0,0.2,8.0,10.3,1456.0,86.4,9.31
NE-49000699,0.7965,11.2,10.07,0.756,0.0073349999999999995,247.0,1.4,7.725,13.5,952.5,80.8,9.055
NE-49100528,0.21,7.0,6.85,0.09,0.00127,235.0,0.35,7.655,10.5,1234.5,76.69999999999999,9.365
TH-PWER0029,0.033,4.095,4.08,0.016050000000000002,0.000375,120.0,0.13,7.875,11.0,418.0,94.9,10.0
NE-49900029,0.031,3.075,3.0549999999999997,0.0143,0.0004125,177.5,0.0515,8.13,10.25,511.0,92.1,10.45
SW-Z1011609,0.056,6.109999999999999,6.07,0.049049999999999996,0.00119,242.0,0.2,8.065000000000001,12.55,701.5,89.45,9.899999999999999
NE-49500382,0.0095,0.407,0.404,0.0005,8e-05,13.0,0.0068,7.83,12.0,77.0,101.8,11.1
NW-88002316,0.133,0.939,0.914,0.0161,0.00108,72.0,0.051,7.695,10.4,289.0,93.7,10.5
AN-FOSC2,0.0635,6.755000000000001,6.25,0.037,0.00085,216.0,0.16,8.065000000000001,11.5,838.0,88.55000000000001,9.66
TH-PLER0053,0.015,7.880000000000001,7.845000000000001,0.02475,0.00035,249.0,0.15,7.92,12.0,765.0,92.9,10.2
SO-SSN1335,0.015,0.895,0.891,0.002,4.5e-05,32.5,0.005,7.075,11.35,219.5,92.15,9.95
NW-RSN1264,0.004,0.325,0.323,0.0005,4e-05,23.0,0.0024999999999999996,7.845000000000001,10.4,69.0,103.25,11.649999999999999
NW-RSN1292,0.12,5.0,4.96,0.025,0.00076,140.0,0.21,7.57,10.7,442.0,90.1,9.84
SW-81611075,0.063,1.3,1.29,0.002,8e-05,17.0,0.071,6.64,11.5,352.0,87.8,9.82
TH-PKER0005,0.041,1.3,1.28,0.0133,0.00044,127.0,0.067,7.79,9.8,411.0,81.1,9.38
NE-49100555,0.015,1.175,1.175,0.002,0.00025,99.5,0.0075,8.18,8.0,294.0,93.2,10.8
AN-GLEN130C,0.0495,10.0,9.955,0.07450000000000001,0.0010999999999999998,240.0,0.0905,8.195,9.2,759.0,97.19999999999999,12.0
MD-59395300,0.15,11.0,10.9,0.053,0.00161,140.0,0.21,7.74,13.1,847.0,92.0,9.64
NW-88003988,0.015,0.61,0.606,0.002,0.000245,63.5,0.005,7.98,10.3,181.0,100.3,12.2
MD-49694100,0.0615,3.4,3.37,0.01855,0.001215,153.5,0.114,7.9,11.4,575.0,98.6,10.8
SW-82520705,0.015,3.175,3.165,0.005405,0.00011,34.0,0.02055,7.43,11.4,201.0,97.85,10.55
AN-01M04,0.015,3.97,3.95,0.0118,0.00026,256.0,0.114,8.09,9.3,761.0,87.5,10.3
SO-G0004218,0.032,1.3,1.295,0.00845,0.00024,45.5,0.11699999999999999,7.57,11.95,248.5,91.69999999999999,9.684999999999999
SW-A1260416,0.159,2.23,2.2,0.0351,0.00219,186.0,0.115,7.94,10.8,474.0,90.2,9.96
NE-49105203,0.041999999999999996,2.375,2.355,0.0127,0.0006900000000000001,140.0,0.049,8.085,10.05,429.0,96.55,11.1
NE-49400308,0.041999999999999996,1.52,1.51,0.01035,0.0008500000000000001,121.5,0.074,8.225000000000001,8.85,366.0,100.15,11.649999999999999
AN-RSN1953,0.0545,5.3,5.27,0.023,0.00064,185.0,0.665,7.765,12.5,1025.5,76.1,8.11
SW-Z1030105,0.14300000000000002,5.965,5.904999999999999,0.047950000000000007,0.002715,224.0,0.16,8.085,12.100000000000001,1140.5,88.05,10.2
AN-ANCO1,0.015,8.5,8.49,0.034,0.00043999999999999996,249.0,0.083,8.07,11.1,861.5,91.65,9.945
MD-10579020,0.015,7.75,7.73,0.01725,0.0003075,300.0,0.2075,8.15,11.2,900.0,90.45,10.1
AN-RSN0849,0.015,8.25,8.22,0.027,0.00031749999999999997,265.0,0.24,8.184999999999999,10.5,880.5,90.95,10.065000000000001
NE-49100423,0.066,3.1500000000000004,3.13,0.019799999999999998,0.000895,141.0,0.133,7.96,10.7,450.0,93.8,10.4
TH-RSN0185,0.052,0.38,0.367,0.0069,0.0002,77.0,0.028,7.43,10.4,291.0,76.0,8.36
SW-SSN1460,0.011,1.9,1.9,0.0027,0.00015,78.0,0.043,7.8,11.5,241.0,97.9,10.6
AN-RAT070,0.0485,3.425,3.395,0.03015,0.00068,317.5,0.151,7.904999999999999,8.75,869.5,87.75,9.845
AN-RSN0960,0.028,7.3,7.27,0.0245,0.000455,245.0,0.067,8.045,11.95,774.5,95.19999999999999,10.120000000000001
AN-06M03,0.063,10.2,10.2,0.05935,0.001185,257.5,0.579,8.15,11.350000000000001,1038.0,95.8,10.5
AN-29M09,0.045,9.18,9.14,0.0271,0.00056,253.0,0.348,8.02,10.9,825.0,93.0,11.1
MD-H0000071,0.015,3.4,3.39,0.0059,0.0003125,120.0,0.015,8.11,10.4,332.0,98.6,11.0
SO-E0007262,0.015,1.8,1.79,0.011,0.000285,64.0,0.033,7.72,12.1,284.0,92.2,9.89
NW-88005199,0.0475,3.05,3.04,0.011550000000000001,0.000205,128.5,0.044,7.49,10.55,470.5,86.55,10.25
NW-88025787,0.0645,1.2,1.18,0.0225,0.0005,44.5,0.089,7.390000000000001,12.2,154.0,95.75,10.185
AN-WEN180,0.015,6.3,6.29,0.022,0.000445,250.0,0.059,8.045,11.6,741.0,92.4,10.0
AN-YAR229,0.04,4.24,4.22,0.0235,0.00057,271.0,0.044,7.93,10.1,854.0,89.2,9.88
TH-PRTS0051,0.0335,7.0,6.970000000000001,0.0295,0.00049,210.0,0.2,8.094999999999999,11.9,680.0,84.9,9.525
NW-88023148,0.015,0.78,0.776,0.002,0.000155,99.0,0.005,8.32,5.9,295.0,103.2,13.7
SO-F0002173,0.057,3.8,3.77,0.0233,0.000305,75.0,0.040650000000000006,7.54,11.1,354.0,90.2,9.79
SW-RSN1141,0.015,8.4,8.39,0.013,0.00039,260.0,0.18,8.0,13.3,665.0,95.5,9.88
NW-88006332,0.015,1.31,1.305,0.00485,0.00018,68.5,0.018,7.805,10.8,192.5,96.7,10.95
MD-SSN0108,0.0099,0.71,0.709,0.0014,0.00012,120.0,0.0086,7.83,12.1,373.0,96.5,10.5
MD-49691360,0.0695,3.83,3.8099999999999996,0.0193,0.001105,157.0,0.1475,7.995,12.399999999999999,569.0,94.9,10.55
SW-81523404,0.015,0.44,0.436,0.002,3e-05,9.0,0.005,6.965,12.5,73.0,98.65,10.6
SW-70620133,0.033,1.61,1.6,0.0067,0.0002025,34.0,0.045,7.6,11.5,148.0,96.0,10.55
TH-PLER0126,0.015,16.0,16.0,0.0285,0.000145,260.0,1.3,7.4350000000000005,11.1,913.0,76.95,8.295
SO-F0003113,0.015,1.11,1.1,0.0054,0.00018,48.0,0.036,7.7,10.2,231.0,93.8,10.7
SO-E0001587,0.07150000000000001,2.67,2.66,0.009600000000000001,0.000305,66.5,0.0375,7.42,11.649999999999999,407.0,88.80000000000001,9.695
NW-88000780,0.178,6.5,6.38,0.07744999999999999,0.0027949999999999997,150.0,0.2465,7.9,11.4,3181.0,88.0,9.585
NW-88023145,0.015,0.525,0.522,0.002,9e-05,36.0,0.005,7.78,10.05,107.0,100.5,11.7
SW-Z6540101,0.0935,8.325,8.305,0.0445,0.0008049999999999999,224.0,0.0815,7.595,11.0,663.0,86.0,9.75
NE-49500663,0.015,1.35,1.34,0.0053,0.0002675,30.0,0.017,7.81,9.6,286.0,99.6,11.5
AN-TNG040,0.067,3.765,3.73,0.0428,0.000405,193.0,0.0395,7.585,10.3,717.5,47.400000000000006,5.295
SW-Z1460102,0.0475,7.695,7.615,0.055900000000000005,0.00102,265.0,0.3135,8.08,12.0,933.5,92.69999999999999,10.2
NE-49405117,0.22,2.32,2.325,0.07650000000000001,0.0038599999999999997,210.0,0.0275,8.1,11.0,804.5,97.44999999999999,11.2
NE-49100349,0.015,1.0,0.996,0.002,0.0002275,50.5,0.005,8.02,8.399999999999999,174.5,98.65,11.5
MD-36754350,0.0885,8.29,8.21,0.0687,0.00147,160.0,0.32,7.91,12.1,822.0,89.0,9.6
AN-RSN0613,0.033,6.25,6.225,0.026500000000000003,0.000735,240.0,0.036000000000000004,8.24,9.2,709.5,100.2,11.2
AN-30M20,0.015,15.05,15.05,0.0091,0.00015,255.0,0.012,7.74,11.2,968.0,89.6,9.64
AN-42M06,0.04,6.8,6.775,0.03845,0.00056,293.0,0.082,7.85,11.1,987.0,77.85,8.765
SO-F0002075,0.0455,3.03,3.01,0.019,0.00043,75.0,0.1,7.65,11.6,395.0,86.7,9.15
SW-50240488,0.035,6.05,5.994999999999999,0.03435,0.0006900000000000001,202.0,0.1355,8.09,11.3,579.5,99.8,10.9
NW-88023221,0.015,0.1,0.098,0.002,0.0003,149.5,0.0155,8.15,9.7,337.0,97.7,11.1
SW-E3050300,0.015,2.3,2.3,0.002,0.00031,270.0,0.016,8.11,11.5,618.0,96.0,10.4
TH-RSN0226,0.015,6.8,6.79,0.0049,0.00027,260.0,0.026,8.115,10.649999999999999,705.5,97.45,10.7
SW-81220015,0.058499999999999996,3.7,3.6849999999999996,0.0165,0.00051,90.0,0.0175,7.735,11.5,300.0,97.0,10.55
AN-48M25,0.015,9.01,9.0,0.023,0.0003675,230.0,0.055,8.06,10.7,641.5,87.0,9.7
AN-DEB0044,0.015,34.0,33.95,0.01925,0.00025,275.0,0.0245,7.96,9.9,953.0,95.5,10.8
MD-RSN2134,0.0094,5.8,5.79,0.0041,0.00018,230.0,0.058,8.43,9.9,579.0,99.7,10.8
NE-49400424,0.166,5.755,5.550000000000001,0.0611,0.0019,120.0,0.45499999999999996,7.73,11.5,672.0,93.3,10.3
MD-39369000,0.0545,4.44,4.404999999999999,0.0353,0.001,220.0,0.112,8.655,11.8,1082.5,97.35,11.75
NW-RSN1123,0.056,2.05,2.04,0.012,0.00031499999999999996,115.0,0.06,7.76,9.899999999999999,294.0,97.85,11.6
SW-RSN1299,0.0395,1.5,1.48,0.024,0.0008049999999999999,115.0,0.067,7.85,12.3,300.0,96.0,10.2
NE-49200118,0.015,9.0,8.99,0.015,0.00027,225.0,0.082,7.965,9.9,638.0,96.4,10.95
SW-82110104,0.0365,6.195,6.03,0.002,7.500000000000001e-05,20.5,0.011,7.2,12.9,337.0,97.5,10.2
NE-49301734,0.0735,2.8,2.78,0.0215,0.00113,190.0,0.0925,8.055,12.75,849.0,100.15,10.95
NW-88003850,0.172,1.64,1.615,0.035,0.0027,145.0,0.25,8.035,11.3,382.0,96.4,11.2
AN-01M07,0.015,6.81,6.78,0.017,0.0003625,241.5,0.113,8.09,11.0,783.0,96.6,10.5
SW-60500111,0.015,0.92,0.916,0.002,0.00027,129.0,0.03,7.93,12.350000000000001,390.0,99.9,10.7
AN-38M06,0.015,9.36,9.35,0.0085,0.000235,259.0,0.155,8.14,7.9,727.0,97.0,12.3
MD-45221950,0.0995,8.899999999999999,8.55,0.0475,0.001395,190.0,0.21,7.75,11.75,960.5,93.0,10.25
MD-29993380,0.111,5.96,6.27,0.0561,0.000825,220.0,0.296,7.635,10.85,667.0,80.45,8.705
NE-RSN1668,0.015,0.61,0.6054999999999999,0.002,0.0001775,34.5,0.011,7.98,6.9,148.5,98.1,11.649999999999999
AN-20M11,0.015,15.0,15.0,0.032,0.00042,270.0,0.07350000000000001,7.94,12.0,835.0,91.4,9.93
NE-49603072,0.51,1.7,1.66,0.033,0.0026,280.0,0.033,7.7,10.6,894.0,81.0,8.94
NW-88000643,0.015550000000000001,3.385,3.37,0.0155,0.000395,270.0,0.019049999999999997,8.11,10.850000000000001,969.0,94.7,10.55
NE-49400409,0.27,5.2,5.08,0.085,0.00253,96.0,0.43,7.7,11.5,621.5,92.6,10.1
SW-81231190,0.015,0.1,0.098,0.002,1.5e-05,2.5,0.005,6.85,11.6,48.0,101.3,10.9
SW-RSN1755,0.014,1.1,1.1,0.0038,0.00011,44.0,0.019,7.7,9.9,181.0,94.8,10.1
SW-70561042,0.015,2.08,2.08,0.002,0.0002575,80.0,0.023,7.84,10.2,239.5,97.0,10.9
AN-FOSSDYK1,0.086,4.61,4.59,0.0386,0.00118,229.0,0.14,7.93,12.1,868.0,85.6,9.86
MD-59012815,0.14,8.3,8.19,0.079,0.00207,200.0,0.099,7.8149999999999995,12.1,994.0,87.0,9.45
NW-88003560,0.08549999999999999,1.75,1.725,0.02385,0.0014,190.0,0.28,8.36,10.65,530.5,100.3,11.45
AN-13M31,0.048,4.3100000000000005,4.87,0.028,0.00062,300.0,0.079,7.96,10.9,859.0,90.7,9.92
NW-88023141,0.015,0.21500000000000002,0.21000000000000002,0.002,7.25e-05,15.0,0.005,7.17,9.5,69.0,96.9,10.4
MD-61080250,0.069,6.4,6.33,0.045,0.00103,220.0,0.096,8.0,8.9,693.0,95.0,11.5
SW-72930188,0.038,2.2,2.19,0.011,0.00029,36.0,0.042,7.62,10.8,186.5,95.0,10.6
NE-49200047,0.059,3.3,3.185,0.0228,0.00067,255.0,0.021,7.72,11.1,808.0,82.3,9.41
MD-51147980,0.1,3.1,3.06,0.013,0.00082,150.0,0.057,7.85,10.7,530.0,93.9,10.7
MD-19226180,0.015,4.0,3.99,0.013,0.00031,98.0,0.059,7.98,10.55,351.5,97.75,10.7
NW-88006370,0.042,2.31,2.28,0.0172,0.00062,190.0,0.084,8.3,9.5,464.0,99.8,11.7
NE-RSN0224,0.092,7.6,7.56,0.058,0.00072,280.0,0.18,7.7,10.2,980.0,75.8,9.69
AN-SSN0181,0.015,4.0,3.99,0.0063,0.00014,200.0,0.042,7.68,7.9,677.0,83.4,10.0
NW-88003440,0.065,1.16,1.14,0.012,0.00124,210.0,0.054,8.02,9.9,728.0,95.9,10.9
MD-50901750,0.04,3.2,,0.008,0.00224,55.5,0.019,7.8,8.8,224.0,92.8,
NW-88006187,0.015,0.4,0.396,0.002,0.00012,200.0,0.005,8.31,8.35,398.0,101.5,11.8
NE-49400248,0.04,4.705,4.675,0.027549999999999998,0.00066,232.0,0.1235,8.129999999999999,10.350000000000001,904.5,94.4,10.649999999999999
AN-23M02,0.16,0.75,0.679,0.071,0.00135,270.0,0.11,7.44,16.8,845.0,34.2,3.31
SW-91241176,0.015,2.3,2.3,0.0042,7.5e-05,49.0,0.0235,7.285,11.5,290.0,98.6,10.8
NE-49600460,0.057,5.5,5.445,0.0212,0.00066,210.0,0.01,7.82,10.5,636.0,85.5,8.94
MD-36770430,0.07100000000000001,9.655,9.594999999999999,0.057749999999999996,0.00129,191.0,0.29,7.95,11.6,986.0,90.25,10.5
MD-27039220,0.037,8.4,8.39,0.0319,0.000425,199.0,0.247,7.93,11.1,642.0,86.4,9.55
AN-SIND4,0.1335,16.1,15.95,0.09215,0.00251,174.0,0.36,7.84,12.0,1075.0,87.4,9.2
SW-A3210104,0.015,6.3,6.3,0.005050000000000001,0.0003075,245.0,0.005,8.254999999999999,11.5,558.0,101.6,11.100000000000001
SW-70522671,0.146,4.51,4.44,0.0505,0.00089,176.0,0.412,7.6,9.5,582.0,74.1,8.45
NW-RSN2063,0.045,3.5,3.48,0.024,0.00078,92.0,0.047,8.04,9.75,296.0,98.85,11.4
MD-36698778,0.087,8.38,8.35,0.04,0.0017,178.0,0.338,8.07,11.6,923.0,93.8,10.1
TH-PCNR0205,0.015,5.195,5.175,0.01975,0.000405,240.0,0.078,8.09,11.9,665.5,97.69999999999999,10.6
TH-PWAR0060,0.095,17.1,16.9,0.1125,0.00166,140.0,0.452,7.86,15.5,855.0,83.5,8.52
MD-26958780,0.0505,9.004999999999999,8.96,0.04505,0.000635,171.0,0.16,7.89,10.149999999999999,553.5,93.25,10.350000000000001
MD-47634020,0.015,3.1,3.075,0.0135,0.0003875,225.0,0.79,8.17,12.6,,89.95,10.03
AN-RSN0805,0.0745,5.05,4.99,0.0555,0.001335,195.0,0.0425,7.890000000000001,12.1,753.5,112.3,10.850000000000001
NE-49100068,0.0405,7.279999999999999,7.25,0.03515,0.0005549999999999999,290.0,0.074,7.975,10.149999999999999,1405.0,92.25,10.850000000000001
AN-LUDO7,0.0835,8.235,8.135,0.0612,0.001315,210.0,0.077,8.01,10.350000000000001,696.0,89.4,10.3
AN-WAV056,0.071,2.8899999999999997,2.705,0.0265,0.00082,300.0,0.10400000000000001,8.02,9.05,910.5,90.35,10.350000000000001
NE-49401019,0.015,1.24,1.24,0.002,0.000245,39.0,0.027,8.05,9.3,193.0,98.8,11.1
TH-PWER0089,0.015,4.52,4.505,0.013,0.000255,240.0,0.0825,7.75,12.0,625.0,91.6,10.2
SW-50250634,0.015,6.2,6.17,0.0148,0.00028,243.0,0.082,7.885,11.3,574.0,99.7,10.8
AN-RSN0128,0.015,0.1,0.098,0.002,0.000295,260.0,0.035,7.695,12.399999999999999,755.0,72.1,8.63
AN-YAR013,0.015,13.0,13.0,0.027000000000000003,0.0003225,265.0,0.51,8.01,12.05,833.5,91.75,9.995000000000001
AN-RSN0110,0.015,4.3,4.29,0.015,0.00028,190.0,0.005,7.97,9.2,566.0,93.9,11.2
NE-49000685,0.015,0.15000000000000002,,0.002,,17.0,0.005,6.96,6.5,161.0,94.35,
SW-70420102,0.015,4.8,4.765000000000001,0.0245,0.00046,120.0,0.13,7.975,11.1,400.0,98.35,10.75
MD-41066040,0.043,22.6,22.0,0.19,0.0001775,150.0,0.75,7.36,10.5,1772.0,68.75,8.24
AN-NENE640D,0.055,7.305,7.24,0.0503,0.00098,189.0,0.144,8.165,11.55,868.0,92.6,11.1
SO-G0006575,0.036,0.61,0.605,0.0042,0.00018,30.0,0.005,7.359999999999999,13.5,187.0,88.2,9.1
NW-88000609,0.225,5.369999999999999,5.23,0.09015000000000001,0.00198,224.0,0.261,7.62,11.7,694.0,66.1,7.595
NW-RSN0280,0.005350000000000001,0.44,0.439,0.0005,1e-05,14.0,0.0040999999999999995,7.16,8.5,95.0,96.5,11.4
TH-PRGR0003,0.479,3.6550000000000002,3.5700000000000003,0.104,0.00484,200.0,0.279,7.63,13.1,945.0,60.0,6.87
SW-A2270107,0.015,4.02,4.0,0.0108,0.0003,226.0,0.078,8.36,10.9,548.0,99.3,11.0
NW-88024605,0.040999999999999995,0.1,0.098,0.002,0.0002275,172.5,0.0245,7.63,8.6,431.0,68.8,7.324999999999999
SO-E0001734,0.041,3.7,3.66,0.017,0.00024,85.0,0.12,7.58,11.1,404.0,86.8,9.47
SW-E4001200,0.037,4.98,4.91,0.0264,0.00046,290.0,0.089,7.78,11.0,718.0,83.8,9.21
SW-RSN0285,0.015,2.6500000000000004,2.645,0.002,0.000275,185.0,0.044,8.11,10.75,447.0,96.25,10.7
SO-G0004155,0.015,0.1,0.098,0.002,7e-05,13.0,0.005,7.05,10.1,189.0,91.6,10.2
NW-88002667,0.216,6.12,6.08,0.0419,0.00122,140.0,0.083,7.47,9.2,588.0,85.1,9.41
SW-81915165,0.015,2.3,2.3,0.002,8.25e-05,21.5,0.005,7.445,11.45,178.5,100.0,10.8
NW-RSN0415,0.0053,1.4,1.4,0.0039,9e-05,130.0,0.021,8.335,10.8,288.5,97.7,10.7
AN-RSN1064,0.0023,0.94,0.938,0.0016,3e-05,340.0,0.029,7.88,10.6,738.0,84.1,9.34
SO-E0001692,0.015,5.5,5.46,0.0151,0.000295,141.0,0.11,7.92,11.05,626.0,93.75,9.995000000000001
SW-70817602,0.015,4.765000000000001,4.745,0.0071,0.0002925,69.0,0.03,7.9,11.5,282.0,96.1,10.45
SO-SSN1358,0.076,4.25,4.36,0.05,0.000655,270.0,0.059,7.484999999999999,14.45,702.5,60.3,6.07
MD-49903370,0.0395,6.245,6.225,0.02895,0.000785,229.0,0.123,8.235,10.850000000000001,693.0,97.4,11.7
AN-NENE240W,0.0525,11.649999999999999,11.6,0.053849999999999995,0.0009649999999999999,170.0,0.16,7.93,12.2,845.0,94.95,9.885
NE-SSN0109,0.008,0.014,0.011,0.0005,1e-05,12.0,0.0021,7.44,9.9,113.0,98.1,11.1
NE-49301157,0.0555,1.28,,0.0074,0.00034500000000000004,,0.005,7.55,9.8,212.0,95.6,10.8
NW-88002752,0.199,9.885,9.8,0.1012,0.00204,148.5,1.815,7.57,13.649999999999999,719.0,77.05000000000001,8.65
SW-82221863,0.015,3.93,3.93,0.002,3e-05,23.0,0.005,6.96,13.0,279.0,98.3,10.4
TH-PRTS0658,0.093,0.1,0.187,0.005849999999999999,0.00157,155.0,0.0325,7.79,13.25,640.0,74.0,6.42
NW-88025780,0.082,3.3,3.285,0.017,0.000365,130.0,0.036,7.295,9.05,508.0,76.94999999999999,8.254999999999999
NW-SSN0118,0.0093,6.1,6.07,0.0059,0.00015,240.0,0.0074,8.01,10.6,561.0,98.7,11.1
MD-54537900,0.057,4.8149999999999995,4.785,0.0246,0.000955,178.0,0.088,8.08,9.35,504.0,95.95,11.05
SW-81522004,0.015,2.3,2.3,0.002,0.000115,20.0,0.005,7.33,11.7,176.0,100.0,10.9
NW-88023677,0.063,3.9,3.88,0.03,0.00045,85.0,0.0525,7.44,10.6,414.0,90.9,10.7
AN-SSN0179,0.052,6.85,6.77,0.037,0.00030000000000000003,120.0,0.125,7.425000000000001,12.45,650.0,79.69999999999999,7.925
MD-54509300,0.034,3.5,3.48,0.0204,0.00057,174.0,0.112,8.19,11.15,593.5,97.35,10.9
MD-64499220,0.121,2.7,2.66,0.0391,0.00147,158.0,0.145,8.1,10.8,613.0,94.7,11.2
TH-RSN0410,0.0024000000000000002,10.0,10.0,0.0005,2e-05,240.0,0.0083,7.529999999999999,10.0,618.0,97.45,11.0
NE-49300730,0.0605,8.425,8.355,0.0576,0.00078,232.0,0.3965,7.92,12.1,1101.0,87.7,9.95
TH-PKER0039,0.042,6.245,6.23,0.0189,0.00096,231.0,0.0925,8.004999999999999,13.9,626.0,91.3,9.56
NW-88002181,0.0735,0.86,0.844,0.0161,0.0007000000000000001,114.0,0.037000000000000005,7.695,9.55,409.0,89.80000000000001,9.98
AN-WITHM,0.091,9.605,9.37,0.06625,0.00143,199.0,0.081,8.12,11.4,917.0,97.0,11.4
AN-RSN2121,0.038,12.0,12.0,0.018,0.0005,180.0,0.086,7.885,13.2,828.0,90.3,9.92
NW-88025829,0.015,0.1,,0.002,,2.5,0.005,6.0,10.2,29.0,101.2,
SW-60032022,0.015,5.265000000000001,5.25,0.0121,0.00042,324.0,0.1095,8.265,10.7,959.0,95.65,11.0
TH-PLER0129,0.34,3.2,3.13,0.11,0.00476,180.0,0.33,7.81,11.7,729.0,80.9,8.61
MD-42533380,0.04,7.1,7.03,0.042,0.00072,230.0,0.226,7.99,9.5,1052.0,82.7,9.61
AN-RSN0353,0.061,0.9199999999999999,0.911,0.00375,4e-05,29.0,0.013999999999999999,6.51,8.899999999999999,419.0,70.45,7.895
SW-50360511,0.015,8.965,8.95,0.02065,0.0002625,208.0,0.058499999999999996,8.07,11.3,563.5,99.05000000000001,10.65
SW-82112424,0.01635,4.0649999999999995,4.0600000000000005,0.004999999999999999,3e-05,14.0,0.02895,6.71,12.2,214.0,97.4,10.4
NW-88006451,0.015,0.41,0.4055,0.002,0.00018,64.5,0.005,7.83,9.2,192.0,100.2,11.9
NW-88004519,0.0095,0.27,0.269,0.0016,5e-05,14.0,0.0043,7.48,11.0,52.0,99.8,10.8
SW-70810529,0.015,7.045,7.035,0.0056,0.000205,93.0,0.035,7.8,11.2,340.0,92.0,9.92
AN-OWDR030B,0.31,6.1,6.09,0.068,0.00194,330.0,0.14,7.87,12.5,2360.0,91.6,10.9
SW-50220284,0.015,5.449999999999999,5.425000000000001,0.017,0.00036,200.0,0.114,8.08,11.1,523.0,95.5,10.6
AN-LARM050L,0.015,8.649999999999999,8.64,0.0135,0.00023500000000000002,245.0,0.028,8.165,6.449999999999999,683.5,98.25,11.95
AN-MIN035,0.24,10.1,9.91,0.126,0.00094,287.0,0.17,7.34,11.7,1078.0,47.0,5.08
TH-POCR0008,0.015,5.65,5.635,0.00995,0.000285,230.0,0.041,8.24,10.0,583.0,97.6,10.5
AN-DEB020,0.043,13.0,12.9,0.051949999999999996,0.00047,272.5,0.6565000000000001,8.0,10.9,1049.0,82.9,8.87
AN-WELL330U,0.015,7.0,6.97,0.0211,0.00026,210.0,0.155,7.99,10.5,784.0,86.7,9.64
TH-RSN1242,0.015,5.85,5.835000000000001,0.0165,0.0004,230.0,0.091,8.18,13.149999999999999,611.5,98.4,10.09
SW-82513920,0.076,5.5,5.47,0.025,0.00069,96.0,0.045,7.7,11.649999999999999,381.0,91.0,10.1
MD-20255380,0.015,7.6,7.56,0.0243,0.000355,227.0,0.507,7.96,10.1,620.0,90.3,10.1
MD-RSN0266,0.064,4.9,4.87,0.022,0.00099,130.0,0.16,7.85,12.6,489.0,93.6,9.93
SW-RSN0958,0.0034000000000000002,0.4,0.399,0.0005,2.5e-05,7.5,0.00485,7.4350000000000005,11.85,58.0,100.0,10.735
TH-PHMR0009,0.137,4.355,4.275,0.06895000000000001,0.00249,227.5,0.273,7.94,11.75,790.0,88.0,9.655000000000001
AN-STEP3,0.085,5.95,5.88,0.05,0.00125,200.0,0.076,8.03,11.7,707.0,91.35,10.6
MD-38473020,0.046,12.0,11.9,0.0552,0.00091,196.5,0.31,8.05,11.6,975.0,87.05,9.49
AN-RSN0261,0.015,8.2,8.16,0.0365,0.0003725,260.0,0.0595,7.86,11.9,816.0,87.1,9.56
SW-50210469,0.015,6.2,6.18,0.02,0.0002975,250.0,0.12,7.945,11.05,628.5,98.35,11.0
MD-RSN1514,0.23,5.75,5.65,0.061,0.001625,240.0,0.17,7.5,10.4,717.0,76.3,8.29
NE-49700078,0.015,0.55,0.546,0.002,0.000285,159.0,0.005,8.7,9.7,328.0,95.7,10.7
SW-81940805,0.015,4.73,4.72,0.0049,0.00013,45.0,0.019,7.54,12.2,276.0,98.3,10.6
TH-PRVR0035,0.0655,3.13,3.07,0.04485,0.00126,198.0,0.35,8.04,12.05,775.5,90.65,9.71
TH-PMLE0390,0.125,0.1,0.098,0.002,,19.0,0.045,,15.6,164.5,69.6,6.91
SW-91212023,0.035,1.06,1.06,0.0043,0.00013,36.0,0.03825,7.29,9.8,185.0,91.9,10.0
MD-51703600,0.015,4.525,4.525,0.002,,250.0,0.015,7.99,9.05,572.5,99.15,11.45
SO-RSN0089,0.022,6.5,6.49,0.010499999999999999,0.00038,245.0,0.0315,8.035,11.149999999999999,630.5,102.94999999999999,11.4
TH-PRGR0021,0.175,19.4,19.1,0.11499999999999999,0.0019000000000000002,100.0,0.4965,7.68,12.9,1009.5,92.6,9.38
MD-60866450,0.2,16.3,16.1,0.195,0.00211,143.0,1.29,7.8,10.3,700.0,84.0,9.45
NW-88005051,2.0149999999999997,1.23,1.1800000000000002,0.028499999999999998,0.005745,90.5,0.3815,7.18,9.95,354.5,64.55,7.445
TH-RSN0233,0.0125,8.1,8.09,0.0085,0.000205,240.0,0.042499999999999996,8.0,10.399999999999999,583.0,97.19999999999999,10.850000000000001
NW-88005845,0.163,3.58,3.5549999999999997,0.044399999999999995,0.00106,94.5,0.11,7.53,9.45,316.0,91.94999999999999,10.2
SW-70550329,0.015,1.1,1.1,0.002,0.00015,22.0,0.013,7.8,9.9,100.0,99.0,11.2
NE-49105136,0.015,0.73,0.729,0.002,0.0001,14.5,0.005,7.53,8.3,87.0,98.9,11.4
SW-73063202,0.015,1.47,1.47,0.002,0.000135,34.0,0.0138,7.6,10.2,136.0,98.0,11.3
SO-F0002050,0.052,0.43,0.341,0.0202,0.000525,161.0,0.12,7.61,14.0,560.0,59.4,6.56
NE-49105199,0.015,0.27,0.261,0.002,0.0002225,36.0,0.005,7.945,8.6,102.0,102.9,11.7
AN-ANT190,0.037,1.37,1.39,0.013,0.00067,200.0,0.017,7.965,12.15,960.5,86.7,9.36
MD-51963080,0.015,3.7,3.69,0.0063,0.00027,210.0,0.11,8.24,9.8,533.0,98.5,10.7
AN-56M06,0.033,8.4,8.32,0.0434,0.00039,230.0,0.062,7.87,11.95,765.0,86.8,10.1
NE-49000003,0.037,5.59,5.664999999999999,0.02255,0.00032,298.5,0.029,7.78,10.0,1018.5,81.55000000000001,9.43
AN-EST030,0.0485,6.65,6.62,0.0314,0.00026,216.0,0.0545,7.41,9.65,783.5,66.3,7.720000000000001
SW-70724103,0.015,0.1,0.098,0.002,8e-05,5.0,0.0022,7.14,10.5,54.0,99.0,11.6
NW-88024631,0.053,8.0,7.97,0.038,0.00083,180.0,0.44,7.9,13.4,706.0,86.3,9.06
MD-56436020,0.103,2.6,2.57,0.0241,0.00104,76.0,0.052,7.76,9.55,296.5,98.9,11.55
NW-88024186,0.096,9.12,9.05,0.0742,0.00178,150.0,0.325,8.0,10.2,822.0,108.8,12.2
MD-RSN0422,0.086,7.3,7.22,0.06,0.00131,190.0,0.19,7.81,10.7,874.0,85.6,9.29
AN-48M06,0.015,10.95,10.95,0.0292,0.0001975,260.0,0.099,7.84,9.5,746.0,86.1,9.62
AN-WILL110K,0.037,6.38,6.34,0.0356,0.00086,228.0,0.176,8.17,11.9,1290.5,95.8,10.4
MD-11294580,0.057499999999999996,4.6,4.5649999999999995,0.033350000000000005,0.000725,160.5,0.1515,8.024999999999999,11.9,853.0,93.19999999999999,10.75
NE-49600143,0.073,4.55,4.52,0.026,0.00109,161.0,0.037,7.96,10.5,539.0,90.9,9.9
AN-BARN080B,0.62,15.0,14.8,0.17,0.009255,230.0,1.2,7.9350000000000005,12.4,1008.0,80.7,8.44
MD-50900410,0.044,2.27,2.26,0.023,0.0004,95.0,0.038,7.960000000000001,8.4,352.5,92.0,11.0
NE-49700089,0.051000000000000004,5.16,5.14,0.0231,0.0006,262.0,0.0725,7.99,10.3,809.0,91.7,10.1
TH-PUTR0067,0.015,3.04,3.03,0.013,0.000335,276.0,0.048,8.24,11.6,672.0,94.7,10.0
NW-88009690,0.004699999999999999,0.1885,0.1875,0.00106,1.7500000000000002e-05,9.0,0.0005,7.41,8.8,47.0,101.15,11.55
AN-WITHG,0.14,10.4,10.2,0.071,0.00175,200.0,0.169,7.94,9.9,896.5,91.7,10.7
NW-88000856,0.17149999999999999,7.65,7.555,0.0905,0.00232,148.5,0.126,7.92,9.5,1312.0,88.6,9.97
SO-Y0004530,0.015,0.1,0.098,0.002,0.00014,97.5,0.015,7.39,11.5,325.0,74.0,7.615
SW-50280476,0.0345,5.905,5.859999999999999,0.038099999999999995,0.000525,209.0,0.0725,8.03,11.8,542.0,89.69999999999999,10.1
NW-88004395,0.015,1.55,1.54,0.002,0.00011,54.0,0.01,7.73,5.8,176.0,100.3,12.5
NE-49600464,0.0345,3.56,3.535,0.02645,0.00048499999999999997,239.5,0.005,7.995,9.35,686.0,89.65,10.2
SW-60590405,0.015,2.83,2.82,0.0051,0.00026,92.0,0.025,8.08,9.3,241.0,101.8,11.7
SW-RSN1685,0.0215,5.25,5.215,0.014,0.000415,230.0,0.0605,8.03,11.55,529.0,101.85,11.0
AN-RSN0929,0.015,17.0,17.0,0.042,9e-05,220.0,0.015,7.6,7.0,732.0,85.5,10.4
MD-SSN0177,0.043,16.0,16.0,0.0495,0.00031499999999999996,210.0,0.037,7.63,12.399999999999999,933.0,83.55,9.375
NW-RSN0040,0.048,1.45,1.4249999999999998,0.014,0.000745,110.0,0.11499999999999999,8.055,10.75,355.0,101.1,11.15
MD-37737020,1.565,9.155000000000001,7.625,1.365,0.07164999999999999,235.0,0.31,8.254999999999999,15.3,2166.0,73.95,7.09
NW-RSN0360,0.165,5.8,5.695,0.08399999999999999,0.00262,170.0,0.39,7.855,11.2,643.0,84.19999999999999,8.879999999999999
AN-GOULCEBY,0.048,7.2,7.175,0.027,0.0008,170.0,0.0785,8.094999999999999,10.100000000000001,583.5,97.05,10.850000000000001
NE-49400462,0.015,1.07,1.06,0.0058,0.000335,167.0,0.018000000000000002,8.12,9.1,477.0,96.4,11.2
SO-G0006952,0.015,0.22,0.216,0.002,5e-05,34.0,0.012,7.16,11.9,198.0,91.2,9.54
TH-RSN0617,0.015,5.4,5.390000000000001,0.0115,0.00030000000000000003,230.0,0.057999999999999996,8.23,11.2,577.0,99.6,11.0
SW-81010811,0.033,2.9,2.89,0.01,0.00047,150.0,0.022,7.87,11.6,2041.0,97.0,10.8
AN-HOGD090R,0.015,7.6,7.57,0.025500000000000002,0.000375,244.5,0.094,8.08,11.3,948.0,90.3,10.25
SW-RSN1087,0.0022500000000000003,0.0945,0.093,0.0005,5e-06,2.5,0.0005,6.66,9.95,42.5,99.35,11.2
MD-09922450,0.015,6.6,6.59,0.015,0.0002875,181.0,0.0215,8.03,11.8,578.0,83.44999999999999,8.870000000000001
NE-49700251,0.015,0.305,0.301,0.002,0.00024,113.5,0.005,8.18,8.350000000000001,248.0,94.75,11.15
AN-WAV113,0.036,2.21,2.175,0.02725,0.00037,311.0,0.0895,7.755,8.3,805.0,84.65,10.115
NE-49900012,0.015,3.915,3.9050000000000002,0.0155,0.000305,234.0,0.079,8.19,8.65,587.0,91.44999999999999,10.8
MD-SSN0031,0.0245,3.6,3.585,0.0125,0.0003925,235.0,0.1085,7.904999999999999,11.75,700.0,86.25,9.58
NE-RSN0460,0.081,1.5,1.48,0.025,0.00181,200.0,0.046,8.09,11.5,881.0,93.7,11.2
AN-04M10,0.032,6.0,5.985,0.015,0.00036,241.0,0.033,7.99,10.2,700.0,93.6,10.3
AN-CH0910,0.015,7.57,7.56,0.021,0.00035,258.0,0.044,8.24,13.4,789.0,93.2,9.7
SW-Z8480236,0.015,6.32,6.3,0.0162,0.00031,244.0,0.022,8.19,10.7,620.0,100.0,11.0
MD-RSN0790,0.015,9.9,9.879999999999999,0.024,0.00023,160.0,0.0995,7.69,11.2,542.5,87.85,9.795
NW-88023189,0.015,0.66,0.651,0.0069,0.00032,53.5,0.011,7.82,12.2,191.0,95.8,10.2
NE-49100550,0.015,1.1,1.1,0.002,0.00027,107.0,0.013,8.14,9.5,262.0,94.1,10.5
SW-82112121,0.015,4.1,4.05,0.0046,0.000135,19.0,0.025,7.37,12.6,236.0,100.0,10.7
NE-RSN0912,0.051500000000000004,8.8,8.765,0.0375,0.00103,270.0,0.18,8.035,10.25,1299.0,97.15,11.45
MD-61041500,0.074,2.7,2.68,0.018,,130.0,,7.71,10.4,377.0,95.7,10.51
MD-60867500,0.53,15.0,14.4,0.34,0.00472,124.0,2.04,7.6,12.3,690.0,81.0,8.71
MD-44049100,0.361,14.05,13.75,0.135,0.002285,169.5,0.7535000000000001,7.535,12.149999999999999,789.0,64.44999999999999,7.734999999999999
SW-RSN0199,0.0905,8.3,8.195,0.0785,0.0009350000000000001,115.0,0.125,7.645,10.5,400.0,89.65,9.61
SW-RSN0894,0.028999999999999998,5.1,5.07,0.019,0.0002,74.0,0.0345,7.5,12.649999999999999,290.0,91.85,10.4
MD-59014950,0.139,8.280000000000001,8.15,0.0875,0.00172,200.0,0.087,7.7,12.7,1015.5,84.5,8.86
AN-SKIT1,0.0575,11.7,11.6,0.0467,0.00082,240.0,0.087,7.92,10.0,942.0,98.3,11.6
SW-72911403,0.0255,3.0999999999999996,3.09,0.0139,0.00027,108.0,0.123,7.7,11.05,426.5,92.0,10.2
NW-SSN0406,0.79,1.3,1.17,0.065,0.00472,330.0,0.33,7.305,15.4,829.0,37.150000000000006,4.98
NW-88022522,0.015,1.52,1.46,0.002,,,0.032,7.67,10.3,473.0,95.6,10.8
SW-C0110000,0.015,6.1,6.09,0.018,0.0003525,240.0,0.08,8.004999999999999,10.0,588.5,99.2,11.149999999999999
MD-49709870,0.015,1.05,1.05,0.002,0.0001575,58.0,0.015,7.9,7.85,202.0,100.1,12.05
SW-RSN0259,0.0155,0.955,0.949,0.0029,0.00015,64.5,0.022,7.65,11.1,224.0,98.05,10.9
AN-WITB100T,0.015,11.15,11.15,0.0231,0.00043,230.0,0.323,8.2,10.1,766.0,94.2,10.4
NE-41000098,0.015,0.46499999999999997,0.462,0.002,8.5e-05,53.0,0.00825,7.78,8.5,179.0,97.6,11.649999999999999
AN-RA0530,0.0895,9.3,9.17,0.0659,0.000995,209.5,0.3705,7.75,10.25,989.0,82.45,9.614999999999998
SW-RSN1635,0.035500000000000004,3.7,3.6950000000000003,0.00955,0.000585,160.0,0.0785,8.05,11.45,393.0,94.75,10.45
MD-49710500,0.0096,1.05,1.05,0.002,0.00011999999999999999,67.0,0.013,7.905,8.100000000000001,226.5,101.25,11.75
NW-88024204,0.015,0.79,0.786,0.002,0.000265,73.0,0.0265,8.135000000000002,9.350000000000001,189.5,101.75,12.0
NE-49105201,0.015,0.1,0.098,0.002,0.000265,48.0,0.005,8.18,9.6,126.0,86.6,10.5
SW-81311024,0.015,2.6500000000000004,2.6500000000000004,0.002,9.5e-05,22.0,0.005,7.25,12.9,142.0,100.4,10.5
NW-88009654,0.0043,0.5685,0.5660000000000001,0.0011749999999999998,5e-05,25.5,0.013399999999999999,7.779999999999999,7.7,127.0,99.25,11.5
MD-RSN0375,0.028,6.5,6.46,0.041999999999999996,0.00047000000000000004,225.0,0.125,7.775,12.65,646.5,88.3,9.36
SW-81917255,0.015,2.6500000000000004,2.6399999999999997,0.00485,0.00026250000000000004,130.0,0.10250000000000001,7.755,11.2,466.5,95.85,10.850000000000001
NE-49100644,0.07200000000000001,3.06,3.01,0.047,0.0007149999999999999,224.0,0.10300000000000001,7.835,11.3,1287.0,90.2,10.8
NE-49700235,0.015,0.42,0.41600000000000004,0.002,0.0003225,130.0,0.005,8.315000000000001,12.25,259.0,99.0,11.0
NE-49500377,0.015,0.56,0.5575000000000001,0.002,0.00018,18.0,0.0079,7.765000000000001,9.8,101.0,102.35,11.5
AN-MD04,0.036500000000000005,1.63,1.62,0.01615,0.000455,223.5,0.3025,7.86,10.5,1099.0,81.1,9.16
NW-88023649,0.121,20.9,20.799999999999997,0.0847,0.000785,88.0,0.09,7.42,11.3,756.5,89.05,9.68
TH-PRGR0018,0.0635,11.0,10.9,0.0605,0.00055,150.0,0.384,7.57,11.4,943.0,70.9,7.81
SW-RSN0435,0.0235,3.05,3.035,0.016,0.00034250000000000003,79.5,0.051000000000000004,7.81,10.1,264.0,101.1,11.0
NW-88022197,0.075,1.1,1.09,0.0082,0.00038,142.0,0.044,7.6,7.4,328.0,92.7,11.0
MD-RSN1834,0.039,2.05,2.035,0.011,0.000605,200.0,0.11,8.2,10.350000000000001,487.5,97.8,10.5
NW-88003461,0.204,1.48,1.41,0.0424,0.00209,160.0,0.191,7.73,11.5,401.0,89.5,9.89
TH-PMLR0013,0.0505,1.2,1.1749999999999998,0.0125,0.000485,64.0,0.035,7.62,11.65,315.5,88.35,9.43
SW-60250592,0.065,4.6,4.57,0.035,0.00123,273.0,0.34,8.02,11.0,716.0,86.8,9.96
NW-88023232,0.234,1.64,1.59,0.0199,,240.0,,7.82,10.8,1054.0,87.5,9.77
AN-CRIG3,0.015,10.5,10.5,0.0371,0.000265,220.0,0.005,7.88,10.4,693.0,101.1,11.4
NE-49900204,0.0595,3.915,3.885,0.036,0.00117,229.0,0.234,8.07,10.3,764.0,88.6,10.2
SO-E0007052,0.5475000000000001,1.065,0.925,0.05165,0.00745,272.5,0.27649999999999997,8.06,11.5,7704.5,90.55,9.844999999999999
NE-49905195,0.015,0.48,,0.002,,34.0,0.005,7.79,4.4,87.0,129.0,
NW-88023208,0.03,0.42500000000000004,0.42200000000000004,0.002,0.0007375,24.0,0.014499999999999999,8.129999999999999,11.100000000000001,117.0,92.05,10.265
SW-RSN0099,0.0115,4.1,4.095,0.00525,0.00011,50.5,0.027000000000000003,7.79,11.45,259.0,98.45,10.6
TH-PUTR0014,0.015,6.005000000000001,5.994999999999999,0.0052499999999999995,0.0003,174.0,0.005,8.254999999999999,11.25,470.5,97.05,10.649999999999999
NW-88002573,0.052,3.09,3.06,0.0255,0.0006,167.0,0.055,7.87,9.7,544.0,95.0,10.7
MD-RSN1086,0.068,4.85,4.835,0.017,0.001075,230.0,0.225,8.02,11.0,741.0,92.65,10.350000000000001
MD-57406050,0.044,0.93,0.928,0.0059,0.00045,45.0,0.029,7.75,10.4,177.0,98.6,11.5
NW-88021142,0.015,0.76,0.756,0.002,0.00026,60.0,0.016,7.92,9.3,271.0,102.35,12.7
MD-SSN1432,0.032,5.300000000000001,5.279999999999999,0.0165,0.00042500000000000003,245.0,0.089,7.945,9.850000000000001,547.5,95.05000000000001,10.600000000000001
NE-49301886,0.062,7.69,7.65,0.0501,0.00112,144.0,0.822,7.855,11.0,802.0,87.25,9.975
MD-74655180,0.0605,7.15,7.07,0.06085,0.00112,267.0,0.501,7.865,9.65,1188.0,89.15,10.45
SW-81610210,0.0625,1.1,1.1,0.0045,9e-05,18.0,0.0165,6.9,12.2,213.0,93.5,9.79
MD-78376100,0.1795,1.71,1.69,0.02715,0.00155,175.0,0.0295,7.6899999999999995,11.25,891.5,84.35,9.254999999999999
AN-34M06,0.015,14.75,14.7,0.018,0.00017500000000000003,224.5,0.3705,7.6850000000000005,11.5,754.5,85.15,9.41
NE-49400287,0.015,0.995,0.99,0.0072499999999999995,0.00037,106.0,0.052,8.29,10.6,304.0,102.8,11.6
AN-BLY016,0.015,3.02,3.01,0.0189,0.0003,285.0,0.046,7.93,10.1,854.0,83.9,9.43
TH-RSN1825,0.015,4.7,4.69,0.011,0.0003,190.0,0.033,8.07,11.3,538.0,91.6,10.9
SO-G0004065,0.015,9.625,9.615,0.00695,0.000105,231.0,0.0265,7.54,11.45,601.0,85.94999999999999,9.23
TH-PEVR0081,0.015,5.95,5.9350000000000005,0.02,0.00028,220.0,0.155,7.98,10.2,593.0,89.9,10.4
TH-PRTS0003,0.038,6.5,6.48,0.021,0.00091,220.0,0.15,8.09,11.9,659.5,100.35,10.8
SW-A2290103,0.015,5.05,5.03,0.0152,0.00044,211.0,0.018,8.27,10.8,543.0,97.8,10.8
NE-49105224,1.5750000000000002,9.55,9.309999999999999,0.4505,0.0104,242.0,0.716,7.5,11.65,1549.0,71.6,8.004999999999999
AN-CR0215,0.0945,6.395,6.33,0.0618,0.001345,170.0,0.955,7.895,10.9,1030.0,78.6,8.69
AN-DOV090,0.0565,7.1,7.04,0.0475,0.00066,310.5,0.17,7.8,12.45,1091.5,86.65,9.16
MD-19335580,0.036,3.2,3.19,0.0178,0.00044,91.0,0.12,7.81,10.2,322.5,93.2,10.4
NE-49600468,0.015,1.18,1.18,0.002,0.00021,39.0,0.005,7.92,8.7,197.0,100.3,11.9
SW-70540110,0.039,2.96,2.94,0.017849999999999998,0.00049,59.0,0.077,7.835,10.9,231.0,98.3,10.75
MD-00044720,0.044,3.8,3.775,0.018,0.000595,89.5,0.132,7.89,11.9,341.0,93.9,9.965
NE-49000481,0.015,2.01,1.99,0.0057,0.00037,103.5,0.0675,8.145,9.9,456.0,99.1,11.5
MD-12563511,0.015,11.0,11.0,0.024300000000000002,0.00042750000000000004,280.0,0.12,8.305,10.1,935.5,98.75,11.0
MD-RSN1026,0.048,4.0,3.99,0.014,0.00065,110.0,0.14,7.76,12.7,318.0,95.5,10.2
AN-DUDDINGT,0.015,5.55,5.53,0.022,0.0003575,200.0,0.20500000000000002,8.01,11.0,792.5,94.85,10.3
SO-RSN1153,0.0375,0.5,0.496,0.002,0.000125,27.0,0.0225,7.1,12.9,173.0,95.80000000000001,10.35
NW-88000679,0.077,5.5,5.47,0.0439,0.00129,245.0,0.11,7.98,10.3,739.0,90.6,10.4
NE-49301888,0.0935,5.72,5.64,0.047049999999999995,0.00102,127.0,0.472,7.795,10.75,679.0,92.44999999999999,10.4
SO-F0002196,0.036,2.6500000000000004,2.51,0.02,0.00024,267.5,0.39,7.43,12.0,779.5,62.900000000000006,6.76
SO-G0003674,0.0475,2.62,2.5949999999999998,0.01825,0.00079,166.0,0.1045,7.945,11.25,591.0,87.94999999999999,9.75
NE-49600185,0.052,0.685,0.6665000000000001,0.0072,0.00056,54.5,0.028,7.79,9.8,235.0,90.6,10.2
NE-49905118,0.20500000000000002,5.845000000000001,5.675,0.078,0.00195,250.0,0.279,7.76,8.5,866.0,77.1,9.14
SO-RSN1053,0.052,3.8,3.76,0.031,0.00078,180.0,0.35,7.89,11.0,710.0,88.4,9.35
NE-RSN0656,0.087,3.25,3.205,0.0535,0.0015,240.0,0.11,8.184999999999999,9.899999999999999,683.0,92.9,10.6
AN-GIP169,0.059,11.0,10.95,0.0501,0.00112,255.5,0.6950000000000001,8.43,7.4,848.0,95.6,11.4
NE-49600151,0.015,1.17,1.17,0.002,0.00017500000000000003,47.0,0.005,7.82,8.2,188.0,97.19999999999999,11.350000000000001
NE-RSN1736,0.00625,0.0985,0.09705,0.0005,5e-05,2.5,0.0018,7.585,8.899999999999999,90.0,96.7,11.05
SW-Z7500122,0.28,24.6,24.5,0.0703,0.00284,130.0,0.32,7.745,12.0,1002.0,95.65,10.1
NW-RSN1740,0.1265,9.649999999999999,9.61,0.045,0.001745,155.0,0.325,8.0,10.899999999999999,537.5,92.5,10.02
MD-44505050,0.14100000000000001,6.2,6.15,0.0639,0.0026449999999999998,249.0,0.0735,8.08,11.149999999999999,914.0,94.1,10.649999999999999
AN-53M29,0.015,14.15,14.05,0.052000000000000005,0.00023999999999999998,210.5,0.22549999999999998,7.85,9.3,924.5,80.2,9.075
SW-RSN0919,0.009,3.0,3.0,0.0033,7e-05,39.0,0.015,7.52,12.8,216.0,98.3,10.6
MD-23538500,0.015,6.8,6.795,0.009500000000000001,0.000215,160.0,0.034,8.035,12.4,414.0,92.4,10.1
SW-82010131,0.015,12.0,12.0,0.00865,0.00015000000000000001,40.5,0.14500000000000002,7.48,12.8,418.0,97.7,10.1
NE-RSN2332,0.087,7.4,7.36,0.068,0.00134,180.0,0.93,7.88,10.3,1029.0,98.1,10.6
NE-49705093,0.015,1.18,1.18,0.0068,0.00035,117.0,0.042,8.2,10.35,296.0,98.7,11.1
SW-81120120,0.015,0.975,0.976,0.002,7e-05,12.0,0.0125,7.335,10.8,92.0,100.0,10.9
MD-51248440,4.55,9.7,9.335,0.33499999999999996,0.03385,215.0,1.3,7.585,11.399999999999999,,67.55,7.38
SO-Y0004519,0.015,0.28500000000000003,0.27849999999999997,0.002,0.00019,55.0,0.02,7.74,12.7,346.0,94.25,9.59
SW-82528011,0.015,3.25,3.23,0.0058,0.0001,26.0,0.025,7.38,11.4,176.0,98.4,10.7
SW-81913833,0.015,6.6,6.595,0.008199999999999999,0.000315,117.0,0.042499999999999996,8.06,11.9,427.0,99.05,10.649999999999999
NE-49400279,0.307,1.33,1.12,0.0176,0.00327,132.0,0.14,7.81,9.3,613.5,92.75,10.6
NE-49302160,0.062,3.6,3.55,0.0183,0.00054,126.0,0.052,7.725,10.0,838.0,89.44999999999999,10.3
AN-BARE8,0.049,13.0,12.9,0.09065000000000001,0.000815,223.5,0.3025,8.0,11.05,862.0,92.19999999999999,10.350000000000001
TH-PKER0137,0.038,5.29,5.27,0.013,0.00069,234.0,0.055,8.16,11.4,580.0,88.7,9.77
TH-RSN1689,0.11,2.3,2.27,0.039,0.00182,210.0,0.24,7.96,11.2,733.0,87.0,9.94
NW-88003895,0.3,2.5,2.47,0.067,0.00099,190.0,0.14,7.25,14.3,658.0,49.0,5.4
TH-RSN1646,0.0056,9.5,9.5,0.0059,8e-05,190.0,0.0037,8.33,9.6,501.0,103.8,11.5
MD-07166220,0.015,2.4050000000000002,2.4,0.007549999999999999,0.0003275,255.5,0.056,8.14,10.5,665.0,95.95,10.8
SW-Z1012340,0.032,5.715,5.695,0.022,0.00063,240.0,0.08,8.13,10.3,647.0,99.3,11.1
SO-RSN1037,0.034,2.3,2.28,0.01,0.00042,73.0,0.068,7.779999999999999,11.0,323.0,91.8,10.5
MD-SSN1420,0.0073,2.0,2.0,0.0018,8e-05,55.0,0.045,7.95,8.8,171.0,100.4,11.7
MD-38836400,0.015,8.62,8.6,0.0156,0.00024,211.0,0.077,7.88,9.0,1042.0,93.7,10.6
SW-Z5012805,0.015,6.3,6.28,0.0135,0.000385,251.0,0.0835,8.09,10.7,615.0,98.4,11.2
NE-49400759,0.0565,1.725,1.705,0.0152,0.00095,163.0,0.131,8.085,10.45,415.0,92.15,10.149999999999999
MD-50936350,0.489,8.545000000000002,8.425,0.1555,0.0043,140.0,1.9,7.82,10.3,,91.3,10.2
MD-29272820,0.095,3.2800000000000002,3.225,0.0379,0.00092,164.0,0.38,7.705,10.0,539.5,86.6,9.675
MD-SSN1356,0.083,1.9,1.87,0.029,0.00061,62.0,0.16,7.26,8.2,252.0,89.6,10.2
AN-27M41,0.1405,22.700000000000003,22.45,0.10350000000000001,0.001275,187.5,0.655,7.6,11.8,917.0,76.0,7.77
MD-37423200,0.23,10.8,10.7,0.0944,0.00298,270.0,0.357,7.92,10.3,2039.0,87.3,10.1
NE-49600495,0.015,1.26,1.26,0.0018,0.00015,45.0,0.0064,7.9,8.5,193.0,100.3,11.8
SW-E2030800,0.056,2.3499999999999996,2.32,0.024,0.00061,130.0,0.0535,7.88,11.3,366.0,92.8,10.1
MD-57464620,0.015,0.95,0.919,0.0056500000000000005,0.000345,130.0,0.0275,8.09,8.35,344.5,98.0,11.5
MD-10325540,0.055,6.84,6.82,0.0317,0.00078,220.0,0.648,7.95,11.6,919.0,90.0,9.72
MD-65793180,0.216,10.1,9.94,0.09,0.00255,147.0,0.928,7.7,11.45,878.0,84.45,8.925
TH-PTHR0026,0.047,3.8,3.78,0.013649999999999999,0.00043000000000000004,239.0,0.128,7.74,11.5,776.0,71.25,7.835
AN-RSN1257,0.0595,9.0,8.955,0.055999999999999994,0.001085,250.0,0.025,7.92,13.2,785.5,91.95,10.41
NW-88004387,0.015,0.842,0.837,0.00423,0.00018,39.0,0.0079,7.77,9.1,127.0,102.0,12.0
SO-G0003929,0.015,8.05,8.04,0.009,0.000275,230.5,0.031,8.04,11.1,591.0,103.3,11.2
AN-KYMEEAU,0.065,12.0,11.4,0.066,0.00073,220.0,0.086,8.02,12.149999999999999,890.0,96.2,10.35
TH-PLDR0003,0.0565,1.48,1.455,0.018,0.0007149999999999999,149.0,0.0805,7.725,12.3,502.0,73.75,8.1
MD-RSN1612,0.015,5.5,5.495,0.010950000000000001,0.00026,310.0,0.028499999999999998,7.97,10.5,2597.0,97.44999999999999,11.2
NW-RSN1092,0.068,3.1,3.07,0.055,0.000875,110.0,0.087,7.945,11.5,450.0,99.1,12.2
SW-81271225,0.018,0.92,0.913,0.0043,0.00023500000000000002,35.5,0.017,7.48,11.8,176.0,97.0,10.5
NW-88004014,0.015,0.1,0.098,0.002,0.0002275,24.5,0.005,8.02,7.75,87.5,100.3,11.649999999999999
NW-88023708,0.056,2.24,2.23,0.00779,0.00063,66.0,0.022,7.74,8.6,248.0,97.0,11.1
SW-70522662,0.062,4.2,4.18,0.0425,0.00072,183.0,0.291,7.8,9.2,602.0,85.0,9.74
SW-70420286,0.024,3.12,3.1,0.016,0.00027249999999999996,47.0,0.027,7.675000000000001,12.45,189.0,98.0,10.55
AN-RSN0846,0.027,1.6,1.545,0.019500000000000003,0.00042750000000000004,345.0,0.033,7.88,12.1,2178.5,91.0,10.325
TH-RSN0922,0.015,10.0,9.99,0.017,0.00035,230.0,0.059,7.79,11.8,667.0,89.6,9.85
MD-39325200,0.015,15.0,,0.0078,,310.0,0.12,8.06,7.0,865.0,97.1,
MD-RSN1218,0.11,9.0,9.004999999999999,0.0445,0.00205,190.0,0.14,7.93,13.1,839.0,93.3,10.2
MD-SSN1375,0.036,3.1999999999999997,3.18,0.0245,0.000415,180.0,0.13,7.775,10.8,500.5,93.69999999999999,10.25
SW-81930965,0.149,1.61,1.6,0.002,6e-05,16.0,0.025,6.34,11.5,260.5,93.7,10.2
AN-BEL043,0.039,8.850000000000001,8.805,0.033,0.000655,270.0,0.16,8.18,10.1,874.5,87.0,9.375
TH-PLER0077,0.0385,17.85,17.65,0.056,0.00077,181.0,0.34450000000000003,7.85,13.0,1047.0,89.95,9.28
NE-49905178,0.015,0.58,,0.002,,120.0,0.005,8.21,8.8,275.0,100.75,10.9
SO-E0001332,0.046,6.61,6.58,0.0227,0.0004,263.0,0.034,7.75,9.9,1290.0,90.4,9.85
AN-YAX025,0.051,12.3,13.2,0.036849999999999994,0.001025,270.5,0.15,8.02,11.3,974.0,93.3,10.6
TH-PCHR0028,0.015,7.76,7.74,0.028,0.000445,198.0,0.605,7.99,12.8,696.0,91.3,9.76
MD-39404200,0.015,12.25,12.25,0.007350000000000001,6e-05,330.0,0.246,7.27,11.0,1395.0,81.25,9.184999999999999
NE-49600451,0.109,7.015,6.965,0.049,0.00115,206.0,0.036,7.83,9.0,634.0,88.9,10.2
SW-Z9410101,0.0725,2.49,2.45,0.0324,0.001165,250.0,0.20650000000000002,8.035,10.6,622.0,90.6,9.475
AN-DUNSBYOB,0.0445,8.27,8.26,0.015,0.00030000000000000003,255.5,0.093,7.75,11.0,947.0,79.65,9.04
AN-RSN0913,0.015,5.45,5.43,0.0225,0.000375,280.0,0.051000000000000004,8.175,13.3,871.0,94.75,10.565000000000001
AN-SYWB040E,0.015,4.435,4.42,0.022949999999999998,0.0003575,140.0,0.017,8.08,11.7,515.5,93.5,10.149999999999999
AN-CA030550,0.158,6.17,6.11,0.0532,0.00204,270.0,0.15,8.06,10.6,876.0,87.6,9.86
TH-PCNR0186,0.06,14.0,14.0,0.027,0.000575,220.0,0.2925,7.56,14.2,866.0,86.9,9.06
AN-BRANTGS,0.08349999999999999,9.1,9.0,0.063,0.001245,230.0,0.091,7.995,10.55,926.5,89.85,10.3
MD-12152080,0.0385,4.65,4.625,0.03005,0.000815,170.0,0.1195,8.02,13.2,754.0,94.30000000000001,9.875
NE-49500499,0.0514,0.7435,0.734,0.002,0.00042,16.5,0.01415,7.73,7.85,139.5,101.7,12.0
AN-CR0253,0.057999999999999996,3.0,2.9349999999999996,0.036,0.00102,185.0,0.2595,7.96,11.15,1056.5,84.45,9.11
NE-49800093,0.056,2.2,2.16,0.019,0.0006399999999999999,54.5,0.0695,7.88,9.7,238.0,99.0,11.1
TH-PEVR0019,0.015,6.5,6.49,0.006,0.000285,242.0,0.005,8.02,10.6,627.0,95.0,10.6
MD-RSN0294,0.57,4.85,4.48,0.12,0.00541,280.0,0.265,7.68,12.4,1246.0,86.8,9.28
MD-48426580,0.067,1.9,1.87,0.024,0.00099,181.0,0.07,7.985,10.8,571.0,91.0,10.0
MD-37683200,0.043,2.63,2.6100000000000003,0.0171,0.00035999999999999997,189.5,0.005,7.76,10.1,627.5,83.2,9.02
AN-CHAT070M,0.039,3.7,3.7649999999999997,0.0175,0.000595,170.0,0.074,8.05,10.8,640.0,87.6,9.86
AN-WEN210,0.04,4.91,4.88,0.0321,0.00068,270.0,0.045,7.97,10.7,793.0,89.44999999999999,9.684999999999999
AN-41M17,0.034,6.050000000000001,6.015000000000001,0.032049999999999995,0.00045,289.5,0.2395,7.904999999999999,9.25,983.0,79.3,9.004999999999999
NE-41000375,0.015,1.13,1.13,0.0047,0.0002,57.0,0.011,7.98,11.0,176.0,99.2,11.4
NW-88001848,0.015,0.36,0.356,0.002,5.9999999999999995e-05,15.0,0.005,7.404999999999999,8.0,127.0,100.5,11.9
NW-88002588,0.095,6.9,7.03,0.035,0.00118,140.0,0.2625,7.89,12.2,518.0,94.3,10.075
TH-RSN1789,0.015,3.3,3.28,0.023,0.00013,75.0,0.0935,7.4,12.25,313.5,90.05000000000001,9.74
MD-24239640,0.015,5.119999999999999,5.105,0.0094,0.0002925,204.0,0.053,8.31,9.0,583.0,99.0,11.4
SW-SSN1339,0.32999999999999996,0.78,0.7605,0.0285,0.001485,175.0,0.14500000000000002,7.39,10.65,534.5,76.80000000000001,8.49
NW-88022942,13.4,3.005,2.85,0.06955,0.03435,298.0,0.005,7.279999999999999,9.7,1148.5,33.650000000000006,3.915
NE-49105204,0.046,16.7,16.6,0.06445000000000001,0.00066,254.0,0.056,8.11,7.35,931.0,96.4,11.5
SW-70630207,0.015,0.1,0.098,0.002,5e-06,2.5,0.005,6.38,9.0,39.0,102.1,11.7
SW-RSN0035,0.0039,0.85,0.848,0.0016,3e-05,17.0,0.013,7.47,11.4,96.0,98.8,10.6
NW-88009758,0.108,18.0,18.0,0.02935,0.00065,89.0,0.108,7.55,12.35,714.0,97.0,10.2
MD-RSN0242,0.015,2.5,2.49,0.011,0.00036,130.0,0.042,8.07,11.4,364.0,100.4,10.6
NW-88006391,0.015,0.88,0.876,0.002,0.0002375,160.0,0.031,8.285,8.35,341.5,101.4,12.05
NW-88001972,0.11,2.22,2.18,0.041,0.00118,40.0,0.1345,7.68,10.9,217.0,99.2,11.3
SW-81310254,0.015,3.4,3.4,0.002,0.00021,47.5,0.071,7.8,12.6,200.0,98.6,10.4
MD-30546120,0.139,8.92,8.87,0.0439,0.00106,160.0,0.19,7.65,10.3,548.0,80.6,9.03
SW-RSN1165,0.015,5.5,5.49,0.002,0.00026,250.0,0.14,7.8,11.9,581.0,86.8,9.31
NE-RSN2024,0.1,7.6,7.53,0.055,0.0012,240.0,0.4,7.99,12.0,797.0,86.75,9.54
SW-91251619,0.015,2.46,,0.0047,,24.0,0.035,7.39,11.2,151.0,96.7,
AN-LADE1,0.233,2.23,2.12,0.05,0.00265,321.0,0.03,8.035,11.75,2734.0,97.6,11.0
SW-50250326,0.0945,6.25,6.165,0.048549999999999996,0.001565,232.5,0.0895,7.99,10.65,558.5,94.30000000000001,10.4
NW-88023209,0.015,0.1,0.098,0.002,1.7500000000000002e-05,19.0,0.005,7.66,10.65,55.5,100.45,12.850000000000001
SO-E0000403,0.0385,4.699999999999999,4.655,0.020499999999999997,0.000355,68.5,0.24,7.58,11.399999999999999,394.5,92.80000000000001,10.45
SO-F0002272,0.043,3.41,3.39,0.0159,0.0003,70.0,0.108,7.64,12.9,349.0,97.2,10.2
SW-E2033500,0.015,6.1,6.09,0.009649999999999999,0.000335,245.5,0.0885,8.100000000000001,11.600000000000001,578.5,99.75,10.649999999999999
SW-82211932,0.015,2.5999999999999996,,0.002,,130.0,,8.115,12.95,536.5,99.95,10.579999999999998
MD-56546100,0.035500000000000004,1.5,1.49,0.012,0.000405,96.0,0.062,8.0,10.1,338.5,97.4,11.4
AN-27M38,0.043,6.35,6.34,0.0141,,260.0,0.005,,9.4,867.0,77.5,8.85
MD-04806980,0.074,3.6,3.56,0.038,0.00119,157.0,0.128,7.98,10.1,570.0,91.4,10.2
MD-H0000006,0.015,0.635,0.631,0.002,0.00028,148.5,0.0285,8.27,10.4,327.0,100.9,11.1
MD-22269560,0.032,8.4,8.38,0.0322,0.00048,242.0,0.2,8.024999999999999,10.25,886.0,92.6,10.3
SO-F0002322,0.046,1.1,1.09,0.01,0.00048,86.0,0.025,7.56,11.4,329.0,92.6,10.3
MD-38477915,0.041999999999999996,9.635,9.57,0.0561,0.0008049999999999999,190.0,0.257,8.114999999999998,12.350000000000001,1012.0,91.69999999999999,9.989999999999998
AN-CL0180,0.056,4.9,4.84,0.038,0.00077,200.0,0.842,7.63,13.1,794.0,70.2,6.85
SW-81940715,0.015,4.05,4.05,0.002,5.5e-05,37.0,0.005,7.2,10.6,257.0,97.5,10.9
SW-A3200404,0.24,7.11,7.08,0.0558,0.00431,306.0,0.146,8.13,10.1,703.0,90.7,10.6
NW-88000871,0.514,6.27,6.15,0.092,0.00574,155.0,0.311,7.79,11.9,2375.0,89.4,10.1
NW-RSN0284,0.018,0.63,0.62,0.00575,0.00023,69.0,0.0235,8.1,10.4,189.0,101.1,11.3
SO-G0004207,0.00955,0.13,0.128,0.0011,3e-05,14.5,0.0054,7.27,11.15,134.0,90.75,9.98
SO-F0003416,0.047,7.1,7.08,0.0388,0.00089,250.0,0.034,8.11,11.4,667.0,94.6,10.08
SW-50370169,0.06,7.285,7.235,0.0338,0.000755,195.0,0.39,7.795,11.4,571.5,86.1,9.655
AN-GIP070,0.077,3.555,3.51,0.044899999999999995,0.00115,301.5,0.26,7.84,11.600000000000001,946.0,80.69999999999999,9.440000000000001
SW-64200205,0.0545,0.21500000000000002,0.2485,0.0189,0.0007800000000000001,336.0,0.34199999999999997,7.74,10.8,885.5,66.75,7.68
SW-RSN0339,0.01015,1.8,1.8,0.0012499999999999998,3e-05,,0.0035,7.2,11.65,217.0,95.95,10.3
SW-81917411,0.045,5.68,5.66,0.02545,0.0002075,149.0,0.0635,7.52,12.1,584.0,84.8,8.870000000000001
MD-43534300,0.0495,17.7,18.95,0.0635,0.0007949999999999999,130.0,0.40800000000000003,7.98,10.05,615.0,94.8,10.0
SW-73062502,0.015,2.21,2.21,0.0059,0.000195,34.0,0.0421,7.6,11.7,154.0,96.4,10.4
SW-70110111,0.015,1.9,1.9,0.0042,0.000345,120.0,0.057,8.1,12.6,367.0,101.0,10.8
SW-RSN2267,0.0555,4.3,4.29,0.021,0.00058,120.0,0.10500000000000001,7.76,10.95,337.5,95.65,10.8
MD-23657300,0.033,4.53,4.51,0.0279,0.000605,176.0,0.39,8.2,10.9,633.0,97.85,11.149999999999999
SO-F0002658,0.042,1.8,1.79,0.0144,0.00062,185.0,0.069,7.96,11.0,555.0,89.8,10.1
SW-91221117,0.0245,1.8,1.79,0.00665,0.00017,34.5,0.036000000000000004,7.529999999999999,13.35,199.0,95.5,10.030000000000001
AN-RSN0030,0.027999999999999997,3.9,3.87,0.018000000000000002,0.000735,190.0,0.0056500000000000005,8.17,10.0,750.5,99.1,10.75
SO-G0003616,0.015,6.6,6.6,0.002,0.000115,223.0,0.015,7.56,11.2,562.0,94.6,10.4
MD-58729100,0.0575,2.21,2.27,0.022699999999999998,0.00094,187.0,0.0475,8.0,9.2,724.0,81.0,9.395
NW-88004560,0.015,0.414,0.413,0.002,0.000115,15.0,0.005,7.65,11.9,67.0,99.1,10.7
AN-TG215,0.048,5.52,5.505,0.0078,0.000665,143.0,0.3545,7.915,9.4,743.0,95.75,10.850000000000001
NE-49301838,0.066,3.6,3.57,0.032,0.00084,138.0,0.274,7.78,10.4,635.0,90.5,10.1
AN-LORDSDRN,0.4235,0.495,0.4695,0.02995,0.00553,320.0,0.0755,8.0,12.25,2354.0,106.05000000000001,12.2
AN-WAV060,0.042,4.7,4.715,0.0334,0.000745,290.0,0.094,7.98,11.2,1013.0,87.4,9.325
MD-76420300,0.046,9.64,9.620000000000001,0.042749999999999996,0.00063,231.0,0.11449999999999999,7.9,10.6,661.0,88.75,9.77
MD-48939020,0.0785,11.9,11.8,0.07775,0.00103,171.5,0.76,7.82,12.1,826.0,79.0,8.17
SO-G0003652,0.015,1.9,1.9,0.0073,0.000235,177.0,0.062,7.81,10.5,501.0,88.3,10.0
MD-08103100,0.037,2.89,2.875,0.01715,0.00059,269.5,0.2355,8.1,11.0,1212.0,95.0,10.05
NW-88005839,0.048,5.19,5.14,0.0244,0.00039,152.0,0.037,7.54,9.5,469.0,86.9,10.7
MD-41319100,0.015,7.91,7.81,0.0248,0.000345,324.0,0.141,8.09,9.4,1982.0,95.7,11.2
NW-88006203,0.015,1.62,1.61,0.00619,0.0003,89.0,0.0254,8.02,8.8,230.0,100.8,11.7
MD-51755105,0.053,1.2,1.18,0.016,0.00082,170.0,0.022,7.98,10.3,,99.2,11.1
SW-70230141,0.015,2.9,2.885,0.013,0.000445,195.0,0.10500000000000001,8.129999999999999,14.3,469.0,95.5,10.015
SW-E2270800,0.015,2.28,2.24,0.0341,0.000315,172.0,0.031,8.04,10.8,478.0,94.4,11.2
TH-PBNR0003,0.109,0.475,0.46299999999999997,0.01005,0.00048,53.5,0.039,7.4399999999999995,10.75,393.5,87.85,9.875
SO-F0002601,0.043,1.85,1.835,0.019,0.000585,130.0,0.0965,7.82,10.4,464.5,87.4,9.07
SW-82110766,0.015,1.6,1.6,0.002,2.75e-05,12.0,0.005,6.85,12.600000000000001,155.0,100.6,10.6
TH-PRTS0056,0.035,7.6,7.56,0.02,0.0006275,220.0,0.1835,8.19,12.3,700.0,100.5,10.850000000000001
TH-PPSR0003,0.015,6.4,6.385,0.009600000000000001,0.00034250000000000003,237.5,0.0485,8.16,12.0,607.0,96.5,10.3
MD-51248190,3.6,11.5,10.95,0.385,0.028700000000000003,210.0,2.0,7.57,12.15,,58.4,6.119999999999999
MD-70476840,0.0565,7.16,7.135,0.04,0.000775,203.5,0.23,7.9,10.1,893.5,89.05,9.9
MD-28224200,0.076,2.67,2.63,0.0292,0.00083,200.0,0.044,7.75,11.2,980.0,80.0,8.55
AN-RSN1105,0.155,0.42500000000000004,0.43549999999999994,0.023,0.001575,525.0,0.39799999999999996,7.949999999999999,12.95,4289.5,72.5,7.82
MD-58808780,0.015,6.550000000000001,6.525,0.0195,0.00033,210.0,0.089,8.09,11.95,693.5,97.0,10.1
MD-37366020,0.276,14.1,11.9,0.159,0.00207,158.0,1.74,7.62,10.8,851.0,71.85,8.09
NW-88002724,0.131,0.8,0.7789999999999999,0.015449999999999998,0.00098,242.0,0.131,7.65,9.350000000000001,824.5,59.349999999999994,7.28
NE-49600481,0.5055000000000001,0.74,0.719,0.020999999999999998,0.007105,213.5,0.1925,7.965,7.15,696.0,87.6,10.6
TH-PCRR0006,0.059,5.0,4.98,0.0495,0.0012799999999999999,185.0,0.24,8.175,12.75,733.0,101.94999999999999,11.1
TH-RSN2282,0.0265,5.75,5.71,0.024,0.00054,230.0,0.27,7.970000000000001,13.05,723.0,89.35,9.504999999999999
TH-PUTR0072,0.0785,12.5,12.45,0.04845,0.00089,199.5,0.28500000000000003,7.76,12.5,883.0,75.85,7.745
MD-00203410,0.015,3.1,3.1,0.002,0.000295,220.0,0.018,8.14,11.5,492.0,100.1,11.0
NW-88003880,0.49,4.1,3.97,0.086,0.00129,190.0,0.22,7.285,14.0,554.0,70.2,8.62
TH-PCNR0019,0.0565,8.0,7.9350000000000005,0.04485,0.00094,240.0,0.274,7.9,12.05,641.0,94.65,10.1
MD-46679620,0.015,3.0,2.99,0.00705,0.000285,190.0,0.0516,8.094999999999999,10.2,544.0,98.0,11.1
AN-GIP054,0.045,8.23,8.2,0.0354,0.0008,270.0,0.061,8.17,9.7,809.0,91.4,10.8
MD-56086680,0.077,2.6,2.5700000000000003,0.02205,0.0008,87.0,0.0655,7.92,9.0,350.5,97.9,11.35
AN-RSN2001,0.034,12.0,11.95,0.062,0.00047,250.0,0.29,7.845000000000001,12.05,932.5,83.25,9.615
TH-PWER0047,0.015,7.31,7.27,0.023,0.000265,237.0,0.005,7.855,10.850000000000001,598.5,96.9,10.35
NE-RSN0672,0.026,11.0,10.9,0.019,0.00033,180.0,0.026,8.14,9.1,665.0,100.2,11.9
MD-47519100,0.0235,6.5,6.495,0.0212,0.0005975,211.5,0.092,8.095,11.0,,93.85,11.0
AN-WOLD2,0.20500000000000002,8.149999999999999,8.05,0.11,0.0028399999999999996,245.5,0.72,7.98,13.2,925.0,86.9,10.3
TH-PTHR0472,0.076,1.5,1.49,0.016,0.00042,190.0,0.38,7.505,7.3,773.0,57.849999999999994,7.08
NE-SSN1281,0.5,0.16,0.143,0.017,0.0036,250.0,0.31,7.47,13.0,815.0,38.9,3.56
NW-88023584,0.1995,1.75,1.705,0.0429,0.00219,90.5,0.021,8.07,9.85,360.5,100.45,11.3
TH-PLDR0029,0.032,8.51,8.49,0.0207,0.0005124999999999999,170.5,0.12,7.99,12.35,674.5,87.4,9.065000000000001
NW-88022712,0.015,0.245,,0.002,,3.75,0.005,6.945,8.75,41.0,101.0,
NE-49000776,0.015,9.05,9.015,0.0255,0.000255,215.0,0.034,7.904999999999999,11.55,609.5,93.85,10.5
AN-RSN0418,0.017,7.7,7.69,0.0094,0.0003,270.0,0.011,8.11,9.4,715.0,105.4,12.0
MD-51705100,0.015,3.39,3.39,0.0042,0.000305,180.0,0.0305,8.015,9.75,500.0,99.2,11.4
SW-Z1520101,0.015,4.3,4.3,0.0048,,,0.011,7.82,11.9,592.0,88.5,9.48
TH-PLER0155,0.069,3.5,3.48,0.038,0.00131,187.0,0.229,8.03,11.7,760.0,94.7,10.4
SW-82211935,0.015,3.4,3.4,0.002,0.0003175,98.5,0.0385,7.825,14.05,425.5,99.5,9.969999999999999
NW-88024188,0.088,8.29,8.22,0.0686,0.00163,145.0,0.334,8.07,10.2,857.0,99.0,11.1
NW-88003969,0.0068,0.388,0.386,0.0015,0.00011,59.0,0.0091,7.97,8.5,147.0,101.5,11.6
SW-81201402,0.04,2.4,2.38,0.01,0.00026,46.0,0.13,7.555,11.399999999999999,218.5,94.0,10.3
AN-CTWTRMLF,0.035,10.45,10.8,0.048,0.00052,230.0,0.027,7.91,10.75,745.5,92.5,10.8
TH-PWRR0029,0.015,7.25,7.265000000000001,0.0081,0.000265,160.5,0.031,8.265,9.95,459.0,100.1,11.3
NE-49800045,0.040999999999999995,3.975,3.96,0.01795,0.0005175,123.5,0.055,7.93,11.25,470.5,94.5,10.350000000000001
NW-88022212,0.035,0.86,0.856,0.0044,0.0003225,70.0,0.04,8.11,9.2,199.0,100.75,12.2
NW-88000748,0.1625,13.850000000000001,13.8,0.0537,0.0012850000000000001,107.0,0.23399999999999999,7.61,12.5,690.0,89.7,9.41
MD-29499400,0.015,1.0,0.996,0.002,0.00019,24.0,0.011,7.85,8.2,113.0,99.1,11.2
NE-49500670,0.061,1.56,1.525,0.01795,0.000585,28.0,0.09555,7.73,9.4,212.0,99.2,11.5
NE-RSN0560,0.015,5.0,4.98,0.01,0.00048,270.0,0.027,8.195,9.8,786.0,95.5,11.25
NW-88002224,0.015,0.48,0.47600000000000003,0.002,0.000135,24.0,0.015099999999999999,7.635,9.100000000000001,106.0,97.95,11.350000000000001
NE-49300851,0.278,3.12,3.08,0.0687,0.00366,243.0,0.377,7.92,8.3,941.0,82.6,9.97
SW-70910356,0.015,2.9,2.9,0.0043,0.0001875,61.0,0.08049999999999999,7.6,11.9,234.0,96.4,10.4
AN-GREN020S,0.031,12.0,11.9,0.043,0.00041,245.0,1.4,7.88,12.1,900.0,91.5,9.79
SW-70720258,0.015,0.5834999999999999,0.581,0.00185,0.000115,17.0,0.00685,7.7,10.5,89.5,99.7,11.25
AN-STON060G,0.0405,4.3,4.29,0.019,0.000565,240.0,0.0895,8.03,10.6,713.0,87.5,9.5
SW-82310183,0.023,2.6,,0.002,,20.0,0.005,6.57,12.4,188.0,94.3,
SW-70230922,0.015,1.6,1.6,0.002,0.0001475,47.5,0.0365,7.7,11.149999999999999,186.0,97.85,10.6
SW-RSN1695,0.00295,0.255,0.254,0.0005,5e-06,,0.00115,6.95,10.7,53.0,99.9,10.9
NW-88023228,0.081,0.47,0.441,0.0066,0.0003,16.0,0.022,7.33,8.5,60.0,95.0,11.5
NE-49405137,0.0685,1.8,1.7850000000000001,0.0215,0.001205,92.5,0.13,8.184999999999999,12.5,312.0,100.25,10.899999999999999
AN-WEN275,0.0235,5.97,5.95,0.020700000000000003,0.00048,251.5,0.0615,8.07,11.3,747.0,90.55,9.53
MD-33232850,0.015,3.435,3.41,0.01795,0.000295,138.5,0.162,8.01,10.0,416.0,99.3,11.15
NE-49700222,0.010849999999999999,0.35,0.349,0.0013800000000000002,7e-05,17.0,0.00995,7.74,10.4,64.0,101.2,11.1
MD-RSN0118,0.015,6.0,5.99,0.016,0.000315,260.0,0.15,8.1,10.5,1697.5,93.5,10.25
SW-RSN0855,0.0125,1.35,1.35,0.0023499999999999997,5e-05,37.5,0.0485,7.324999999999999,10.149999999999999,186.0,98.05,11.100000000000001
NW-88024215,0.371,14.2,14.0,0.133,0.0016099999999999999,96.5,0.1595,7.475,10.15,755.5,75.4,8.600000000000001
NW-88025746,0.4,4.449999999999999,4.4,0.052000000000000005,0.000785,190.0,0.128,7.1,6.85,570.0,55.95,6.8100000000000005
SW-70720287,0.015,0.1,0.098,0.002,5e-06,2.5,0.005,6.6,10.149999999999999,42.0,100.05,11.4
NW-88003456,0.25,0.82,0.8075,0.0203,0.00273,124.0,0.18,7.82,10.0,296.0,90.9,10.3
MD-37219900,0.637,9.44,7.345,0.046,0.00199,168.0,0.005,7.27,8.7,1596.0,75.3,8.97
SW-73040602,0.062,4.8,4.76,0.02615,0.00035,55.0,0.122,7.51,9.95,284.0,91.5,10.25
SW-50440119,0.015,8.64,8.62,0.0168,0.00032,237.0,0.037,7.96,12.2,602.0,104.0,11.6
NW-88005669,0.015,0.155,0.152,0.002,0.000135,3.75,0.005,7.6,9.25,50.0,98.2,11.3
MD-42733050,0.064,10.85,10.75,0.061149999999999996,0.0009649999999999999,231.0,3.98,8.105,13.2,1137.0,89.4,10.05
NW-88005904,0.28,2.0,1.93,0.0445,0.001745,227.5,0.123,7.29,10.8,658.0,62.0,7.105
NW-88005734,0.015,0.62,0.616,0.002,0.0003,109.0,0.024,8.05,9.5,318.0,101.9,11.55
SW-E2041100,0.034,1.3,1.29,0.01,0.000365,194.0,0.081,8.1,11.7,534.0,94.7,10.2
MD-38471660,0.052500000000000005,11.7,11.7,0.051199999999999996,0.00112,203.0,0.30600000000000005,8.06,11.75,1064.0,86.94999999999999,9.475000000000001
NE-49905174,0.015,0.8,,0.002,,135.5,0.005,7.2,8.7,337.65,76.95,
NW-88023121,0.188,3.31,3.28,0.035,0.00221,132.0,0.251,7.905,10.9,522.0,93.6,10.45
NE-RSN1816,0.056,2.6,2.57,0.02,0.0011,160.0,0.06,8.06,11.5,471.0,98.3,10.7
AN-53M46,0.095,8.885,8.78,0.0526,0.00091,190.0,0.041,7.745,10.95,1092.0,81.1,9.03
SO-E0001706,0.048,4.5,4.48,0.0274,0.00048,83.0,0.131,7.63,12.5,417.0,86.7,9.73
NE-SSN1317,0.016,6.6,6.55,0.01,9e-05,99.0,0.12,7.5,11.5,403.0,78.7,8.33
SW-60031374,0.0335,7.845000000000001,7.835,0.017849999999999998,0.0007650000000000001,261.0,0.2295,8.2,11.9,846.0,98.9,10.7
AN-WILSFORD,0.0305,13.5,13.45,0.041999999999999996,0.0004125,220.0,0.16,7.95,10.95,860.5,87.65,9.785
SW-82510154,0.015,3.43,3.42,0.0048,9e-05,49.0,0.023,7.5,11.6,258.0,99.5,10.7
AN-ANCO4,0.052,8.0,7.91,0.046,0.00092,220.0,0.069,8.03,13.0,789.0,95.1,11.4
AN-BUR170,0.0595,3.795,3.775,0.027,0.000785,220.0,0.034,7.96,12.1,760.0,80.2,8.79
SW-70531612,0.225,6.07,6.03,0.0746,0.00237,192.0,0.226,7.87,10.3,523.0,85.9,9.69
AN-RSN0050,0.032,6.7,6.68,0.021,0.00063,240.0,0.27,8.015,12.149999999999999,739.0,85.95,9.305
NE-49302469,0.1265,5.29,5.17,0.1035,0.001265,157.0,0.619,7.74,10.45,997.0,95.19999999999999,11.2
NW-88020644,0.0925,2.12,2.085,0.03175,0.001,44.0,0.11349999999999999,7.745,10.0,231.0,97.15,11.2
MD-38714350,0.015,5.77,5.575,0.0143,0.0003075,266.5,0.0725,8.305,9.5,808.0,94.4,11.05
SW-70635819,0.03045,1.4849999999999999,1.48,0.006200000000000001,9e-05,17.0,0.02975,7.285,9.7,108.0,96.05000000000001,10.8
SW-SSN0648,0.0035,3.6,3.6,0.0015,4e-05,43.0,0.015,7.74,11.4,192.0,99.4,10.9
SW-82513918,0.040999999999999995,5.130000000000001,5.1,0.03185,0.00037,113.5,0.040499999999999994,7.72,11.8,407.0,93.2,10.4
NE-RSN1664,0.035,6.6,6.56,0.031,0.00063,280.0,0.059,8.04,8.7,812.0,92.1,10.9
SW-60030560,0.037,3.49,3.47,0.017,0.00072,246.0,0.072,8.04,10.5,595.0,96.9,10.8
AN-28M07,0.015,11.0,11.0,0.021,0.000295,260.0,0.6615,8.17,10.3,878.0,90.94999999999999,10.25
MD-64177220,0.0555,2.99,2.975,0.019700000000000002,0.00116,140.0,0.062,8.115,10.45,521.5,95.05,10.25
MD-36772580,0.078,9.3,9.34,0.0574,0.00131,190.0,0.231,7.97,11.3,979.0,89.4,10.1
MD-RSN0074,0.053,3.0,2.99,0.022,0.00058,270.0,0.11,7.8,11.2,740.0,88.8,9.76
AN-BRN050,0.015,12.2,12.2,0.0368,0.00033,229.0,0.149,7.82,10.8,766.0,101.8,11.9
AN-RSN1204,0.32,2.2,2.14,0.037,0.00311,290.0,0.11,7.74,10.2,1164.0,85.8,9.77
NW-88005878,0.091,3.795,3.745,0.02195,0.00052,149.0,0.059,7.75,11.1,423.0,79.1,8.49
NE-49100523,0.031,4.39,4.38,0.0218,0.0005,281.5,0.025,8.19,9.8,844.0,94.95,10.7
SW-RSN2107,0.067,3.0,2.98,0.023,0.00073,140.0,0.092,7.9,11.4,401.0,93.0,9.9
SW-RSN1502,0.0036,0.85,0.849,0.0005,1e-05,10.0,0.0066,7.13,10.7,72.0,100.0,11.1
TH-RSN1989,0.015,4.7,4.6850000000000005,0.0165,0.00023999999999999998,60.5,0.19,7.595000000000001,12.7,506.0,95.44999999999999,9.98
NE-SSN1361,0.13,11.0,10.9,0.094,0.00168,285.0,0.0805,8.065,11.350000000000001,937.5,94.25,11.350000000000001
AN-BILINGBK,0.0685,2.55,2.41,0.032,0.001085,205.0,0.033,8.02,11.75,709.5,87.5,9.555
AN-21M03,0.085,15.0,14.8,0.094,0.00098,220.0,0.25,7.8100000000000005,12.9,933.0,81.8,8.87
NW-88003824,0.015,0.45,0.441,0.002,0.00021,26.0,0.019,7.97,10.2,111.0,101.2,11.4
AN-NENE060K,0.041999999999999996,8.61,8.58,0.0412,0.0007650000000000001,200.0,0.385,7.995,11.45,766.5,92.65,9.934999999999999
MD-16289754,0.12,0.75,0.717,0.015,0.00109,290.0,0.005,7.6850000000000005,9.3,,89.1,10.2
AN-BT01,0.015,6.08,6.07,0.0239,0.000275,270.0,0.113,8.08,9.0,861.5,80.8,9.06
SW-Z4170214,0.015,6.75,6.744999999999999,0.0089,0.000265,249.0,0.048,8.15,10.0,650.0,98.8,11.3
SW-RSN0893,0.015,4.75,4.73,0.0175,0.0004225,200.0,0.11499999999999999,8.190000000000001,10.95,533.0,95.30000000000001,10.75
NW-RSN1196,0.0135,1.0150000000000001,1.0090000000000001,0.0041,0.000145,47.0,0.016,7.705,9.25,157.5,99.9,11.7
NW-88006289,0.015,4.154999999999999,4.15,0.0056,0.00028,98.5,0.031,8.16,9.6,306.5,100.94999999999999,11.55
TH-PTAR0010,0.015,9.15,9.11,0.031,0.00046,274.0,1.34,8.21,8.7,770.0,90.0,10.8
NE-49905168,0.015,0.45,0.446,0.002,0.0002625,79.0,0.005,8.23,9.05,195.0,93.6,10.850000000000001
MD-29757150,0.015,3.1,3.1,0.005,0.00026,110.0,0.089,8.01,9.1,391.0,95.3,10.6
MD-06114120,0.063,6.325,6.305,0.022600000000000002,0.00078,229.5,0.258,7.99,6.949999999999999,896.0,90.7,11.05
NE-49600176,0.0335,2.955,2.9450000000000003,0.01015,0.00042,116.5,0.025,8.01,8.6,377.0,94.9,10.7
MD-54219180,0.015,6.8,6.79,0.0147,0.00034,221.0,0.06,8.175,10.75,726.0,96.6,10.7
NE-49200128,0.015,10.7,10.7,0.0442,0.00035,188.0,0.013,7.92,9.0,569.0,92.4,10.8
NE-49200120,0.039,11.0,11.0,0.022,0.00055,200.0,0.035,8.04,6.9,637.0,94.3,11.6
SW-RSN1759,0.0805,5.2,5.13,0.062,0.001645,185.0,0.21,8.120000000000001,11.600000000000001,537.5,94.05000000000001,10.55
MD-10680080,0.035,5.715,5.695,0.019,0.000485,263.5,0.395,8.145,11.149999999999999,1051.0,96.55,11.15
SW-81271235,0.0194,0.905,0.8995,0.0042,0.00011,32.0,0.0156,7.4,11.45,161.5,96.30000000000001,10.4
NW-88005055,0.0043,0.272,0.271,0.0005,3.5e-05,7.0,0.0005,7.6,10.0,60.0,100.0,11.2
NW-88000745,0.015,1.76,1.75,0.0057,0.000315,64.0,0.014,8.15,10.0,232.0,102.2,11.9
NW-88023951,0.159,1.04,1.01,0.019,0.00144,100.0,0.025,7.84,10.4,456.0,94.4,11.0
SO-G0004167,0.032,0.21,0.206,0.002,0.00016,21.0,0.014,7.325,11.2,159.5,88.15,9.739999999999998
AN-NENE220H,0.0605,12.0,11.9,0.067,0.000815,160.0,0.165,7.81,13.3,829.0,91.6,9.68
MD-RSN0650,0.0395,4.4,4.38,0.019,0.0006050000000000001,265.0,0.16999999999999998,8.16,8.9,634.5,98.94999999999999,11.55
AN-44M12,0.287,11.2,11.1,0.0945,0.00343,308.0,0.136,7.96,5.5,897.0,95.7,12.1
MD-SSN0671,0.051,6.2,6.17,0.031,0.00085,350.0,0.2,7.98,11.5,779.0,91.9,10.6
NW-88023160,0.015,0.38,0.376,0.002,0.00023,35.0,0.005,8.1,9.1,125.0,100.2,11.4
SW-70826082,0.00425,0.1,0.09809999999999999,0.0005,5e-06,2.5,0.00145,6.995,9.5,42.0,100.5,11.3
MD-74380770,0.1015,8.065,8.01,0.069,0.001435,257.0,0.2215,8.0,10.6,917.5,91.0,10.2
SW-70232411,0.015,3.95,3.9400000000000004,0.0115,0.00044249999999999997,240.0,0.0635,8.195,10.649999999999999,593.0,97.9,10.9
NW-RSN0024,0.005,0.31,0.309,0.0005,7.500000000000001e-06,7.5,0.0015,7.175,8.95,68.0,100.0,11.3
NW-88000715,0.092,9.21,9.11,0.051,0.0012,177.0,0.677,7.99,10.3,794.0,85.3,9.43
SO-E0000637,0.025,1.96,1.94,0.013,0.000275,63.0,0.049,7.73,11.8,290.0,93.0,10.1
AN-BR0316,0.015,8.74,8.705,0.015,0.00042,263.0,0.042,8.15,11.6,795.0,93.8,10.3
MD-50306265,0.1,12.15,12.05,0.05895,0.00083,130.0,1.4,7.735,10.6,,83.4,9.02
AN-GWSH235C,0.015,8.24,8.215,0.019,0.00030000000000000003,220.0,0.0865,8.02,10.05,786.5,91.4,10.05
SW-73012702,0.015,2.5,2.49,0.0049,0.00025,77.0,0.024,7.8100000000000005,10.1,288.0,98.2,11.0
MD-58808870,0.015,6.7,6.68,0.025,0.000395,210.0,0.11,8.02,11.0,707.0,98.0,10.7
MD-04787610,0.047,10.0,9.98,0.044,0.00088,170.0,0.16,7.965,11.9,873.0,93.9,9.88
SO-F0003006,0.034,4.845,4.835,0.0135,0.00027,152.0,0.14150000000000001,7.609999999999999,10.1,458.0,85.7,9.5
TH-PTAR0051,0.015,10.8,10.8,0.0387,0.00048,259.0,0.645,8.15,10.3,823.0,84.9,10.2
NE-49400676,0.1305,3.55,3.48,0.05455,0.00162,128.0,0.37,7.85,10.45,620.5,93.55,10.5
AN-ST0120,0.0525,6.15,6.115,0.044,0.000955,250.0,0.11499999999999999,8.15,11.8,830.5,95.8,10.7
AN-RSN1084,0.0615,10.0,9.965,0.036000000000000004,0.00111,215.0,0.155,8.135000000000002,10.9,839.0,95.25,10.85
MD-56590020,0.164,2.4,2.32,0.0405,0.00137,82.0,0.0765,7.69,10.9,296.0,88.5,9.58
SW-A3240101,0.015,5.25,5.24,0.0061,0.0003075,270.0,0.063,8.16,11.149999999999999,644.0,100.25,11.1
NW-88003430,0.015,0.865,0.861,0.00465,0.000335,161.5,0.035500000000000004,8.27,8.25,345.5,101.65,11.95
AN-NETL8,0.65,5.7,5.52,0.08,0.0117,260.0,0.11,8.065000000000001,10.45,809.0,91.4,10.3
AN-ANT120,0.0655,1.5950000000000002,1.57,0.0193,0.00058,220.0,0.0275,7.695,12.2,866.5,77.2,8.23
SW-72920377,0.036500000000000005,1.865,1.8450000000000002,0.0093,0.00026999999999999995,32.5,0.0475,7.6,10.3,174.5,95.15,10.7
SO-G0006988,0.015,7.9,7.89,0.0099,0.000155,260.0,0.033,7.74,13.0,624.0,96.1,10.0
NW-88003524,0.058,2.085,2.05,0.024,0.00096,115.0,0.18,7.96,10.8,362.0,97.5,10.5
MD-41820270,0.033,7.36,7.3,0.0344,0.00051,290.0,0.1745,8.15,11.2,1650.0,96.2,11.350000000000001
AN-REDBRIDG,0.051,12.35,11.899999999999999,0.05845,0.000645,240.5,0.28049999999999997,7.97,10.3,945.0,87.8,9.82
NW-88002406,0.073,1.2,1.15,0.021,0.00151,140.0,0.0455,8.09,10.4,476.0,99.1,11.2
SO-F0002886,0.047,4.215,4.19,0.025,0.00048,123.0,0.078,7.76,12.2,407.5,87.85,9.41
SO-RSN2057,0.036,2.2,2.08,0.038,0.00049,210.0,0.041,7.81,14.2,944.0,83.8,9.59
SW-81511046,0.015,7.0,6.99,0.0074,0.0002325,76.0,0.027,7.9,11.7,334.0,99.6,10.7
NW-88003423,0.015,1.11,1.1,0.0071,0.000385,98.0,0.044,8.11,10.05,287.0,99.85,11.649999999999999
MD-SSN0009,0.015,10.0,9.99,0.013,0.000345,350.0,0.14,8.059999999999999,10.45,875.0,93.8,10.8
MD-03341300,0.052,4.95,4.925,0.0315,0.001,262.5,0.255,8.03,12.3,720.0,92.5,9.86
MD-50913025,0.164,9.01,10.0,0.0919,0.00028,93.0,0.462,7.16,12.7,603.0,85.1,9.305
NE-49105202,0.015,0.28,0.216,0.002,0.000255,46.0,0.0049499999999999995,8.125,7.9,145.5,90.4,10.3
AN-RSN0433,0.015,9.5,9.48,0.016,0.00015,270.0,0.092,8.14,4.4,890.0,100.6,13.3
AN-01M15,0.015,5.73,5.72,0.0119,0.000265,260.0,0.049,8.21,9.5,732.0,90.3,11.0
NW-88023336,0.2865,1.565,1.54,0.02175,0.000745,121.5,0.058499999999999996,7.295,8.2,570.5,63.25,7.3100000000000005
MD-42254020,0.044,11.649999999999999,11.6,0.0525,0.000505,228.0,0.7545,7.77,10.8,2290.0,89.65,9.675
SW-60260103,0.457,6.16,5.93,0.097,0.00693,220.0,0.203,7.93,11.7,705.0,86.2,9.57
NW-RSN0607,0.010499999999999999,1.3,1.3,0.0049,0.00025,53.0,0.012,8.29,11.65,170.0,110.75,12.3
AN-TAS092,0.039,5.9,5.86,0.035500000000000004,0.00083,301.5,0.20500000000000002,8.105,12.05,908.5,91.85,9.629999999999999
NE-49600478,0.015,4.55,4.55,0.002,0.00022,131.0,0.005,8.06,9.2,421.0,98.1,10.9
SO-F0002274,0.0575,4.35,4.325,0.01935,0.000295,65.0,0.1735,7.535,12.399999999999999,363.0,94.0,10.3
SW-70721066,0.237,4.05,3.97,0.052,0.0032500000000000003,150.0,0.12,7.779999999999999,12.25,370.0,90.5,9.7
SW-RSN1181,0.0715,6.6,6.550000000000001,0.0505,0.0016,260.0,0.09,8.3,10.75,630.5,95.25,10.4
NE-49100552,0.015,0.885,0.881,0.002,0.0002375,105.0,0.005,8.17,7.9,245.0,91.6,10.4
SO-G0003900,0.015,7.7,7.69,0.012,0.0003325,233.0,0.033,8.06,11.9,586.0,98.85,10.9
NW-88003428,0.015,0.4,0.396,0.00315,0.0003325,150.0,0.019,8.25,11.35,356.5,106.45,12.55
TH-PMLR0323,0.015,2.65,2.65,0.002,,16.0,0.005,,17.1,195.9,91.8,8.83
AN-CAAR100G,0.066,0.42,0.365,0.0246,0.00101,210.0,0.0235,8.1,11.7,564.0,90.0,9.65
SO-E0007312,0.015,8.8,8.75,0.0235,9.25e-05,270.0,0.022,7.415,11.0,775.0,51.900000000000006,5.515000000000001
MD-RSN1070,0.047,4.3,4.28,0.018,0.00053,260.0,0.023,7.81,10.1,832.0,94.0,10.3
NE-RSN0580,0.0825,3.9,3.87,0.011,0.0011875,180.0,0.0076,7.859999999999999,9.55,1030.5,87.15,10.0
NW-88024632,0.247,6.095,6.0,0.08324999999999999,0.0015,180.0,0.28,7.665,11.55,531.5,77.4,9.075
MD-47511500,0.03,7.0,6.95,0.027,0.00045,210.0,0.15,7.95,11.7,799.0,88.1,9.6
AN-FRO040,0.067,8.55,8.485,0.07375,0.00072,309.0,0.877,7.635,11.0,1097.0,65.15,7.16
NW-88023028,0.032,0.245,0.241,0.002,0.0002825,49.5,0.0285,7.87,8.25,138.5,99.3,11.55
MD-10929340,0.015,5.25,5.235,0.0169,0.00033,210.0,0.134,7.925,11.55,968.5,90.55,9.92
NW-SSN1398,0.005350000000000001,0.705,0.7004999999999999,0.0012,0.000105,97.0,0.061,8.21,10.45,269.0,100.25,11.1
NW-RSN1159,0.038,0.34,0.337,0.0056,0.00014,91.0,0.034,7.5,10.2,210.0,93.6,11.1
SW-72913412,0.015,2.8,2.79,0.0061,0.000445,54.0,0.032,8.0,12.3,247.0,99.6,10.8
MD-50896230,0.0925,5.8,5.734999999999999,0.05085,0.00131,218.0,0.5894999999999999,7.85,10.5,1591.5,90.45,9.965
SW-81020103,0.023,1.85,1.845,0.005350000000000001,0.00035749999999999996,53.5,0.059500000000000004,7.8,12.2,209.0,97.6,10.5
SW-82211922,0.015,4.85,4.85,0.002,0.0002525,121.0,0.019,7.845,12.4,480.0,97.6,10.55
SW-RSN0711,0.0175,3.3,3.27,0.013,0.000295,155.0,0.046,8.09,11.5,445.5,94.0,10.8
SW-RSN0343,0.0135,1.7000000000000002,1.695,0.0045,4e-05,24.0,0.0195,7.279999999999999,11.1,112.5,96.65,10.75
SW-RSN1115,0.0055,0.325,0.324,0.0005,5e-06,,0.0024999999999999996,6.075,12.05,62.0,99.69999999999999,10.649999999999999
MD-38419100,0.015,2.55,2.55,0.002,0.0003225,151.0,0.994,8.055,12.2,683.0,90.94999999999999,9.74
NE-49400689,0.21500000000000002,2.5549999999999997,2.54,0.04845,0.00292,223.0,0.0665,8.02,10.9,1005.0,93.6,10.4
SW-50280726,0.034,6.55,6.54,0.0091,0.00018,54.0,0.064,7.45,10.5,342.0,87.3,9.4
SW-RSN0515,0.0395,3.05,3.035,0.0115,0.00042500000000000003,140.0,0.041999999999999996,7.890000000000001,9.15,357.0,92.95,10.4
SW-60090101,0.038,6.03,5.98,0.0339,0.0006,249.0,0.305,8.13,10.3,647.0,93.9,10.6
AN-MAFD1,0.048,6.775,6.51,0.046,0.00073,203.5,0.1,8.035,11.55,814.0,91.4,10.5
SW-73030162,0.015,1.35,,0.0041,7.500000000000001e-05,,0.036,7.4350000000000005,11.3,217.0,99.15,
SO-G0006903,0.019,0.13,0.125,0.0029,3e-05,19.0,0.024,7.01,14.5,154.0,88.6,9.35
SW-RSN1119,0.01075,0.57,0.563,0.0019,8.5e-05,34.0,0.010499999999999999,7.595,11.649999999999999,144.0,97.75,10.4
NW-RSN0748,0.008,0.68,0.674,0.0018,5e-05,30.0,0.01,7.44,10.4,97.0,101.5,11.2
AN-PORTERSL,0.45,2.2,2.16,0.056,0.005325,380.0,0.14300000000000002,7.85,11.75,10177.0,83.1,9.575
MD-61023500,1.895,16.55,16.15,0.3255,0.01645,131.5,3.2,7.6,14.399999999999999,715.0,73.35,7.960000000000001
MD-50013180,0.058499999999999996,3.8,3.77,0.026,0.0011,210.0,0.0985,8.24,10.850000000000001,602.0,97.45,10.9
AN-SSN1321,0.017,3.8499999999999996,3.84,0.0097,0.00027499999999999996,,0.079,8.08,12.0,650.0,100.5,10.8
SW-70630291,0.015,0.98,0.976,0.002,8.5e-05,14.0,0.018,7.42,11.9,95.0,100.2,10.9
MD-50896050,0.11,5.9,5.8,0.049,0.00168,174.0,0.49,7.92,10.0,1446.5,95.2,10.8
NW-88003154,0.015,0.865,0.86,0.00485,0.000275,86.0,0.1145,8.04,10.399999999999999,194.5,96.9,10.8
TH-RSN0865,0.023,7.9,7.869999999999999,0.0295,0.00027,270.0,0.375,7.93,10.55,877.0,90.1,9.9
SW-70620509,0.015,2.495,2.4850000000000003,0.0049,0.00030000000000000003,98.0,0.061,7.9,12.1,294.0,98.8,10.8
MD-10325700,0.031,4.2,4.19,0.013,0.0004,220.0,0.21,8.05,7.6,855.0,92.7,11.1
NE-49100522,0.015,2.9,2.89,0.0084,0.000315,153.0,0.026,8.129999999999999,9.25,401.0,100.1,11.4
NE-49301202,0.015,4.15,4.140000000000001,0.0087,0.0002875,99.5,0.0175,7.859999999999999,9.7,477.0,96.7,11.0
TH-PTHR0083,0.037,7.0,6.98,0.024,0.00064,210.0,0.13,8.11,11.2,659.0,94.5,10.4
MD-H0000089,0.015,4.1,4.1,0.0053,0.00031,140.0,0.005,8.13,10.7,344.0,101.0,11.3
MD-48705170,0.015,5.6,5.58,0.021,0.000365,260.0,0.219,8.32,10.5,834.0,98.9,11.2
SW-A3190201,0.015,2.7,2.69,0.0095,0.00037,288.0,0.087,8.08,9.7,661.0,94.8,10.9
SW-82311952,0.015,2.4,,0.002,,56.0,,7.325,11.45,353.5,101.8,10.254999999999999
SW-81261152,0.015,0.79,0.786,0.002,0.00013,16.0,0.0107,7.6,12.2,99.0,97.5,11.4
NW-SSN1282,0.018,1.6,1.59,0.0047,9e-05,230.0,0.02,7.52,10.8,473.0,86.2,9.68
SW-91210131,0.036,1.69,1.67,0.011,0.00021,46.0,0.042,7.5,11.9,211.0,93.8,10.1
NW-88003828,0.015,0.4,0.398,0.0023,0.00024,30.0,0.021,7.855,11.100000000000001,109.5,98.9,11.0
AN-27M44,0.0235,3.5949999999999998,3.58,0.01695,0.00023500000000000002,307.5,0.027,7.79,10.5,754.0,88.6,9.235
SO-E0000362,0.074,4.96,4.92,0.032,0.00091,120.0,0.17,7.83,12.7,500.0,91.6,10.0
NW-RSN1056,0.05,5.35,5.3149999999999995,0.032,0.0011099999999999999,245.0,0.225,8.1,12.5,763.0,90.9,10.25
SW-81420269,0.072,6.74,6.73,0.00425,0.0003,50.0,0.043,7.5,11.2,248.0,96.2,10.4
NW-88006477,0.04,1.02,1.01,0.0073,0.00024,73.0,0.045,7.6,8.1,208.0,97.0,11.5
MD-56087700,0.104,2.91,2.88,0.0316,0.00103,83.0,0.102,7.745,9.95,355.0,96.5,11.2
SW-81611080,0.015,1.58,1.58,0.002,8.750000000000001e-05,15.0,0.012,7.13,11.5,138.0,99.0,10.7
AN-BB0104,0.015,5.37,5.37,0.0207,0.00044,224.0,0.181,8.1,10.9,696.0,96.3,10.4
SW-70591040,0.032,4.77,4.72,0.0201,0.00034,85.0,0.113,7.8,10.1,308.0,95.0,10.7
NW-88021019,0.015,0.52,0.517,0.002,9e-05,18.0,0.005,7.585,10.7,89.5,101.30000000000001,11.4
SO-F0002804,0.06,1.81,1.79,0.023,0.00069,77.0,0.087,7.715,12.0,372.0,86.2,8.95
NE-49500343,0.26,5.02,4.88,0.0872,0.00225,70.0,0.38,7.6,10.7,556.5,90.7,10.1
SW-50210209,0.015,6.2,6.18,0.014,0.0003075,231.0,0.068,8.11,11.1,579.0,100.7,11.1
AN-WELL220W,0.031,4.65,4.63,0.02065,0.000445,192.5,0.255,7.99,11.55,744.0,88.95,9.615
SW-E3181400,0.097,1.71,1.67,0.0241,0.00091,217.0,0.119,7.87,10.6,602.0,87.7,10.1
MD-15779320,0.015,3.935,3.92,0.014,0.000395,207.0,0.11,8.2,10.6,494.0,94.5,10.6
NW-88000758,0.0665,2.755,2.74,0.01825,0.00092,78.0,0.048,8.05,9.100000000000001,308.0,99.2,11.55
AN-NENE490F,0.059,11.0,10.9,0.048,0.00097,179.5,0.159,7.945,12.15,856.0,93.5,10.35
SO-RSN0457,0.023,5.949999999999999,5.9350000000000005,0.024,0.000255,45.5,0.12,7.665,9.15,375.5,90.95,10.7
NW-88003457,0.015,0.59,0.586,0.002,0.000275,57.0,0.0265,8.17,9.7,167.0,102.0,11.9
TH-PCNR0070,0.015,4.5,4.48,0.014499999999999999,0.00019999999999999998,270.0,0.0275,7.795,11.55,656.0,89.45,9.56
SW-81020186,0.015,0.27,0.266,0.002,1.5e-05,2.5,0.005,6.65,10.7,50.0,100.6,11.1
NE-RSN0496,0.0595,3.4,3.37,0.025,0.0007,160.0,0.0445,8.120000000000001,7.6,502.5,95.45,11.399999999999999
SW-81511737,0.015,3.6,3.6,0.002,0.0001225,34.0,0.022,7.45,11.7,209.0,98.7,10.7
SW-RSN0493,0.034,6.65,6.62,0.0335,0.00057,220.0,0.08,8.120000000000001,9.5,562.0,95.0,11.0
MD-RSN1094,0.058,8.25,8.22,0.036500000000000005,0.0013,180.0,0.23,8.04,13.25,831.5,97.5,10.2
SW-70813384,0.015,5.85,5.84,0.0084,0.0002325,63.0,0.027,7.795,13.25,268.5,98.19999999999999,10.25
AN-ST1415,0.015,7.1,7.08,0.036,0.000275,270.0,0.24,7.95,12.2,865.0,91.6,10.1
MD-42488110,0.0225,7.71,7.7,0.027,0.0003925,230.0,0.135,8.1,11.3,925.0,92.35,10.3
AN-RSN0862,0.015,7.6,7.59,0.043,0.000355,220.0,0.14,8.04,7.0,709.0,87.9,10.7
SO-E0007050,0.045,3.8049999999999997,3.79,0.02135,0.00063,283.0,0.016,7.8100000000000005,12.0,762.0,82.35,9.045
TH-PKER0043,0.015,5.8,5.79,0.0126,0.0002925,248.0,0.0335,8.155000000000001,11.4,589.5,95.44999999999999,10.25
AN-44M31,0.047,7.4399999999999995,7.41,0.0295,0.0008799999999999999,288.0,0.052500000000000005,8.024999999999999,9.3,855.5,90.7,10.7
MD-37849100,0.043,7.25,7.16,0.045399999999999996,0.0006249999999999999,220.0,0.23,7.99,10.4,967.5,93.0,11.1
SW-91211365,0.11,1.61,1.6,0.0109,0.00033,42.0,0.102,7.28,9.5,180.0,93.3,10.6
SW-60270701,0.09,9.11,9.09,0.07435,0.00152,260.0,0.659,7.94,10.85,800.0,85.05000000000001,9.765
SW-RSN2035,0.14,4.3,4.28,0.03,0.0002,32.0,0.07,7.21,11.1,196.0,94.9,10.3
SW-SSN1472,0.0053,1.3,1.3,0.00075,5e-06,11.0,0.007,6.41,10.399999999999999,73.5,98.35,10.75
MD-01502150,0.015,3.88,3.88,0.0062,0.0002975,166.0,0.021,8.26,10.7,457.5,101.15,10.95
SW-81121402,0.015,1.014,1.013,0.002,5.25e-05,12.0,0.019,7.279999999999999,11.25,89.5,100.05,10.9
NE-49000020,0.089,5.44,5.42,0.0473,0.0008749999999999999,231.0,0.09,7.795,10.7,784.0,88.7,10.850000000000001
AN-53M53,0.22,5.1,4.97,0.0577,0.00334,204.0,0.096,8.13,7.4,1357.0,88.7,10.1
NE-49905196,0.015,0.23,,0.002,,57.0,0.005,8.059999999999999,4.800000000000001,142.9,105.7,
SW-60030333,0.08,4.4399999999999995,4.359999999999999,0.048,0.0015,267.0,0.168,8.2,11.3,699.0,92.6,10.5
SW-RSN0979,0.0063,0.85,0.849,0.0014,2e-05,13.0,0.0093,7.12,11.3,88.0,99.5,10.7
NW-RSN1044,0.2,3.2,3.15,0.051,0.00162,215.0,0.37,7.74,11.55,613.0,79.35,7.95
MD-69768060,0.015,5.5,5.49,0.019,0.0004,267.0,0.143,8.035,10.649999999999999,1069.0,92.3,10.2
NW-88005020,0.0028,0.24,0.236,0.0005,5e-06,2.5,0.0005,7.0,9.7,34.0,98.9,11.4
SW-81940193,0.085,5.54,5.53,0.0191,0.00018,41.0,0.031,7.4,10.6,282.0,97.5,10.8
MD-22629020,0.1085,13.75,13.7,0.0451,0.00129,239.0,1.365,7.795,10.95,1855.0,76.6,8.765
MD-44509030,0.063,6.1,6.06,0.033,0.00115,230.0,0.038,8.17,10.4,800.0,95.8,10.6
SO-Y0004395,0.059,3.0,2.97,0.022,0.000955,198.5,0.0905,8.04,12.3,809.0,98.0,11.4
AN-MD03,0.054,13.5,13.4,0.0721,0.00058,168.0,2.04,7.705,11.649999999999999,1198.5,70.55,7.71
SW-81810104,0.0805,4.26,4.28,0.0184,0.000565,29.0,0.06,7.359999999999999,12.8,268.0,95.75,10.4
MD-40719100,0.0335,2.1,2.085,0.0215,0.0004225,255.0,0.012,7.76,11.4,,81.80000000000001,9.765
AN-48M08,0.015,7.6,7.585,0.0229,0.00036,230.0,0.07,8.07,11.1,660.0,95.0,10.7
NE-49301153,0.116,1.58,1.53,0.0271,0.00107,39.0,0.0436,7.67,10.2,302.0,90.1,10.2
TH-RSN1802,0.015,5.7,5.68,0.016,0.00014,270.0,0.1,7.52,10.9,879.0,74.3,7.62
NW-RSN0168,0.11,1.2999999999999998,1.38,0.02,0.0008,120.0,0.085,7.66,11.2,329.0,93.3,10.35
SW-82115065,0.015,9.4,9.4,0.002,6e-05,22.0,0.029,7.23,11.6,323.0,98.0,10.7
TH-PRTS0025,0.066,0.87,,,0.00092,,0.054,7.95,15.0,789.0,64.3,6.535
MD-25072580,0.066,6.1,6.06,0.0542,0.0012,160.0,0.21,8.09,12.7,540.0,86.4,9.88
SO-E0001756,0.0345,12.0,11.95,0.0305,0.00023,104.0,2.35,7.385,11.1,654.5,79.19999999999999,8.620000000000001
TH-RSN1225,0.059000000000000004,2.8499999999999996,2.8200000000000003,0.0165,0.00049,250.0,0.10500000000000001,7.98,11.7,741.5,90.6,9.865
SW-RSN0727,0.235,7.5,7.430000000000001,0.0715,0.002435,130.0,0.13,7.71,11.2,409.5,88.8,9.95
TH-SSN1348,0.033,3.35,3.3,0.03,0.000695,240.0,0.225,8.0,12.85,723.0,86.15,9.355
SW-70725509,0.015,0.1,0.098,0.002,5e-06,2.5,0.005,6.45,9.850000000000001,42.0,100.9,11.5
AN-HK1210,0.0915,10.0,9.91,0.07369999999999999,0.0016099999999999999,242.5,0.41300000000000003,8.05,10.3,922.5,87.85,9.765
NE-RSN1112,0.109,16.0,15.9,0.0715,0.0011450000000000002,325.0,0.053500000000000006,7.75,11.8,1035.0,85.80000000000001,9.969999999999999
SW-82312338,0.015,7.845000000000001,,0.01695,,51.0,0.035500000000000004,7.63,11.7,351.0,93.0,
MD-RSN2338,0.015,8.9,8.89,0.011,0.00031,260.0,0.043,8.23,10.65,624.5,97.75,10.45
TH-PEVR0016,0.092,14.0,13.55,0.11599999999999999,0.00086,160.0,1.86,7.58,13.1,756.0,78.1,7.94
MD-RSN2274,0.16,4.75,4.715,0.0345,0.00234,190.0,0.15000000000000002,7.955,10.1,680.5,94.25,10.5
AN-BILL100L,0.0685,2.1,2.0549999999999997,0.033350000000000005,0.00127,210.0,0.0345,8.14,12.0,769.0,94.0,10.3
SW-81261111,0.015,1.3,1.3,0.002,0.00017,35.0,0.022,7.54,10.7,167.0,99.3,10.9
AN-WELL385,0.015,7.3,7.24,0.046,0.000485,220.0,0.088,7.99,13.2,781.0,90.6,10.2
MD-38642360,0.015,12.2,12.2,0.016,0.000395,222.0,0.097,8.07,10.45,882.0,96.3,10.5
NW-88005786,0.015,2.38,2.38,0.006,0.000225,152.0,0.021,8.12,7.3,386.0,105.0,13.2
AN-37M23,0.09,2.5,2.375,0.042550000000000004,0.000655,310.0,0.14,7.585,11.3,820.0,59.3,6.2
MD-65795580,0.578,6.88,6.82,0.2,0.00294,138.0,0.961,7.4,11.1,738.0,69.0,7.27
SW-82410255,0.015,4.81,4.845,0.00775,0.00017,60.5,0.064,7.605,11.350000000000001,309.0,97.45,10.649999999999999
MD-61674560,0.149,2.105,2.04,0.033350000000000005,0.002025,143.0,0.158,7.91,8.5,522.0,94.4,10.7
SW-E7080250,0.08,3.75,3.74,0.0321,0.00098,299.0,0.51,7.73,10.9,711.0,90.2,10.1
MD-49155050,0.069,3.3,3.25,0.032,0.00134,237.0,0.148,8.07,11.2,822.0,93.0,10.4
NW-88001816,0.015,0.35,0.346,0.00135,2.25e-05,8.0,0.0075,7.145,10.35,66.0,102.1,11.4
NW-88004397,0.0286,1.29,1.275,0.007705,0.00042,64.0,0.016649999999999998,7.85,10.0,188.0,101.4,11.6
NW-88022082,0.3495,2.425,2.35,0.0901,0.00293,210.0,0.19,7.635,11.399999999999999,688.5,73.85,7.97
AN-48M01,0.015,9.6,9.58,0.02,0.000315,270.0,0.041,8.02,9.9,734.0,93.8,10.7
AN-KINBYBCK,0.023,6.27,6.255000000000001,0.022949999999999998,0.0004125,200.0,0.041,8.08,10.1,682.0,96.05,11.350000000000001
SW-RSN0605,0.015,5.2,5.19,0.0165,0.00038,220.0,0.087,8.135000000000002,9.4,566.5,93.80000000000001,10.7
NW-88005791,0.035,7.55,7.53,0.0194,0.000115,67.0,0.335,7.26,10.0,337.0,87.0,10.1
NE-49200308,0.015,12.0,12.0,0.011,0.00012,200.0,0.014,7.58,10.8,585.0,97.7,10.9
NW-88000597,0.133,9.96,9.9,0.0622,0.00115,203.0,1.49,7.62,9.7,748.0,77.1,9.32
NE-49905157,0.015,1.61,1.61,0.002,0.0002625,172.5,0.005,8.26,9.8,437.0,96.05,10.95
TH-RSN2317,0.071,2.0,1.98,0.022,0.00091,150.0,0.08399999999999999,7.68,11.95,458.5,78.75,8.54
MD-49700000,0.067,2.94,2.89,0.0179,0.001235,153.5,0.0905,8.12,10.2,502.5,99.15,11.05
MD-23784020,0.14,2.2,2.1550000000000002,0.03555,0.00173,325.0,0.063,7.83,12.2,1119.0,93.7,9.965
NW-88024209,0.057499999999999996,2.52,2.5,0.0179,7.000000000000001e-05,46.5,0.0505,6.93,11.95,255.5,75.55,8.495
MD-06001080,0.0785,4.07,4.279999999999999,0.0365,0.00064,280.0,0.17,7.65,11.4,1041.0,59.7,6.4350000000000005
SW-RSN1803B,0.0079,6.0,5.99,0.004,0.00011,79.0,0.022,7.75,12.7,309.0,97.5,10.3
NE-49500392,0.015,1.1099999999999999,1.105,0.002,0.0001875,,0.034,7.8149999999999995,9.55,577.0,88.2,10.075
MD-37644380,0.11,5.4,5.2,0.099,0.00189,210.0,0.15,7.96,12.3,,81.4,8.76
SW-70534602,0.015,2.6,2.6,0.0075,0.00027,44.0,0.076,7.8,9.8,187.0,99.0,11.5
SW-82010156,0.015,3.0,3.0,0.002,4.75e-05,11.0,0.005,7.13,11.7,162.0,100.0,10.850000000000001
SW-E4000400,0.106,6.62,6.49,0.065,0.00143,293.0,0.27,7.83,9.8,757.0,79.6,8.97
AN-HAMMONDB,0.23,6.4,6.33,0.1405,0.00199,287.5,1.1,7.6899999999999995,11.0,1594.0,72.30000000000001,7.775
SW-A4070115,0.034,3.6,3.58,0.0215,0.00069,240.0,0.136,8.15,11.8,599.0,98.1,10.4
SW-RSN0407,0.015,2.9,2.89,0.0082,0.00011,44.0,0.035,7.41,10.7,188.0,92.4,10.3
AN-26M21,0.0345,14.0,13.850000000000001,0.03655,0.000525,220.0,0.265,7.965,11.25,1040.0,85.85,9.61
NE-49400709,0.053,12.0,12.0,0.023,0.00023,107.0,0.56,7.12,15.5,890.0,91.9,9.37
AN-WITHC,0.015,8.9,8.870000000000001,0.031,0.0004625,211.5,0.19,8.18,10.850000000000001,928.0,94.30000000000001,10.2
SW-RSN0301,0.0595,4.25,4.24,0.0165,0.0008600000000000001,280.0,0.275,7.85,12.35,673.5,88.8,9.465
AN-WAV120,0.0565,3.84,3.815,0.0317,0.00092,280.0,0.1,8.02,12.0,978.0,93.7,10.1
AN-LBFA070W,0.077,6.73,6.595,0.0295,0.0012699999999999999,176.0,0.49,7.955,8.8,742.0,94.65,11.15
SO-RSN0245,0.11,5.3,5.28,0.054,0.00086,120.0,0.13,7.42,14.4,527.0,81.8,8.97
SO-F0002374,0.061,1.07,1.07,0.012,0.00031,57.0,0.03,7.42,11.5,253.0,87.25,9.575
TH-PCNR0027,0.0455,12.8,12.8,0.0338,0.000655,220.0,0.31,7.825,13.4,822.5,89.2,9.2
TH-RSN0082,0.037,7.1,7.08,0.022,0.00066,210.0,0.16999999999999998,8.12,12.0,674.0,100.9,11.0
SW-72934683,0.093,2.1,2.09,0.0098,0.00045,31.0,0.062,7.34,11.15,159.5,95.8,10.45
NW-88023840,0.027,0.33,0.328,0.0022,7e-05,27.0,0.00595,7.035,10.45,89.0,85.15,9.59
AN-TG2230,0.039,5.9399999999999995,5.93,0.022949999999999998,0.000595,110.5,0.105,7.91,10.45,720.5,91.6,10.2
NE-49000485,0.015,2.42,2.41,0.006200000000000001,0.0003075,161.5,0.05,8.38,8.75,612.0,99.3,11.7
NW-88006180,0.015,0.9844999999999999,0.976,0.005315,0.00028,149.0,0.014,8.15,9.8,317.0,98.7,11.5
SO-RSN0985,0.047,4.0,3.99,0.0071,0.00043,240.0,0.088,7.65,12.0,587.0,89.0,9.51
TH-PKER0058,0.015,7.3,7.28,0.012,0.000315,240.0,0.036,8.06,11.15,595.0,94.9,10.5
AN-SHIREDR4,1.2,0.49,0.405,0.085,0.0131,460.0,0.52,7.72,15.3,2582.0,41.8,4.3
SW-50410164,0.015,6.505,6.5,0.00745,0.000295,240.0,0.033,8.3,11.0,555.0,99.25,11.0
NE-49000486,0.015,0.1,0.098,0.002,0.00018,41.0,0.0063,7.78,10.8,217.0,96.9,12.1
MD-23326430,0.08,3.98,3.955,0.025,0.00115,190.0,0.067,7.94,9.5,697.5,93.9,10.6
AN-30M45,0.0395,7.76,7.73,0.03445,0.000575,273.0,0.0885,8.11,10.25,854.15,90.55,11.0
AN-36M05,0.082,5.07,5.02,0.057,0.00109,282.0,0.163,7.695,9.3,887.0,86.65,10.4
TH-RSN0309,0.068,0.92,0.897,0.015,0.00076,160.0,0.13,7.8,12.5,617.0,83.6,8.61
TH-PKER0017,0.015,3.23,3.19,0.0088,0.000315,113.0,0.14,7.89,11.9,380.0,89.9,9.69
NE-49500159,0.0685,0.935,0.9219999999999999,0.014,0.001045,191.0,0.0445,7.925,10.3,833.0,96.35,11.05
NW-88005823,0.031,4.2,4.19,0.015,0.00033,71.0,0.025,7.83,10.0,437.0,98.7,11.1
AN-36M22,0.015,7.45,7.4350000000000005,0.013,0.00010750000000000001,249.5,0.0155,7.53,11.2,630.0,78.5,8.81
MD-RSN0758,0.0255,8.55,8.524999999999999,0.027,0.00044,280.0,0.0345,8.04,11.149999999999999,692.5,97.75,10.75
SW-RSN0947,0.015,2.2,2.19,0.002,0.00026,130.0,0.06,8.13,10.1,371.0,100.0,10.8
SW-A1260105,0.034,5.5,5.46,0.028,0.00068,220.0,0.12,8.19,9.75,584.0,100.2,11.1
MD-28079080,0.094,8.85,8.8,0.052500000000000005,0.00127,180.0,0.0785,7.94,7.55,778.5,93.05000000000001,9.92
MD-09947100,0.098,8.4,8.37,0.0558,0.00205,200.0,0.052,8.01,11.9,662.0,93.7,9.94
SW-RSN0691,0.015,2.1,2.08,0.0061,0.00039,180.0,0.05,8.28,8.9,457.0,97.3,11.1
SW-RSN1539,0.11,2.4,2.37,0.03,0.00105,260.0,0.19,7.84,13.3,741.0,81.1,8.754999999999999
AN-LANLAUBK,0.015,5.37,5.35,0.0092,0.000285,220.0,0.044,8.03,9.5,584.0,92.1,10.6
SW-RSN0039,0.013999999999999999,1.05,1.0470000000000002,0.00255,2.5e-05,14.0,0.0225,6.975,10.100000000000001,98.0,98.0,10.9
MD-RSN0690,0.015,4.65,4.640000000000001,0.011,0.000255,225.0,0.12,8.004999999999999,9.95,619.0,92.85,10.29
NW-88006375,0.0445,3.05,3.025,0.0167,0.0007750000000000001,182.0,0.0785,8.17,7.449999999999999,449.5,98.2,11.45
SO-E0000960,0.015,1.0150000000000001,1.0150000000000001,0.002,0.00013749999999999998,52.5,0.031,7.425,11.25,248.0,95.0,10.4
SW-91221137,0.015,2.1,2.085,0.00625,0.00014,32.0,0.014,7.41,10.1,195.0,96.8,11.0
SW-70230913,0.015,2.8,2.8,0.00445,0.00024,67.0,0.0395,7.835,14.850000000000001,243.5,97.05,9.805
NE-49700386,0.015,1.32,1.32,0.0067,0.000285,161.0,0.005,8.23,10.2,397.0,100.0,11.7
SO-F0002557,0.0385,2.965,2.925,0.01915,0.00071,191.0,0.18,7.93,10.7,548.5,85.45,9.68
SO-RSN0537,0.054,1.4,1.35,0.0175,0.00075,120.0,0.13,7.85,10.05,406.5,87.8,10.25
AN-STLODE05,0.0985,1.8,1.59,0.0144,0.0005449999999999999,160.0,0.035,7.95,11.3,1082.5,86.1,9.23
TH-PUTR0175,0.015,6.1,6.09,0.0041,0.0001475,230.0,0.005,7.65,10.9,566.0,95.7,10.8
MD-39926020,0.0645,2.4,2.325,0.07500000000000001,0.001365,140.0,0.034,7.905,15.0,,74.4,7.515000000000001
NW-88025900,0.079,6.199999999999999,6.145,0.051,0.00111,65.0,0.31,7.58,14.9,321.0,99.0,10.2
SW-81281134,0.015,1.0,0.996,0.002,0.000145,46.5,0.027,7.48,14.3,184.0,96.8,9.89
MD-H0000021,0.047,5.1,5.085,0.0241,0.000785,257.0,0.175,8.13,10.350000000000001,631.5,94.3,10.75
NW-88005798,0.015,2.46,2.45,0.0064,0.000255,211.0,0.03,8.235,9.0,508.5,100.6,11.649999999999999
SW-91253127,0.015,1.0550000000000002,,0.002,,2.5,0.005,6.595,11.8,83.0,99.0,
AN-WD0503,0.4815,4.965,4.81,0.07785,0.00809,194.5,0.271,7.75,12.6,1024.0,79.4,8.530000000000001
AN-HK0817,0.126,14.8,14.8,0.03,0.00161,177.0,0.128,7.96,11.3,822.0,92.0,9.85
AN-52M16,2.01,10.5,10.5,0.0496,0.00402,275.0,0.005,7.15,6.4,2034.0,80.3,9.82
NE-49302111,0.0345,1.9300000000000002,1.9100000000000001,0.0105,0.000305,42.5,0.0275,7.79,10.0,217.5,96.55,11.25
SW-82511720,0.085,6.39,6.38,0.0104,0.00066,42.0,0.034,7.52,12.6,277.0,95.9,10.3
NE-RSN2212,0.081,4.15,4.125,0.024,0.00069,68.0,0.097,7.66,9.850000000000001,272.0,97.80000000000001,11.1
SW-70630284,0.039,0.66,0.653,0.002,0.00014,9.0,0.0275,7.29,10.9,69.0,98.7,11.1
NW-88003532,0.038,1.8,1.79,0.0156,0.0007,114.0,0.105,8.13,10.0,351.0,96.1,11.1
NW-88002877,0.573,10.350000000000001,10.23,0.11,0.00148,214.5,0.4405,7.24,11.55,1012.0,73.2,8.185
SO-RSN2193,0.0345,3.75,3.645,0.038500000000000006,0.000545,170.0,0.047,8.035,13.1,511.0,96.1,10.3
AN-BRIN070C,0.0225,5.825,5.8100000000000005,0.02255,0.000365,190.0,0.1225,8.05,10.0,687.5,93.2,10.45
MD-RSN0826,0.015,6.5,6.49,0.013,0.0003175,255.0,0.9,8.09,10.8,854.0,95.85,10.469999999999999
SO-G0004067,0.015,9.2,9.19,0.011,0.0002575,230.0,0.058,7.92,11.6,582.0,93.4,10.1
SW-RSN0541,0.0135,2.3,2.295,0.0033,0.00019500000000000002,240.0,0.040999999999999995,8.335,9.5,548.0,97.9,11.3
SO-Y0004522,0.091,0.32,0.304,0.015,0.00119,67.5,0.084,7.75,13.25,527.0,74.6,6.039999999999999
NW-88023955,0.245,1.97,1.92,0.0431,0.00273,249.0,0.124,7.78,12.6,715.0,90.3,9.72
NW-RSN1944,0.0046,0.45,0.447,0.0005,8e-05,95.0,0.0061,8.28,10.4,239.0,102.1,11.8
SO-F0002916,0.076,3.9,3.9050000000000002,0.02635,0.00101,130.0,0.12,7.78,10.9,416.0,95.4,10.2
AN-BEL050,0.044,8.5,8.465,0.0322,0.00075,272.0,0.149,8.25,10.3,900.5,91.05,10.3
AN-06M04,0.065,10.35,10.280000000000001,0.04525,0.0015,248.5,0.453,8.1,11.6,955.0,93.4,10.1
SW-RSN1803,0.0066,6.55,6.545,0.0029,9.5e-05,79.5,0.0185,7.845,12.2,320.0,97.4,10.649999999999999
NW-88003539,0.05,0.59,0.586,0.008,0.00043,62.0,0.096,7.99,10.7,292.0,101.5,11.2
NE-RSN0080,0.014499999999999999,0.0545,0.0533,0.0005,4e-05,14.5,0.00445,7.38,8.95,110.0,101.15,11.35
SW-60600133,0.141,1.32,1.27,0.0245,0.00164,267.0,0.138,8.09,15.600000000000001,851.0,83.25,8.16
NE-49301842,0.256,8.17,8.1,0.0655,0.0027,140.0,1.0,7.67,10.7,794.0,89.2,9.77
MD-08101500,0.038,3.72,3.705,0.0215,0.00061,230.0,0.195,8.09,11.7,937.0,95.1,10.095
SW-RSN1253,0.015,7.0,6.96,0.019,0.00057,220.0,0.1,7.99,12.4,587.0,94.1,9.79
SO-E0001727,0.22,23.549999999999997,22.65,0.11499999999999999,0.00173,83.0,3.4000000000000004,7.38,13.95,765.0,83.4,8.43
SW-Z1012401,0.0475,6.1,6.07,0.027,0.0008849999999999999,250.0,0.086,8.05,10.9,646.0,94.7,10.7
NW-88005586,0.00355,0.10400000000000001,0.10250000000000001,0.0005,1.5000000000000002e-05,2.5,0.0030499999999999998,7.17,10.25,40.0,100.15,11.35
SW-E7070900,0.015,3.5,3.5,0.0272,0.00046,244.0,0.109,7.99,12.0,564.0,97.1,10.8
SW-RSN1733,0.0435,5.1,5.085,0.02,0.001,250.0,0.23,8.280000000000001,11.9,688.5,100.45,10.6
NE-RSN1288,0.0975,1.1,1.085,0.0175,0.00059,250.0,0.005,7.4350000000000005,10.5,1124.0,69.2,7.949999999999999
NW-88006338,0.042,4.23,4.19,0.022,0.00052,143.0,0.088,7.92,9.05,577.0,96.3,11.55
SW-73080902,0.015,1.76,1.76,0.0031,0.0001325,31.5,0.020499999999999997,7.7,10.65,139.5,99.0,10.9
MD-13089600,0.015,3.37,3.33,0.011699999999999999,0.00031249999999999995,178.5,0.23299999999999998,8.04,11.100000000000001,714.5,87.75,9.485
AN-DEB089,0.034,2.73,2.7,0.0205,0.00035,301.0,0.042,7.73,12.0,959.0,80.7,8.37
AN-19M14,0.122,11.9,11.75,0.0696,0.000785,93.0,0.0605,7.51,9.5,732.0,71.4,7.89
MD-10930240,0.025,5.6,5.56,0.028,0.000365,193.0,0.094,7.89,10.75,948.0,89.0,9.620000000000001
NW-88002882,0.058,5.73,5.72,0.0187,0.0005,132.0,0.087,7.74,8.6,549.0,97.6,11.2
MD-30219160,0.32,6.67,6.57,0.068,0.00145,211.0,0.34,7.57,11.0,633.0,78.6,8.67
SW-RSN1846,0.054,2.5,2.49,0.015,0.00088,230.0,0.11,8.04,12.0,742.0,95.6,10.1
AN-WEN250,0.015,5.755,5.745,0.0179,0.0003875,260.0,0.059,8.05,12.1,760.0,89.4,9.49
SW-91221749,0.0635,1.9,1.9,0.010499999999999999,0.000295,38.0,0.019,7.41,9.399999999999999,221.5,93.55,10.8
NE-49305347,0.036000000000000004,3.615,3.6,0.01485,0.000645,249.0,0.022,8.195,9.7,1036.5,94.75,11.05
SO-E0001599,0.015,8.7,8.69,0.0143,0.000165,81.0,1.2,7.625,9.55,606.0,90.0,9.875
NE-49301762,0.1,4.55,4.470000000000001,0.0395,0.001205,120.0,0.303,7.72,11.1,620.0,92.85,10.1
SO-Y0004510,0.037,5.7,5.68,0.024,0.00085,180.0,0.21,8.39,11.9,637.0,99.3,11.0
SW-70220164,0.082,3.6,3.57,0.028,0.00139,154.0,0.1,8.0,12.9,441.0,95.0,10.3
AN-GBR080R,0.015,5.8,5.79,0.0083,0.00021,260.0,0.028,8.34,6.5,745.0,95.2,11.7
NW-88003548,0.031,0.98,0.976,0.002,0.00039,50.0,0.086,8.1,9.1,192.0,100.0,11.7
SW-E7080600,0.015,2.66,2.6500000000000004,0.006,0.000315,280.0,0.046,8.184999999999999,11.95,618.0,96.15,10.4
MD-61672300,0.135,2.17,2.125,0.04615,0.00195,161.0,0.126,8.0,11.65,595.0,90.8,10.5
SO-E0001547,0.056,1.5,1.49,0.013,0.00035,91.0,0.057,7.63,12.7,383.0,86.4,9.05
SW-RSN1890,0.14,1.9,1.89,0.018,0.00356,250.0,0.09,8.05,12.5,786.0,97.6,10.3
SW-A1260117,0.059,5.15,5.12,0.03445,0.001115,215.0,0.1415,8.21,10.45,584.5,98.05,11.05
MD-37574230,0.069,11.0,,0.029,,300.0,0.005,8.0,5.6,1708.0,106.0,
MD-37423570,0.015,8.64,8.63,0.0126,0.000355,291.0,0.043,8.06,11.1,2412.0,100.5,11.6
AN-WAV085,0.0675,5.99,6.49,0.0253,0.001095,353.0,0.6295,8.205,9.5,1142.0,87.44999999999999,10.17
SW-70630602,0.015,2.38,2.37,0.0059,0.000425,157.0,0.047,8.13,9.7,425.0,92.1,10.5
SW-82513924,0.08549999999999999,7.12,7.105,0.02515,0.0009350000000000001,106.0,0.047,7.805,11.5,412.5,94.05,10.6
SW-60250549,0.073,4.29,4.19,0.0342,0.0015,263.0,0.271,8.1,10.9,696.0,94.2,10.7
TH-PCHR0111,0.015,12.3,12.2,0.015,0.00023,180.0,0.297,7.67,10.9,735.0,88.3,9.53
SW-72930805,0.0415,1.53,1.51,0.01005,0.000325,35.0,0.0535,7.6,12.0,171.0,96.25,10.6
NW-88022596,0.132,8.15,8.07,0.084,0.00213,166.5,0.22,7.88,11.4,788.0,90.15,10.225
MD-59963150,0.044,10.8,10.8,0.0293,0.00089,200.0,0.241,8.07,11.05,837.0,93.35,10.07
SO-F0017469,0.1395,6.745,6.695,0.09065000000000001,0.00182,230.0,0.633,7.78,12.6,1105.0,75.0,7.865
MD-SSN1311,0.0235,12.5,12.45,0.0245,0.00038500000000000003,240.0,0.24,7.859999999999999,12.95,792.0,88.85,8.925
SW-82310704,0.015,6.01,6.0,0.01,0.0001,65.0,0.005,7.55,12.4,425.0,96.5,10.2
SW-E3111000,0.1575,5.135,5.09,0.065,0.002405,289.5,0.42800000000000005,7.9350000000000005,11.7,833.5,80.3,8.935
SW-Z8480239,0.10850000000000001,9.49,9.43,0.0636,0.0018549999999999999,268.5,0.47750000000000004,8.01,11.55,865.0,92.25,10.135000000000002
NW-88003990,0.0057,1.64,1.64,0.002,9e-05,159.0,0.0051,8.22,10.9,373.0,103.7,11.8
SO-RSN2153,0.015,10.0,9.93,0.03,0.000145,64.0,0.51,7.55,12.7,448.0,87.6,8.76
TH-PKER0041,0.015,7.59,7.59,0.0095,0.00011,260.0,0.034,7.6,10.5,631.5,89.4,9.99
AN-WILL025S,0.024,28.0,28.0,0.0135,0.0006050000000000001,109.0,0.25,7.895,16.05,1102.0,96.0,9.545
TH-PGUR0007,0.015,12.75,12.75,0.02405,0.00037,215.0,0.2475,7.975,13.100000000000001,887.5,92.0,9.315000000000001
NW-88003968,0.015,0.53,0.526,0.002,0.000245,88.0,0.005,8.1,8.5,235.0,101.0,11.8
AN-RSN2228,0.035,6.65,6.615,0.027,0.000535,240.0,0.066,8.100000000000001,9.55,660.0,99.6,11.35
AN-CTCHWTRD,0.041999999999999996,7.050000000000001,6.69,0.0187,0.00073,240.0,0.005,8.145,10.25,934.5,97.95,11.149999999999999
AN-22M02,0.1945,9.2,9.129999999999999,0.057999999999999996,0.003985000000000001,210.0,0.34450000000000003,8.04,10.75,888.5,89.35,10.25
TH-PWER0016,0.117,6.3,6.27,0.0306,0.00081,91.0,0.13,7.65,11.7,522.0,85.3,9.3
TH-RSN1133,0.0335,13.0,12.95,0.0115,0.00063,220.0,0.0615,7.91,13.95,741.0,93.0,9.56
SW-81610411,0.0172,3.685,3.675,0.00583,6.749999999999999e-05,22.0,0.0264,7.255,9.85,166.0,97.85,10.9
NW-88006192,0.0084,0.63,0.627,0.002,0.00013,65.0,0.0089,8.26,9.9,170.0,102.8,11.9
SO-F0017503,0.081,1.48,1.46,0.0283,0.00044,60.0,0.032,7.58,11.399999999999999,508.2,86.44999999999999,9.415
AN-SSN1461,0.034,2.6,2.59,0.013,0.00032,380.0,0.25,7.74,10.2,1065.0,73.7,8.69
NE-49500614,0.111,1.38,1.37,0.017,0.00105,28.0,0.078,7.73,10.6,201.0,96.3,11.0
AN-53M03,0.087,5.1,5.08,0.051,0.00173,190.0,0.048,7.88,15.0,973.0,82.5,9.07
NW-RSN0232,0.10500000000000001,4.699999999999999,4.605,0.0475,0.0018700000000000001,170.0,0.0805,8.0,10.8,493.0,93.3,10.399999999999999
NW-RSN2191,0.015,3.55,3.505,0.0155,0.00010750000000000001,200.0,0.08549999999999999,7.369999999999999,9.55,495.5,59.5,6.775
AN-35M02,0.043,11.0,10.9,0.0488,0.00079,220.0,0.28,7.89,13.3,917.0,75.0,8.29
AN-12M20,0.015,7.385,7.345,0.0311,0.00038,188.0,0.045,7.95,10.5,971.0,92.6,11.0
TH-PLDR0012,0.1245,8.03,7.925,0.05475,0.001175,121.5,0.11,7.56,12.9,678.0,78.1,7.99
MD-RSN0406,0.04,9.3,9.235,0.056999999999999995,0.00074,170.0,0.1,7.95,11.45,934.0,87.75,9.35
NE-49400744,0.015,0.1,0.098,0.002,0.00023,130.0,0.005,8.43,7.5,261.0,101.1,12.6
SW-Z9420101,0.015,10.0,9.99,0.011,0.0003325,280.0,1.1,7.9399999999999995,12.4,753.5,97.25,10.45
NW-88000749,0.405,3.2249999999999996,3.1550000000000002,0.08465,0.0032300000000000002,172.5,0.061,7.77,10.5,657.5,91.0,9.89
AN-CA0354,0.035,9.3,9.21,0.0325,0.0005,290.0,0.45499999999999996,8.05,11.0,847.0,87.3,9.76
NW-88005250,0.042499999999999996,1.55,1.53,0.01425,0.000675,117.5,0.039,8.09,8.7,461.0,102.0,11.6
NW-88004590,0.015,0.33,0.326,0.002,9e-05,12.0,0.005,7.51,10.2,59.0,98.1,10.85
SW-81020118,0.015,1.73,1.73,0.002,0.0001625,43.5,0.031,7.56,11.95,186.5,98.05000000000001,10.8
SO-F0017663,0.015,0.49,0.486,0.002,0.000105,205.0,0.16999999999999998,7.65,10.55,737.0,80.0,8.96
AN-PITS020P,0.044,1.75,1.73,0.021,0.00068,130.0,0.038,7.985,11.100000000000001,527.0,87.1,9.69
SO-E0007341,0.0625,3.3,3.27,0.029,0.00035,67.0,0.072,7.34,15.0,358.0,89.4,9.02
NW-88024659,0.015,0.385,0.381,0.002,0.000215,53.5,0.015,7.97,6.9,151.5,97.25,12.0
NW-RSN0207,0.001,0.094,0.093,0.0005,1.5e-05,110.0,0.0015,8.19,4.4,297.0,99.3,13.4
AN-SSN1283,0.015,8.5,8.43,0.063,0.00014,260.0,0.085,7.44,13.3,815.0,66.4,7.9
AN-RSN2046,0.017,8.6,8.585,0.016,0.000255,270.0,0.027000000000000003,8.114999999999998,9.3,762.0,95.15,11.350000000000001
NE-49400999,0.0225,1.275,1.2650000000000001,0.00665,0.0003475,75.5,0.0285,8.059999999999999,8.75,287.5,100.4,11.600000000000001
SW-73031091,0.015,2.25,2.25,0.002,9e-05,39.0,0.013000000000000001,7.445,10.05,156.0,90.65,10.04
MD-RSN1055,0.047,3.7,3.68,0.025,0.00049,140.0,0.22,7.73,10.0,412.0,94.1,10.7
MD-42485620,0.015,9.7,9.65,0.045,0.000405,233.0,0.618,8.01,11.4,1820.0,91.5,11.1
AN-23M09,0.037,3.57,3.53,0.019799999999999998,0.0003125,227.5,0.07050000000000001,7.735,10.65,825.5,82.65,8.530000000000001
MD-RSN2070,0.015,12.0,11.7,0.067,7.5e-05,240.0,0.011,7.35,8.5,2314.0,55.4,5.63
MD-36749220,0.07,7.4,7.29,0.0515,0.001225,160.0,0.256,7.97,11.45,784.0,88.85,9.83
NW-88000899,0.391,1.4449999999999998,1.33,0.08895,0.0024749999999999998,189.0,0.474,7.55,10.05,816.5,59.35,6.645
NW-RSN1732,0.0715,1.4,1.3900000000000001,0.01,0.0007099999999999999,105.5,0.0745,7.905,11.100000000000001,307.0,98.25,11.8
MD-37525265,0.056,15.0,14.9,0.058,0.00046,244.0,0.23,7.66,10.5,1373.0,80.9,9.08
AN-BAINGSTA,0.015,8.3,8.120000000000001,0.0345,0.000405,215.0,0.07300000000000001,8.235,10.75,656.5,96.95,10.6
AN-CARDKNOC,0.0445,14.0,13.95,0.045,0.000445,240.0,0.155,7.87,9.100000000000001,886.5,82.35,9.344999999999999
SO-E0000912,0.4,4.76,4.71,0.079,0.0028,75.0,0.75,7.61,10.4,441.0,85.2,9.57
NW-88003079,0.015349999999999999,0.581,0.579,0.0027099999999999997,0.00017250000000000002,20.0,0.009850000000000001,7.7,6.35,104.0,93.6,11.6
NW-88024608,0.028,3.0,2.99,0.0113,0.00013,260.0,0.018,7.38,10.2,582.0,82.0,9.45
SW-50210456,0.015,6.3,6.28,0.02035,0.00031,250.0,0.11649999999999999,7.965,11.149999999999999,623.0,96.7,10.9
AN-BL03,0.015,9.7,9.665,0.04,0.0004775,250.0,0.2175,8.065000000000001,11.0,887.0,92.94999999999999,10.7
SW-82210940,0.015,3.4,3.4,0.002,9.750000000000001e-05,14.5,0.010499999999999999,7.45,12.1,249.0,100.0,10.4
MD-10948020,0.015,8.825,8.795,0.01285,0.00033,250.0,0.11,7.99,10.35,1094.0,91.35,10.149999999999999
AN-TAS084,0.0595,6.275,6.23,0.04655,0.00089,311.0,0.1845,8.01,10.75,904.0,90.55000000000001,10.45
NW-88025767,0.07,0.33,0.325,0.0052,0.00056,34.0,0.086,7.6,11.2,125.0,101.6,
NE-49300215,0.181,2.8,2.77,0.037250000000000005,0.0019450000000000001,135.5,0.0535,7.84,11.2,742.0,93.55,10.45
MD-RSN1990,0.040999999999999995,3.15,2.88,0.03,0.00073,255.0,0.16,7.87,9.85,935.5,79.5,9.475
NE-RSN0432,0.12,6.5,6.48,0.056,0.00212,250.0,0.045,7.94,9.9,1056.0,91.8,10.3
NW-88005005,0.015,0.23,0.226,0.002,,,0.005,6.9,9.6,60.0,102.1,
SO-E0017064,0.037,0.88,0.875,0.00815,0.00031,106.0,0.0485,7.73,10.850000000000001,394.5,87.44999999999999,9.629999999999999
MD-02898060,0.065,5.1,5.05,0.0387,0.00088,300.0,0.2675,7.92,11.35,1086.5,79.6,8.55
SW-82540124,0.017,5.98,5.955,0.013,0.00033,65.0,0.049,7.8,11.6,308.0,97.0,10.5
TH-PLER0146,0.035,12.0,12.0,0.026099999999999998,0.00025,260.0,0.161,7.535,11.0,791.5,77.94999999999999,8.225000000000001
MD-RSN2235,0.015,9.2,9.19,0.0125,0.00030250000000000003,270.0,0.037,7.965,10.0,700.0,95.55000000000001,10.600000000000001
TH-PKER0339,0.015,9.0,8.99,0.0072,0.000185,220.0,0.05,7.75,10.2,576.0,91.8,10.4
NW-88022686,0.18,6.8,6.73,0.076,0.0015,150.0,1.2,7.52,13.6,581.0,82.0,8.38
MD-51524600,0.015,3.8,,0.002,,220.0,0.021,8.3,8.8,558.0,100.0,11.8
AN-RSN1737,0.11,1.8,1.77,0.022,0.00091,190.0,0.02,7.82,7.5,669.0,86.8,10.4
NW-RSN2068,0.135,8.5,8.46,0.07200000000000001,0.001605,210.0,0.31999999999999995,7.91,12.4,778.0,89.5,9.95
NE-41000447,0.038,7.5,7.49,0.013,0.00052,230.0,0.057,8.18,7.5,693.0,98.3,11.9
SW-70531653,0.18,5.06,5.02,0.0434,0.00139,182.0,0.236,8.0,10.0,494.0,89.0,10.1
SW-81810304,0.015,4.56,4.55,0.0086,0.000125,28.0,0.023,7.35,12.6,265.0,96.3,10.4
SW-82512228,0.015,2.91,2.85,0.0055,0.00023,145.0,0.05,7.89,11.2,489.0,97.5,10.3
NW-88023724,0.015,0.62,0.613,0.002,0.000275,55.0,0.0254,7.99,9.5,152.0,100.4,11.4
SW-70240209,0.047,3.2,3.19,0.017,0.0007,110.0,0.1,8.04,13.0,376.0,98.7,10.5
SW-50270104,0.015,6.865,6.84,0.0177,0.00035000000000000005,219.0,0.020999999999999998,8.02,10.95,546.0,93.65,10.45
SW-E4005600,0.053,5.1,5.06,0.04,0.00088,234.0,0.14,7.96,10.9,642.0,88.3,9.92
AN-DEB133,0.015,19.8,19.8,0.027049999999999998,0.00029,201.0,0.0335,8.19,10.35,848.0,97.19999999999999,10.95
MD-04132450,0.063,2.4,2.38,0.0217,0.000955,234.0,0.173,8.1,10.75,906.5,96.5,10.9
SW-E4360600,0.046,4.67,4.64,0.0242,0.00079,269.0,0.126,8.21,11.4,675.0,94.6,10.2
TH-PUTR0037,0.042,5.62,5.6,0.0171,0.00067,212.0,0.017,7.92,10.3,545.0,91.5,10.8
SO-F0002496,0.0575,8.565000000000001,8.515,0.038650000000000004,0.0007999999999999999,109.0,0.3815,7.67,11.149999999999999,537.0,87.6,9.530000000000001
SW-73050110,0.015,1.56,1.55,0.0097,0.00034,38.0,0.043,7.8,10.9,165.0,97.0,10.8
SW-RSN2158,0.00505,0.42,0.419,0.0005,5e-06,7.0,0.0036,6.66,12.3,58.0,93.5,10.5
AN-VERN010J,0.049,0.89,0.862,0.0211,0.00084,240.0,0.005,8.035,12.1,1585.0,101.9,11.3
MD-RSN0698,0.052,2.3499999999999996,2.335,0.02,0.000985,205.0,0.12,7.835,13.75,938.0,88.25,9.805
NW-RSN1980,0.0071,0.4,0.396,0.0013,0.0001,55.0,0.0092,8.09,7.9,151.0,103.0,12.0
SO-SSN0183,0.015,1.4,1.4,0.004,0.00015,140.0,0.036000000000000004,7.64,11.9,433.0,93.3,10.2
SW-RSN0163,0.0082,5.3,5.3,0.0032,0.0001,54.5,0.021,7.76,12.8,300.0,98.0,10.5
NE-49301910,0.08149999999999999,16.5,16.8,0.0368,0.00073,100.0,3.05,7.6,11.3,717.0,88.1,10.1
NW-88005575,0.021,0.3,0.296,0.002,0.00012,13.0,0.0017,7.575,11.8,60.0,99.5,10.7
NE-49905067,0.032,8.2,8.15,0.055,0.00021,270.0,0.27,7.71,5.1,988.0,79.8,10.2
NE-49200051,0.051000000000000004,10.8,10.75,0.0356,0.00048499999999999997,197.5,0.081,7.890000000000001,9.8,588.0,96.65,11.25
SW-SSN1404,0.015,5.65,5.640000000000001,0.0098,0.0003575,255.0,0.12,8.125,12.0,668.0,96.4,10.55
MD-50582300,0.0345,3.6,3.59,0.0211,0.000565,120.0,0.0725,8.12,9.6,400.0,99.6,11.4
TH-PKER0150,0.031,6.55,6.51,0.017,0.00032,258.0,0.062,7.7,11.1,608.0,84.0,9.59
MD-C0000077,0.015,0.785,,0.002,,82.0,0.014,7.895,8.3,253.0,103.75,
AN-FRAM1,0.42,0.71,0.682,0.0273,0.0034,453.0,0.0655,7.76,11.7,1717.0,54.6,5.98
SO-G0006937,0.1215,14.05,13.3,0.0694,0.1,,0.03,7.555,13.149999999999999,707.0,51.7,10.2
AN-13M30,0.054,4.0,3.97,0.028,0.00091,270.0,0.033,7.94,10.7,653.0,83.8,9.47
MD-58952150,10.2,11.8,11.3,0.283,0.111,279.0,0.154,7.84,11.2,940.0,84.4,8.39
MD-58473850,0.064,10.0,9.94,0.044,0.00096,230.0,0.16,7.92,10.45,872.0,88.0,9.805
NE-49905206,0.015,0.66,0.656,0.002,0.0002175,78.5,0.014499999999999999,8.350000000000001,7.0,214.5,98.1,11.75
SW-50570251,0.015,5.165,5.155,0.007549999999999999,0.00028,226.5,0.0615,8.075,10.9,543.5,97.30000000000001,10.95
MD-17362360,0.015,3.3,3.29,0.00655,0.0002875,230.0,0.051000000000000004,8.25,10.4,498.0,98.6,10.9
SW-70811779,0.038,5.6,5.59,0.00925,0.0009699999999999999,115.0,0.084,8.02,14.7,825.0,98.7,10.0
TH-PCHR0161,0.038,7.7,7.67,0.035500000000000004,0.00057,194.5,0.4595,8.0,10.8,682.5,88.35,9.79
SW-RSN0445,0.015,1.4,1.4,0.002,0.00013,51.0,0.014,7.75,7.3,220.0,96.1,11.4
AN-WITHE,0.0535,6.6,6.43,0.0543,0.0009450000000000001,205.5,0.1605,8.094999999999999,11.75,920.0,93.5,10.6
MD-58650180,0.09,9.1,8.52,0.059,0.00175,150.0,0.15,8.1,12.4,693.0,92.0,9.48
TH-RSN0633,0.015,4.25,4.235,0.00785,0.00030000000000000003,205.0,0.2,8.165,9.35,541.5,94.75,10.95
SO-RSN0137,0.031,0.69,0.6725,0.013000000000000001,0.00015999999999999999,89.0,0.041,7.32,12.95,545.5,73.0,7.779999999999999
MD-62763742,0.015,1.82,1.79,0.014,0.00021,200.0,0.028,7.94,10.1,,87.6,9.65
AN-58M09,0.015,8.149999999999999,8.120000000000001,0.03565,0.000455,231.5,0.041,8.11,10.850000000000001,663.5,93.65,10.25
TH-PLER0061,0.051,14.05,14.05,0.021,0.00074,184.0,0.29,7.655,15.55,1079.0,84.7,8.29
SW-RSN0963,0.027,3.4,3.39,0.017,0.00029,44.0,0.049,7.67,13.2,210.0,100.6,10.8
SW-E1008100,0.054,7.0,6.955,0.0349,0.00099,180.0,0.236,7.95,12.8,580.0,92.8,9.83
NW-88006461,0.015,0.1,0.098,0.002,7e-05,25.0,0.011,7.55,5.6,86.0,100.2,12.2
AN-30M22,0.015,10.05,10.045,0.01645,0.000255,240.0,0.053,8.05,11.2,702.0,91.9,9.76
SW-60031319,0.039999999999999994,8.405000000000001,8.33,0.0223,0.000855,253.5,0.258,8.26,12.55,827.0,97.2,10.5
SW-RSN2219,0.0245,0.6950000000000001,0.6895,0.006,8e-05,33.0,0.047,7.27,9.75,150.5,96.1,10.65
AN-TE0183,0.015,2.9,2.88,0.0235,,,0.0665,7.98,12.0,858.0,87.5,9.31
SW-SSN0016,0.02,0.68,0.675,0.0062,0.00038,215.0,0.025,7.99,12.4,481.0,90.0,9.89
MD-29578780,0.015,1.1549999999999998,1.1549999999999998,0.002,0.0002275,69.0,0.0635,7.84,9.3,358.0,100.7,11.45
MD-40719020,0.10300000000000001,8.315000000000001,8.1,0.0744,0.0008749999999999999,210.0,0.0725,7.64,9.25,1020.0,85.4,10.2
MD-RSN0487,0.015,3.5,3.49,0.0069,0.000255,100.0,0.019,7.88,11.1,296.0,96.1,10.4
SW-73040242,0.036,2.335,2.33,0.0131,0.000315,45.0,0.0825,7.785,9.9,203.0,95.8,10.8
SW-82115063,0.015,7.1,7.1,0.002,9.750000000000001e-05,34.0,0.037,7.47,11.7,324.0,98.6,10.7
SW-91241146,0.015,2.3,2.3,0.002,0.00033,82.0,0.041,8.015,13.1,750.0,99.0,10.4
TH-RSN0930,0.015,4.35,4.34,0.013999999999999999,0.0002475,175.0,0.037,7.84,10.25,564.0,92.8,10.8
SW-70570220,0.015,1.04,1.04,0.002,0.000155,27.0,0.0125,7.7,9.5,108.0,101.0,11.6
MD-13100020,0.015,3.6,3.57,0.0143,0.000315,226.0,0.205,7.91,11.8,1299.0,88.5,9.47
MD-28049190,0.25,13.9,,,,209.0,0.25,7.695,8.8,742.5,91.85,10.85
SW-82311935,0.045,4.145,3.98,0.009000000000000001,0.0003,43.0,0.0125,7.44,11.850000000000001,279.0,95.1,10.1
NW-88021243,0.0095,0.23,0.226,0.0011,4e-05,2.5,0.0011,7.485,10.8,36.0,100.9,11.4
AN-ANT005,0.015,9.1,9.09,0.02,0.000145,230.0,0.0395,7.66,12.0,821.0,81.7,8.9
SW-50281306,0.015,0.1,0.098,0.002,5e-05,9.0,0.005,7.11,10.1,92.0,96.45,10.8
NE-49900035,0.044,3.1,3.08,0.024,0.00078,220.0,0.029,8.18,11.0,604.0,96.0,10.8
MD-RSN1718,0.029,2.9,2.89,0.014,0.00033,170.0,0.056,7.72,11.5,489.0,93.5,10.9
SW-E1001000,0.015,1.0350000000000001,1.0350000000000001,0.002,0.0001475,32.0,0.005,7.72,10.399999999999999,123.0,98.2,11.149999999999999
NE-49905120,0.015,2.7,2.69,0.01,0.00034,170.0,0.044,8.3,9.9,465.0,98.4,11.1
NW-RSN1135,0.015,0.16,0.155,0.0014,0.00012,41.0,0.014,7.7,9.7,103.0,101.1,11.3
SW-73070503,0.015,1.2,1.2,0.002,0.00016,20.0,0.012,7.71,11.3,104.0,100.1,11.4
NW-88002109,0.015,0.79,0.783,0.0062,0.00032,46.0,0.0325,7.92,9.5,186.0,101.7,11.5
TH-PMLR0034,0.048,1.6,1.59,0.0203,0.00041,94.0,0.12,7.67,11.9,452.0,84.0,8.89
NW-88003852,0.1455,3.37,3.32,0.04325,0.00148,150.0,0.4775,7.97,10.3,431.0,88.8,10.1
NW-88002884,0.377,9.83,9.76,0.112,0.0022,150.0,0.2965,7.48,11.4,765.0,75.35,8.370000000000001
NW-88002845,0.061,16.1,16.1,0.0188,0.00046,88.0,0.371,7.545,12.9,860.0,95.4,10.2
NE-49600010,0.015,4.85,4.83,0.016,0.00035,219.0,0.054,8.01,10.45,655.0,92.25,10.3
SO-E0007266,0.3285,0.1,0.098,0.002,0.0015149999999999999,235.0,0.575,7.32,13.85,738.5,20.15,2.125
NW-88005740,0.015,0.53,0.527,0.002,0.000185,25.0,0.0083,7.87,10.55,103.0,102.9,11.6
AN-SKIT2,0.015,12.0,12.0,0.0251,0.00018,240.0,0.045,7.68,9.9,860.0,94.7,11.2
SW-70813150,0.034,3.2,3.18,0.017,0.00061,180.0,0.027,7.97,13.1,540.0,97.0,10.2
SW-E4281100,0.059,3.005,2.955,0.0303,0.001335,259.0,0.1555,8.065,11.2,651.0,85.7,9.370000000000001
NE-49705100,0.0098,0.73,0.722,0.00493,0.00015,32.0,0.0137,7.699999999999999,9.35,155.0,99.65,11.2
SW-RSN1107,0.0115,1.4,1.4,0.0025,9e-05,34.0,0.026,7.64,10.7,146.0,98.85,11.0
AN-BAT070,0.015,3.75,3.7350000000000003,0.0158,0.00037,306.0,0.063,8.07,10.95,873.5,89.85,9.940000000000001
MD-29272260,0.1,3.35,3.34,0.03,0.00115,150.0,0.31,7.81,10.0,488.0,89.5,10.1
MD-46824230,0.0595,9.03,8.99,0.037,0.00058,177.0,0.37,7.55,13.05,884.0,77.7,8.08
MD-48646900,0.015,4.03,4.015,0.0149,0.00028,245.0,0.1225,8.09,8.8,804.0,91.15,10.75
MD-51703080,0.015,3.6,,0.002,,210.0,0.016,8.4,12.6,538.0,102.3,11.6
MD-RSN0532,0.04,8.4,8.34,0.027,0.00045,120.0,0.08449999999999999,7.84,12.6,725.0,93.0,10.094999999999999
AN-WAV05330,0.015,7.95,7.925,0.024,0.000235,280.0,0.089,8.305,9.0,894.0,95.3,11.2
AN-NKILLMD2,0.224,2.2199999999999998,2.205,0.0177,0.0030600000000000002,160.5,0.104,7.835,10.15,11691.0,91.5,10.899999999999999
SO-SSN0651,0.015,2.9,2.9,0.002,0.00013,68.0,0.18,7.67,9.7,303.0,96.7,11.1
AN-36M10,0.07,11.8,11.7,0.08415,0.001255,230.5,0.2235,7.984999999999999,12.8,914.0,97.15,11.5
TH-RSN1629,0.057999999999999996,7.2,7.165,0.031,0.00114,180.0,0.19,8.09,13.7,644.0,96.7,10.7
NW-RSN0056,0.094,6.7,6.445,0.052500000000000005,0.00102,230.0,0.11,7.82,10.649999999999999,688.0,85.55000000000001,10.02
SW-70641868,0.015,1.5,1.5,0.002,0.000125,21.0,0.027,7.5,11.9,134.0,98.8,10.6
NE-RSN1536,0.039,4.35,4.29,0.0205,0.0005,220.0,0.0225,8.06,10.75,692.5,96.05,10.9
NW-SSN1318,0.015,0.1,0.098,0.002,0.00011750000000000001,45.0,0.005,7.58,13.2,119.0,98.4,11.2
NW-88005872,0.11099999999999999,3.95,3.93,0.027450000000000002,0.00121,115.0,0.09,7.76,7.1499999999999995,363.0,97.15,11.75
AN-LEGSBCK1,0.015,7.605,7.09,0.018,0.00035749999999999996,254.5,0.066,8.14,9.0,741.0,95.7,11.2
NW-RSN0027,0.058499999999999996,6.300000000000001,5.93,0.039,0.00049,55.5,0.11,7.6899999999999995,11.1,308.0,99.5,11.6
SW-60270173,0.1555,4.630000000000001,4.5600000000000005,0.05205,0.001815,284.5,0.24,7.75,12.25,937.0,83.69999999999999,9.265
AN-BT0169,0.015,8.12,8.04,0.0171,0.00041,272.0,0.604,8.17,10.6,866.0,93.1,10.3
NW-88006264,0.015,1.1,1.1,0.00405,0.00029,51.0,0.01,7.99,9.25,150.0,102.1,11.7
AN-WILS020S,0.0645,2.9,2.87,0.035100000000000006,0.0007949999999999999,206.5,0.095,7.75,11.9,776.5,77.15,8.25
AN-16M08,0.425,13.0,12.9,0.18,0.00296,150.0,0.49,7.49,13.25,1025.5,66.0,7.02
NW-88001918,0.287,1.2,1.17,0.026,0.00407,140.0,0.1,7.88,10.4,419.0,95.5,10.7
SW-81520521,0.015,0.605,0.604,0.002,1e-05,7.0,0.005,6.7,11.0,76.0,98.7,10.850000000000001
NE-49900039,0.10250000000000001,6.529999999999999,6.375,0.05895,0.0013700000000000001,280.0,0.225,7.915,11.0,1038.0,83.55000000000001,9.835
AN-GWASKNOS,0.0455,0.695,0.6495,0.014,0.0008049999999999999,220.0,0.059,8.04,9.0,547.0,95.7,10.8
MD-45217250,0.129,8.9,8.8,0.082,0.00148,170.0,0.37,7.78,11.350000000000001,890.5,85.0,9.405000000000001
MD-RSN1910,0.063,3.3,3.285,0.02,0.00139,160.0,0.12,8.12,10.7,509.0,98.5,11.3
SW-81020165,0.015,0.7,0.696,0.002,4e-05,10.0,0.005,7.26,11.0,80.0,99.5,10.8
NW-88003183,0.086,5.405,5.38,0.0291,0.0014,150.0,0.245,8.01,11.6,594.0,95.0,10.8
AN-GWSH280R,0.015,8.085,8.075,0.01295,0.0002675,222.5,0.0925,8.19,9.65,783.5,92.6,10.45
AN-GREN050R,0.03,8.774999999999999,8.735,0.036,0.00047,237.5,0.86,8.13,11.6,857.0,95.3,10.9
NW-88023149,0.015,0.405,0.404,0.002,0.00011,13.0,0.013,7.43,5.3,61.0,97.0,12.3
SO-G0004146,0.0375,0.315,0.3105,0.002,7.25e-05,47.0,0.036,7.135,11.9,231.5,82.35,8.945
NE-49301427,0.135,6.52,6.45,0.0562,0.0026,240.0,0.62,8.07,9.8,1631.0,89.4,9.55
MD-54520250,0.015,3.58,3.58,0.002,0.000275,220.0,0.005,8.15,10.0,512.0,100.9,11.6
SO-F0002044,0.0775,0.565,0.546,0.022,0.00062,147.0,0.0895,7.615,13.2,516.0,73.4,8.125
SW-72933607,0.032,2.1,2.065,0.00805,0.00026250000000000004,40.0,0.0525,7.48,11.4,193.0,94.8,10.4
NW-88022813,0.032,0.21500000000000002,,0.002,5e-06,2.5,0.005,5.6899999999999995,6.5,27.6,99.4,11.5
SW-70631802,0.015,2.0,2.0,0.002,0.0001275,23.5,0.005,7.42,11.2,141.0,97.65,10.7
MD-RSN0910B,0.015,8.2,8.16,0.028,0.000305,210.0,0.049,7.88,11.0,650.0,90.6,9.97
MD-11238400,0.0228,4.8,4.755,0.0125,0.00048499999999999997,205.0,0.0655,7.984999999999999,10.95,750.0,90.3,9.82
NE-49105245,0.081,7.25,7.18,0.054000000000000006,0.001155,310.0,0.11499999999999999,7.785,13.649999999999999,1000.5,81.55,8.335
SW-C0853500,0.0535,5.5,5.4,0.028,0.001015,272.5,0.091,8.06,10.6,868.5,89.75,9.995000000000001
TH-PUTR0141,0.015,6.17,6.16,0.0132,0.000295,265.0,0.032,8.07,10.9,639.0,88.1,9.92
TH-PCHR0013,0.015,6.385,6.39,0.0094,0.00027,220.0,0.1295,8.04,11.7,688.5,89.75,9.38
AN-FODDZ4,0.15,1.8,1.74,0.027,0.00098,310.0,0.035,7.77,11.0,2113.0,105.6,11.5
NW-RSN0859,0.21000000000000002,2.2,2.145,0.0445,0.00063,200.0,0.14500000000000002,7.4399999999999995,12.4,740.0,65.25,7.494999999999999
NW-RSN1120,0.0043,0.22,0.2185,0.0014,2e-05,,0.0076,7.59,9.8,95.5,101.25,11.45
MD-49698650,0.062,3.105,3.02,0.01845,0.00104,151.0,0.1085,8.17,10.3,521.0,98.7,11.3
MD-48392200,0.015,5.2,5.18,0.0126,0.00029,200.0,0.055,8.03,10.6,636.0,93.5,10.8
NW-88001877,0.015,1.5950000000000002,1.585,0.0074,0.0002575,70.0,0.057,8.01,10.2,257.0,100.3,11.4
MD-RSN1134,0.077,8.7,8.66,0.052,0.00197,200.0,0.2,8.1,15.2,832.0,94.0,9.53
TH-PCNR0004,0.032,5.8,5.77,0.034,0.0003,247.5,0.16,7.7,11.25,647.0,90.7,10.2
MD-38367872,0.276,8.9,,0.0452,0.00083,176.0,0.005,7.34,6.8,1198.0,73.1,
TH-PUTR0052,0.015,7.26,7.245,0.01645,0.000285,236.5,0.096,8.03,11.1,668.0,82.5,8.87
AN-NCUT1,0.015,8.51,8.485,0.0324,0.000365,240.0,0.0205,7.93,9.350000000000001,754.5,94.75,10.8
NW-88001910,0.041,2.0,1.99,0.016,0.00064,62.0,0.121,8.01,10.7,240.0,101.8,11.4
NW-88005688,0.0108,0.497,0.492,0.00272,0.00011,23.0,0.007,7.85,9.2,95.0,103.2,11.9
NW-88022081,0.3775,0.62,0.603,0.0176,0.00361,153.0,0.032,7.56,11.55,587.0,93.55,10.4
MD-43558100,0.015,4.4,4.380000000000001,0.02315,0.0003875,292.0,0.1485,8.175,8.6,1276.0,94.15,11.6
MD-77589220,0.099,4.64,4.58,0.0577,0.0017,210.0,0.068,8.0,10.8,900.0,93.0,10.4
MD-42767080,0.22,17.0,16.9,0.15,0.00371,233.0,0.45,8.04,11.9,1417.0,91.9,9.64
MD-66133070,0.855,1.87,1.77,0.0637,0.00357,343.0,0.013,7.4,11.1,1278.0,74.9,8.4
AN-36M19,0.032,10.0,9.97,0.031,0.00032,260.0,0.22,7.77,11.8,782.0,83.3,8.99
MD-26955600,0.0695,9.925,9.86,0.0485,0.00073,175.5,0.1695,7.805,9.3,557.0,89.85,10.45
TH-PRTS0044,0.16,0.1,0.193,0.013,0.00143,260.0,0.0645,7.57,10.1,825.0,45.400000000000006,4.46
NE-49400577,0.015,0.84,0.826,0.002,0.00035,109.0,0.035500000000000004,8.24,9.1,283.0,101.6,11.5
NE-49302240,0.055,2.61,2.54,0.0231,0.00069,166.0,0.019,7.97,10.2,617.0,80.9,9.3
NE-49000785,0.015,6.7,6.7,0.002,0.000275,150.0,0.016,8.26,9.5,621.0,100.6,11.3
AN-27M23,0.015,8.7,8.620000000000001,0.023,0.0003275,260.0,0.26,8.07,11.9,787.0,96.95,10.5
SW-RSN1701,0.015,5.6,5.59,0.0125,0.000275,190.0,0.18,7.78,10.9,534.0,95.2,10.6
AN-ANT097,0.1095,2.115,2.11,0.021150000000000002,0.00111,251.0,0.058,7.7,11.5,1151.0,80.65,8.754999999999999
NW-RSN0651,0.002,0.36,0.359,0.0005,5e-06,,0.0005,5.77,7.85,20.0,100.19999999999999,11.850000000000001
NW-88006563,0.195,2.0999999999999996,2.085,0.019,0.0015049999999999998,175.0,0.097,7.775,5.550000000000001,448.35,96.30000000000001,12.1
NW-88025759,0.101,2.4,2.38,0.02,0.0008500000000000001,109.0,0.0565,7.795,5.199999999999999,323.2,98.6,12.5
NE-SSN0725,0.18,11.0,11.0,0.048,0.00187,250.0,0.12,7.76,10.7,1230.0,93.7,10.8
MD-59002450,0.137,10.9,10.8,0.10135,0.00175,131.0,0.5005,7.76,11.899999999999999,761.5,82.85,8.955
SW-82710620,0.015,1.43,1.4249999999999998,0.00355,0.00017250000000000002,49.5,0.024,7.529999999999999,11.05,260.0,95.55,10.75
SW-81940190,0.015,5.04,5.04,0.0081,9e-05,33.0,0.015,7.390000000000001,10.15,248.5,99.65,11.1
MD-23349950,0.0225,7.1,7.06,0.035,0.000435,173.0,0.127,8.08,10.8,535.5,93.3,10.3
SW-70531166,0.069,5.05,5.01,0.0401,0.00114,116.5,0.1265,8.0,12.05,390.5,100.0,11.100000000000001
NW-88024660,0.081,1.9,1.88,0.019,0.00095,160.0,0.028,7.71,12.5,694.0,94.2,9.99
SW-RSN2123,0.00515,0.96,0.957,0.0022500000000000003,2.5e-05,14.0,0.0185,7.5,10.899999999999999,97.0,100.94999999999999,11.0
MD-11559060,0.0795,15.0,14.9,0.0511,0.00087,140.0,0.12,7.535,14.1,809.0,91.05,9.489999999999998
SW-82520904,0.042,4.775,4.765000000000001,0.0159,0.000145,33.0,0.0155,7.37,11.2,213.5,96.19999999999999,10.55
NW-88022901,0.015,0.25,0.246,0.002,1.7500000000000002e-05,3.75,0.005,6.824999999999999,11.5,31.5,100.95,11.45
SO-E0001617,0.037,3.15,3.14,0.013,0.00018,63.0,0.089,7.5,12.2,411.0,88.6,9.57
TH-PCHR0095,0.0225,4.555,4.535,0.017050000000000003,0.0003725,177.5,0.068,7.88,9.3,599.5,87.4,9.965
NW-88022366,0.001,0.19,0.189,0.0005,5e-06,2.5,0.0005,6.98,9.8,36.0,99.9,11.1
NW-88000695,0.0555,4.64,4.615,0.0304,0.000595,196.0,0.2015,7.765,8.7,652.5,83.85,9.535
MD-23416260,0.035,5.25,5.23,0.03,0.00045,140.0,0.23,8.0,12.2,590.0,92.7,10.5
AN-02M07,0.091,1.6749999999999998,1.665,0.01965,0.00162,,0.3425,8.045,9.7,,91.6,10.4
SW-81931009,0.015,3.4850000000000003,,0.002,,17.0,0.005,6.995,11.9,181.6,97.4,
AN-RSN0292,0.015,8.5,8.49,0.01,0.000205,240.0,0.013,7.74,10.1,712.0,93.9,10.7
SW-81810620,0.015,1.2000000000000002,1.19,0.0033,0.000115,58.0,0.0135,7.52,13.3,249.0,96.9,10.15
NW-SSN1330,0.00615,0.54,0.5389999999999999,0.0005,0.0001,175.0,0.00605,8.125,9.25,367.0,97.9,11.7
AN-TIF080,0.088,3.3,3.26,0.041,0.00166,280.0,0.0965,7.965,10.9,757.5,81.65,9.1
SW-E2270405,0.032,4.85,4.82,0.0202,0.00047,199.0,0.093,8.19,10.9,522.0,94.5,10.5
SO-E0000150,0.045,3.96,3.9,0.0364,0.00083,240.0,0.059,7.92,12.7,629.0,95.1,9.91
MD-RSN0228,0.015,15.0,15.0,0.02,0.000335,300.0,0.013,8.2,9.6,797.0,98.5,11.1
SW-70231410,0.084,6.29,6.25,0.024,0.00168,200.0,0.19,8.1,10.7,525.0,95.5,10.6
SO-G0006969,0.015,7.85,7.84,0.0195,0.0003725,250.0,0.036,8.02,12.6,601.0,99.2,11.0
NE-RSN0592,0.0073,0.33,0.329,0.0016,5e-05,11.0,0.0057,7.53,9.9,130.0,98.4,10.7
MD-26271500,0.071,3.585,3.571,0.012499999999999999,0.000415,97.0,0.11150000000000002,7.68,4.0,463.0,88.3,11.55
SW-60140350,0.063,0.93,0.918,0.0136,0.00152,180.0,0.075,8.34,10.7,431.0,94.2,10.7
SW-RSN0195,0.046,3.4,3.39,0.018,0.00023,32.0,0.05,7.42,11.8,190.0,95.6,10.3
AN-TIPS0881,0.04,10.48,9.89,0.035,0.00058,253.0,0.14500000000000002,8.1,10.4,961.0,96.5,10.8
TH-RSN0477,0.062,5.3,5.28,0.039,0.00059,260.0,0.17,7.59,12.2,644.0,83.0,9.27
TH-PRGR0005,0.077,16.75,16.75,0.0657,0.001535,190.0,1.835,8.0,12.149999999999999,1149.0,92.65,9.96
SO-RSN0525,0.042,2.3,2.22,0.012,0.00042,48.0,0.019,7.75,10.8,217.0,88.2,9.64
MD-83652843,0.015,0.435,0.431,0.002,0.000115,12.0,0.005,7.7,9.0,73.0,102.0,11.6
NW-88022523,0.015,1.51,1.47,0.002,,,0.032,7.1850000000000005,10.05,485.5,80.30000000000001,9.54
SW-70721716,0.024,4.505,4.495,0.01355,0.00048249999999999996,191.5,0.08149999999999999,7.95,12.0,491.0,96.8,10.55
NW-88002461,0.209,11.5,11.45,0.0582,0.00167,95.0,0.5635,7.609999999999999,12.2,569.0,87.55,9.469999999999999
AN-WHIL100W,0.0465,11.05,11.05,0.038,0.00089,187.0,0.473,8.06,10.35,829.0,94.55000000000001,10.9
NW-88005563,0.001,0.107,0.106,0.0005,5e-06,6.0,0.0005,7.3,8.2,32.0,100.5,11.6
MD-51729450,0.015,4.4,4.4,0.002,0.000245,250.0,0.013,8.28,8.6,584.0,102.1,11.8
NE-49500601,0.15,2.37,2.34,0.0308,0.00138,42.0,0.068,7.65,9.8,308.0,94.0,10.6
NE-RSN0740,0.027000000000000003,0.92,0.89,0.013999999999999999,0.00015999999999999999,71.0,0.0545,7.5,10.45,301.5,92.9,10.65
MD-RSN1975,0.015,4.2,4.2,0.0041,0.00023,140.0,0.02,7.960000000000001,11.7,364.0,96.94999999999999,11.0
SO-RSN0345,0.031,4.25,4.245,0.0115,0.00048249999999999996,235.0,0.15,8.16,12.95,704.0,94.25,10.1
AN-29M10,0.037,11.6,11.6,0.0036,0.0002625,391.0,0.019000000000000003,7.765000000000001,7.550000000000001,883.0,77.44999999999999,9.285
MD-51704300,0.015,3.4,3.4,0.002,0.00027,210.0,0.021,8.1,9.5,548.0,100.4,11.5
AN-RSN0084,0.069,7.15,7.0600000000000005,0.055,0.001215,200.0,0.27,8.059999999999999,10.8,703.5,92.2,10.6
NW-88006268,0.015,2.6,2.59,0.0081,0.00032,72.0,0.0345,8.0,9.6,204.0,100.2,11.5
NE-41000412,0.015,7.8,7.77,0.018,0.00023,190.0,0.033,8.13,9.5,568.0,98.0,11.3
AN-HOBD7,0.15,3.425,3.87,0.054,0.00188,290.0,0.091,8.055,12.3,2664.0,94.8,10.8
MD-50166,0.015,7.1,7.09,0.00955,0.0002875,245.0,0.042499999999999996,8.0,10.55,601.0,96.94999999999999,10.75
SW-RSN2131,0.018,5.0,4.98,0.012,0.00024,63.0,0.035,7.83,11.2,248.0,99.0,11.0
AN-ST0604,0.0325,6.84,6.805,0.0366,0.0006399999999999999,260.5,0.1315,8.01,11.75,860.5,94.4,10.649999999999999
MD-49692250,0.064,3.8,3.77,0.01895,0.0013449999999999998,160.0,0.127,8.0,10.8,567.0,98.5,11.2
NW-88006220,0.015,1.5,1.48,0.0062,0.00034,160.0,0.02,8.2,9.8,385.5,100.05000000000001,11.9
TH-RSN0546,0.015,6.15,6.13,0.0135,0.0002925,215.0,0.16,8.065000000000001,11.9,638.0,91.5,10.04
SW-50320510,0.049,4.619999999999999,4.5649999999999995,0.035350000000000006,0.00067,261.5,0.20450000000000002,7.9350000000000005,10.75,681.0,82.25,9.25
MD-38703250,0.015,15.0,,0.0092,,280.0,0.013,8.22,7.9,811.0,101.0,
MD-78894100,0.099,0.81,0.793,0.0125,0.00073,210.0,0.047,7.6,8.6,982.0,90.7,10.6
SO-RSN0153,0.015,2.2,2.19,0.00555,0.000345,240.0,0.059,8.26,12.3,667.5,98.75,10.6
NW-88023161,0.015,0.35,0.346,0.002,0.000255,61.0,0.014,8.04,9.6,185.0,100.1,11.7
AN-ANCO3,0.053,9.2,9.17,0.044,0.00082,220.0,0.108,8.08,9.1,775.5,96.4,11.4
TH-PLDR0034,0.015,5.9,5.89,0.0063999999999999994,0.0001625,253.0,0.02,7.73,11.1,636.0,88.6,9.7
NE-SSN0513,0.24,5.1,4.91,0.069,0.00091,240.0,0.099,7.15,14.8,816.0,27.6,3.19
MD-00034302,0.0415,4.65,4.640000000000001,0.023,0.0007949999999999999,110.0,0.146,8.01,14.0,407.0,95.3,9.99
MD-02850300,0.015,4.8100000000000005,4.8,0.018,0.000425,271.0,0.217,8.14,11.75,746.0,90.1,10.149999999999999
NW-88023302,0.3,1.4,1.36,0.047,0.00307,180.0,0.11,7.67,11.2,575.0,77.6,8.57
MD-23528300,0.9225,12.0,11.8,0.2085,0.013649999999999999,189.5,0.547,7.8,10.8,958.0,94.0,10.43
NW-88003418,0.015,0.955,0.956,0.002,0.00030000000000000003,82.5,0.028,7.845,10.6,224.5,102.2,11.55
SO-E0000951,0.036,4.2,4.17,0.0232,0.00038,57.0,0.168,7.64,11.4,329.0,89.7,9.895
AN-GIP210,0.072,6.0,5.95,0.0556,0.0012,274.0,0.203,8.05,11.6,1009.0,89.7,9.45
MD-04809770,0.015,4.0,3.9699999999999998,0.018099999999999998,0.0004175,237.5,0.0275,7.92,10.649999999999999,757.0,93.85,10.7
NE-SSN0129,0.008799999999999999,14.0,14.0,0.0054,0.000135,225.0,0.011,7.970000000000001,11.1,711.0,92.85,10.15
TH-PLDR0028,0.015,9.42,9.405000000000001,0.018,0.00038,223.5,0.11,8.105,11.4,692.5,87.1,9.59
AN-RR0346,0.0875,7.315,7.275,0.03225,0.00114,163.0,0.42900000000000005,7.95,9.8,827.0,83.4,9.195
AN-RSN0481,0.015,8.5,8.49,0.009600000000000001,0.000315,260.0,0.0275,8.254999999999999,10.149999999999999,788.0,95.8,10.55
AN-JORD090M,0.092,4.9,4.88,0.0363,0.00153,200.0,0.2,8.03,10.6,765.0,93.85,10.850000000000001
AN-RSN2161,0.058,4.05,4.02,0.0295,0.00083,325.0,0.0695,7.859999999999999,13.95,845.0,80.05,7.46
TH-PTAR0052,0.03,6.94,6.91,0.0291,0.00044,269.0,0.254,8.27,10.5,748.0,90.0,11.1
MD-59397650,0.211,18.0,17.45,0.23,0.001685,133.5,0.24,7.65,12.5,832.0,61.0,6.325
SW-72940109,0.015,1.53,1.525,0.00305,0.00019250000000000002,23.0,0.08249999999999999,7.7,9.3,146.5,98.95,11.3
SW-81611085,0.015,1.6,1.6,0.002,3e-05,17.0,0.013,6.89,11.4,141.0,97.7,10.6
NE-RSN2260,0.0155,3.1,3.09,0.0084,0.00026000000000000003,290.0,0.026,8.225,10.850000000000001,882.0,98.55,11.0
SW-81290128,0.033,1.84,1.83,0.009,0.00024,41.0,0.038,7.52,11.7,203.0,96.0,10.5
SW-RSN1067,0.0086,2.5,2.5,0.0012,4e-05,44.0,0.031,7.36,11.7,152.0,96.75,10.325
SW-SSN0048,0.00535,1.05,1.0495,0.00115,2.5e-05,26.0,0.012,7.42,10.45,142.0,97.85,10.75
AN-FYN070,0.079,9.0,8.91,0.0722,0.00129,252.0,0.199,7.97,12.4,897.0,91.2,9.71
TH-PCHR0270,0.015,8.5,8.47,0.0195,0.0002925,190.0,0.0635,7.95,8.3,591.0,93.6,10.8
NE-49800253,0.09,2.7,2.68,0.017,0.00074,72.0,0.089,8.17,5.7,323.0,92.6,11.6
NE-49301061,0.057,10.149999999999999,10.1,0.05085,0.000975,275.0,0.095,8.024999999999999,11.25,956.0,94.85,10.75
TH-PWYR0012,0.015,5.5,5.49,0.0112,0.00033,242.0,0.027,8.05,11.55,587.0,94.75,10.05
NE-49500612,0.0689,1.0950000000000002,1.08,0.00896,0.00063,23.0,0.0486,7.675,9.55,158.0,97.1,11.350000000000001
AN-EYEB100S,0.015,3.5,3.48,0.015,0.00038,231.0,0.075,8.18,10.5,735.0,93.8,10.5
SW-RSN1163,0.005350000000000001,0.565,0.563,0.0018,1e-05,,0.011,7.1,9.9,61.5,100.19999999999999,11.3
MD-48704100,0.088,3.55,3.46,0.04445,0.0017000000000000001,243.0,0.25,8.375,11.1,883.0,98.25,11.1
SO-F0002283,0.069,1.7,1.69,0.011,0.00032,68.0,0.069,7.485,10.6,299.0,90.1,10.1
TH-RSN1250,0.015,4.4,4.385,0.012,0.00034500000000000004,195.0,0.0625,7.955,10.5,513.0,93.55,10.465
TH-PMLR0027,0.1,18.0,18.0,0.063,0.00064,73.0,0.36,7.41,13.4,585.0,76.1,7.48
NE-49600031,0.1755,7.89,7.82,0.05155,0.00183,204.0,0.027,7.715,10.2,635.0,83.5,9.43
TH-PCHR0156,0.042,3.2,3.13,0.0245,0.0006,246.0,0.16999999999999998,7.99,8.0,762.0,79.6,9.15
MD-H0000090,0.015,1.5,1.5,0.002,0.00030000000000000003,170.0,0.027,8.2,10.6,362.0,102.0,10.95
NE-RSN1924,0.02,1.7,1.69,0.0057,0.0002,50.0,0.041,8.02,9.4,205.0,98.6,11.1
SW-70920802,0.0225,3.035,3.01,0.01475,0.000265,97.5,0.063,7.755,11.350000000000001,304.5,93.5,10.23
NE-49302005,0.015,1.22,1.21,0.0054,0.0002825,84.5,0.037500000000000006,8.129999999999999,10.7,418.5,98.2,10.95
AN-05M16,0.052,1.27,1.26,0.0234,0.00097,175.0,0.061,7.96,11.9,785.0,80.8,8.65
SW-70501029,0.055,5.2,5.175000000000001,0.037000000000000005,0.0005,70.5,0.088,7.58,12.05,301.0,95.0,10.045
MD-SSN1308,0.03,1.6,1.6,0.006500000000000001,0.0005549999999999999,290.0,0.0385,7.955,12.5,810.5,89.95,9.705
AN-48M15,0.096,9.83,9.77,0.07905000000000001,0.00122,266.0,0.1945,7.83,11.6,928.0,80.5,8.92
MD-60967300,0.09,14.0,14.0,0.0988,0.00105,120.0,0.85,7.71,11.9,608.0,84.0,9.56
NE-49400597,0.015,0.615,0.611,0.002,0.0002475,160.0,0.0135,8.32,8.7,333.0,101.55,11.5
SO-RSN0181,0.0805,0.1,0.138,0.007,0.0005225,170.0,0.0645,7.525,12.5,638.5,78.15,8.81
MD-10185000,0.035,2.59,2.55,0.0164,0.00042,206.0,0.179,8.0,11.0,875.0,89.7,9.67
TH-RSN1897,0.034,8.9,8.82,0.026,0.00045,250.0,0.33,7.95,11.5,858.0,87.1,9.92
SW-60270770,0.041,7.85,7.87,0.029,0.00081,260.0,0.955,8.13,12.45,770.5,94.69999999999999,10.1
AN-BL04,0.11549999999999999,11.0,10.9,0.06670000000000001,0.0024549999999999997,250.0,0.23,8.06,12.8,877.0,92.3,9.75
SW-SSN0736,0.015,1.65,1.6400000000000001,0.0086,0.00019,64.0,0.025500000000000002,7.365,11.899999999999999,209.0,92.94999999999999,9.895
NW-88002256,0.015,0.57,0.56,0.002,0.00015,20.0,0.02,7.53,9.6,98.0,98.9,11.5
TH-PWRR0037,0.031,3.7,3.6,0.01,0.00042,244.0,0.05,7.98,10.8,757.0,89.65,9.96
SW-82410708,0.2975,4.805,4.93,0.0196,0.00214,30.0,0.002,7.4,11.5,303.0,96.5,10.9
NE-SSN0001,0.33,1.8,1.64,0.046,0.00221,240.0,0.005,7.515,12.35,1033.0,68.0,6.825
SW-70725203,0.0051,0.1,0.098,0.0005,1.25e-05,2.5,0.00155,6.9,9.8,44.5,100.0,11.45
SW-72937207,0.015,2.8,2.8,0.0066,0.00011,37.0,0.088,7.53,10.6,176.0,98.4,10.8
NW-RSN0892,0.00355,0.013000000000000001,0.012,0.0005,7.500000000000001e-06,19.5,0.0047,7.165,9.35,56.5,100.19999999999999,11.899999999999999
NW-88023337,0.9365,3.1950000000000003,3.1799999999999997,0.01895,0.00114,100.0,0.10250000000000001,6.965,6.550000000000001,479.5,69.5,8.765
MD-SSN0092,0.047,2.7,2.69,0.012,0.00105,320.0,0.13,8.04,12.6,757.0,97.1,10.5
NE-49300669,0.066,5.6,5.56,0.037,0.00102,180.0,0.06,7.94,9.5,1028.0,90.8,10.5
SO-E0007305,0.039,1.6,1.55,0.019,0.00087,140.0,0.17,7.85,12.4,701.0,77.2,7.71
NW-RSN2004,0.006,1.5,1.5,0.0016,5e-05,45.0,0.01,7.87,10.2,172.0,103.0,11.5
NW-88005833,0.096,4.71,4.59,0.0307,0.00125,117.0,0.1065,7.95,10.6,441.0,97.0,11.0
MD-RSN1546,0.036500000000000005,6.95,6.925,0.028,0.000595,210.0,0.1,8.135,10.350000000000001,683.0,96.65,10.649999999999999
NW-88023721,0.08499999999999999,0.1,0.1775,0.0053,0.00191,134.0,0.17099999999999999,8.155000000000001,12.05,451.5,94.35,10.6
MD-04831840,0.0895,9.530000000000001,9.469999999999999,0.05295,0.001405,220.0,0.17,7.99,12.5,886.5,92.0,10.1
SW-82410285,0.174,11.9,12.2,0.111,0.001035,59.0,1.99,7.48,12.75,436.0,91.85,9.56
TH-PTHR0111,0.033,6.7,6.675,0.022,0.00064,220.0,0.1775,8.125,13.2,687.0,95.9,10.004999999999999
SW-RSN1151,0.015,4.65,4.635,0.014,0.0003525,140.0,0.078,7.95,11.2,398.5,94.0,10.135000000000002
MD-47230150,0.015,3.9,3.885,0.01595,0.000365,210.0,0.14,8.075,10.649999999999999,868.5,93.55,10.45
AN-MIDDLMSH,0.201,0.88,0.868,0.026,0.00273,304.0,0.081,7.875,12.15,1632.0,82.6,9.1
MD-54926020,0.093,5.35,5.3149999999999995,0.025,0.0013050000000000002,186.0,0.08299999999999999,8.145,10.95,504.0,98.85,11.149999999999999
TH-PEVR0010,0.023,6.6,6.575,0.023,0.0003375,207.0,0.265,7.91,11.149999999999999,597.5,83.0,9.57
NW-88023146,0.015,0.72,0.716,0.002,0.00016,37.0,0.005,7.88,6.2,121.0,103.1,12.8
NW-88005695,0.036,0.75,0.744,0.0119,0.00073,236.0,0.048,8.08,8.3,576.0,99.7,11.6
TH-RSN1570,0.015,5.2,5.175,0.017,0.000435,210.0,0.072,8.13,10.649999999999999,563.0,92.25,10.2
SO-E0007344,0.092,0.69,0.669,0.011,0.00028,67.0,0.051,7.59,8.4,221.0,93.2,10.9
MD-RSN0712,0.023,1.2000000000000002,1.2000000000000002,0.0037,0.00038,47.5,0.019,7.970000000000001,9.95,207.5,101.05,11.350000000000001
NW-88023234,0.031,1.075,1.068,0.004200000000000001,0.00040249999999999997,72.0,0.0235,7.9750000000000005,8.75,263.5,102.2,11.9
AN-ANT130,0.0925,1.91,1.875,0.028,0.00082,220.0,0.034,7.64,12.0,863.0,72.85,7.970000000000001
AN-CHK020,0.0465,10.75,10.649999999999999,0.04105,0.00075,322.0,0.2265,8.26,8.7,1012.0,102.4,12.149999999999999
SW-E2031700,0.05,5.88,5.86,0.0421,0.00072,199.0,0.283,8.06,8.6,553.0,94.4,11.3
SO-RSN1001,0.012,6.199999999999999,6.1899999999999995,0.00615,0.000165,260.0,0.019,7.9350000000000005,11.95,634.0,96.69999999999999,10.850000000000001
SO-G0003796,0.015,7.4,7.39,0.014,0.0003125,250.0,0.0405,8.18,11.4,602.0,99.9,11.0
MD-23315520,0.1005,11.4,11.4,0.08299999999999999,0.00134,160.0,0.3765,7.825,12.25,832.0,89.1,9.5
AN-27M09,0.015,9.0,8.97,0.0294,0.000315,252.0,0.422,8.02,11.7,794.5,93.6,10.5
SW-Z2050102,0.035,3.0,2.98,0.0171,0.000375,250.0,0.11,7.96,10.7,688.0,88.25,9.695
AN-TE01,0.015,11.1,11.1,0.019,0.000315,230.0,0.25,8.09,10.5,903.0,91.3,9.75
AN-RSN1638,0.0945,9.35,9.184999999999999,0.0445,0.001365,180.0,0.043,8.07,10.45,798.0,91.4,10.365
SW-RSN2187,0.00555,2.95,2.95,0.00195,5e-05,39.0,0.0225,7.630000000000001,11.3,201.0,99.95,10.8
AN-NHMD1,0.268,4.915,,,0.00404,,0.1295,7.87,10.35,9508.5,91.0,9.469999999999999
MD-70261360,0.049,6.98,6.9399999999999995,0.0451,0.000415,190.0,0.213,7.65,10.05,810.0,77.0,8.44
AN-DT0125,0.21,6.57,6.46,0.0495,0.00137,250.0,0.24,7.57,10.9,1188.0,51.6,5.84
NE-49603064,0.015,4.4,4.4,0.002,0.000245,180.0,0.005,8.155000000000001,8.5,501.0,98.7,11.55
MD-00771100,0.0575,3.1,3.07,0.026000000000000002,0.0011849999999999999,125.0,0.22499999999999998,8.2,10.7,444.0,99.8,10.95
AN-59M06,0.33,1.3,,0.035,0.00362,,0.005,7.665,18.2,1251.0,75.7,
MD-13625300,0.015,2.63,2.63,0.002,0.000245,96.5,0.039,7.93,10.3,265.0,99.1,11.149999999999999
NE-49400828,0.015,1.4,1.4,0.007,0.000435,45.0,0.058,8.12,8.899999999999999,216.5,98.0,11.350000000000001
SW-60140327,0.015,3.6,3.6,0.002,0.000305,300.0,0.011,8.08,10.5,733.0,98.05,10.8
SO-G0004095,0.015,8.7,8.665,0.0139,0.000245,240.0,0.021,7.92,11.1,622.5,95.0,10.6
NE-49000397,0.015,6.5,6.5,0.0089,0.00029,160.0,0.02,8.344999999999999,9.95,593.0,100.6,11.350000000000001
SW-RSN0243,0.015,0.54,0.538,0.002,0.0001,110.0,0.005,7.74,12.5,345.0,97.0,10.3
SW-Z4170102,0.015,5.635,5.619999999999999,0.01285,0.00031,229.0,0.1125,8.285,11.7,623.5,98.9,10.75
MD-26272000,0.055,4.67,4.65,0.0293,0.00064,94.0,0.137,7.92,10.5,344.0,97.2,10.7
MD-54523050,0.015,1.1,1.1,0.002,0.000235,61.0,0.0125,8.05,9.25,201.5,100.35,11.4
AN-CARRDYK,0.051,11.05,11.0,0.06245,0.000545,241.5,0.5345,7.75,9.15,956.5,71.5,7.805
MD-58809980,0.0365,6.34,6.305,0.025,0.000515,190.0,0.162,7.945,10.0,655.0,89.5,9.765
MD-50582630,0.058,3.62,3.5999999999999996,0.0223,0.00073,120.0,0.08249999999999999,7.965,9.6,393.0,96.25,11.1
MD-43534740,0.52,18.5,18.25,0.3125,0.005005,180.0,2.5,7.71,10.1,,73.69999999999999,8.485
NW-88025897,0.135,1.35,1.31,0.036500000000000005,0.00149,110.0,0.077,7.665,12.5,348.5,86.94999999999999,9.29
NW-RSN0860,0.019,0.28,0.277,0.0029,6e-05,23.0,0.01,7.49,10.4,96.0,96.8,10.7
MD-C0000050,0.0225,5.3100000000000005,5.295,0.017750000000000002,0.00040249999999999997,168.0,0.1385,8.024999999999999,10.5,679.5,89.65,10.25
SO-RSN1649,0.058,2.95,2.93,0.025,0.0005,125.0,0.325,7.77,9.6,528.0,85.85,10.09
MD-29272960,0.137,3.455,3.395,0.039,0.00091,160.0,0.20500000000000002,7.68,9.2,507.5,88.30000000000001,9.88
SW-E1273100,0.031,6.404999999999999,6.385,0.0142,0.000525,220.5,0.1275,8.24,10.05,558.0,98.1,10.8
NW-88006190,0.015,1.28,1.27,0.00634,0.00035,225.0,0.021,8.36,9.3,448.5,104.05000000000001,12.05
SW-81271202,0.025,1.1,1.09,0.006725,0.00015,35.0,0.016,7.54,10.75,174.5,98.65,10.850000000000001
SW-81271526,0.015,0.47,0.457,0.002,0.000105,19.0,0.005,7.4,13.4,131.0,102.2,10.3
NW-88005126,0.067,2.8,2.79,0.017,0.00041,57.0,0.03,7.35,10.25,243.0,98.05000000000001,10.4
NW-88024205,0.015,0.3,0.296,0.002,4e-05,13.0,0.005,7.4350000000000005,10.8,54.0,101.65,10.8
AN-BEL030,0.015,8.56,8.54,0.0204,0.00036,286.0,0.168,8.09,10.5,902.0,97.3,10.6
AN-ST0173,0.12,11.0,11.0,0.11,0.00108,84.0,0.55,7.43,14.2,772.0,78.1,7.74
TH-PEVR0013,0.015,6.8,6.785,0.013,0.000365,210.0,0.17049999999999998,8.13,10.5,582.0,92.4,10.1
NW-88025747,0.405,0.9400000000000001,0.823,0.117,0.000435,160.0,0.25,6.9,5.95,479.15,33.25,4.135
NW-RSN1731,0.064,3.4000000000000004,3.375,0.033,0.001095,155.0,0.1,7.835,11.7,586.0,93.69999999999999,10.55
TH-RSN0761,0.044,7.9,7.86,0.025,0.00062,200.0,0.16,8.13,13.6,715.0,99.7,11.6
AN-LTH020,0.0405,3.435,3.42,0.022600000000000002,0.0003,269.5,0.0245,7.495,10.8,844.5,67.7,6.925
NE-SSN0401,0.026,4.9,4.88,0.0098,0.00016,310.0,0.022,7.52,11.8,849.0,72.4,7.82
SW-70220505,0.015,2.5,2.4850000000000003,0.01,0.0003875,92.0,0.069,8.06,11.45,366.0,99.35,11.05
NE-49600152,0.015,2.455,2.4400000000000004,0.00765,0.00030000000000000003,88.0,0.029,7.995,10.0,292.5,97.65,11.149999999999999
SW-70550265,0.015,1.1,1.08,0.0063,0.00019,24.0,0.02,7.57,11.2,108.0,99.0,10.7
MD-58809550,0.034,5.2,5.17,0.027,0.00058,200.0,0.11,8.08,11.2,695.0,95.0,10.3
AN-MUN040,0.033,6.6,6.635,0.0332,0.000495,214.0,0.10200000000000001,8.16,10.9,816.5,94.5,10.5
SO-G0003792,0.015,7.95,7.9399999999999995,0.0115,0.000275,240.0,0.08149999999999999,8.14,9.6,608.5,99.55,10.8
NE-SSN0117,0.0031999999999999997,0.053000000000000005,0.051500000000000004,0.0005,2e-05,12.0,0.008,7.5649999999999995,8.15,57.0,102.15,12.2
SW-82010208,0.015,7.97,7.96,0.0102,0.00016,44.0,0.084,7.51,12.3,389.0,98.0,10.3
NW-88025745,0.16999999999999998,1.8,1.7850000000000001,0.0185,0.000325,220.0,0.195,7.09,7.050000000000001,606.5,46.05,5.57
SW-81930284,0.0313,0.98,0.976,0.002,5e-05,19.0,0.005,6.91,12.1,170.0,94.9,10.3
SW-82611160,0.015,1.2,1.2,0.002,0.00012,35.0,0.013,7.6,11.8,213.0,97.7,10.5
SW-73210209,0.00375,0.765,0.761,0.0005,4.25e-05,24.5,0.0076500000000000005,7.705,9.1,101.0,101.0,11.7
SW-70571902,0.015,1.29,1.29,0.002,0.000135,52.0,0.0123,7.7,9.6,159.0,99.0,11.6
MD-23538090,0.037,5.37,5.35,0.0282,0.0005,205.0,0.0745,8.2,9.2,560.0,95.1,10.6
NE-RSN0440,0.004200000000000001,0.395,0.394,0.0005,6.5e-05,101.5,0.0014,8.275,9.2,216.0,99.15,11.3
SW-82010152,0.015,3.92,3.92,0.002,5e-05,13.0,0.011,7.145,11.95,187.0,99.5,10.7
MD-55725750,0.051,4.06,4.03,0.0217,0.00064,157.0,0.051,7.98,10.2,514.0,94.2,10.7
MD-23526180,0.0535,12.0,12.0,0.0495,0.001005,165.0,0.478,7.9,13.25,796.0,90.85,9.56
TH-RSN1993,0.036000000000000004,13.5,13.5,0.034,0.000505,240.0,0.28500000000000003,7.945,11.7,913.5,91.05000000000001,10.004999999999999
SO-F0017617,0.0865,3.6,3.56,0.022,0.00043,36.5,0.053000000000000005,7.45,8.6,249.0,93.25,10.7
SW-70571003,0.015,1.6,1.59,0.0105,0.000185,27.0,0.024,7.7,10.7,119.0,98.0,10.8
NW-88005603,0.015,0.72,0.711,0.0076,0.000125,39.0,0.0181,7.44,13.0,157.0,93.2,9.8
NW-88000795,0.12,12.0,11.9,0.0804,0.0022,150.0,0.42,7.99,10.8,882.0,95.4,10.5
AN-25M01,0.05,7.1,7.01,0.053,0.000605,220.0,0.25,7.91,10.4,989.0,87.5,9.65
MD-09837420,0.0835,5.67,5.625,0.02445,0.001705,206.5,0.157,8.035,11.75,622.5,85.0,9.355
TH-RSN1641,0.015,0.72,0.713,0.002,0.000255,180.0,0.062,7.97,9.0,627.0,92.5,10.6
SW-82220505,0.015,5.25,5.25,0.002,5e-05,20.5,0.0235,7.13,12.4,223.0,96.6,10.3
MD-42167850,0.0335,7.595,7.5649999999999995,0.03415,0.000535,219.5,0.3505,7.98,11.2,1449.5,85.6,9.9
NE-49301416,0.015,3.02,3.0149999999999997,0.0063,0.00024249999999999999,,0.0345,8.04,8.5,384.0,97.5,11.4
MD-51774050,0.015,4.455,4.574999999999999,0.00515,0.000285,239.0,0.012,8.315000000000001,9.2,539.5,102.65,11.9
NE-SSN1365,0.16,8.850000000000001,8.74,0.07300000000000001,0.00068,230.0,0.07150000000000001,7.71,12.25,714.0,79.44999999999999,8.59
SW-81310201,0.015,4.0,4.0,0.0046,0.000165,62.5,0.043,7.595,11.7,257.0,96.8,10.4
TH-PTHR0076,0.055,7.7,7.68,0.027,0.00134,180.0,0.206,7.98,13.4,647.0,91.4,9.78
SO-F0002678,0.015,1.4,1.39,0.011,0.000245,67.0,0.067,7.73,10.8,304.0,87.2,9.63
TH-PTHR0043,0.044,13.0,13.0,0.0279,0.00072,229.0,0.43,7.86,14.6,953.0,81.4,8.34
SW-RSN2069,0.0125,3.95,3.9450000000000003,0.01,0.00025,180.0,0.0435,8.015,14.2,480.5,94.3,9.66
SO-F0002928,0.015,2.5700000000000003,2.5599999999999996,0.005050000000000001,0.0002625,130.0,0.071,7.84,11.350000000000001,367.5,92.85,10.1
MD-44307140,0.61,12.9,12.350000000000001,0.336,0.005495,213.0,2.03,7.645,12.649999999999999,1839.5,59.55,6.5600000000000005
SW-82513925,0.015,4.215,4.205,0.00845,0.00021250000000000002,90.5,0.035,7.765000000000001,10.4,346.5,93.05,10.149999999999999
TH-RSN1674,0.015,3.05,3.05,0.002,0.00019500000000000002,295.0,0.0795,8.24,5.9,882.5,103.5,12.0
NW-88005550,0.015,0.52,0.516,0.002,9e-05,32.0,0.0066,7.71,9.7,98.0,103.0,11.5
SW-73020163,0.015,2.13,2.12,0.0068,0.00026,37.0,0.034,7.75,10.8,180.0,101.0,11.1
SW-82710176,0.015,3.49,3.485,0.005549999999999999,0.0002175,78.0,0.018,7.74,11.9,382.0,97.5,10.6
SW-SSN1480,0.0125,5.300000000000001,5.300000000000001,0.00235,5e-06,14.0,0.0275,6.29,12.399999999999999,173.5,93.19999999999999,9.92
MD-09563180,0.036,6.9,6.85,0.0293,0.00063,220.0,0.096,8.17,9.9,676.0,98.8,11.1
AN-ANT060,0.035,2.69,2.66,0.0237,0.000425,216.0,0.03,7.92,11.1,820.0,88.6,9.76
MD-37499950,0.2255,7.28,7.09,0.175,0.001955,190.0,0.256,7.6,13.4,1169.0,67.0,7.06
AN-STONEPIT,0.015,4.5,4.48,0.013,0.000255,220.0,0.0275,8.1,8.6,669.5,96.35,11.25
TH-PTAR0021,0.015,11.55,11.55,0.024,0.000295,210.0,0.23,7.845,12.399999999999999,882.0,81.4,8.55
MD-26949580,0.015,9.6,9.56,0.034,0.00034,190.0,0.23,7.83,9.6,656.0,84.7,9.95
MD-55566100,0.015,3.325,3.315,0.01295,0.00034500000000000004,250.5,0.1255,7.96,9.45,2236.5,93.0,10.6
TH-PRTS0057,0.04,7.25,7.22,0.02,0.0007624999999999999,210.0,0.19,8.16,11.0,700.0,98.6,10.95
SW-72923004,0.047,2.18,2.175,0.009850000000000001,0.000255,41.0,0.042499999999999996,7.6,8.9,218.0,94.4,10.75
NE-49400332,0.0375,3.17,3.1550000000000002,0.014499999999999999,0.00068,95.5,0.075,8.07,9.3,478.5,98.15,11.55
AN-SSN1297,0.13,7.7,7.65,0.066,0.00045,260.0,0.031,7.42,11.5,867.5,56.65,6.1899999999999995
MD-44071000,0.078,8.274999999999999,8.22,0.0514,0.00148,298.5,0.1185,7.99,7.9,1227.0,89.35,10.85
MD-51702850,0.015,3.47,3.46,0.002,0.00025,220.0,0.016,8.24,9.35,543.0,103.55000000000001,11.8
AN-RSN0449,0.037,5.1,5.075,0.0275,0.0007149999999999999,325.0,0.195,8.095,9.05,843.5,93.1,10.1
MD-66332150,0.125,12.45,11.8,0.06,0.000785,152.5,0.119,7.55,11.7,833.5,77.3,8.260000000000002
NW-RSN0200,0.011,1.75,1.75,0.004,0.00013499999999999997,52.0,0.0135,8.07,10.0,199.0,101.1,11.45
AN-50M03,0.015,7.865,7.835,0.02185,0.00042500000000000003,241.5,0.07050000000000001,8.03,10.3,674.5,84.75,9.665
SW-E3010200,0.015,1.21,1.205,0.0047,0.00035749999999999996,230.0,0.0595,8.3,9.7,528.0,99.45,11.2
SO-E0001373,0.015,6.63,6.63,0.012,0.00017,240.0,0.03,7.71,10.9,636.0,93.5,10.3
AN-WAIB3,0.015,6.9,6.88,0.023,0.000265,220.0,0.029,7.84,12.3,627.0,93.5,10.05
MD-RSN0548,0.095,7.8,7.77,0.057,0.00167,170.0,0.28,8.09,12.3,895.0,95.4,10.4
AN-INGM1,0.044,0.34,0.288,0.0087,0.00095,304.0,0.106,8.185,13.4,1718.0,87.1,10.1
AN-WILN010R,0.3635,4.3,4.28,0.0728,0.007555000000000001,229.0,0.3275,8.114999999999998,12.55,786.0,87.7,9.504999999999999
MD-59016020,0.27,5.8,5.6850000000000005,0.1,0.00309,227.0,0.0835,7.7,11.7,975.0,85.0,9.45
MD-10863900,0.015,8.575,8.565000000000001,0.0148,0.0002825,274.5,0.15050000000000002,7.975,10.5,1078.0,92.1,10.399999999999999
NE-RSN0696,0.00385,0.66,0.659,0.0005,5.5e-05,130.0,0.00145,8.405,9.1,285.0,95.19999999999999,10.95
AN-BT0218,0.015,7.905,7.885,0.024149999999999998,0.00029,271.5,0.1195,8.015,10.5,835.5,85.5,9.335
AN-RA1050,0.046,11.0,11.0,0.0415,0.00055,165.0,0.086,7.9,7.6,748.0,94.1,11.1
AN-HOLR180S,0.37,4.025,3.93,0.081,0.00366,399.0,0.34650000000000003,7.78,10.3,3498.5,74.7,8.73
MD-RSN2098,0.037,1.105,1.1005,0.012,0.00045,200.0,0.16,7.785,10.3,498.5,97.05,10.95
MD-67472050,0.034,6.095000000000001,6.07,0.02505,0.00035999999999999997,162.5,0.16949999999999998,7.8,9.4,861.5,90.0,10.850000000000001
SW-50310813,0.1075,2.035,2.01,0.0265,0.00127,160.5,0.1335,7.795,9.95,560.0,87.25,9.945
SW-A1260103,0.051,5.515000000000001,5.49,0.0319,0.00093,205.0,0.126,8.26,11.1,577.0,100.5,11.2
SO-E0001427,0.0555,6.555,6.49,0.0286,0.0008500000000000001,170.0,0.109,7.975,11.25,607.0,91.65,10.1
MD-55004380,0.052,7.13,7.11,0.0374,0.00104,243.0,0.165,8.14,9.4,1181.0,100.0,10.7
MD-54364350,0.045,2.96,2.94,0.0189,0.00067,206.0,0.204,7.92,10.6,956.0,79.8,8.91
SW-RSN1530,0.021,3.2,3.18,0.013,0.00045,260.0,0.044,8.12,10.8,669.0,95.7,10.6
MD-RSN1654,0.0455,0.69,0.6799999999999999,0.008549999999999999,0.00051,240.0,0.016,7.71,10.1,845.0,89.1,9.57
AN-ST0942,0.077,7.3,7.28,0.0407,0.00141,300.0,0.6,8.24,10.7,909.0,97.7,11.3
AN-WITHD,0.14,9.56,9.44,0.0755,0.0021349999999999997,208.0,0.24,8.05,11.3,928.0,91.75,10.7
SW-72910723,0.051500000000000004,5.165,5.115,0.03035,0.00039999999999999996,54.5,0.0595,7.6,10.4,279.5,91.5,10.45
TH-PCRR0025,0.0535,4.16,4.135,0.029650000000000003,0.001105,194.5,0.176,7.915,11.350000000000001,800.0,82.0,9.530000000000001
MD-40634750,0.067,7.1,7.06,0.048,0.00144,280.0,0.15,8.06,13.7,1638.0,92.7,9.86
MD-70256300,0.13,8.015,7.965,0.060950000000000004,0.00176,208.0,0.24,7.88,10.6,971.0,83.2,9.18
MD-65901350,0.32,1.2,1.17,0.026,0.00055,250.0,0.005,6.99,11.1,806.0,41.0,4.4
AN-RSN1518,0.015,5.7,5.69,0.017,0.00028,210.0,0.18,8.0,11.7,743.0,90.6,9.92
NE-49000383,0.015,0.3935,0.386,0.002,0.000125,16.0,0.006200000000000001,7.88,9.3,118.0,97.3,11.4
AN-RSN0340,0.078,7.6,7.56,0.037,0.00123,200.0,0.04,8.08,10.1,671.0,96.5,10.7
AN-WAIB050T,0.031,8.91,8.77,0.031,0.00034,210.0,0.092,8.11,10.7,642.0,92.8,10.3
SW-81231166,0.015,0.84,0.836,0.002,5e-05,18.0,0.012,7.25,12.0,91.0,100.2,10.5
SW-A3230150,0.057999999999999996,3.95,3.9400000000000004,0.019,0.0011350000000000002,250.0,0.14500000000000002,8.05,13.1,566.0,94.9,10.4
TH-PCHR0163,0.061,3.7,3.68,0.016149999999999998,0.0005,209.5,0.125,7.675,10.600000000000001,733.5,67.5,7.045
MD-38367063,1.12,5.75,,0.0278,0.00265,184.0,0.005,7.14,7.1,1769.0,78.3,
AN-RSN0990,0.066,11.0,10.95,0.055999999999999994,0.0008799999999999999,170.0,0.11,7.855,13.0,854.0,90.25,9.684999999999999
AN-RSN0869,0.015,2.0999999999999996,2.09,0.013,0.0002725,295.0,0.076,7.93,11.5,800.5,85.9,10.094999999999999
NE-RSN0952,0.007600000000000001,0.225,0.224,0.0005,0.00011999999999999999,86.0,0.00355,8.36,11.0,190.0,104.3,12.0
AN-KNUS100A,0.035,8.8,8.77,0.032,0.00052,265.0,0.073,7.93,10.75,821.0,88.5,9.76
NE-49700244,0.015,0.85,0.846,0.0041,0.00041,110.0,0.024,8.19,8.9,268.0,97.3,11.2
SW-RSN1723,0.015,0.1,0.098,0.002,0.00026,96.0,0.046,7.84,10.7,340.0,97.4,10.8
AN-WITHK,0.082,9.485,9.385,0.064,0.00127,201.0,0.098,8.055,10.8,943.5,95.2,11.1
MD-39370000,0.1,15.0,,0.097,,200.0,0.2,8.0,12.2,1145.0,88.8,
MD-08024730,0.038,2.54,2.51,0.0162,0.00052,162.0,0.078,8.0,7.8,448.0,77.0,9.13
NE-49400616,0.015,0.9,0.8895,0.0043,0.00027749999999999997,71.0,0.0215,8.12,8.45,253.5,97.75,11.3
NW-SSN0646,0.0475,0.435,0.431,0.00305,8.5e-05,69.0,0.0525,7.005,9.850000000000001,258.0,94.25,10.8
NW-SSN0493,0.0063999999999999994,0.185,0.181,0.0021999999999999997,4.9999999999999996e-05,53.0,0.00915,7.88,9.8,126.5,99.65,11.2
SW-70921002,0.015,2.37,2.37,0.0055,0.000275,86.0,0.044,7.9,12.2,269.0,98.0,10.5
SW-81232403,0.015,1.385,1.385,0.002,5.25e-05,27.0,0.0115,7.41,10.8,130.0,98.55,10.95
MD-02403160,0.092,6.085,6.035,0.0397,0.00124,254.5,0.38249999999999995,7.94,9.2,903.0,86.5,9.97
MD-51706250,0.048,1.3,1.19,0.00515,0.0006850000000000001,110.0,0.019,8.07,9.45,357.0,98.9,11.2
NW-88005897,0.195,0.775,0.766,0.009049999999999999,0.00019,135.0,0.095,6.865,5.7,400.35,65.1,8.16
SW-RSN1235,0.0165,1.045,1.029,0.00445,9e-05,30.0,0.0175,7.42,10.7,116.0,95.9,10.6
MD-RSN0934,0.015,4.95,4.93,0.015,0.00026000000000000003,245.0,0.026,7.88,9.8,603.5,88.35,9.895
NE-49000184,0.195,6.699999999999999,6.535,0.0781,0.00224,251.5,0.2185,7.805,11.45,895.0,91.1,10.5
SW-72931847,0.031,0.3625,0.3595,0.0045,0.0003,47.5,0.0258,7.5,12.1,182.0,91.9,10.3
NW-88001242,0.36,7.4,7.28,0.11,0.00217,180.0,0.255,7.48,12.7,680.0,77.1,8.25
NW-88000834,0.0575,4.54,4.52,0.0248,0.00132,180.5,0.11699999999999999,8.01,11.649999999999999,596.0,95.05,10.35
AN-WD0871,0.2,5.5,5.38,0.14,0.00318,240.0,0.36,7.755,14.1,996.0,68.6,6.51
NW-88001951,0.113,1.82,1.8,0.0221,0.00047,29.0,0.089,7.38,9.0,179.0,97.8,11.3
NE-49301372,0.487,8.81,8.7,0.136,0.004895,191.0,1.505,7.73,11.4,1215.5,80.5,8.98
NW-88002170,0.04,1.19,1.18,0.0077,0.00039,93.0,0.0353,7.895,10.55,403.0,99.0,11.9
TH-PKER0089,0.015,9.5,9.48,0.0139,0.00022,250.0,0.042499999999999996,7.9,10.8,675.0,94.4,10.5
TH-SSN0007,0.015,5.25,5.215,0.0115,0.00023500000000000002,255.0,0.0805,8.37,9.2,607.0,95.4,11.5
MD-63377050,0.0305,3.27,3.25,0.020249999999999997,0.00038500000000000003,198.5,0.2055,8.0,10.5,658.0,92.0,10.850000000000001
AN-RSN2089,0.038,7.449999999999999,7.415,0.0275,0.0005449999999999999,260.0,0.10500000000000001,8.085,12.35,849.5,90.45,10.190000000000001
TH-PMLR0014,0.0655,9.395,9.345,0.045,0.000755,99.0,0.82,7.71,10.4,535.0,86.3,9.34
AN-SANDBCK1,0.0605,8.47,8.43,0.0645,0.00082,243.0,0.036,8.02,10.8,1018.0,86.5,9.53
SW-Z9420103,0.05,5.72,5.69,0.0276,0.001,277.0,0.33,8.155000000000001,10.5,751.0,89.3,10.0
MD-12777080,0.043,4.22,4.2,0.0287,0.00048,290.0,0.296,7.9,10.6,1622.5,86.0,9.765
NE-49100398,0.041999999999999996,6.925000000000001,6.865,0.027950000000000003,0.00057,238.0,0.0975,8.15,9.3,767.0,96.5,11.6
NE-49600471,0.015,0.65,0.645,0.002,9e-05,30.0,0.00775,7.59,8.3,155.0,97.5,11.5
MD-C0000069,0.06,8.95,8.88,0.0814,0.00084,250.0,0.377,7.79,8.1,922.0,70.1,8.5
SW-70810124,0.0325,3.3,3.285,0.012,0.00018,64.5,0.033,7.5,13.4,251.0,79.0,8.59
AN-RSN0606,0.034,6.6,6.58,0.02,0.00048,260.0,0.05,8.08,6.6,871.0,84.8,10.4
AN-CH0655,0.015,8.75,8.735,0.016100000000000003,0.0002875,282.5,0.06,8.125,10.55,857.5,92.95,10.3
AN-GLEN770L,0.015,8.145,8.135,0.010450000000000001,0.000145,238.5,0.005,7.725,9.55,858.5,83.95,9.475
MD-SSN1441,0.0155,0.21,0.207,0.00155,7e-05,56.5,0.0125,7.49,9.45,174.0,96.4,11.15
MD-12179700,0.047,6.8,6.75,0.0333,0.00072,231.0,0.157,7.97,10.2,808.0,89.5,9.78
NE-49100351,0.015,1.0350000000000001,1.0350000000000001,0.002,0.000255,105.0,0.005,8.315000000000001,9.4,262.0,95.4,10.8
MD-67015100,0.035500000000000004,6.95,6.9350000000000005,0.0187,0.00041,159.0,0.066,8.0,9.85,625.5,92.80000000000001,10.350000000000001
AN-RSN0478,0.035,8.75,8.715,0.042499999999999996,0.0006100000000000001,190.0,0.11549999999999999,8.129999999999999,9.399999999999999,884.0,96.85,11.15
NW-88023151,0.015,0.32,0.316,0.002,8.5e-05,27.0,0.005,7.53,9.600000000000001,82.5,98.45,11.1
MD-RSN2310,0.015,6.3,6.28,0.0165,0.000305,295.0,0.14,8.14,10.7,1039.0,91.6,10.3
NW-88005569,0.0036,0.135,0.134,0.00114,5e-05,6.0,0.0034,7.81,8.4,42.0,100.5,11.8
NW-88023767,0.015,1.6400000000000001,1.635,0.00645,0.0003575,102.0,0.029,8.07,9.75,514.0,99.05000000000001,11.1
AN-MOWBCK,0.032,10.0,9.93,0.055,0.00041,150.0,0.44,7.85,9.6,732.0,84.2,9.81
MD-46591030,0.035,3.3,3.29,0.013,0.00026,270.0,0.038,7.68,12.3,775.0,90.8,9.55
AN-CH0860,0.057499999999999996,7.970000000000001,7.859999999999999,0.04,0.0007700000000000001,269.5,0.3575,7.86,12.0,836.0,86.5,9.695
MD-SSN1512,0.015,6.5,6.495,0.00335,0.0003225,235.0,0.0235,8.345,12.149999999999999,566.5,99.0,10.6
AN-23M05,0.015,7.0,6.975,0.012,0.00026500000000000004,220.0,0.16,8.0,10.1,824.5,87.2,10.13
SO-G0006981,0.025,0.033,0.0317,0.0016,5e-06,14.0,0.0073,6.3,14.3,131.0,70.3,7.47
SO-Y0004528,0.11900000000000001,1.44,1.428,0.008199999999999999,0.00236,170.0,0.067,7.61,14.0,27768.0,91.2,9.555
MD-RSN0138,0.015,1.2,1.2,0.0031,0.00016,41.0,0.015,7.93,11.4,156.0,98.55,10.6
AN-MORTNTLN,0.063,5.4,4.86,0.043,0.00107,200.0,0.17,8.07,9.1,731.0,97.6,11.6
AN-RSN2356,0.14500000000000002,9.25,9.18,0.0615,0.002495,220.0,0.175,8.14,11.899999999999999,896.0,93.2,9.795
NW-88005585,0.0038,0.1,0.098,0.0005,4e-05,6.0,0.003,7.515,8.8,41.0,101.3,11.7
AN-HARDWCK,0.036,3.9,3.86,0.017,0.00049,280.0,0.065,8.14,7.3,796.0,94.3,11.7
SW-70422007,0.032,8.149999999999999,8.120000000000001,0.02525,0.000335,113.0,0.11599999999999999,7.8,10.3,404.5,97.0,10.95
NE-49700246,0.015,0.515,0.511,0.002,0.0002325,130.0,0.005,8.15,8.350000000000001,284.0,97.5,11.3
NE-RSN1140,0.0055,0.19,0.189,0.0005,0.000105,120.0,0.0021999999999999997,8.39,10.65,218.0,102.2,11.45
NE-49905060,0.015,0.89,0.886,0.002,0.00022,166.0,0.005,8.3,8.6,525.0,93.2,10.6
AN-GIP010,0.08399999999999999,5.824999999999999,5.755,0.0366,0.0012850000000000001,320.0,0.4555,7.96,11.15,1028.0,82.0,8.8
AN-BT0146,0.0435,6.17,6.115,0.04315,0.0008600000000000001,272.0,0.2605,8.16,10.25,786.0,97.3,11.05
MD-03883020,0.099,1.88,1.81,0.0335,0.00158,248.0,0.177,8.04,11.2,726.0,86.8,9.45
SO-F0002509,0.11,2.6,2.56,0.034,0.00138,96.0,0.083,7.74,10.75,425.5,86.7,9.755
AN-RSN1900,0.015,11.5,11.5,0.0125,0.0002325,230.0,0.040999999999999995,8.1,9.399999999999999,748.5,95.35,11.55
SO-RSN1613,0.015,1.8,1.78,0.0068,8e-05,53.0,0.0088,7.66,9.9,220.0,93.9,10.9
NE-49300352,0.015,2.72,2.71,0.0117,0.00034,98.0,0.061,8.06,8.6,383.0,96.7,11.5
SW-50230245,0.015,6.03,6.02,0.012,0.00030250000000000003,223.0,0.07,8.1,10.8,571.0,101.85,11.4
SO-E0000770,0.1515,19.0,18.9,0.0617,0.001155,72.0,0.692,7.51,13.8,761.0,83.2,8.67
TH-PLER0005,0.015,7.3,7.28,0.016,0.000235,270.0,0.21,7.88,11.6,733.0,92.9,9.88
NW-RSN0203,0.003,0.32,0.319,0.0005,5e-06,,0.0005,7.04,7.9,50.0,102.2,12.1
SO-F0017660,0.051,4.0,3.97,0.012,0.00018,110.0,0.065,7.575,12.7,461.0,45.3,4.85
SW-81250239,0.015,2.025,2.02,0.0081,0.00021250000000000002,40.5,0.036000000000000004,7.51,11.75,226.5,98.55,10.75
AN-RH01,0.11,10.75,10.6,0.09784999999999999,0.002295,169.0,2.385,8.0,11.7,1007.0,92.4,10.55
SW-RSN0766,0.009,0.87,0.8654999999999999,0.0017000000000000001,2.5e-05,13.0,0.010499999999999999,7.105,9.95,85.0,97.35,10.7
AN-56M10,0.056,7.8,7.78,0.0466,0.00131,250.0,0.067,7.95,13.6,908.0,91.9,9.89
TH-PRGR0038,0.0645,7.68,7.62,0.049,0.00108,230.0,0.53,7.91,10.75,914.0,88.8,9.495000000000001
AN-RSN0657,0.015,8.95,8.945,0.0115,0.0002075,305.0,0.0505,8.03,7.949999999999999,701.0,89.65,10.600000000000001
MD-51707300,0.015,0.77,,0.002,,49.0,0.005,7.5,10.1,245.0,98.6,
AN-RSN1158,0.03,1.6,1.59,0.0093,0.000515,220.0,0.1615,8.2,10.149999999999999,613.0,98.55,10.850000000000001
SO-SSN1419,0.040499999999999994,0.22999999999999998,0.2245,0.002,3.5000000000000004e-05,34.5,0.0265,6.705,9.55,160.0,76.65,9.165
MD-RSN0126,0.14,5.65,5.574999999999999,0.062,0.0022500000000000003,280.0,0.345,8.065000000000001,10.95,998.5,90.55,10.5
NE-49100296,0.086,7.93,7.88,0.0548,0.00089,274.0,0.236,8.08,9.5,1102.0,97.6,11.5
SO-E0000645,0.21000000000000002,16.2,16.2,0.039,0.00114,83.5,0.355,7.41,13.850000000000001,626.0,82.94999999999999,8.8
SW-60010149,0.088,6.49,6.47,0.0242,0.001565,210.0,0.14,8.13,11.7,673.0,95.2,10.3
AN-BRAM120B,0.0475,6.465,6.38,0.0257,0.00067,162.0,0.28300000000000003,8.03,10.4,632.0,93.2,10.5
TH-PRTS0045,0.034,7.3,7.27,0.02,0.00062,220.0,0.18,8.15,11.7,700.0,98.2,10.9
SW-82010187,0.015,2.87,2.87,0.002,2e-05,10.0,0.005,6.7,11.4,152.5,96.25,10.8
NE-49900208,0.11,9.7,9.59,0.075,0.00128,210.0,0.32,7.83,10.649999999999999,1001.0,76.95,8.82
SW-60032109,0.054,7.5,7.45,0.028,0.00096,250.0,0.1,8.06,11.4,617.0,97.3,10.6
NE-RSN0716,0.010499999999999999,0.6000000000000001,0.5935,0.0033,0.0001,49.0,0.014499999999999999,7.869999999999999,9.7,169.5,99.25,11.6
TH-PCNR0014,0.099,13.0,12.9,0.094,0.00117,230.0,0.47,7.69,13.9,711.0,80.9,8.53
SO-RSN1205,0.010499999999999999,7.55,7.54,0.007350000000000001,0.000155,260.0,0.033,7.87,11.45,610.5,100.05000000000001,11.0
AN-48M48,0.049,0.73,0.722,0.0135,0.000665,209.0,0.0245,7.865,9.55,498.0,75.7,8.235
NE-49600082,0.11,4.5,4.45,0.04,0.00174,180.0,0.04,8.395,9.7,509.5,98.25,11.45
NE-49300795,0.046,9.48,,0.0281,0.00039,,0.089,7.82,5.0,700.0,99.0,
AN-RSN0005,0.1,11.0,10.9,0.038,0.00121,270.0,0.43,7.91,8.9,939.0,77.6,9.02
AN-RSN1754,0.034,4.8,4.734999999999999,0.026000000000000002,0.00082,270.0,0.275,8.24,9.35,892.5,96.4,11.3
SW-70720878,0.015,3.52,3.52,0.0093,0.0002,116.0,0.021,7.88,9.7,327.0,97.0,10.7
MD-26644390,0.015,3.5,3.49,0.00845,0.000375,79.0,0.0465,8.03,10.9,267.5,100.2,10.9
NE-RSN0864,0.015,12.0,12.0,0.017,0.000355,190.0,0.005,8.07,10.649999999999999,602.0,99.85,11.15
TH-PCNR0100,0.015,9.5,9.485,0.02,0.00049,230.0,0.28,8.07,12.7,800.5,89.85,9.615
SW-60030277,0.073,4.88,4.79,0.045,0.00126,252.0,0.167,8.23,14.1,683.0,98.3,11.0
NE-49700272,0.0605,2.74,2.71,0.01915,0.00065,162.5,0.0655,7.77,9.9,626.5,91.8,10.9
MD-40898020,0.015,11.8,11.8,0.0255,0.00036,286.0,0.706,8.23,11.2,2144.0,103.6,11.8
SW-RSN1227,0.027,6.15,6.109999999999999,0.013000000000000001,0.00043499999999999995,78.0,0.12,7.905,11.5,376.0,97.5,10.7
SW-81261402,0.015,1.08,1.08,0.002,0.000145,44.0,0.005,7.58,10.899999999999999,190.5,98.45,11.25
SW-81010238,0.015,4.83,4.82,0.0108,0.00028,119.0,0.039,7.95,11.8,389.0,97.1,10.4
SW-A3190210,0.015,2.6,2.6,0.0092,0.000355,280.0,0.085,8.004999999999999,10.9,685.5,93.35,10.195
SO-E0000511,0.015,11.0,11.0,0.0175,0.00028,250.0,0.57,8.09,10.8,800.0,99.4,11.0
NW-88024655,0.015,0.1,0.098,0.002,0.000275,66.0,0.005,8.46,10.1,177.0,101.3,11.4
SW-91221170,0.015,2.14,2.14,0.002,0.00012,26.0,0.005,7.5,11.4,197.0,101.7,10.9
TH-PWER0008,0.044,1.08,1.07,0.011,0.00026,84.0,0.0745,7.615,12.7,324.0,82.5,9.29
NE-49301415,0.44,8.8,8.66,0.1255,0.0036550000000000003,85.0,0.878,7.61,11.2,585.0,87.1,9.51
NW-88025723,0.619,2.13,2.1,0.0269,0.00926,117.0,0.164,8.01,7.3,418.0,93.0,11.2
MD-26948480,0.046,9.05,9.004999999999999,0.03265,0.00046,198.0,0.207,7.8,11.3,725.0,87.2,9.54
AN-04M02,0.0385,5.895,5.865,0.027,0.000495,246.0,0.0955,8.02,9.15,749.0,92.25,11.1
SO-RSN1889,0.091,1.2,1.08,0.017,0.00116,140.0,0.11,7.76,11.9,666.0,82.5,8.97
NE-RSN0088,0.0082,0.2,0.1985,0.0005,0.000115,59.0,0.0041,7.9,9.95,290.0,95.6,10.75
TH-PLER0010,0.033,5.2,5.18,0.0187,0.000245,260.0,0.035,7.66,11.0,666.0,87.6,9.65
MD-46266780,0.015,7.16,7.14,0.018,0.00035,200.0,0.053,7.98,10.7,788.0,93.0,10.5
AN-GLEN500K,0.015,6.1,6.08,0.017,0.00027,240.0,0.03,7.98,10.45,777.0,92.65,10.4
NW-RSN0863,0.14500000000000002,7.3,7.26,0.05,0.00125,93.5,0.1,7.68,10.2,333.5,97.8,11.100000000000001
AN-RSN2342,0.032,3.15,3.13,0.024,0.000615,220.0,0.094,8.04,12.3,668.0,91.19999999999999,10.2
SW-82312355,0.3645,7.57,,0.08945,,51.5,0.089,7.11,11.8,335.5,63.0,
SW-RSN0519,0.15,7.4,7.25,0.075,0.00212,190.0,0.16,7.91,9.0,577.0,89.0,10.1
MD-03959170,0.099,2.11,2.04,0.0303,0.00141,,0.114,7.89,9.8,,73.9,8.3
NE-49705096,0.015,0.155,0.201,0.002,0.00025,130.0,0.005,8.19,9.5,272.5,103.8,12.0
SW-70501419,0.015,8.004999999999999,7.985,0.0187,0.00023,139.0,0.103,7.8,10.5,440.0,94.0,10.3
NW-88025768,0.045,0.46,0.454,0.0056,0.00073,70.0,0.005,7.9,11.5,230.0,92.1,
AN-YAR234,0.035,7.6,7.54,0.038,0.00019,270.0,0.095,7.48,10.8,869.0,67.7,7.41
NW-88024182,0.065,8.12,8.05,0.072,0.00086,97.0,0.345,7.85,10.3,757.0,96.0,10.7
MD-10928150,0.03,5.75,5.73,0.019,0.0006000000000000001,210.0,0.12,7.95,10.2,917.0,91.6,10.3
MD-11238450,0.017,8.26,8.295000000000002,0.0175,0.000305,190.0,0.1205,8.18,10.6,756.0,96.75,10.7
AN-04M01,0.015,5.6,5.58,0.017,,,0.125,8.23,10.7,739.0,98.4,11.8
SW-RSN0083,0.021,1.4,1.4,0.0027,9e-05,21.0,0.0055,7.140000000000001,11.75,146.5,96.65,10.5
NW-88001908,0.0385,1.72,1.71,0.009600000000000001,0.00027249999999999996,58.5,0.1295,7.875,9.6,248.0,100.05,11.600000000000001
NW-SSN1458,0.017,0.34,0.339,0.0013,7e-05,83.0,0.0061,7.72,5.3,289.0,100.3,12.0
NW-88025799,0.015,0.29000000000000004,0.28600000000000003,0.002,9.5e-05,12.0,0.005,7.38,13.5,48.0,101.9,11.2
AN-14M07,0.047,16.0,15.9,0.0651,0.00118,222.0,0.395,8.11,12.7,1064.0,95.6,10.1
NE-49000497,0.0123,0.679,0.674,0.00462,0.0001,41.0,0.0267,7.71,9.85,193.65,97.85,11.0
SO-F0017618,0.061,2.8,2.785,0.018,0.00027,38.0,0.024,7.35,9.8,235.0,88.2,9.95
SW-RSN0067,0.0066,3.0,3.0,0.0025,3e-05,32.5,0.017,7.295,11.8,178.0,97.15,10.6
SW-E8400500,0.0525,1.95,1.93,0.0187,0.001,279.5,0.0385,7.859999999999999,12.95,668.5,88.3,9.805
SW-A1310207,0.035,7.11,7.1,0.0203,0.00068,251.0,0.182,8.02,10.4,642.0,95.1,10.5
AN-TAS028,0.07,1.3,1.21,0.0256,0.00073,330.0,0.076,7.93,10.399999999999999,902.0,83.45,9.57
MD-19235250,0.015,1.94,,0.0046,,46.0,0.0735,7.5649999999999995,10.2,184.0,98.4,
MD-RSN2195,0.1005,6.1,6.025,0.048,0.0007199999999999999,230.0,0.12,7.574999999999999,11.5,654.0,80.8,9.129999999999999
NW-88002198,0.03,0.425,0.4205,0.00455,0.0005325,16.5,0.0465,8.205,8.5,99.0,102.0,11.95
SW-91210355,0.074,3.0,2.99,0.011,0.00018,29.0,0.035500000000000004,7.27,10.55,176.0,96.1,10.45
MD-RSN0904,0.12,1.9,1.89,0.023,0.00032,29.0,0.067,7.05,11.0,156.0,95.9,11.3
SO-F0002783,0.056,8.085,8.05,0.037,0.000535,77.0,0.17,7.68,12.2,462.5,84.80000000000001,9.245000000000001
NE-49500639,0.0212,0.345,0.344,0.002,0.00018,19.0,0.0153,7.67,9.9,104.0,102.2,11.3
MD-09882040,0.048,8.28,8.25,0.0264,0.00092,188.0,0.134,8.2,10.7,586.0,94.4,10.3
NE-49800233,0.015,0.44,0.436,0.002,4e-05,6.0,0.005,7.32,4.3,77.0,83.7,10.9
AN-ANT007,0.07400000000000001,6.800000000000001,6.76,0.0755,0.001095,230.0,0.034,7.91,12.3,838.0,90.35,9.58
SO-F0002108,0.13,10.5,10.475,0.074,0.00066,48.0,0.312,7.37,11.4,467.0,87.1,9.78
AN-CHAT175R,0.015,6.484999999999999,,,0.0002825,,0.082,8.135000000000002,9.5,782.5,90.4,10.45
NE-49603071,0.015,0.31,0.306,0.002,7.000000000000001e-05,32.0,0.005,7.449999999999999,10.55,158.0,98.44999999999999,11.05
NE-49800058,0.015,0.29,0.286,0.002,0.000225,47.0,0.005,8.0,8.8,127.0,99.05000000000001,11.1
NE-49100139,0.015,0.215,0.211,0.002,0.0002475,84.5,0.005,8.135000000000002,8.6,173.0,103.44999999999999,12.05
MD-30696500,0.015,3.71,3.7,0.0092,0.00038500000000000003,127.0,0.3305,7.97,9.7,378.0,96.2,10.4
NW-88000611,0.125,8.629999999999999,8.524999999999999,0.0564,0.00125,206.5,0.1575,7.765,11.2,681.5,83.7,9.23
SW-70711240,0.015,4.12,4.12,0.002,0.0002475,65.5,0.038,7.8,10.6,251.0,97.35,10.65
SW-SSN0116,0.015,1.2000000000000002,1.2000000000000002,0.002,0.0002925,170.0,0.175,8.11,11.95,613.0,94.65,10.15
AN-BARE1,0.0325,11.0,11.0,0.03945,0.000525,247.0,0.025,8.035,10.0,931.0,98.4,11.3
SO-RSN0857,0.037000000000000005,0.1,0.1805,0.0151,0.000905,175.0,0.056,7.925,13.9,788.0,78.69999999999999,9.100000000000001
MD-54421300,0.015,6.54,6.53,0.0121,0.00036,310.0,0.142,8.01,11.7,999.0,93.7,10.2
MD-RSN0454,0.015,11.0,11.0,0.036,0.00026,190.0,0.42,7.81,11.8,698.0,90.4,9.28
TH-PKER0025,0.048,5.8,5.78,0.0189,0.00091,226.0,0.096,8.08,11.8,611.0,91.6,9.75
NE-49105183,0.091,4.0,3.93,0.0382,0.00127,210.0,0.136,7.94,10.4,1912.0,91.3,10.7
AN-CVF19,0.059,8.7,8.61,0.06870000000000001,0.000975,220.0,0.272,8.06,11.649999999999999,823.0,92.80000000000001,10.45
AN-LUDO5,0.0475,12.0,11.850000000000001,0.06355,0.001035,210.0,0.112,8.235,10.6,697.0,105.65,12.1
MD-42172430,0.032,4.36,4.32,0.019,0.00049,141.0,0.03,8.13,12.4,531.0,95.4,10.5
AN-34M31,0.035500000000000004,12.0,12.0,0.04575,0.000465,232.0,0.43,7.865,10.25,777.5,80.8,9.17
SW-82611375,0.0108,1.8,1.8,0.001965,9e-05,36.0,0.01,7.77,11.25,281.0,100.0,11.05
SW-91211328,0.0545,1.525,1.5150000000000001,0.0083,0.00025,54.0,0.076,7.39,11.4,212.0,91.4,9.94
NE-49505156,0.016300000000000002,0.42,0.41600000000000004,0.00136,0.0002675,10.5,0.0054,7.76,10.3,64.0,102.0,11.4
AN-TAS070,0.038,6.38,6.35,0.0287,0.00067,302.0,0.27,8.03,10.3,865.0,86.4,10.2
SW-E1273600,0.035,5.945,5.91,0.02365,0.00058,208.5,0.13,8.17,10.05,536.0,96.0,10.850000000000001
NE-49302045,0.064,8.92,8.81,0.0577,0.0008,240.0,0.463,7.92,10.7,1156.0,86.8,10.135000000000002
AN-BURTONBR,0.048,9.87,11.42,0.0506,0.00066,264.0,0.108,7.93,9.1,939.0,85.9,10.7
MD-49258050,0.0455,12.5,12.5,0.04,0.000745,125.5,0.21,7.88,11.6,841.0,93.2,10.07
NE-RSN0176,0.053,3.05,3.0250000000000004,0.018,0.000895,150.0,0.0955,8.03,11.95,512.0,94.44999999999999,10.004999999999999
SO-G0003969,0.0315,1.495,1.49,0.00745,0.0002825,61.0,0.0895,7.76,11.1,293.0,88.3,9.47
AN-FALBKDRN,0.015,7.76,7.72,0.026,0.000385,230.0,0.052,8.13,9.6,705.0,98.7,11.6
MD-11563460,0.073,3.9,3.87,0.041,0.00134,190.0,0.159,7.904999999999999,11.05,602.5,91.45,10.04
AN-33M25,0.467,8.18,7.95,0.0891,0.00608,245.0,0.074,7.8149999999999995,10.65,767.0,77.0,8.19
NE-49600121,0.03,10.3,10.3,0.0167,0.00043999999999999996,170.0,0.029,8.13,8.7,573.0,96.65,11.4
MD-RSN1788,0.13,7.15,7.055,0.0575,0.002345,170.0,0.215,7.995,12.25,770.5,98.25,10.75
MD-50913020,0.372,6.5,6.41,0.1,0.0013,95.0,0.545,7.175,12.05,,84.85,9.025
AN-LEAU1,0.046,10.0,9.535,0.035500000000000004,0.00084,250.0,0.0795,8.3,9.149999999999999,737.0,101.75,11.850000000000001
MD-58898040,0.015,2.36,2.35,0.0089,0.0003,153.0,0.072,7.99,9.1,684.0,94.1,10.6
SO-SSN0734,0.015,2.1,2.1,0.002,0.00017,130.0,0.042,7.57,12.25,496.5,88.25,9.36
SW-91241193,0.0675,2.465,2.25,0.0091,0.00031,59.0,0.6515,7.1,15.0,517.0,93.8,9.42
AN-USROPLEY,0.015,3.65,3.19,0.015,0.00035,260.0,0.0495,7.98,10.4,812.0,94.2,10.8
NW-88003573,0.325,1.315,1.28,0.0281,0.003215,219.5,0.086,7.79,9.7,642.5,93.3,10.65
AN-WELL450I,0.035,4.59,4.54,0.049,0.00071,195.0,0.115,8.19,11.3,802.0,94.7,11.0
MD-61326180,0.109,5.95,5.890000000000001,0.067,0.00103,205.5,0.475,7.61,10.25,787.5,72.0,8.4
NW-88000658,0.105,6.3,6.24,0.049,0.00165,244.0,0.324,7.96,10.4,960.0,85.8,10.3
AN-TAS082,0.015,6.8,6.78,0.023,0.0003975,310.0,0.0985,8.03,11.95,882.0,94.3,10.45
NW-88000674,0.12,2.0,1.98,0.025,0.00203,290.0,0.025,8.1,10.1,882.0,93.8,11.0
MD-59392220,0.055,9.195,9.135000000000002,0.0577,0.001165,170.0,0.245,8.025,11.399999999999999,844.5,93.0,10.149999999999999
SO-G0006418,0.22,1.525,1.4849999999999999,0.03175,0.00245,164.0,0.141,7.63,10.3,586.0,69.8,7.88
MD-RSN0102,0.034,6.4,6.375,0.0235,0.00047,240.0,0.11,8.04,11.0,705.5,92.0,10.649999999999999
MD-RSN1666,0.015,9.5,9.485,0.035500000000000004,0.00041,200.0,0.078,8.11,11.850000000000001,786.0,95.75,10.3
MD-38701130,0.043,14.0,14.0,0.0452,0.00091,230.0,0.26,8.0,11.0,914.0,85.1,9.54
NW-88024126,0.015,0.6,0.596,0.002,,16.0,0.005,6.95,7.2,140.0,96.1,11.6
MD-58472580,0.037,5.3,5.27,0.025,0.0006,210.0,0.14,8.0,12.2,754.0,90.8,9.8
NW-RSN0875,0.0036,0.225,0.224,0.00075,4e-05,49.5,0.00705,7.9,10.149999999999999,121.0,102.65,11.6
SW-RSN0323,0.022,3.3499999999999996,3.34,0.014499999999999999,0.00021500000000000002,46.0,0.135,7.7,12.0,240.0,98.5,10.649999999999999
AN-UPPB020B,0.175,16.0,14.9,0.134,0.00295,150.0,2.29,7.92,13.0,921.0,88.0,9.11
SW-81221550,0.015,3.6500000000000004,3.6500000000000004,0.002,0.00021500000000000002,67.0,0.0435,7.755,12.25,270.0,98.95,10.55
NW-88002299,0.1025,1.19,1.17,0.021400000000000002,0.0009400000000000001,91.0,0.1,7.665,10.75,345.0,94.25,10.3
AN-OFLEETSL,0.22,3.6,3.48,0.12,0.00524,400.0,0.36,7.8,16.8,1432.0,72.4,7.25
NW-88003449,0.015,0.1,0.098,0.002,0.0001875,22.0,0.005,7.795,10.649999999999999,87.0,102.4,11.9
SW-70711753,0.015,2.3,2.29,0.00415,0.00024,78.0,0.0185,7.87,12.6,225.0,98.5,10.4
SW-50540127,0.015,5.165,5.15,0.01085,0.0002875,230.0,0.059,8.03,11.0,539.5,98.05,10.6
MD-46247300,0.085,9.0,8.89,0.063,0.00158,190.0,0.347,7.995,11.7,914.0,92.0,10.2
SW-82311954,0.015,2.13,,0.002,,45.0,,7.215,12.4,365.0,92.80000000000001,9.57
NE-49100426,0.0695,3.2,3.19,0.018000000000000002,0.00096,120.0,0.15400000000000003,7.87,10.9,501.0,87.0,9.915
TH-PCHR0158,0.015,10.2,10.2,0.018,0.00031,230.0,0.92,7.98,10.6,744.0,86.8,9.49
SO-F0017601,0.056,3.755,3.725,0.026000000000000002,0.00067,70.0,0.077,7.63,13.2,363.0,93.3,9.48
AN-WOLD7,0.173,5.58,5.49,0.06,0.00292,266.0,0.581,7.9,10.5,822.0,82.6,9.66
NW-88002879,0.081,5.9,5.87,0.0673,0.00061,146.0,0.085,7.71,11.1,689.0,90.3,10.7
NW-88003424,0.15,3.105,3.06,0.03655,0.0015300000000000001,160.0,0.2955,7.925,10.45,442.0,95.30000000000001,10.75
MD-27836280,0.16,2.0,1.99,0.0347,0.00093,190.0,0.35,7.48,10.8,516.0,59.9,6.49
SW-70220159,0.055,3.505,3.4800000000000004,0.027,0.00097,146.0,0.103,8.1,11.1,434.0,95.0,10.5
NW-88003447,0.015,0.29,0.286,0.002,0.000255,120.0,0.014,8.14,9.1,288.0,109.3,12.3
NE-49500546,0.092,1.93,1.92,0.0128,0.00092,46.0,0.017,7.76,10.3,457.0,99.2,11.1
NW-88002850,0.095,4.9350000000000005,4.855,0.04045,0.00091,116.0,0.16,7.695,10.95,536.5,89.75,9.965
TH-PLER0140,0.057,4.02,3.98,0.039400000000000004,0.00093,210.0,0.087,8.0,9.95,717.0,88.4,9.885
AN-08M04,0.047,8.6,8.53,0.06,0.00085,207.0,0.27,7.92,12.2,824.0,91.2,9.54
MD-RSN0198,0.015,8.6,8.594999999999999,0.00645,0.00015000000000000001,260.0,0.0235,7.665,10.95,2086.5,82.45,9.024999999999999
NE-49105176,0.015,1.255,1.255,0.003,0.00026,164.5,0.018,8.245000000000001,7.7,367.5,92.15,10.75
NE-49301780,0.0445,1.915,1.9100000000000001,0.00955,0.000405,84.0,0.019,7.765000000000001,9.95,360.0,97.4,11.0
SW-60060005,0.1615,0.73,0.6875,0.0159,0.00133,318.0,0.2145,7.9,12.1,920.5,83.05,8.98
MD-RSN2092,0.067,5.800000000000001,5.74,0.047,0.001485,260.0,0.0655,7.84,12.8,1683.5,95.45,9.815
SO-F0017479,0.08199999999999999,0.44,0.418,0.019000000000000003,0.0013900000000000002,260.0,0.05,7.84,12.950000000000001,576.5,85.30000000000001,9.395
NE-49400851,0.015,0.6799999999999999,0.6759999999999999,0.002,8.5e-05,232.0,0.005,7.525,8.05,442.5,81.1,9.83
SW-70810160,0.015,3.1,3.1,0.003,0.00017999999999999998,56.0,0.027,7.79,12.399999999999999,223.5,97.9,10.45
SW-E8100400,0.244,2.4,2.32,0.0441,0.00411,220.0,0.261,7.95,10.9,660.0,80.75,8.925
NE-49705090,0.06,6.4,6.29,0.025,0.000535,296.0,0.021,7.82,10.1,1219.5,89.7,10.6
MD-09835950,0.015,5.37,5.36,0.017,0.00042,217.0,0.08,8.22,12.0,672.0,94.0,10.0
NW-88002208,0.0675,0.71,0.702,0.00745,0.0006100000000000001,61.5,0.028999999999999998,7.7,10.4,260.0,97.9,10.9
SW-RSN0845,0.012,9.25,9.239999999999998,0.00595,8e-05,240.0,0.037,7.485,12.45,628.5,89.9,9.535
SO-F0017613,0.015,9.6,9.58,0.019,6.749999999999999e-05,270.0,0.21000000000000002,7.26,11.3,795.0,49.3,5.365
NE-49500388,0.00565,0.5955,0.5945,0.0005,4e-05,15.0,0.006,7.7,7.55,84.0,101.45,11.9
SW-50281106,0.01055,0.245,0.243,0.0014299999999999998,0.0001,14.0,0.012750000000000001,7.745,10.4,167.5,95.1,10.8
SW-82528154,0.015,1.86,1.84,0.002,7e-05,26.0,0.0103,7.36,10.7,153.0,99.7,11.1
NW-RSN2060,0.0031999999999999997,0.052000000000000005,0.051000000000000004,0.0005,5e-06,6.0,0.00885,6.31,7.9,36.0,102.4,12.2
NE-49300239,0.062,4.25,,0.027,0.00082,,0.072,7.99,5.9,616.0,96.0,
SW-81261458,0.015,0.91,0.906,0.002,0.0001,29.0,0.005,7.51,11.8,140.0,99.6,10.7
MD-RSN1564,0.03,2.4,2.37,0.018,0.00047500000000000005,180.0,0.02,7.8,12.6,969.0,86.5,10.6
MD-RSN0806,0.0595,12.0,11.9,0.058,0.00075,145.0,0.11499999999999999,7.7,12.100000000000001,878.5,86.5,8.635
SW-50240116,0.015,7.645,7.635,0.0111,0.00025,220.0,0.046,7.94,11.2,558.0,94.1,10.4
NW-88005056,0.004200000000000001,0.3225,0.3125,0.0005,5e-06,5.5,0.00175,7.0600000000000005,10.65,35.0,100.65,11.25
NE-49301603,0.0545,3.31,3.29,0.0277,0.00034500000000000004,43.0,0.1625,7.65,9.3,362.0,98.1,11.2
MD-06363050,0.0395,5.285,5.265,0.02315,0.00044,240.0,0.579,7.8149999999999995,9.5,1231.0,83.8,9.605
AN-WAV016,0.046,6.23,6.17,0.0393,0.000825,318.0,0.124,7.98,10.7,963.0,83.8,9.46
MD-RSN0942,0.023,4.1,4.085,0.015,0.00037,230.0,0.13,8.02,11.05,691.5,93.0,10.850000000000001
NE-SSN0209,0.35,4.1,4.005,0.12,0.00475,370.0,0.47,7.89,10.8,924.0,75.8,8.61
SW-RSN1011,0.0265,2.95,2.94,0.002,0.00017,31.5,0.022,7.545,11.35,210.5,98.0,10.7
NW-88003153,0.089,5.8,5.76,0.032,0.00135,147.0,0.19,7.95,10.3,506.0,94.7,10.6
NE-49100079,0.167,9.33,9.239999999999998,0.099,0.00148,246.0,0.235,7.795,10.3,1070.0,82.6,9.81
NE-49305361,0.109,20.2,,0.0901,0.00036,,3.98,7.33,13.1,1021.0,62.1,5.62
NW-88006340,0.11,3.71,3.81,0.04055,0.00073,159.0,0.1185,7.6,10.5,437.0,87.80000000000001,9.945
MD-RSN0382,0.0625,3.0,2.99,0.018000000000000002,0.0012000000000000001,160.0,0.08449999999999999,8.14,11.4,518.5,99.25,10.4
TH-PTAR0036,0.039,3.0,2.96,0.0196,0.000825,279.0,0.125,8.21,9.899999999999999,726.5,91.3,10.25
MD-29476200,0.015,1.4,1.38,0.00745,0.000245,59.0,0.11,7.88,10.6,205.0,98.7,11.3
SW-81231150,0.036,1.3,1.29,0.0056,0.00012,18.5,0.063,7.27,10.6,103.0,100.8,11.2
NW-88005670,0.015,0.1,0.098,0.002,4.75e-05,5.5,0.005,7.289999999999999,9.399999999999999,48.5,101.55000000000001,11.5
MD-RSN0730,0.0069,5.0,5.0,0.00285,0.000115,190.0,0.01035,8.065,10.75,483.5,96.2,10.9
SW-70722902,0.015,0.71,0.706,0.002,0.00011,12.0,0.0066,7.7,9.2,77.0,99.0,11.6
NW-RSN0732,0.015,0.84,0.831,0.002,0.00028,79.0,0.02,8.185,10.4,233.5,100.6,11.55
AN-RH0104,0.0605,4.85,4.83,0.032,0.001215,210.0,0.245,8.03,11.5,960.0,92.6,10.4
MD-77937100,0.078,2.54,2.52,0.027,0.00154,230.0,0.044,8.06,10.6,876.0,95.3,10.8
TH-PWER0023,0.015,8.594999999999999,8.56,0.041,0.0004125,230.0,0.2745,7.865,11.8,654.0,94.0,10.25
NE-RSN1656,0.025,5.7,5.68,0.021,0.00044,170.0,0.042,8.184999999999999,9.3,595.0,101.25,11.75
NW-88005065,0.0025,0.24,0.239,0.0005,5e-06,5.0,0.0005,6.85,11.3,33.0,100.5,11.0
NE-49905197,0.015,0.35,,0.002,,89.0,0.005,8.28,9.1,233.55,102.0,
NE-49900188,0.0375,2.55,2.58,0.01345,0.000515,147.5,0.062,8.035,10.18,445.5,94.44999999999999,10.35
MD-RSN1942,0.023,4.45,4.415,0.0245,0.0005275,235.0,0.8300000000000001,7.9350000000000005,12.05,1026.0,88.35,9.4
SO-RSN1137,0.0225,2.05,2.04,0.0118,0.000525,150.0,0.058499999999999996,8.0,10.8,526.5,95.4,10.8
SO-E0007111,0.0385,11.0,11.0,0.03,0.00064,210.0,0.215,7.85,12.2,709.0,97.6,10.5
SW-50330730,0.17,0.88,0.855,0.022,0.0013,175.0,0.196,7.66,10.9,501.5,69.19999999999999,7.800000000000001
SW-72943002,0.015,0.59,0.586,0.002,8e-05,8.0,0.0047,7.3,8.7,81.0,98.0,11.4
NE-49301799,0.036250000000000004,0.988,0.9864999999999999,0.00526,8.5e-05,37.0,0.0125,7.45,9.9,314.0,93.0,10.649999999999999
SW-60030705,0.29,0.62,0.589,0.032350000000000004,0.00263,287.0,0.297,7.735,13.05,869.5,69.4,7.4350000000000005
MD-04767100,0.0695,8.925,8.9,0.044950000000000004,0.001135,182.5,0.28,8.01,11.7,923.0,94.35,10.350000000000001
SO-E0000582,0.033,13.5,13.4,0.0335,0.00023,98.0,0.236,7.57,11.0,767.0,80.5,9.47
SW-E8300710,0.015,4.04,4.01,0.0245,0.00043,287.0,0.099,8.1,10.8,871.0,100.4,11.1
AN-ST08,0.056,6.98,6.96,0.032,0.00102,272.0,0.16,8.03,11.6,869.0,90.6,9.97
MD-37525450,0.175,30.5,,0.16,,170.0,0.62,7.85,9.3,1078.5,84.65,
AN-RISE200P,0.035,4.2,4.17,0.026500000000000003,0.00059,255.0,0.0545,7.92,14.05,906.5,94.5,9.97
SW-72937110,0.051500000000000004,2.1100000000000003,2.0999999999999996,0.0101,0.00035,39.0,0.064,7.495,11.399999999999999,196.0,95.5,10.25
SW-A2280120,0.037,5.9,5.85,0.0223,0.00068,233.0,0.109,8.21,10.7,579.0,99.7,11.0
AN-WAV027,0.067,2.9,2.88,0.0334,0.00069,312.0,0.23,7.785,12.6,947.0,70.9,7.3
SW-Z8480201,0.015,6.8,6.79,0.00625,0.000205,250.0,0.0175,7.85,10.45,635.0,98.45,10.95
MD-03696620,0.0375,6.1,6.09,0.0115,0.0006850000000000001,225.0,0.35,7.925,11.5,686.5,90.9,10.01
NW-88000632,0.076,6.915,6.859999999999999,0.055650000000000005,0.00131,222.0,0.279,7.92,10.9,744.0,86.9,9.68
MD-49695250,0.051,3.07,3.05,0.018549999999999997,0.00106,159.0,0.114,8.15,10.6,509.0,96.7,10.8
NE-49100433,0.13,7.3,7.245,0.03925,0.001725,250.0,0.028999999999999998,8.05,9.8,780.0,94.25,10.7
NW-88005620,0.015,0.1,0.098,0.002,5.75e-05,3.75,0.005,7.305,9.05,43.5,99.35,11.7
AN-52M22,0.234,0.44,0.414,0.0265,0.00156,280.0,0.005,7.58,9.3,1844.0,76.8,8.75
NW-88023156,0.305,4.31,4.26,0.0531,0.00239,64.0,0.581,7.8,6.6,362.0,95.0,12.2
NW-88015559,0.015,0.435,0.431,0.002,0.00023500000000000002,36.5,0.016,7.915,10.05,173.0,98.75,10.95
SW-70633611,0.015,0.98,0.976,0.002,0.00013,52.0,0.013,7.54,10.1,224.0,93.95,10.6
NE-49400247,0.053,10.0,9.99,0.0175,0.00088,191.0,0.0445,8.04,6.5,868.5,92.8,11.5
NE-49700186,0.045,1.88,1.82,0.017,0.00065,117.0,0.048,8.12,10.6,423.0,95.5,10.5
SW-72931319,0.0325,2.0,2.0,0.00915,0.00024249999999999999,38.5,0.042499999999999996,7.6,9.8,198.0,96.19999999999999,10.9
NE-RSN2064,0.14,5.3,5.16,0.062,0.00254,250.0,0.27,7.93,11.3,781.0,84.8,9.21
SW-82521205,0.015,4.7,4.71,0.0088,0.000105,35.0,0.0265,7.32,11.6,248.0,95.25,10.3
MD-72770190,0.07550000000000001,6.0649999999999995,5.98,0.0441,0.00096,180.0,0.1135,7.9,10.8,1017.0,91.0,9.780000000000001
SW-70642141,0.015,0.67,0.666,0.002,0.00011,9.0,0.0119,7.365,9.5,73.0,97.0,11.1
MD-RSN0774,0.015,4.5,4.49,0.013,0.000335,150.0,0.032,8.045,13.3,411.0,99.15,10.65
TH-PCHR0164,1.28,22.0,21.7,0.183,0.00485,224.0,2.52,7.55,12.5,1050.0,77.6,8.18
AN-TE0130,0.015,12.0,12.0,0.021,,,0.36,8.094999999999999,12.6,827.0,94.2,10.3
AN-56M35,0.067,6.48,6.42,0.0477,0.000635,241.0,0.0265,7.755,13.05,907.0,87.30000000000001,9.415
NW-88003451,0.015,0.27,0.266,0.002,0.000165,30.0,0.005,8.0,8.9,96.0,101.4,11.9
NW-SSN1490,0.015,2.4,2.39,0.0087,0.0003225,300.0,0.0285,8.465,9.7,595.0,99.75,11.3
MD-61471430,0.015,10.7,10.7,0.0291,0.000225,228.0,0.534,7.8,10.0,784.0,88.3,9.81
MD-46554260,0.052,6.63,6.285,0.0242,0.000965,294.0,0.167,8.15,12.3,1211.0,90.1,9.86
NE-49800018,0.015,0.1,,0.002,,64.5,0.005,7.47,10.4,112.1,101.65,
NW-88005121,0.015,0.1,0.098,0.002,6.5e-05,7.0,0.005,7.56,10.2,49.0,101.3,11.7
NW-RSN2192,0.015,0.53,0.525,0.002,0.0002925,130.0,0.011,8.235,10.8,288.0,101.19999999999999,11.35
SO-E0001485,0.32,11.0,10.8,0.19,0.001075,110.0,0.41,7.125,13.0,679.5,53.2,5.465
MD-42252020,0.015,9.6,9.56,0.047,0.000385,230.0,0.14,7.98,10.7,,94.7,11.1
SO-RSN1581,0.016,2.8499999999999996,2.84,0.00845,0.00021,120.0,0.056,7.825,11.399999999999999,479.0,91.45,9.855
TH-PUTR0036,0.015,6.05,6.045,0.0049,0.0001775,210.0,0.0175,7.74,10.3,536.0,90.3,9.93
NW-88003080,0.03,0.43,0.406,0.002,0.00027,21.0,0.011,7.59,11.6,103.0,98.4,10.8
NW-RSN1283,0.024,0.495,0.4935,0.00345,0.000155,140.0,0.02,7.68,9.9,373.5,96.7,11.25
SW-91261128,0.015,4.51,4.51,0.0047,0.000225,57.0,0.018,7.85,11.7,247.0,100.0,10.7
SO-SSN1383,0.022,1.8499999999999999,1.8399999999999999,0.0095,5.5e-05,97.0,0.024,7.155,11.1,416.5,89.0,9.81
SW-RSN1679,0.0047,3.2,3.2,0.0005,1.5000000000000002e-05,,0.009049999999999999,7.165,12.1,174.0,98.9,10.65
SO-E0001255,0.0415,10.95,10.95,0.0305,0.00057,212.0,0.247,7.895,12.3,715.0,91.05,10.25
AN-TAS054,0.075,15.0,15.0,0.0777,0.0014,250.0,0.26,7.91,14.9,1196.0,91.2,9.63
SO-RSN1077,0.077,31.0,31.0,0.036,0.00134,160.0,0.9,7.79,18.3,1851.0,91.8,8.71
MD-59393340,0.037,11.4,11.4,0.0371,0.00046,166.0,0.3,7.835,12.4,862.0,87.9,9.59
SW-81201106,0.015,1.5,1.4849999999999999,0.0046,0.00014,41.0,0.0195,7.46,11.7,200.0,95.6,10.5
NW-88003107,0.184,2.71,2.645,0.03275,0.00149,178.5,0.058,7.73,10.100000000000001,513.5,91.1,10.5
NW-88024654,0.015,0.37,0.366,0.002,0.00028,73.0,0.005,8.13,10.2,204.0,99.4,11.1
MD-70257450,0.064,6.8,6.77,0.0438,0.00092,210.0,0.19,7.9,10.1,897.0,84.0,9.42
SW-70514615,0.0615,5.5,5.47,0.03705,0.00116,220.0,0.14,7.8,12.45,613.0,93.69999999999999,9.91
SW-70812861,0.057999999999999996,4.7,4.57,0.0165,0.00063,170.0,0.055,7.859999999999999,12.6,520.0,96.1,10.3
MD-39322780,0.057,6.19,6.03,0.119,0.00074,216.0,0.088,8.64,11.1,1094.0,99.0,10.6
MD-49704500,0.015,2.4,2.39,0.005,0.0002725,150.5,0.0365,8.16,9.3,429.5,95.85,11.15
SO-E0000791,0.024,3.2,3.19,0.013399999999999999,0.0003975,175.0,0.0845,7.960000000000001,12.45,598.0,89.85,9.665
AN-POULTON,0.015,5.5,5.48,0.017,0.000275,270.0,0.0845,8.17,9.7,801.0,94.9,10.7
NE-49500607,0.249,3.72,3.67,0.0502,0.00288,61.0,0.141,7.705,10.15,456.0,94.1,10.75
NW-RSN1976,0.20500000000000002,5.2,5.12,0.074,0.00251,235.0,0.28,7.575,11.45,669.5,65.95,7.74
NW-88000900,0.48050000000000004,2.005,1.9449999999999998,0.07185,0.00288,232.0,0.2145,7.6,9.45,833.5,62.65,7.265000000000001
NE-49305362,0.1225,1.8050000000000002,1.7650000000000001,0.0259,0.00071,189.0,0.051000000000000004,7.57,10.149999999999999,739.5,79.5,9.09
NE-49500397,0.028,1.75,,0.0094,,,0.049,7.82,5.5,510.0,98.8,12.5
MD-39323380,0.0445,9.375,9.309999999999999,0.0622,0.000865,230.0,0.14,8.285,11.45,1163.0,95.55,10.399999999999999
NE-41000093,0.015,1.49,1.49,0.002,9e-05,60.5,0.005,7.99,8.05,197.0,98.6,11.5
MD-38487025,2.875,2.315,2.255,0.0942,0.01815,449.0,0.0265,7.6,9.45,1412.5,47.6,5.52
AN-11M19,0.015,6.08,6.07,0.017,0.00031,278.0,0.415,8.035,10.0,920.0,88.5,10.1
NE-49405123,0.00715,0.264,0.263,0.00085,4e-05,11.0,0.007350000000000001,7.71,8.95,70.5,99.19999999999999,11.7
AN-HONIBECK,0.015,9.835,11.0,0.035500000000000004,0.00035999999999999997,240.0,0.098,7.86,10.8,893.0,90.4,10.3
SO-F0003359,0.08,3.285,3.235,0.0313,0.00071,220.0,0.173,7.575,11.9,883.0,59.099999999999994,6.13
NW-88009772,0.39,1.9,1.88,0.0469,0.00154,205.0,0.123,7.325,11.85,754.5,56.6,6.23
AN-RSN1033,0.015,2.3,2.29,0.01,0.00039,190.0,0.17,7.97,11.1,912.0,89.8,9.87
NE-49600456,0.015,5.1,5.08,0.016,0.000325,224.0,0.078,8.09,9.6,799.0,94.7,11.0
SO-F0017633,0.036,4.0,3.99,0.023,0.0004,160.0,0.12,7.63,12.0,574.0,71.5,7.29
AN-RSN0533,0.015,12.0,12.0,0.013,0.00021,240.0,0.081,8.3,6.5,699.0,98.1,12.2
TH-RSN1746,0.015,4.300000000000001,4.295,0.00645,0.000265,255.0,0.019,7.835,11.0,710.0,94.0,10.2
SO-E0001337,0.015,9.4,9.39,0.019049999999999997,6.749999999999999e-05,270.0,0.0505,7.26,12.4,1460.0,73.75,8.17
SW-81950670,0.015,3.2,3.2,0.002,3.5e-05,46.0,0.005,6.99,12.6,291.0,88.9,9.43
MD-54758250,0.053,3.6,3.59,0.024,0.0007,160.0,0.092,8.06,13.0,444.0,96.4,10.5
MD-33279140,0.054,6.1850000000000005,6.09,0.0455,0.0006,197.5,0.32,7.845,10.8,676.5,90.4,10.1
NW-88006464,0.27249999999999996,2.985,2.95,0.03585,0.001205,112.0,0.1245,7.545,8.8,346.0,89.6,10.5
NE-49600463,0.015,9.114999999999998,9.085,0.01815,0.000285,195.0,0.026,8.225000000000001,9.8,611.5,98.2,11.149999999999999
AN-58M05,0.015,9.65,9.63,0.015349999999999999,0.00011750000000000001,266.0,0.05,7.63,10.5,749.0,91.7,10.3
TH-PRTS0063,0.051500000000000004,7.5,7.45,0.035,0.00108,180.0,0.1765,8.15,11.7,615.0,99.15,11.05
SO-E0004852,0.015,2.5,2.49,0.00995,0.0003675,120.0,0.095,8.06,12.5,509.0,95.55,10.25
SW-91241149,0.015,2.3,2.3,0.002,0.00025,67.5,0.019,7.875,11.2,535.0,99.9,11.25
AN-HD0117,0.015,9.5,9.485,0.025,0.000305,145.0,0.27,7.87,14.2,742.0,87.4,9.8
AN-RASEA,0.064,9.0,8.95,0.035,0.00102,210.0,0.1515,8.24,10.4,691.0,99.0,11.2
SW-72930857,0.038,1.0,0.993,0.0052,0.00024,32.0,0.038,7.5,12.5,158.0,96.8,10.3
AN-27M03,0.052,11.0,11.0,0.0606,0.00124,274.0,1.03,7.945,11.4,918.5,88.6,9.600000000000001
SO-E0000642,0.067,2.48,2.46,0.0171,0.000545,60.0,0.0265,7.65,12.6,295.0,89.2,9.6
SO-E0000854,0.039,0.91,0.901,0.012,0.00030000000000000003,156.0,0.1,7.805,9.4,705.5,74.85,8.58
TH-POCR0013,0.015,6.720000000000001,6.695,0.02875,0.00043,240.0,0.19,8.045,12.1,720.5,89.4,9.635
MD-29172180,0.069,4.7,4.61,0.0434,0.00076,169.0,0.295,7.72,10.5,588.0,82.7,9.53
SW-81610190,0.079,1.2,1.27,0.006,0.00013,21.0,0.018,6.91,11.5,235.0,94.5,10.2
SW-Z9380237,0.073,4.63,4.61,0.025,0.001095,252.0,0.044,7.984999999999999,9.7,690.0,96.8,10.7
NE-49301141,0.015,5.26,5.235,0.0119,0.0004125,278.0,0.005,8.13,11.55,2131.0,88.65,9.5
SW-E3050600,0.2495,11.6,11.5,0.0414,0.003685,207.5,1.6400000000000001,7.945,11.7,717.0,87.75,9.865
TH-RSN1201,0.015,7.4,7.375,0.017,0.0003375,250.0,0.14,8.004999999999999,12.65,754.5,97.15,11.25
MD-38482980,0.0715,14.0,14.0,0.044,0.000865,170.0,0.46,7.65,12.7,1019.0,90.2,9.33
SW-70531610,0.128,4.43,4.36,0.0493,0.00125,107.0,0.189,7.9,10.6,353.0,94.4,10.7
MD-RSN2206,0.0535,3.35,3.32,0.0155,0.000515,87.0,0.025,7.79,12.3,314.0,96.5,10.3
AN-WHDR3,0.145,2.1,2.07,0.018500000000000003,0.00227,205.0,0.022,7.845000000000001,13.0,14118.0,95.0,9.925
MD-40608020,0.045,8.23,8.0,0.0538,0.00051,230.0,0.616,7.72,10.0,1700.0,81.9,8.75
AN-NSEA150U,0.0905,11.0,11.0,0.0245,0.00106,270.0,0.042,8.184999999999999,4.9,1016.5,96.5,12.350000000000001
NW-88023163,0.057,1.18,1.17,0.0107,0.00086,86.0,0.062,8.02,9.2,280.0,96.8,11.1
SW-91241113,0.015,2.6,2.6,0.002,0.000235,52.0,0.025,7.8,11.75,370.0,99.5,10.7
AN-WD0180,0.058,4.92,4.88,0.0467,0.00099,185.0,0.344,7.92,12.3,920.0,84.2,8.82
SW-70240302,0.0615,2.9,2.87,0.0208,0.00093,66.0,0.0915,7.9,10.6,254.0,97.35,10.9
MD-RSN0434,0.015,2.2,2.2,0.00425,0.0003175,195.0,0.0385,8.07,9.899999999999999,589.0,95.5,10.75
TH-PKER0007,0.05,4.62,4.6,0.0197,0.00061,165.0,0.212,7.89,9.8,864.0,80.9,9.76
TH-PLDR0145,0.068,0.16,0.20450000000000002,0.002,0.00015,57.0,0.053,6.855,11.45,345.0,65.9,7.0649999999999995
SO-G0004242,0.015,3.2649999999999997,3.255,0.0056,0.0003225,105.5,0.03,8.09,12.4,410.0,96.4,10.5
SW-70531014,0.0665,5.495,5.43,0.0527,0.001005,122.0,0.1745,7.9,13.45,406.5,92.25,10.4
MD-59010550,0.1685,10.35,10.25,0.0791,0.0016749999999999998,150.0,0.218,7.6,11.55,858.0,83.5,9.015
SO-E0001561,0.0685,2.5,2.46,0.0315,0.00059,97.5,0.074,7.655,10.850000000000001,452.0,89.1,9.905000000000001
SW-91211497,0.031,2.4,2.4,0.0042,0.000145,48.0,0.045,7.39,9.6,188.0,95.7,10.8
SW-81231119,0.015,1.5,1.49,0.0056,6.25e-05,18.0,0.042,7.285,11.7,110.0,101.0,11.0
SW-A1260201,0.28,6.6,6.52,0.06509999999999999,0.00429,169.5,0.169,7.89,11.8,529.5,92.6,10.2
SW-A2270106,0.015,4.34,4.32,0.0106,0.0003575,232.0,0.0945,8.28,10.649999999999999,566.5,99.95,11.05
NE-49600146,0.11699999999999999,5.7,5.6850000000000005,0.0453,0.0008849999999999999,182.0,0.0325,7.75,10.5,706.0,86.1,9.615
AN-ENGINEDR,0.043,3.3,3.12,0.021,0.00044,210.0,0.07100000000000001,7.53,10.2,819.0,75.0,8.52
SO-F0002290,0.015,0.51,0.507,0.002,0.00011750000000000001,65.0,0.00975,7.7,11.2,285.0,94.8,10.4
SW-70621702,0.1415,2.685,2.645,0.037849999999999995,0.0024000000000000002,125.5,0.055499999999999994,7.95,10.25,377.5,99.4,11.1
SW-SSN0404,0.005900000000000001,1.0,0.9984999999999999,0.0018,0.0001,56.5,0.038,7.890000000000001,12.75,204.0,98.44999999999999,10.3
NW-88022981,0.086,1.315,1.27,0.027,0.00126,193.5,0.20550000000000002,8.035,9.7,518.5,96.05,11.45
NW-88002351,0.0485,0.805,0.798,0.0102,0.000475,151.5,0.042,7.824999999999999,9.8,434.5,93.85,10.850000000000001
MD-57463560,0.0307,0.81,0.794,0.00516,0.00045,121.0,0.02825,8.13,10.25,359.0,99.0,11.149999999999999
SW-E1072000,0.039,6.0600000000000005,5.65,0.0256,0.00065,177.0,0.1265,8.04,11.05,481.0,98.55,10.9
AN-BUR110,0.03,5.0,4.99,0.0284,0.00041,226.0,0.045,7.92,8.7,768.0,92.6,10.2
NW-88024633,0.32,4.5,4.42,0.0764,0.00232,180.0,0.19,7.65,11.5,631.0,79.5,8.615
SW-81951546,0.038,3.92,3.91,0.0081,0.00033,17.0,0.058,7.2,10.5,177.0,98.5,11.2
AN-SB0135,0.015,2.88,2.88,0.0133,0.00047,187.0,0.181,8.09,7.1,804.0,92.2,11.3
NW-88000826,0.063,4.03,3.98,0.0216,0.00113,182.0,0.051,7.98,10.0,554.0,93.0,10.4
SW-C0474000,0.015,9.3,9.295,0.0077,0.0002225,247.0,0.02,7.9,10.4,629.0,96.1,10.8
AN-DOV030,0.0515,9.41,9.36,0.06485,0.000785,290.0,1.51,8.09,10.8,1113.0,89.75,9.83
SW-50360117,0.031,3.22,3.21,0.0103,0.00028,93.0,0.028,7.55,12.1,357.0,84.2,9.11
SW-Z1020114,0.1355,3.285,3.18,0.04865,0.003105,215.5,0.7025,7.975,15.350000000000001,774.0,83.0,8.46
MD-53165580,0.052500000000000005,9.15,9.105,0.0535,0.0009499999999999999,270.0,0.0925,7.859999999999999,12.8,,95.5,9.870000000000001
SW-50341105,0.015,6.57,6.535,0.030350000000000002,0.0003525,212.5,0.239,8.23,12.05,547.0,101.0,10.8
NW-88004421,0.015,3.4,3.4,0.0074,0.000115,125.0,0.026,7.65,11.0,324.0,96.1,11.2
NW-88003177,0.081,1.3,1.27,0.0223,0.0012,130.0,0.106,7.95,12.0,440.0,96.1,11.3
MD-47511900,0.053000000000000005,8.025,7.984999999999999,0.04,0.00096,200.0,,7.995,9.15,,91.6,10.649999999999999
NW-88003855,0.11,2.1,2.07,0.027,0.00109,160.0,0.28,7.87,10.2,478.0,92.0,10.6
MD-12386880,0.0915,27.05,26.95,0.0615,0.001415,182.5,1.214,8.0,12.4,1748.0,82.0,8.95
TH-PTAR0089,0.126,8.4,8.36,0.0894,0.0022,233.0,0.244,8.120000000000001,11.25,733.0,87.9,9.52
NE-49100568,0.015,0.24,0.236,0.002,0.000305,76.0,0.005,7.96,12.8,165.0,99.7,10.8
SO-SSN0695,0.0275,0.25,0.2475,0.00195,3.5000000000000004e-05,31.5,0.0133,6.895,10.1,267.5,74.95,8.435
SW-91211363,0.068,1.6,1.59,0.0091,0.0003,45.0,0.104,7.3,9.6,182.0,92.3,10.7
MD-38471380,0.05,11.0,11.0,0.047,0.00109,200.0,0.28,8.05,13.0,1026.0,87.0,9.02
MD-29949160,0.31,19.7,18.950000000000003,0.28,0.00452,155.0,1.3,7.76,12.7,495.0,90.8,9.44
NW-88004085,0.485,2.42,2.38,0.0658,0.00458,267.0,0.167,8.035,8.85,669.0,85.6,9.64
SO-RSN2149,0.049,1.7000000000000002,1.685,0.013999999999999999,0.00034500000000000004,100.0,0.056,7.4399999999999995,12.100000000000001,371.0,90.0,9.76
SW-RSN2227,0.008400000000000001,3.7,3.7,0.0026,7e-05,80.5,0.0095,7.6850000000000005,12.7,323.5,96.75,10.4
SW-RSN0173,0.015,0.115,0.113,0.002,1e-05,37.5,0.265,6.65,7.550000000000001,163.0,81.15,9.620000000000001
NE-49500672,0.0164,0.57,0.565,0.002,0.00017,23.0,0.00995,7.72,8.5,139.0,100.8,11.8
NW-88001948,0.01345,0.5265,0.525,0.0019,5e-05,18.0,0.013,7.43,9.9,90.0,99.7,11.4
SW-70513805,0.038,3.97,3.93,0.0177,0.000495,153.0,0.069,7.925000000000001,10.55,473.5,93.35,10.350000000000001
NE-41000266,0.0063,1.03,1.03,0.00194,0.00011,64.0,0.0308,8.0,8.3,187.0,101.1,11.5
NE-RSN0880,0.015,8.55,8.52,0.04,0.000275,235.0,0.014,7.81,11.2,869.0,90.9,9.7
TH-PMLR0011,0.0605,20.4,20.35,0.03315,0.000535,64.0,0.2605,7.31,15.1,623.0,84.65,8.565
MD-37081030,0.053,0.1,0.14200000000000002,0.00355,0.00071,296.5,0.0655,7.995,9.5,1285.0,91.05,10.3
AN-RSN0834,0.015,4.4,4.39,0.0091,0.000275,270.0,0.074,8.29,8.7,747.0,94.8,10.8
NE-49100547,0.087,4.76,4.720000000000001,0.0266,0.000745,156.5,0.166,7.835,10.05,840.0,91.4,10.3
NE-49800103,0.12,2.6,2.57,0.035,0.00142,73.0,0.15,7.77,11.2,246.0,97.6,10.7
SO-F0002932,0.015,2.84,2.84,0.0041,0.00017,182.0,0.036,7.69,10.5,472.0,84.3,9.63
AN-ST1522,0.015,10.3,10.2,0.0308,0.000355,240.0,0.069,8.29,10.9,769.0,98.4,11.0
NW-88000822,0.087,5.3,5.27,0.044,0.00118,124.0,0.14,7.88,11.1,834.0,90.2,9.92
NW-88003836,0.015,0.7,0.6955,0.002,0.0001825,35.5,0.016,7.83,8.6,117.5,100.25,11.45
SO-Y0004347,0.015,4.9,4.88,0.015,0.00039,194.0,0.1355,8.22,11.3,585.0,95.69999999999999,10.649999999999999
SW-70230157,0.096,2.4,2.37,0.031,0.0018,170.0,0.12,8.06,10.4,411.0,93.0,10.7
MD-56082020,0.015,2.9,2.89,0.0117,0.000345,99.0,0.078,7.985,10.55,394.0,96.75,10.8
NW-88023338,0.114,1.39,1.34,0.0427,0.00113,170.0,0.098,7.68,10.7,601.0,83.2,8.92
NW-88004392,0.009149999999999998,1.245,1.245,0.003475,0.0001625,66.0,0.014,8.085,10.75,183.0,103.0,11.8
MD-11570720,0.036,6.3,6.285,0.022,0.0005,216.0,0.11649999999999999,8.0,10.3,671.0,94.0,10.7
MD-13598380,0.015,3.75,3.7350000000000003,0.01295,0.000395,154.0,0.0615,8.17,10.7,430.0,95.8,10.5
MD-46679100,0.015,2.47,2.455,0.00895,0.0002825,135.0,0.1695,8.12,10.850000000000001,439.5,94.3,10.55
MD-64632060,0.097,2.42,2.39,0.0385,0.00157,162.0,0.105,8.2,9.0,529.0,94.0,10.8
MD-RSN0574,0.08299999999999999,10.05,9.985,0.0555,0.00123,210.0,0.44,7.965,10.05,1149.0,88.6,10.11
NW-88003842,0.015,0.8,0.796,0.002,0.00029,63.0,0.0325,8.08,9.25,188.5,100.75,11.649999999999999
AN-CAUSEWAY,0.015,15.1,15.0,0.036,0.0003,231.0,0.086,8.07,10.4,920.0,93.9,10.75
SW-82511149,0.015,4.655,4.655,0.00785,0.00018,43.5,0.45999999999999996,7.51,11.25,260.0,98.2,10.7
SW-E8300900,0.015,4.66,4.64,0.0256,0.00032,283.0,0.08,7.89,10.9,831.0,89.4,9.93
AN-03M17,0.015,2.58,2.58,0.0084,0.00021,262.0,0.034,7.9,8.0,763.0,84.6,10.0
SW-70611134,0.015,4.26,4.25,0.0095,0.00039,247.0,0.061,8.1,11.8,601.0,96.5,10.5
SO-RSN2245,0.015,1.7,1.7,0.002,0.00011750000000000001,34.5,0.005,7.279999999999999,11.399999999999999,267.5,95.2,10.3
NW-88025755,0.12,3.5,3.43,0.031,0.00112,130.0,0.056,7.73,7.0,409.2,87.7,10.3
NE-RSN1704,0.17,9.6,9.44,0.11,0.00187,260.0,0.22,7.85,10.8,967.0,84.1,9.58
AN-SSN1481,0.040499999999999994,11.55,11.55,0.008,0.00075,285.0,0.0145,7.72,11.4,772.0,89.8,9.94
NW-88002842,0.24,1.7,1.64,0.0568,0.00214,210.0,0.192,7.65,10.5,663.5,68.2,7.555
SO-E0001651,0.0395,4.42,4.395,0.01665,0.00051,201.5,0.7769999999999999,8.105,9.0,696.0,93.94999999999999,10.85
NW-88006424,0.026,1.1949999999999998,1.1749999999999998,0.0077,0.00040249999999999997,93.0,0.038,8.05,10.6,242.0,101.2,11.65
NE-49200034,0.015,13.0,13.0,0.009,0.0002,190.0,0.024,7.93,8.1,614.0,97.7,11.6
SO-E0001158,0.13,18.0,17.9,0.097,0.00128,190.0,0.9,7.67,12.95,1392.0,68.05,7.54
AN-BARNWLUS,0.015,14.0,14.0,0.012,0.00021250000000000002,260.0,0.073,8.02,7.050000000000001,891.0,97.35,12.25
SW-70310701,0.015,1.46,1.46,0.002,0.000325,98.0,0.044,8.16,12.3,344.0,100.7,10.8
MD-37118930,0.072,3.7,3.65,0.048,0.0008,180.0,0.046,7.7,13.3,843.0,81.5,8.14
NW-88024606,0.031,0.4,0.391,0.0041,0.00019,210.0,0.011,7.55,8.9,453.0,58.0,6.33
NW-88003919,0.62,0.69,0.663,0.0305,0.00457,190.0,0.29,7.53,10.8,708.0,50.4,5.25
NW-88003574,0.1075,1.4249999999999998,1.4,0.02355,0.0014,182.0,0.33199999999999996,8.045,9.0,594.0,92.8,11.100000000000001
NE-49301047,0.015,2.99,2.96,0.0119,0.0002,47.0,0.078,7.69,8.5,287.5,95.2,11.45
SO-E0007237,0.0267,1.85,1.815,0.013,0.00026,60.0,0.038,7.75,12.350000000000001,270.0,94.3,9.985
NW-88005090,0.006,0.51,0.509,0.002,4e-05,12.0,0.004,7.44,10.4,63.0,99.4,11.5
SO-E0000677,0.045,2.6100000000000003,2.59,0.018,0.00038250000000000003,59.0,0.14,7.66,10.8,313.5,89.35,9.760000000000002
AN-CHT010,0.045,9.120000000000001,8.93,0.049,0.00055,276.0,0.11,7.78,11.5,941.0,78.7,8.84
AN-RSN1049,0.015,15.0,15.0,0.016,0.000145,240.0,0.094,7.65,12.0,1005.0,72.3,6.94
AN-RR0358,0.041,8.67,8.64,0.036,0.0005,135.0,0.314,8.06,10.45,775.0,90.1,10.0
TH-PRTS0054,0.031,7.5,7.485,0.022,0.0007275,220.0,0.19,8.245000000000001,14.0,695.0,104.35,11.3
NE-RSN0304,0.0455,4.35,4.33,0.0195,0.000495,160.0,0.0295,8.245,9.55,583.0,98.55000000000001,11.25
MD-50897770,0.0925,7.15,7.02,0.069,0.00107,200.0,0.715,7.85,10.6,2343.0,87.1,9.760000000000002
NW-88003501,0.1,3.79,3.76,0.03685,0.00125,99.0,0.3,7.92,9.0,412.0,98.0,11.6
NE-49100650,0.015,0.1,0.098,0.002,0.000285,64.0,0.005,8.15,9.0,167.5,92.85,10.7
NW-88004568,0.039,0.6,0.596,0.002,0.00015,37.0,0.005,7.35,11.1,148.0,90.1,10.1
NE-41000079,0.015,1.4,1.39,0.0052,0.0002,78.0,0.018,8.07,8.7,228.0,97.3,11.3
SO-E0000936,0.07899999999999999,13.0,12.95,0.0205,0.00066,50.5,0.5429999999999999,7.4,12.35,523.5,89.35,9.344999999999999
NW-88022164,0.0028,0.28,0.279,0.0005,1e-05,9.0,0.0014,7.215,10.2,42.5,99.6,11.3
SW-91212030,0.015,2.1500000000000004,2.1500000000000004,0.002,9.25e-05,32.5,0.0315,7.325,11.350000000000001,199.0,93.05,9.8
AN-37M09,0.2,8.9,8.825,0.0942,0.00213,315.0,0.2,7.67,12.4,1185.0,75.6,8.19
SO-E0007345,0.04,0.99,0.966,0.024,0.00032,69.0,0.078,7.4,14.3,315.0,86.8,8.48
TH-PLDR0015,0.047,7.7,7.67,0.0393,0.00063,131.0,0.232,7.8,13.1,706.0,82.1,8.67
NW-88024187,0.098,9.13,9.05,0.0766,0.00158,143.0,0.331,7.94,10.2,810.0,99.6,11.2
NW-88003974,0.015,0.65,0.646,0.002,0.00027,75.0,0.005,8.08,9.8,207.0,99.9,11.6
TH-PUTR0077,0.039,12.0,12.0,0.0325,0.00049,235.0,0.86,7.885,9.45,846.0,77.4,8.76
NE-RSN2108,0.08,1.15,1.13,0.011,0.0006000000000000001,24.0,0.052000000000000005,7.56,8.5,169.0,98.45,11.5
SO-Y0004377,0.015,6.13,6.11,0.0128,0.000325,230.0,0.069,8.25,11.7,610.0,101.1,11.0
SW-72937211,0.015,2.2,2.2,0.002,9e-05,35.0,0.022,7.49,10.7,172.0,96.9,10.7
MD-RSN2124,0.0765,0.9550000000000001,0.942,0.015,0.0007949999999999999,245.0,0.0155,7.79,10.55,1097.0,95.94999999999999,11.0
MD-13623190,0.015,4.0,3.99,0.01065,0.0002825,95.5,0.062,7.859999999999999,11.5,300.0,96.75,9.86
NW-88003819,0.015,0.24,0.236,0.002,8.5e-05,11.5,0.0075,7.415,11.35,53.5,99.44999999999999,11.05
SW-82511104,0.015,5.39,5.39,0.0114,0.000205,54.0,0.177,7.64,11.6,307.0,97.6,10.4
MD-19828380,0.0345,1.3,1.26,0.009,0.0003625,40.5,0.0565,7.825,10.100000000000001,151.0,98.8,10.8
NE-49400729,0.015,0.8300000000000001,0.8240000000000001,0.00475,0.00038,180.0,0.019,8.3,9.600000000000001,383.5,103.4,11.9
NW-88004066,0.058,1.0,0.994,0.0087,0.0003,49.0,0.028,7.73,9.7,194.0,94.1,11.1
SW-81511584,0.015,3.53,3.52,0.0047,0.00013,74.0,0.014,7.61,12.1,281.0,96.6,10.3
SW-A4070301,0.253,3.6950000000000003,3.625,0.060950000000000004,0.00407,218.0,0.2,8.035,12.0,569.0,92.15,9.955
MD-54517000,0.015,2.83,2.8200000000000003,0.0069,0.00035,200.0,0.031,8.165,11.6,470.0,98.9,11.4
SW-81930144,0.0237,3.4,3.375,0.012,0.00013,20.0,0.0513,7.21,12.1,219.0,98.6,10.850000000000001
SW-82210144,0.015,10.6,10.6,0.0078,8e-05,27.0,0.034,7.2,11.5,449.0,94.6,10.5
SW-60031819,0.064,2.6799999999999997,2.64,0.02845,0.001105,293.0,0.263,8.1,11.4,720.0,88.44999999999999,9.945
NW-RSN0060,0.0027,0.38,0.379,0.0005,3e-05,19.0,0.0012,7.95,7.8,75.0,101.1,11.7
NE-49405131,0.015,0.75,0.746,0.002,0.00024,160.0,0.005,8.38,9.0,332.0,102.1,11.7
NW-88022117,0.015,0.2635,0.2615,0.002,7e-05,15.0,0.00765,7.59,8.4,65.5,99.85,11.75
SW-RSN0371,0.265,1.75,1.6549999999999998,0.056,0.0013700000000000001,305.0,0.225,7.7,12.8,930.5,77.25,8.575
MD-05217160,0.125,7.995,7.970000000000001,0.02735,0.00204,220.0,0.093,7.975,10.6,860.0,89.9,9.940000000000001
SW-RSN0851,0.0026499999999999996,0.155,0.154,0.0005,5e-06,,0.00085,5.475,11.95,63.0,96.4,10.6
NW-88025754,0.13,3.0,2.975,0.0215,0.0005200000000000001,129.5,0.0825,7.465,5.9,437.1,94.7,11.8
AN-RSN0386,0.015,3.1,3.09,0.02,0.0004525,165.0,0.0595,8.205,11.9,906.5,103.15,11.4
SO-E0004591,0.0695,3.235,3.21,0.0275,0.000415,204.0,0.08399999999999999,7.55,13.350000000000001,775.0,66.65,6.82
SW-50530197,0.015,3.5,3.5,0.0048,0.00024,230.0,0.0685,7.88,10.9,532.0,97.2,10.9
MD-37421800,0.14,11.0,10.8,0.089,0.00156,210.0,0.17,7.73,11.5,1218.0,74.4,8.09
SW-Z8490102,0.042499999999999996,9.83,9.8,0.04335,0.0007,223.5,0.4355,7.895,12.05,764.0,89.30000000000001,9.92
NE-RSN1624,0.024,4.4,4.38,0.014,0.000335,220.0,0.013,7.87,10.9,763.0,92.6,10.2
MD-43903250,0.038,7.6,7.58,0.024,0.00051,170.0,0.061,8.06,11.2,810.0,95.6,10.3
NW-88023118,0.035500000000000004,6.85,6.83,0.01245,0.00041,99.5,0.07050000000000001,8.045,8.9,328.0,99.4,11.5
SW-63040020,0.015,8.48,8.47,0.0077,0.00038,212.0,0.01,8.03,13.0,577.0,94.1,9.77
NW-88002736,0.9844999999999999,1.995,1.9,0.08265,0.01065,204.0,0.0455,7.785,10.2,738.5,82.44999999999999,9.2
NW-88022821,0.015,0.33,,0.002,,2.5,0.005,7.04,6.7,45.4,103.7,
SW-82511715,0.015,6.36,6.36,0.0071,0.00024,56.0,0.036000000000000004,7.76,12.8,352.0,98.0,10.5
TH-PLER0076,0.015,13.0,13.0,0.044,0.00045,200.0,0.247,7.855,12.25,938.5,92.45,9.86
NW-88002538,0.0655,1.6,1.58,0.019,0.00107,94.0,0.0495,8.114999999999998,9.7,350.0,99.75,11.4
NE-49500571,0.01175,0.553,0.5395000000000001,0.0015400000000000001,0.0001,11.5,0.005050000000000001,7.82,8.65,107.5,100.65,11.399999999999999
MD-20351630,0.015,3.8,3.79,0.0078,0.000165,100.0,0.076,7.825,11.100000000000001,309.5,96.1,10.350000000000001
NE-49700101,0.015,0.775,0.736,0.002,0.00022,99.0,0.005,8.28,9.9,239.0,100.0,10.9
NW-88005611,0.015,0.7949999999999999,0.7909999999999999,0.002,0.000225,95.0,0.025,8.120000000000001,8.05,246.5,103.4,12.55
AN-CH08,0.0335,8.6,8.55,0.0327,0.0005499999999999999,270.0,0.41,8.06,12.05,864.0,88.15,9.82
SW-RSN1813,0.0395,6.4,6.365,0.0285,0.00068,220.0,0.07050000000000001,8.075,12.1,562.0,94.6,10.25
NW-88002267,0.033,0.69,0.679,0.0055,0.000335,60.0,0.037,7.825,9.649999999999999,224.0,99.2,11.4
AN-RSN0256,0.059,1.05,1.033,0.02,0.00089,255.0,0.018000000000000002,8.09,14.5,1260.0,106.8,11.3
SW-Z9370209,0.0405,5.8,5.76,0.031,0.00062,250.0,0.215,8.114999999999998,11.399999999999999,627.5,93.55,10.149999999999999
MD-36768280,0.084,8.33,8.23,0.0578,0.0013,181.0,0.2265,8.0,10.85,932.5,87.75,9.55
NE-49900178,0.015,1.3,1.29,0.005849999999999999,0.0003875,120.0,0.0375,8.2,8.7,298.0,100.94999999999999,11.6
SW-81201420,0.0245,0.645,0.641,0.002,0.00013,35.0,0.020999999999999998,7.43,8.1,173.0,94.8,11.1
NE-49305353,0.037,2.77,2.75,0.011,0.00034,39.0,0.026,7.8,6.1,205.0,94.2,11.1
AN-SOWS2,0.625,4.7,4.66,0.061,0.00701,355.0,0.1,7.795,10.7,6799.0,77.05,8.835
NW-88022690,0.015,1.185,1.18,0.002,0.00031,126.5,0.0225,8.1,11.35,344.0,99.0,10.649999999999999
AN-61M13A,0.015,14.0,14.0,0.015,0.00034250000000000003,230.0,0.25,7.975,11.25,736.5,94.1,10.05
AN-RSN1724,0.035,6.050000000000001,6.025,0.0195,0.00033,275.0,0.00935,7.83,10.25,905.0,85.25,9.175
AN-LYMN2,0.015,5.7,5.69,0.016,0.00041,180.0,0.076,8.17,10.3,605.0,98.1,11.1
NE-49800100,0.048,3.865,3.84,0.0259,0.000615,92.0,0.215,7.92,10.75,370.0,93.0,9.95
TH-PWER0030,0.113,6.39,6.32,0.0546,0.00166,113.0,0.18,7.83,12.1,487.0,92.5,9.9
TH-RSN1274,0.015,4.6,4.585,0.012,0.000305,250.0,0.015,7.88,11.5,749.0,85.1,9.33
MD-04851160,0.091,4.575,4.55,0.03225,0.0017000000000000001,260.0,0.377,8.1,10.55,933.0,89.2,10.155000000000001
SW-70422062,0.034,5.05,5.029999999999999,0.0195,0.0003875,120.0,0.093,7.57,12.899999999999999,350.5,94.9,9.965
SW-C0623000,0.015,10.3,10.3,0.01145,0.00015,235.0,0.045,7.67,11.4,609.0,96.3,10.9
SW-50330113,0.051500000000000004,2.45,2.435,0.021650000000000003,0.00081,214.0,0.18,7.91,11.0,588.0,84.1,9.25
SW-81310246,0.015,3.94,3.93,0.0059,9.5e-05,50.0,0.079,7.55,10.3,228.0,97.8,10.9
MD-48356160,0.015,5.27,5.22,0.0202,0.000345,202.0,0.112,8.1,11.6,738.0,92.3,10.4
NE-49800137,0.015,0.33,0.326,0.002,2.5e-05,17.0,0.005,7.15,3.9,78.0,88.2,11.6
NW-88005856,0.20500000000000002,2.25,2.18,0.0445,0.0010249999999999999,150.0,0.0885,7.404999999999999,8.7,424.5,81.8,9.29
MD-39480850,0.039,10.55,10.5,0.04245,0.0007199999999999999,251.5,0.10700000000000001,8.22,10.45,1052.0,98.7,11.149999999999999
MD-RSN0964,0.19,17.5,17.4,0.10350000000000001,0.00171,140.0,0.495,7.72,12.5,841.5,91.8,9.84
SW-50810122,0.045,2.5,2.47,0.026,0.00099,210.0,0.058,8.15,10.3,547.0,98.8,11.5
TH-PTAR0062,0.16299999999999998,24.45,24.3,0.1555,0.00192,189.5,3.45,7.745,11.55,960.5,64.8,6.65
SW-SSN0128,0.015,0.525,0.521,0.002,1.7500000000000002e-05,104.0,0.11499999999999999,6.795,10.2,261.0,52.900000000000006,5.925
SW-60250666,0.031,2.73,2.71,0.0209,0.00057,304.0,0.328,8.26,12.1,781.0,95.7,10.3
NE-49301128,0.239,1.76,1.74,0.0387,0.00308,359.0,0.039,7.89,10.5,1653.0,91.7,9.92
NE-49000700,0.015,0.73,0.726,0.002,0.00027,37.0,0.013,8.01,9.7,207.0,100.0,11.3
NW-88019805,0.015,0.91,0.906,0.002,0.0001,13.0,0.005,7.78,4.5,89.0,100.0,12.9
AN-BUR060,0.056,3.18,3.145,0.02895,0.00067,248.0,0.051500000000000004,7.845000000000001,10.25,787.0,87.9,9.844999999999999
SO-F0002277,0.039,1.7,1.69,0.0098,0.00029,66.0,0.034,7.57,11.9,308.0,97.2,10.5
MD-13088360,0.015,4.465,4.455,0.012,0.00031999999999999997,254.0,0.20550000000000002,7.93,9.2,1046.0,85.85,9.315000000000001
SW-E2241200,0.095,12.7,12.4,0.205,0.00093,90.0,1.85,7.755,11.25,465.0,93.94999999999999,10.6
SW-81951044,0.015,2.89,2.92,0.002,2e-05,9.0,0.005,6.6,12.0,204.0,97.5,10.649999999999999
TH-PTAR0065,0.056,17.7,17.6,0.128,0.00074,230.0,1.32,7.85,13.2,876.0,74.0,7.38
NE-49100525,0.015,0.1,0.098,0.002,0.000225,53.0,0.005,8.03,8.1,136.0,94.7,11.1
AN-WELL260C,0.015,5.5,5.49,0.021,0.00032,210.0,0.162,8.02,10.4,739.5,87.9,10.0
NW-88003557,0.374,15.2,15.1,0.0882,0.0055049999999999995,139.5,0.6375,7.8,14.55,787.0,96.44999999999999,9.745000000000001
NW-88002197,0.015,0.44,0.436,0.002,0.00019250000000000002,22.0,0.005,7.965,7.949999999999999,121.5,101.3,12.0
NW-88009773,0.2445,0.725,0.702,0.01885,0.001205,222.0,0.086,7.495,10.25,681.5,47.2,5.44
MD-30769060,0.0375,4.42,4.385,0.027,0.000585,271.5,0.109,7.955,9.55,629.0,94.6,10.5
NW-88023133,0.118,12.0,11.9,0.0865,0.00152,241.0,0.31,7.94,10.8,802.0,87.35,9.53
SW-Z1020124,1.1,2.41,2.325,0.114,0.0128,230.0,0.6134999999999999,7.73,15.05,796.0,41.5,4.15
NE-49301890,0.121,7.0,7.195,0.0812,0.00151,152.0,0.902,7.735,9.9,731.0,83.6,9.675
SW-E5006300,0.109,3.85,3.82,0.0444,0.00198,249.0,0.23,7.93,12.35,772.0,85.85,10.1
SW-81111865,0.015,0.6,0.59,0.0097,0.000205,41.0,0.018,7.27,11.5,207.0,98.5,10.6
SW-RSN1206,0.05,2.5,2.435,0.017,0.00081,260.0,0.12,8.115,10.4,657.0,96.05,11.05
SO-SSN0506,0.044,1.45,1.435,0.011,0.000505,93.0,0.0715,7.545,12.5,314.5,87.19999999999999,9.3
SW-70522623,0.015,5.57,5.54,0.0294,0.000215,170.0,0.188,7.65,10.4,554.0,88.0,9.65
MD-07716050,0.064,5.4,5.38,0.035,0.0013,285.0,0.18,7.855,11.2,897.0,83.69999999999999,9.075
NW-88002537,0.147,2.35,2.33,0.04625,0.0010999999999999998,147.0,0.1765,7.54,11.1,553.5,71.0,8.26
SO-E0007258,0.04,0.74,0.718,0.015,0.000525,64.0,0.03,7.9,15.3,247.0,95.2,9.51
AN-STDR050D,0.0405,6.835,4.23,0.05499999999999999,0.000585,230.0,0.0675,7.83,11.45,841.0,87.45,9.899999999999999
TH-PRGR0013,0.038,8.295,8.245000000000001,0.03135,0.00051,233.0,0.47,7.985,9.350000000000001,875.0,88.55,10.035
AN-GLEN360H,0.067,8.6,8.59,0.044,0.00093,250.0,0.066,8.12,9.1,878.0,94.7,11.4
NE-49400438,0.19,5.1,4.94,0.0665,0.0019,93.0,0.367,7.745,11.4,577.0,91.7,10.6
NE-49301068,0.015,5.42,,0.119,0.00029,,0.222,7.84,15.7,876.0,84.0,
SO-G0004186,0.0465,0.87,0.866,0.0058,0.00013,23.0,0.02,7.23,11.25,186.5,88.6,9.73
NW-RSN1807,0.015,2.6,2.6,0.012,0.000395,180.0,0.053,8.26,9.4,482.0,99.8,11.649999999999999
AN-USGLOSTW,0.0325,5.1,5.0600000000000005,0.016,0.00049,255.0,0.0335,8.085,10.95,712.0,95.94999999999999,10.7
NW-88009739,0.00615,0.241,0.238,0.00125,4e-05,14.0,0.00195,7.625,8.649999999999999,53.5,102.65,11.850000000000001
SW-RSN0451,0.01145,1.85,1.8399999999999999,0.005350000000000001,0.000105,38.5,0.0415,7.8,10.2,173.0,97.3,10.8
NE-RSN1844,0.20500000000000002,8.05,7.99,0.076,0.00186,91.0,0.515,7.529999999999999,11.85,724.5,90.0,9.965
MD-60587950,0.063,2.21,2.16,0.0368,0.00151,252.0,0.076,8.2,10.1,879.0,91.5,10.8
SW-50210212,0.015,6.2,6.19,0.016,0.0003025,230.5,0.0665,8.08,11.1,582.0,98.4,11.1
AN-WAIR1,0.015,9.9,9.725,0.015,0.0003,222.5,0.042,8.22,10.350000000000001,682.0,99.85,11.4
NW-88000719,0.062,8.6,8.54,0.041,0.00083,130.0,0.14,7.89,11.1,515.0,91.4,10.1
NW-88005071,0.00425,0.315,0.314,0.0005,1.5000000000000002e-05,2.5,0.0005,7.19,9.3,36.0,101.6,11.15
AN-BRAN2,0.015,8.35,8.335,0.0275,0.00030000000000000003,210.0,0.10250000000000001,8.024999999999999,10.0,890.5,85.85,10.004999999999999
MD-46264180,0.062,8.15,8.11,0.04,0.0008,197.0,0.5315000000000001,7.92,8.4,915.5,86.8,10.1
MD-13661300,0.015,3.32,3.31,0.0147,0.00035,310.0,0.1205,8.11,9.9,866.0,88.4,9.56
AN-52M13,0.1775,5.045,4.984999999999999,0.054400000000000004,0.00143,260.0,0.005,7.59,10.35,1753.5,74.55,8.61
NW-88000720,0.0685,2.73,2.665,0.03115,0.00099,144.0,0.14500000000000002,7.965,12.0,485.0,92.1,9.65
NW-RSN1519,0.014499999999999999,1.8,1.8,0.0069,0.00029,200.0,0.026,8.315000000000001,9.95,471.0,105.0,12.8
NW-88003829,0.015,0.1,0.098,0.002,0.00024,46.0,0.005,8.02,8.2,140.0,94.5,11.1
SO-E0001313,0.015,7.05,7.03,0.022699999999999998,0.0004325,236.0,0.064,8.035,10.399999999999999,688.5,94.80000000000001,10.7
MD-53830050,0.015,1.62,1.6099999999999999,0.00775,0.0003175,189.5,0.051,7.975,10.8,527.0,89.55000000000001,9.7
MD-22240160,0.0475,8.1,8.055,0.032,0.001055,220.0,0.38,8.07,12.7,2459.5,95.75,10.2
AN-RSN0578,0.015,7.25,7.24,0.013999999999999999,0.00038250000000000003,270.0,0.0545,7.970000000000001,7.25,769.0,91.5,11.100000000000001
MD-65161080,0.173,6.52,6.39,0.13,0.00258,100.0,0.11,7.7,13.8,595.0,90.0,8.69
MD-46589020,0.015,6.305,6.279999999999999,0.0205,0.0004175,300.0,0.213,8.195,12.1,1351.5,93.69999999999999,10.5
SW-70570226,0.015,0.86,0.856,0.002,0.000145,23.0,0.005,7.64,10.1,92.0,100.5,11.2
SO-RSN2097,0.027,1.3,1.2815,0.00675,0.00034,140.0,0.0675,7.92,10.850000000000001,449.5,93.0,10.705
AN-BLY046,0.16,6.525,6.53,0.085,0.000895,260.0,0.48250000000000004,7.545,11.600000000000001,914.5,61.349999999999994,6.835
NE-RSN2052,0.07200000000000001,1.55,1.54,0.023,0.00089,255.0,0.11,7.66,11.2,969.0,69.4,8.5
SW-70630296,0.015,1.0,0.998,0.002,0.0001,13.0,0.01975,7.574999999999999,12.0,89.5,100.65,10.9
SW-SSN1288,0.042,3.0,2.99,0.0045,0.00014,45.0,0.013,7.16,13.2,212.0,95.9,9.89
TH-PLER0050,0.046,3.0,2.98,0.02445,0.000495,208.5,0.021500000000000002,7.73,12.9,643.0,86.30000000000001,9.24
SW-70420033,0.015,4.2,4.17,0.029,0.000475,110.0,0.181,8.1,13.4,387.0,99.0,10.6
SO-E0001735,0.068,3.7,3.63,0.026,0.00034,69.5,0.11,7.325,11.2,388.5,86.3,9.57
NW-RSN0095,0.0078,2.4,2.37,0.0034,0.00015,200.0,0.021,8.425,10.25,532.5,107.2,11.8
NW-88002076,0.015,0.6950000000000001,0.6910000000000001,0.002,0.00017250000000000002,23.0,0.0215,7.8100000000000005,9.95,107.0,100.0,11.3
NW-88003580,0.47,1.8,1.76,0.051,0.00434,223.0,0.26,7.74,8.9,570.0,80.0,9.11
TH-PUTR0070,0.096,2.2350000000000003,2.21,0.024,0.001775,262.0,0.1505,8.01,11.5,718.5,84.75,9.155000000000001
NW-88002671,0.24,1.31,1.3,0.01175,0.00048,301.5,0.008,7.055,9.95,1020.5,77.1,8.72
NW-RSN2087,0.079,0.15,0.1485,0.00165,6e-05,8.5,0.037,6.925,4.85,74.5,101.65,13.0
NW-SSN0034,0.00485,0.15,0.149,0.0005,4.5e-05,32.0,0.0052499999999999995,7.75,9.75,76.5,100.44999999999999,11.15
TH-RSN2026,0.015,20.0,20.0,0.002,0.00022,190.0,0.005,8.03,8.9,592.0,110.5,12.8
SW-50590907,0.035500000000000004,3.8499999999999996,3.825,0.0191,0.00034500000000000004,150.0,0.040999999999999995,7.72,11.45,503.0,92.2,10.2
SO-E0000406,0.0345,3.4,3.385,0.016,0.00028,57.0,0.21000000000000002,7.715,12.3,295.0,96.80000000000001,10.4
SW-RSN0810,0.011,7.0,6.96,0.019,0.00017,230.0,0.061,7.87,13.5,646.0,82.5,9.1
MD-55727900,0.18,1.6,1.57,0.033,0.00171,130.0,0.0575,7.625,10.7,445.0,91.3,10.1
AN-15M05,0.058499999999999996,9.17,9.1,0.05845,0.00099,242.0,0.20400000000000001,7.75,11.1,804.0,90.4,9.754999999999999
SW-50951049,0.0285,7.88,7.85,0.02575,0.0003725,190.0,0.2425,7.805,11.45,549.5,84.45,9.094999999999999
MD-44922100,0.038,9.5,9.43,0.0495,0.00048,238.0,0.199,7.94,11.8,2054.0,93.0,10.4
NW-88024185,6.35,1.0,1.0,0.002,0.00316,190.0,0.012,6.36,12.1,63410.0,61.0,4.76
NW-RSN0219,0.00975,0.24,0.238,0.0015,5e-05,,0.0022500000000000003,7.305,10.399999999999999,61.5,100.6,11.25
MD-RSN2084,0.0175,2.55,2.545,0.00555,0.000325,160.0,0.024,8.07,10.55,442.5,97.35,10.95
SW-Z6540102,0.015,6.02,6.01,0.0112,0.00027749999999999997,243.5,0.07050000000000001,7.96,10.45,642.0,92.1,10.45
SW-81121455,0.015,0.1,0.098,0.002,2e-05,5.5,0.005,6.945,11.2,51.0,94.9,10.5
AN-GIP130,0.073,7.3,7.27,0.07,0.00125,312.0,0.276,7.89,12.0,1202.0,76.5,8.1
MD-08023080,0.0245,2.5949999999999998,2.56,0.01225,0.0004225,221.5,0.1735,8.030000000000001,9.8,859.0,97.0,10.95
AN-CL0736,0.036,4.39,4.37,0.0263,0.00051,284.0,0.073,7.92,11.1,804.0,90.3,10.7
AN-DOV005,0.035,3.6,3.52,0.028499999999999998,0.000475,280.0,0.135,8.11,11.9,911.0,91.7,10.4
TH-POCR0021,0.0225,5.17,5.1,0.024,0.0004875,214.0,0.281,8.15,10.9,579.0,92.2,9.85
AN-BUR112,0.023,1.6600000000000001,1.6400000000000001,0.01545,0.0005525,216.5,0.033,7.9399999999999995,9.899999999999999,769.0,89.4,10.035
AN-DEB040,0.0435,3.1,3.075,0.024,0.00047,294.5,0.096,7.76,11.5,943.0,76.9,8.489999999999998
MD-45213020,0.084,7.8,7.73,0.052500000000000005,0.001605,200.0,,7.96,10.25,,93.0,10.399999999999999
NE-RSN0160,0.01035,13.0,13.0,0.007,9e-05,180.0,0.0155,7.62,9.6,591.0,98.9,10.95
TH-PKER0079,0.015,4.7,4.69,0.0095,0.00027,240.0,0.104,8.3,9.5,559.0,95.7,10.8
NW-88004537,0.015,0.325,0.3225,0.002,8.5e-05,21.0,0.005,7.6850000000000005,9.0,73.5,100.85,11.95
NE-RSN1896,0.0058,3.7,3.7,0.0015999999999999999,0.0001,160.0,0.006200000000000001,8.39,10.3,463.0,99.25,11.2
TH-RSN0178,0.015,6.800000000000001,6.79,0.013,0.0002975,220.0,0.19,8.035,10.3,597.0,92.05000000000001,10.649999999999999
NW-88006387,0.00255,0.1,0.098,0.0005,2e-05,6.0,0.0014,7.74,8.0,37.0,102.7,11.95
MD-SSN1496,0.0245,2.75,2.74,0.013000000000000001,0.000445,170.0,0.0795,8.24,10.6,385.0,100.0,11.1
NE-49500371,0.0445,3.05,3.0250000000000004,0.022449999999999998,0.000925,54.5,0.0305,7.785,11.3,431.0,99.6,11.45
SW-Z4170202,0.015,6.93,6.92,0.002,0.000225,243.0,0.018,7.87,11.2,632.0,99.9,11.0
SW-E7000900,0.015,3.7800000000000002,3.77,0.0111,0.00040249999999999997,268.5,0.064,8.25,11.95,597.0,98.80000000000001,10.7
NE-49400144,0.673,3.76,3.72,0.0402,0.00364,82.0,0.064,7.58,6.5,548.0,99.1,12.2
SO-RSN2301,0.015,1.35,1.35,0.002,5.75e-05,39.5,0.0115,7.2,10.8,177.0,90.4,9.71
SO-E0000701,0.015,1.025,1.0230000000000001,0.002,8.999999999999999e-05,70.5,0.013,7.525,9.8,300.0,92.55,10.35
AN-USLEASIN,0.015,9.25,8.34,0.017,0.00030000000000000003,280.0,0.0935,8.024999999999999,9.9,996.5,89.85,9.870000000000001
TH-PTAR0063,0.0295,11.45,11.4,0.037000000000000005,0.00044249999999999997,223.0,0.9005000000000001,7.99,10.2,840.5,87.35,9.43
MD-39826180,0.069,15.05,15.05,0.054599999999999996,0.0009699999999999999,100.0,0.792,8.11,11.4,840.0,96.2,10.8
SO-F0003395,0.015,6.7,6.695,0.0098,0.000315,240.0,0.027,8.07,11.4,609.0,94.55000000000001,10.3
NW-88003110,0.0935,1.81,1.8,0.01595,0.001145,182.0,0.033,7.87,9.649999999999999,849.5,100.9,11.45
NW-88000651,0.0345,7.85,7.800000000000001,0.036699999999999997,0.00065,235.0,0.192,8.11,9.45,795.0,92.80000000000001,10.75
NW-SSN0518,0.017499999999999998,2.4,2.395,0.0074,0.000265,82.0,0.042,7.74,15.4,249.0,100.7,10.55
NW-88002112,0.047,3.48,3.46,0.0129,0.000495,58.0,0.11800000000000001,7.86,9.95,299.0,100.05000000000001,11.6
MD-RSN0014,0.042,8.7,8.925,0.032,0.00076,235.0,0.0865,7.84,11.649999999999999,912.5,91.05,9.24
SO-RSN2233,0.033,5.6,5.575,0.03,0.0005475,230.0,0.0555,8.19,8.899999999999999,620.0,95.9,11.399999999999999
NW-88002642,0.183,2.08,2.0,0.0447,0.00278,160.0,0.058,7.89,10.6,683.0,92.6,10.5
SW-RSN0029,0.0125,3.6,3.59,0.0097,0.00027,230.0,0.0665,8.13,10.9,519.0,101.0,11.4
TH-PWER0024,0.033,8.4,8.35,0.021,0.00044,210.0,0.27,8.0,11.65,663.5,94.5,10.2
SO-SSN1291,0.027,2.5,2.49,0.015,0.00027,120.0,0.069,7.66,9.7,443.0,91.7,9.9
MD-RSN0231,0.015,2.2,2.2,0.002,0.00025,66.0,0.032,7.97,10.4,186.0,100.4,11.1
NW-88006261,0.0063,0.747,0.745,0.0022,0.00013,84.0,0.011,8.1,9.5,201.0,103.4,11.5
NE-49500846,12.899999999999999,8.2,7.68,0.67,0.08660000000000001,330.0,0.025500000000000002,7.7,9.05,1336.5,81.5,9.74
SW-E4332000,0.075,5.7,5.64,0.052,0.0014,270.0,0.21,8.1,11.7,702.0,90.1,9.65
AN-RSN1798,0.015,11.0,11.0,0.0235,0.000285,220.0,0.125,7.915,11.100000000000001,854.5,97.0,10.9
NW-88001961,0.2535,2.91,2.875,0.039599999999999996,0.00132,34.5,0.17149999999999999,7.49,11.75,222.0,95.0,10.399999999999999
NE-49301568,0.044,4.1,4.0600000000000005,0.0244,0.00037,43.0,0.17,7.75,9.75,348.5,96.35,11.0
NW-RSN0348,0.018,0.39,0.387,0.0028,0.00016,25.0,0.021,7.84,9.8,100.0,100.7,11.5
SW-E1006000,0.0505,5.4,5.32,0.03,0.000815,163.0,0.13,8.06,10.4,458.0,96.4,10.7
SO-RSN0713,0.059,20.0,20.0,0.028,0.00011,79.0,0.022,7.02,14.9,853.0,91.6,9.3
NW-RSN2056,0.0375,2.85,2.79,0.022,0.000545,62.0,0.044,7.9,10.9,290.0,101.2,11.25
NW-SSN1370,0.056999999999999995,1.25,1.24,0.017,0.0008550000000000001,104.0,0.0815,7.99,10.600000000000001,305.0,97.8,10.75
MD-28512680,0.015,10.2,10.2,0.0214,0.00031,234.0,0.232,7.91,9.7,690.0,93.9,10.2
MD-41296850,0.034,9.280000000000001,9.254999999999999,0.0252,0.00052,321.0,0.0865,8.059999999999999,9.95,2239.0,95.44999999999999,11.5
NW-88004588,0.01175,0.2475,0.245,0.002,0.0001025,15.5,0.005,7.695,9.45,69.0,101.7,11.75
TH-RSN0441,0.0225,8.2,8.185,0.019999999999999997,0.00038250000000000003,210.0,0.28500000000000003,8.155000000000001,9.7,630.5,98.55000000000001,10.850000000000001
SO-E0000596,0.043,5.7,5.67,0.022,0.0002,86.0,0.19,7.57,11.3,496.5,88.7,9.885
AN-MIN006,0.068,3.55,3.52,0.0301,0.00079,263.0,0.061,7.8,11.5,801.0,76.8,8.1
TH-PUTR0061,0.015,7.2,7.18,0.0098,0.000305,232.0,0.049,8.11,10.7,586.0,95.2,10.4
NW-88005186,0.015,2.72,2.71,0.002,0.00017,53.0,0.028,7.6,10.5,211.0,99.8,11.0
SW-RSN0499,0.135,4.2,4.17,0.037,0.00135,165.0,0.21000000000000002,7.7,10.05,536.0,91.0,10.600000000000001
NE-RSN0140,0.076,1.0,0.994,0.011,0.00048,85.0,0.057,7.555,9.2,385.5,93.69999999999999,10.55
AN-WEN260,0.034,5.98,5.96,0.02,0.00054,253.0,0.054,8.09,11.25,751.0,87.75,9.725
MD-23619030,1.22,27.8,27.4,0.255,0.0138,66.0,0.633,7.73,13.5,869.0,91.0,9.67
NE-RSN2184,0.018,6.35,6.305,0.019000000000000003,0.000315,165.0,0.0175,8.145,11.0,572.0,98.75,11.45
AN-SSN1289,0.0125,5.35,5.335000000000001,0.00855,0.000145,285.0,0.043,7.885,10.9,828.5,88.25,10.3
NE-49105178,0.466,5.09,4.77,0.079,0.00429,269.0,0.131,7.82,11.5,1019.0,81.6,10.3
SO-G0006970,0.064,1.8,1.78,0.0165,0.000565,180.0,0.0825,7.58,13.9,592.0,90.2,9.79
SW-70811815,0.015,6.25,6.24,0.0069,0.00035499999999999996,165.0,0.025,8.18,12.85,560.0,99.15,10.6
NE-49505170,0.022,9.1,9.1,0.0048,8e-05,73.0,0.012,7.4,6.5,534.0,90.2,11.2
SO-RSN0933,0.051500000000000004,8.65,8.605,0.056,0.0007199999999999999,150.0,0.49,7.88,12.0,628.0,92.85,9.98
SW-70812860,0.015,5.0,4.995,0.0069,0.000355,190.0,0.027,7.86,12.9,660.0,99.4,10.6
SW-Z7500104,0.0385,6.95,6.9350000000000005,0.0335,0.0006950000000000001,210.0,0.17,7.995,9.850000000000001,769.0,90.1,10.05
NW-88022812,0.015,0.18,,0.002,5e-06,2.5,0.005,5.605,12.7,28.4,100.5,10.83
MD-37644330,0.0955,10.5,10.43,0.06085,0.00132,220.0,0.975,7.7,12.6,1564.0,82.7,8.88
MD-RSN0342,0.0875,2.4,2.38,0.0235,0.0014650000000000002,250.0,0.0495,8.0,11.05,962.5,89.5,10.105
NE-49301069,0.043,5.4,5.755,0.0162,0.00057,235.5,0.115,7.97,10.6,789.0,92.0,11.45
AN-LUDO1,0.015,12.0,12.0,0.01315,0.00028,200.0,0.02,8.14,9.4,644.0,99.55,11.45
TH-PMLR0017,0.0545,1.53,1.5150000000000001,0.021400000000000002,0.000645,94.5,0.1045,7.779999999999999,12.65,424.0,79.35,8.745000000000001
SW-B3170501,0.015,2.935,2.9299999999999997,0.0073,0.0003325,233.5,0.015,8.11,10.9,603.0,99.4,11.1
NW-88005062,0.0028,0.25,0.249,0.0005,5e-06,5.0,0.0015999999999999999,6.71,11.15,32.0,99.85,11.05
NW-RSN2223,0.00285,0.0645,0.0635,0.0005,1.25e-05,28.0,0.0024000000000000002,7.645,8.100000000000001,67.5,101.0,11.95
SW-50951085,0.035,1.09,1.09,0.002,7e-05,24.0,0.005,7.12,11.8,208.0,85.2,9.45
MD-04196080,0.169,3.45,3.4,0.0415,0.00314,253.0,0.212,8.02,9.8,816.0,94.2,10.5
MD-50913110,0.234,12.1,,0.255,,98.0,1.87,7.54,13.1,554.0,79.3,8.71
NW-88002490,0.1585,9.870000000000001,9.82,0.05855,0.001885,117.0,0.475,7.78,10.350000000000001,614.5,87.44999999999999,9.58
AN-PIKEDRN,0.085,7.29,7.09,0.047,0.0008,139.0,0.097,7.69,11.5,696.0,88.1,9.44
NW-RSN1531,0.040499999999999994,2.2,2.13,0.01,0.00034,160.0,0.097,7.75,10.7,432.0,94.4,10.6
MD-43389500,0.015,4.665,4.609999999999999,0.0211,0.000295,299.5,0.0795,8.02,9.0,1669.5,90.55,11.399999999999999
NW-88006473,0.052500000000000005,0.84,0.8335,0.00855,0.000695,96.0,0.073,7.95,9.8,260.0,97.8,11.2
NW-88005171,0.0665,0.825,0.812,0.0091,0.000645,96.0,0.025,7.73,10.8,299.0,97.8,11.8
NW-88023157,0.061,0.84,0.836,0.0053,0.00052,41.0,0.035,7.9,5.9,228.0,109.9,13.1
SW-81310271,0.034,3.11,3.11,0.0045,0.00014,26.0,0.103,7.220000000000001,12.9,155.0,98.5,10.7
NW-88002254,0.015,0.48,0.476,0.002,0.000135,15.0,0.005,7.49,9.1,78.0,101.3,11.7
MD-22145580,0.25,6.04,5.97,0.0885,0.00429,308.0,0.2,7.92,11.7,1263.0,90.9,10.1
AN-ST0436,0.035,7.03,6.995,0.03375,0.0005325,209.5,0.0575,8.09,9.899999999999999,730.0,93.9,10.75
NW-88024181,0.015,0.67,0.666,0.002,0.00012,17.0,0.005,7.63,9.1,85.5,100.5,11.4
MD-58865085,0.031,2.685,2.675,0.012,0.00037,244.5,0.112,8.02,10.5,705.0,90.3,10.035
MD-23323700,0.091,3.525,3.48,0.029249999999999998,0.00147,260.0,0.051,7.91,11.7,1026.5,91.2,9.97
NW-88005220,0.825,1.5,1.465,0.066,0.011699999999999999,140.0,0.135,7.74,12.350000000000001,495.5,77.95,8.155000000000001
SW-82710165,0.015,2.7300000000000004,2.7300000000000004,0.0056500000000000005,0.000185,68.0,0.025,7.7,10.7,315.0,95.3,10.5
AN-44M24,0.015,9.7,9.63,0.0328,0.00035,271.0,0.049,7.95,10.2,787.0,91.0,9.76
MD-58471100,0.015,6.6,6.57,0.024,0.0003025,205.0,0.14,7.87,11.05,824.0,91.0,9.879999999999999
NE-49400738,0.015,0.975,0.969,0.0052499999999999995,0.00030750000000000005,211.5,0.025500000000000002,8.344999999999999,9.7,448.0,105.3,11.9
SW-60560160,0.015,1.68,1.68,0.002,0.00023,89.0,0.037,7.92,10.9,251.0,100.1,11.1
MD-28271842,0.142,7.57,7.53,0.06,0.00144,222.0,0.277,7.665,11.1,1217.0,82.8,9.05
NE-49500644,0.0675,2.15,2.14,0.0109,0.0014,49.5,0.07200000000000001,8.185,10.3,348.5,95.5,10.6
MD-RSN0996,0.0375,9.7,9.645,0.0265,0.00093,235.0,0.052,8.155000000000001,11.25,766.5,97.05000000000001,11.35
AN-MW5050,0.049,4.0,3.885,0.04,0.000405,210.0,0.565,7.9,10.05,1004.5,83.65,9.844999999999999
MD-46554030,0.173,5.8,5.7,0.057550000000000004,0.00319,296.5,0.45,8.14,10.8,1265.0,90.1,9.969999999999999
AN-29M03,0.034,9.15,9.12,0.0283,0.00052,248.0,0.354,8.05,12.5,837.5,94.4,9.84
SW-50030118,0.047,1.62,1.61,0.0156,0.00082,174.0,0.039,7.97,11.1,546.0,90.6,9.99
MD-07687380,0.13,6.02,5.96,0.0535,0.00184,240.0,0.31,7.93,10.2,798.0,87.6,9.83
NE-49302173,0.047,5.89,5.79,0.0351,0.00047,150.0,0.39,7.67,9.6,723.0,93.0,10.5
MD-RSN0038,0.2,9.5,9.41,0.0655,0.0025399999999999997,140.0,0.095,7.71,12.6,944.0,89.75,9.774999999999999
MD-67425900,0.035,3.4699999999999998,3.45,0.0195,0.000485,176.5,0.0475,7.955,8.95,519.5,95.5,11.25
MD-51707340,0.06,0.93,,0.002,,52.0,0.005,6.44,8.8,301.0,75.1,8.57
TH-PCNR0086,0.031,2.44,2.43,0.017,0.000515,212.0,0.584,8.28,12.100000000000001,1263.0,97.5,10.7
MD-RSN0202,0.015,2.8,2.79,0.0096,0.000305,170.0,0.16,8.3,11.4,459.0,100.7,11.2
SW-E4005100,0.081,4.98,4.92,0.062,0.00166,230.0,0.19,8.02,12.9,665.0,92.8,10.3
SW-91253216,0.05,1.1349999999999998,,0.002,,9.0,0.005,6.765000000000001,11.85,104.0,98.5,
NW-88003523,0.07200000000000001,2.9000000000000004,2.88,0.0395,0.001755,96.5,0.175,8.05,12.8,361.5,98.25,10.65
SW-RSN0106,0.016,5.2,5.2,0.0047,0.00019,230.0,0.026,7.93,9.6,555.0,92.2,10.1
SW-73111211,0.015,1.38,1.38,0.002,0.000245,37.0,0.0265,7.824999999999999,10.5,153.0,96.35,10.9
SW-81201480,0.032,1.24,1.24,0.004,7e-05,33.0,0.041,7.25,7.6,165.0,96.2,11.5
SO-E0000397,0.136,5.12,5.08,0.047,0.00121,79.0,0.22,7.68,12.6,419.5,92.3,9.975
TH-PLDR0032,0.094,7.3,7.26,0.031,0.00142,210.0,0.14,8.08,10.7,667.0,93.1,9.97
NE-49500363,0.061,2.0,1.96,0.0216,0.00097,210.0,0.051,8.19,10.6,842.0,94.5,10.9
TH-PLDR0124,0.059,15.4,14.8,0.0679,0.0012,182.0,0.629,7.83,12.600000000000001,911.0,77.1,7.73
NW-88000850,0.048,3.8,3.78,0.022,0.00104,180.0,0.14,8.04,10.8,642.0,88.4,9.77
SW-50330300,0.048,2.51,2.49,0.0211,0.00072,201.5,0.18,7.905,11.100000000000001,543.0,85.6,9.260000000000002
NW-RSN0312,0.049,8.5,8.41,0.034,0.00086,150.0,0.14,8.0,11.7,761.0,95.5,10.8
SO-RSN2093,0.034,0.525,0.515,0.00785,0.00014000000000000001,88.0,0.08399999999999999,7.234999999999999,9.35,268.0,69.55,8.29
MD-58595200,0.03,16.1,16.0,0.0276,0.00038,232.0,0.219,8.07,8.7,817.0,88.0,9.5
NE-49200296,0.1065,9.635,9.49,0.0755,0.001725,246.5,0.41000000000000003,7.785,10.85,821.5,86.95,9.850000000000001
AN-26M12,0.2195,22.5,22.45,0.047549999999999995,0.00255,134.0,0.12,7.595000000000001,12.5,966.5,95.45,9.525
MD-25827260,0.25,6.59,6.59,0.0297,0.00042500000000000003,266.0,0.333,8.25,9.8,760.0,96.2,10.6
TH-RSN1706,0.036000000000000004,4.9,4.805,0.0475,0.000445,245.0,0.135,7.915,10.4,834.0,81.0,8.085
TH-PCHR0042,0.0595,2.5,2.15,0.0155,0.000645,180.0,0.049,7.73,10.05,1122.5,76.44999999999999,8.54
SO-F0003063,0.04,0.87,0.865,0.0075,0.00026,71.0,0.048,7.64,11.850000000000001,305.0,81.4,9.015
SO-F0002958,0.055,1.77,1.76,0.0155,0.00061,42.0,0.131,7.71,10.5,222.0,87.45,10.184999999999999
SW-81940711,0.015,4.59,4.58,0.0058,9e-05,30.0,0.011,7.25,11.0,236.0,97.4,10.8
NW-88005597,0.0313,0.496,0.494,0.00156,5.9999999999999995e-05,16.0,0.0154,7.074999999999999,10.2,88.5,84.44999999999999,9.899999999999999
SW-E7001100,0.076,3.09,3.07,0.0281,0.00173,279.0,0.154,7.825,11.2,704.0,91.0,9.83
MD-SSN1433,0.056,2.7,2.68,0.022,0.0005549999999999999,230.0,0.014499999999999999,7.6850000000000005,10.850000000000001,1519.5,87.25,10.015
SW-81420261,0.015,5.84,5.83,0.0051,0.000165,53.0,0.062,7.65,11.7,290.0,99.2,10.8
SW-SSN0088,0.015,0.48,0.476,0.002,1e-05,9.0,0.005,6.390000000000001,11.35,92.5,95.9,10.4
MD-05350780,0.058,6.95,6.93,0.03105,0.000925,264.0,0.3,7.949999999999999,11.95,829.5,88.5,10.1
AN-MOORDRFE,0.095,2.1,,0.01,0.000355,,0.005,7.38,7.7,1470.5,66.5,7.53
AN-09M06,0.0665,4.9,4.86,0.0406,0.00093,170.0,0.075,7.93,9.5,834.0,88.1,9.76
MD-13612690,0.015,4.1,4.09,0.015,0.00039,140.0,0.039,8.2,11.0,392.0,99.1,11.05
AN-ANCOB,0.0815,5.2,5.18,0.0215,0.000605,210.0,0.005,7.6,12.75,1585.5,79.35,9.235
NE-49600486,0.015,7.915,7.915,0.0032,0.00025,155.0,0.005,8.475000000000001,8.9,449.5,101.6,11.5
NW-88000722,0.0725,7.51,7.465,0.0513,0.000995,132.5,0.20400000000000001,7.93,10.25,538.0,95.05,10.5
NE-RSN0244,0.023,0.65,0.644,0.0051,0.00014,25.0,0.024,7.71,9.0,151.0,101.1,11.7
SO-RSN1805,0.023,4.25,4.225,0.0125,0.000445,210.0,0.026,8.09,12.3,564.0,95.15,10.3
SW-81522326,0.015,1.1,1.1,0.002,4e-05,8.0,0.0066,7.1,10.8,92.0,100.3,10.9
MD-41296320,0.015,8.3,8.265,0.020999999999999998,0.00035,315.0,0.12,8.094999999999999,10.75,,96.25,11.15
MD-39325070,0.015,15.0,15.0,0.0218,0.00033,300.0,0.0655,8.01,11.0,,97.4,10.8
SO-F0002811,0.051,2.1,2.08,0.016,0.00042,44.0,0.073,7.61,10.6,251.0,82.1,9.45
NW-88002844,0.1335,1.21,1.18,0.0286,0.0012850000000000001,178.5,0.188,7.67,12.1,738.5,73.44999999999999,8.055
NW-RSN0492,0.021,1.4,1.4,0.00295,0.00014,34.0,0.047,7.63,9.9,119.5,99.15,11.2
NE-49100409,0.133,7.92,7.75,0.065,0.00149,230.0,0.02,7.74,10.1,1165.0,79.2,9.23
SW-Z1150102,0.015,5.78,5.76,0.0156,0.00031999999999999997,292.5,0.269,8.0,11.0,705.0,98.75,11.65
AN-WD0275,0.069,3.965,3.9299999999999997,0.0426,0.000925,178.0,0.368,7.78,12.15,927.5,79.30000000000001,8.145
TH-PHMR0010,0.086,19.7,19.7,0.054,0.001235,140.0,0.61,7.585,16.9,972.5,89.7,8.49
NE-49301400,0.179,5.835,5.79,0.05155,0.0017300000000000002,202.5,0.3425,8.05,10.45,1433.0,94.95,10.3
SO-RSN1569,0.015,2.1,2.1,0.002,0.000265,260.0,0.064,8.04,10.2,630.0,94.4,10.5
MD-47467140,0.044,1.76,1.75,0.0096,0.00085,159.0,0.061,8.3,11.4,540.0,92.0,10.2
AN-NORTHBKD,0.13,9.85,9.735,0.054,0.00135,230.0,0.17,7.94,11.0,1210.0,91.9,10.3
AN-RSN2160,0.12,4.3,4.25,0.0465,0.00156,235.0,0.005,7.88,14.3,978.5,94.55,10.899999999999999
SW-81931005,0.015,3.4,3.3200000000000003,0.002,4e-05,17.0,0.005,7.109999999999999,11.7,192.0,98.6,10.7
NW-88006210,0.015,0.2595,0.256,0.001915,7.500000000000001e-05,13.0,0.0201,7.86,8.0,56.0,101.6,12.1
MD-44284750,0.015,4.0,3.97,0.0146,0.00032,250.0,0.11,8.17,9.8,994.0,94.5,10.2
AN-COWBANK,1.3,0.61,0.551,0.0364,0.0166,380.0,0.207,7.63,12.8,1494.0,54.0,6.28
SW-50240529,0.087,7.325,7.295,0.029400000000000003,0.00147,198.5,0.1115,8.02,10.4,632.0,97.9,10.6
MD-RSN2110,0.051,3.3,3.28,0.018,0.00072,250.0,0.17,7.86,10.2,822.0,88.7,10.4
MD-59017780,0.45,3.9,3.69,0.125,0.00601,287.0,0.1785,7.8,11.3,1191.0,78.0,8.31
NW-RSN0604,0.004,0.05,0.049,0.0005,5e-06,,0.0052499999999999995,7.029999999999999,9.0,45.5,99.5,11.5
NW-RSN0139,0.0036,0.34,0.339,0.001,4e-05,21.5,0.0021,7.8,11.2,79.0,101.9,11.25
NE-RSN2156,0.0028,0.11,0.109,0.0005,1e-05,8.0,0.003,7.19,8.5,60.0,103.7,12.0
TH-POCR0034,0.0775,4.57,4.55,0.0392,0.00367,277.0,0.3065,8.09,10.2,810.0,75.5,7.41
SW-Z1010450,0.147,6.495,6.4350000000000005,0.055900000000000005,0.00331,223.5,0.158,8.09,11.95,682.5,93.75,10.1
SW-SSN1376,0.015,8.2,8.19,0.0077,4e-05,68.0,0.086,7.06,12.6,310.0,92.9,9.75
NW-88025757,0.172,2.45,2.435,0.01555,0.000455,114.0,0.05399999999999999,7.3,5.4,333.5,84.75,10.7
NE-49800255,0.015,1.1,,0.002,,180.0,0.005,7.895,13.05,440.5,80.7,
SW-70522906,0.034,4.32,4.3,0.0175,0.00044,203.0,0.217,7.89,10.8,688.0,90.7,9.63
NW-88003942,0.0056,0.12,0.119,0.0005,8e-05,25.0,0.0049,8.01,9.7,84.0,102.6,12.3
AN-37M02,0.015,11.0,11.0,0.015050000000000001,0.00027249999999999996,280.0,0.0565,8.18,9.25,791.5,98.25,11.2
MD-RSN1002,0.023,9.15,9.120000000000001,0.0285,0.00040249999999999997,230.0,0.125,7.949999999999999,10.55,884.0,93.0,10.399999999999999
SW-73062946,0.015,1.1,1.1,0.002,0.00016,38.0,0.022,7.58,12.7,143.0,99.5,10.5
SW-82528047,0.015,2.08,2.08,0.002,8e-05,19.0,0.013,7.43,10.8,135.0,100.5,11.0
SO-E0001607,0.065,4.98,4.945,0.0333,0.00054,55.0,0.064,7.59,12.649999999999999,453.0,92.8,9.76
NE-49301472,0.053,3.63,3.62,0.0159,0.00065,174.0,0.028,7.89,10.7,833.0,90.7,11.1
SO-Y0004526,0.015,6.3,6.289999999999999,0.007299999999999999,0.000345,165.0,0.057499999999999996,8.11,12.95,582.0,95.1,9.77
TH-PMLR0324,0.015,7.4,7.33,0.0096,0.00025,130.0,0.26,7.56,13.5,536.0,85.0,8.86
SW-82220433,0.015,4.7,4.7,0.002,4.25e-05,18.5,0.005,6.97,12.5,262.0,98.0,10.5
MD-C0000107,0.041999999999999996,8.635,8.6,0.03795,0.00048249999999999996,296.5,0.2105,7.949999999999999,10.05,1090.5,98.4,10.6
TH-PKER0009,0.015,5.44,5.43,0.0081,0.000235,250.0,0.037,7.92,10.4,585.0,97.3,10.7
NW-88005832,0.055,5.9,5.875,0.0322,0.000305,99.0,0.062,7.53,10.6,411.0,94.5,11.1
MD-67429600,0.036,3.6500000000000004,3.58,0.016,,,0.049,7.67,10.6,,95.5,11.1
TH-PWER0004,0.053,1.81,1.79,0.015,0.000365,87.0,0.079,7.6,12.0,365.0,83.6,9.195
NE-49200291,0.325,8.7,8.64,0.0886,0.00452,260.0,0.416,7.83,10.3,1009.0,83.4,10.0
TH-PTHR0221,0.20500000000000002,18.0,17.75,0.19,0.00434,200.0,2.63,7.8,12.1,904.5,80.85,8.579999999999998
AN-HALTBECK,0.015,9.6,9.58,0.018,0.000305,230.0,0.015,8.18,11.3,683.0,101.0,11.5
NE-49600147,0.044,4.79,4.77,0.0241,0.00082,176.0,0.032,8.07,7.8,566.0,97.3,11.3
NE-49905179,0.015,1.38,,0.002,,82.0,0.0085,7.95,7.4,218.2,89.1,
TH-PEVR0018,0.015,6.845,6.82,0.014,0.0003175,246.0,0.032,7.98,11.75,645.0,89.75,10.05
SW-72930877,0.038,0.95,0.941,0.006,0.000175,26.0,0.034,7.4,11.45,152.5,95.4,10.4
MD-51170050,0.036,2.7,2.69,0.0064,0.00018,173.0,0.018,7.46,9.7,850.5,92.7,10.6
TH-PTHR0080,0.015,6.67,6.65,0.019,0.000545,219.0,0.142,8.13,12.899999999999999,662.0,95.6,10.1
MD-38643380,0.0325,15.15,15.15,0.0334,0.000595,150.5,0.295,7.905,10.85,957.0,91.8,10.315000000000001
SW-81940830,0.015,4.8,4.8,0.002,0.000135,43.0,0.017,7.5649999999999995,11.9,273.0,98.85,10.7
MD-08805080,0.015,5.84,5.83,0.0148,0.00037,266.0,0.177,8.12,10.2,708.0,91.9,10.0
TH-PCHR0052,0.035,8.745000000000001,8.715,0.0284,0.00042,188.0,0.21,7.87,11.649999999999999,717.5,80.8,8.5
SW-E4320500,0.058,4.29,4.26,0.029,0.00045,243.0,0.125,7.76,9.2,714.0,79.2,8.9
SO-RSN1821,0.0235,0.99,0.982,0.002,7.75e-05,55.5,0.0555,7.13,10.0,262.0,87.9,9.844999999999999
SW-RSN0355,0.035,1.65,1.645,0.005050000000000001,8.5e-05,28.0,0.0125,7.16,11.649999999999999,179.0,96.2,10.45
SW-Z1011701,0.087,6.7,6.67,0.050699999999999995,0.00167,230.0,0.135,8.02,12.05,699.0,89.75,9.525
SW-Z9390221,0.015,3.57,3.57,0.002,0.000355,313.0,0.066,8.15,13.5,912.0,97.1,10.1
MD-04802820,0.064,3.875,3.83,0.0379,0.001365,198.0,0.1555,7.975,13.1,779.5,86.1,9.145
SO-E0000986,0.015,1.4,1.4,0.0044,0.000145,68.0,0.022,7.62,11.2,306.0,91.1,10.0
AN-BAING,0.015,11.1,11.1,0.023,0.000295,220.0,0.014,7.83,10.4,640.0,84.25,9.34
SW-E2241100,0.015,5.04,5.03,0.0084,0.00024,87.0,0.055,7.87,10.25,307.0,96.35,10.9
SW-73060254,0.015,1.9,1.9,0.002,0.00015999999999999999,25.0,0.033,7.47,11.2,110.0,100.5,11.0
SO-E0000934,0.049,11.6,11.6,0.0429,0.00068,46.0,0.443,7.8,13.7,495.0,89.7,9.28
TH-PTHR0128,0.0755,8.5,8.46,0.0475,0.001365,137.0,0.21450000000000002,7.9,13.45,830.5,89.80000000000001,9.215
MD-44206090,0.1775,5.824999999999999,5.63,0.1075,0.00401,366.0,0.092,8.18,10.95,,88.19999999999999,9.844999999999999
NE-49300114,0.087,5.0,4.97,0.0322,0.00152,259.0,0.023,8.09,10.5,1644.0,100.4,11.2
NW-88009756,0.11,2.7,2.66,0.038,0.00133,180.0,0.099,7.76,10.600000000000001,605.0,93.8,10.350000000000001
SO-RSN0473,0.015,12.0,12.0,0.014499999999999999,0.0001325,250.0,0.036000000000000004,7.58,11.25,805.5,83.6,9.6
AN-26M14,0.185,23.049999999999997,22.65,0.121,0.001475,128.5,0.19,7.67,12.3,1025.0,85.19999999999999,9.235
MD-RSN0498,0.082,9.5,9.48,0.024,0.00052,160.0,0.27,7.81,7.7,511.0,98.7,11.8
TH-PKER0053,0.015,6.09,6.08,0.0095,0.000285,243.0,0.0445,8.14,10.100000000000001,600.5,94.65,10.1
SW-RSN0877,0.015,12.5,12.5,0.0057,0.00017500000000000003,235.0,0.0755,7.74,10.05,630.0,98.4,11.05
MD-28208180,0.11099999999999999,7.09,7.0600000000000005,0.04735,0.001205,215.5,0.146,7.77,10.75,1023.0,84.55,9.39
NW-88000747,0.0695,1.71,1.68,0.022949999999999998,0.0012499999999999998,161.5,0.061149999999999996,8.155000000000001,11.5,465.0,96.85,10.95
SW-70531093,0.109,5.4,5.34,0.0599,0.00195,120.0,0.16,7.81,9.9,403.0,94.2,10.7
MD-50936250,0.06,4.52,4.49,0.035,0.00048,207.0,1.23,7.66,10.4,831.5,87.6,9.64
AN-STANLODG,0.015,3.18,3.15,0.0136,0.0003775,277.0,0.0465,8.05,10.7,938.0,95.7,10.3
SW-72910447,0.17,2.7,2.65,0.037,0.00153,80.0,0.02,7.6,11.8,332.0,95.0,9.95
NW-88023736,0.015,0.65,0.644,0.002,0.000225,60.0,0.05,7.77,11.2,208.0,98.4,11.0
MD-60867650,0.015,7.475,7.465,0.01215,0.00017500000000000003,107.0,0.061,7.8,10.1,649.0,88.8,9.99
AN-35M25,0.055,20.0,19.5,0.14,0.0006000000000000001,220.0,0.46,7.55,12.65,1031.5,48.599999999999994,5.699999999999999
SO-E0004588,0.10400000000000001,1.4500000000000002,1.395,0.0405,0.00119,280.0,0.025,7.6850000000000005,10.0,1289.5,60.55,6.9
SW-60121007,0.103,2.605,2.5949999999999998,0.0221,0.001095,238.5,0.199,7.895,11.0,777.5,84.9,10.04
MD-RSN1814,0.0235,4.7,4.66,0.023,0.00044249999999999997,215.0,0.13,8.105,10.65,857.0,91.95,10.45
AN-GLV005,0.034,7.31,,,0.00055,,0.058,7.94,10.5,739.0,89.6,10.0
NW-88003854,0.095,3.25,3.21,0.0395,0.00181,185.0,0.529,8.01,10.6,644.0,94.5,10.5
SW-Z8490124,0.015,3.45,3.43,0.0129,0.000305,273.0,0.12,7.93,9.8,682.0,91.8,10.5
NE-49000682,0.015,0.1,,0.002,,2.5,0.005,4.715,7.25,82.0,102.4,
NW-88004940,0.015,0.26,0.256,0.002,2.25e-05,2.5,0.005,6.984999999999999,6.6,31.5,100.4,12.350000000000001
AN-NKELSEGS,0.0485,7.8,7.66,0.051500000000000004,0.00083,220.0,0.14,8.114999999999998,9.7,789.0,94.7,10.95
TH-PMLR0012,0.0765,24.5,24.5,0.0485,0.00031499999999999996,62.0,0.20500000000000002,7.125,15.05,727.0,89.7,8.405
SW-70571010,0.036,1.77,1.755,0.01435,0.00039000000000000005,21.5,0.0232,7.8,9.45,116.0,100.95,11.55
SW-60260020,0.0161,1.81,1.805,0.004205,0.00030000000000000003,212.5,0.0308,8.175,9.65,491.5,98.19999999999999,10.95
SW-RSN2190,0.015,5.35,5.325,0.02,0.000445,265.0,0.14500000000000002,8.045,10.6,706.5,94.1,10.350000000000001
AN-MEDB080B,0.043,4.3,4.29,0.012,0.000575,250.0,0.09,8.155,5.85,739.5,98.45,12.2
SW-70633503,0.015,0.47,0.466,0.002,0.00014,62.0,0.016,7.6,12.0,248.0,90.0,9.38
MD-SSN0040,0.03,3.3499999999999996,3.34,0.009899999999999999,0.000295,200.0,0.0665,7.69,10.25,487.0,93.0,10.49
TH-PLDR0017,0.15,9.46,9.27,0.14,0.00083,90.0,0.1185,7.38,12.5,626.0,64.1,6.48
SW-82010347,0.015,10.649999999999999,10.649999999999999,0.0041,6.5e-05,35.0,0.026,7.22,12.6,404.5,96.19999999999999,10.1
SW-RSN1507,0.014,3.6500000000000004,3.6399999999999997,0.0061,0.00011999999999999999,41.0,0.03,7.595,11.8,203.0,98.3,10.8
NW-RSN0847,0.023,2.3,2.285,0.0074,0.00037,114.0,0.0885,8.02,9.8,315.0,98.94999999999999,11.3
AN-06M14,0.043,6.585,6.525,0.0413,0.0007,215.0,0.2,8.0,10.45,740.0,94.1,11.05
SW-70720104,0.015,0.86,0.851,0.002,0.00013,29.5,0.013,7.6,10.7,111.0,94.4,10.4
NW-88002083,0.015,0.83,0.826,0.0056,0.00031,70.0,0.046,8.04,10.6,272.0,100.8,11.4
NW-88000825,0.064,5.35,5.31,0.0521,0.00118,176.0,0.126,7.97,11.3,556.0,89.7,9.76
AN-CA02,0.015,7.0,6.97,0.03,0.000345,190.0,0.42,7.91,12.7,815.0,88.0,9.94
MD-72771630,0.127,6.0,5.97,0.0569,0.00158,183.0,0.159,7.8,11.4,1130.0,84.0,9.23
NW-88002549,0.015,1.75,1.8,0.0045,0.00032,82.0,0.014,8.075,10.05,297.5,100.55,11.350000000000001
SW-Z8480103,0.057,7.279999999999999,7.234999999999999,0.0394,0.00103,240.0,0.15,8.17,11.25,693.0,99.0,11.1
NE-49500035,0.015,1.8,1.88,0.005549999999999999,0.00027,43.5,0.025,7.824999999999999,10.15,338.0,98.65,11.4
MD-43902300,0.042,10.0,9.95,0.0418,0.00078,188.0,0.689,8.06,9.3,1030.0,94.4,10.4
MD-51546420,0.015,2.4850000000000003,2.4800000000000004,0.002,0.000275,46.0,0.0175,7.86,10.8,,99.8,11.1
MD-79440460,0.015,0.79,0.786,0.0061,0.000345,159.0,0.035,8.06,10.2,603.0,92.6,10.4
MD-59394920,0.086,14.0,14.0,0.082,0.00114,128.0,0.35,7.68,12.2,876.0,78.0,8.11
AN-WAV023,0.14500000000000002,5.1,5.025,0.0645,0.003295,310.0,0.74,7.99,14.95,980.0,80.19999999999999,8.17
NE-49301618,0.057,2.59,2.565,0.0189,0.00065,41.0,0.132,7.78,9.2,330.5,96.5,10.899999999999999
NW-RSN1004,0.10500000000000001,2.7,2.66,0.023,0.00038500000000000003,270.0,0.045,7.39,12.2,567.0,68.9,8.0
TH-PTAR0043,0.015,9.149999999999999,9.125,0.03125,0.0002225,240.0,0.25,7.9,8.45,861.5,76.25,9.525
SO-RSN1761,0.08,0.81,0.7869999999999999,0.013000000000000001,0.000535,66.0,0.01005,7.699999999999999,11.1,299.0,88.5,9.54
AN-GIP005,0.048,4.4,4.37,0.044,0.00064,290.0,0.067,7.76,12.5,921.5,73.4,7.63
SW-RSN1963,0.015,5.05,5.01,0.0125,0.00031749999999999997,95.5,0.137,7.92,11.149999999999999,333.0,94.65,10.07
MD-43902780,0.058,9.8,9.77,0.035,0.0009,180.0,0.36,7.93,10.9,930.0,93.1,10.2
MD-26492160,0.066,4.404999999999999,4.369999999999999,0.0325,0.000895,95.5,0.153,7.859999999999999,10.55,355.5,90.5,10.01
NW-88002075,0.689,1.57,1.54,0.0688,0.00302,208.0,0.102,7.33,8.8,704.0,54.0,5.84
SO-G0006938,0.102,1.79,1.815,0.03165,0.1,,0.104,7.79,12.0,539.0,64.2,10.2
NE-49700055,0.015,4.82,4.81,0.0148,0.00039499999999999995,166.0,0.0345,8.17,9.7,611.0,98.4,10.95
NE-49100526,0.955,7.46,7.07,0.187,0.0123,270.5,1.14,7.75,10.7,1381.5,79.2,8.760000000000002
AN-DOV040,0.05,7.915,7.885,0.036199999999999996,0.000785,320.5,0.3335,7.8149999999999995,9.399999999999999,1015.5,88.30000000000001,10.2
MD-SSN0111,0.0225,4.9,4.885,0.019000000000000003,0.0004225,275.0,0.0955,8.08,11.3,630.0,92.35,9.815000000000001
NW-RSN0331,0.0063999999999999994,0.52,0.518,0.0025,3e-05,11.5,0.00425,7.305,9.7,60.5,100.2,11.649999999999999
MD-67420660,0.039,3.285,3.255,0.02,0.00067,180.0,0.08,8.08,11.3,564.0,93.7,10.5
NW-RSN2287,0.00725,1.045,1.0430000000000001,0.0024000000000000002,5.9999999999999995e-05,45.5,0.0072499999999999995,7.58,11.55,141.0,99.75,10.8
AN-04M18,0.015,1.25,1.245,0.0071,0.00034,240.0,0.0745,7.99,11.350000000000001,707.5,94.19999999999999,10.5
MD-28433600,0.0985,4.05,4.0,0.04735,0.00093,174.0,0.18,7.695,13.75,606.5,60.599999999999994,6.51
MD-57022560,0.015,1.5950000000000002,1.585,0.00885,0.0003725,181.5,0.045,8.24,11.4,454.5,97.9,10.7
AN-DEB022,0.052,3.62,3.6,0.0259,0.0006,290.0,0.073,7.91,8.9,870.0,81.4,8.73
NE-49200302,0.058499999999999996,5.51,5.36,0.034,0.00081,231.0,0.0225,7.74,12.5,652.0,88.5,9.754999999999999
NE-RSN2152,0.17300000000000001,3.2,3.1799999999999997,0.0325,0.000995,300.0,0.17,7.8100000000000005,10.15,928.0,80.15,9.375
SW-81020105,0.015,1.955,1.95,0.0041,0.000195,54.0,0.047,7.71,11.149999999999999,201.0,98.6,10.6
NE-41000088,0.0091,1.37,1.36,0.00355,8.750000000000001e-05,51.5,0.017,7.93,8.6,169.5,98.6,11.8
NE-49301060,0.015,10.6,10.6,0.023,0.00039,269.0,0.085,8.2,11.6,965.0,98.2,11.2
AN-ST0862,0.015,7.2,7.18,0.0175,0.0003525,265.0,0.195,8.02,12.2,911.0,89.30000000000001,9.68
SW-RSN0510,0.001,0.013999999999999999,0.013000000000000001,0.0005,5e-06,,0.0005,6.26,12.4,38.0,104.3,11.25
SW-60031870,0.075,3.76,3.75,0.0485,0.00123,288.0,0.308,8.2,10.5,750.0,93.7,10.5
SW-82521240,0.015,3.9450000000000003,,0.002,,31.5,0.005,7.43,13.6,217.0,98.0,
MD-20349700,0.0137,3.825,3.81,0.008805,0.00015,99.5,0.0345,7.845,11.149999999999999,312.0,94.6,10.5
NE-RSN1160,0.019,1.8,1.8,0.0027,0.0002,97.0,0.0046,7.9,8.8,290.0,99.2,11.4
AN-12M12,0.048,2.66,2.615,0.0352,0.00112,126.5,0.0545,8.28,12.8,936.0,97.7,10.6
MD-07708180,0.039,5.56,5.54,0.026,0.00061,244.0,0.16,8.1,9.7,818.0,91.30000000000001,10.5
SW-RSN1125,0.0615,3.25,3.225,0.026000000000000002,0.00136,300.0,0.12,8.1,11.0,665.0,90.85,10.05
NE-49400433,0.156,3.365,3.325,0.0503,0.0023899999999999998,128.5,0.372,7.97,10.3,611.0,93.4,10.8
AN-NENE420L,0.067,9.7,9.615,0.063,0.00133,181.0,0.1805,7.99,12.2,877.5,93.85,10.350000000000001
SW-RSN1061,0.015,4.2,4.19,0.0077,0.00039,270.0,0.065,8.19,11.2,589.0,100.3,11.0
AN-48M45,0.062,7.625,7.69,0.043,0.000965,280.0,0.163,8.02,8.8,748.5,87.4,9.74
SW-E2031000,0.0775,7.415,7.380000000000001,0.05025,0.001715,178.5,0.35850000000000004,8.17,11.3,597.5,99.85,10.649999999999999
AN-RSN0932,0.015,19.0,18.8,0.053,0.00032,270.0,0.14,7.99,10.5,1008.0,87.5,11.0
AN-CTWEASTK,0.0445,11.0,10.9,0.073,0.00059,230.0,0.08,7.94,10.2,758.0,80.7,9.66
MD-46257100,0.283,9.219999999999999,9.155000000000001,0.1555,0.0032900000000000004,190.0,0.273,7.72,12.1,968.0,83.8,9.04
TH-RSN2138,0.015,4.699999999999999,4.675,0.0125,0.0002575,195.0,0.175,7.91,10.5,619.0,91.05,10.365
NW-88024602,0.015,1.8,1.8,0.0045,0.00011,230.0,0.031,7.48,10.2,519.0,70.7,7.98
NW-88002180,0.0445,0.885,0.87,0.010499999999999999,0.0005200000000000001,88.5,0.031,7.76,9.95,338.5,97.9,11.3
TH-PCNR0191,0.015,4.31,4.3,0.012,0.00028,250.0,0.04,7.76,11.1,615.0,90.5,9.74
SW-E7001300,0.063,3.02,3.0,0.03,0.00096,264.5,0.14,7.86,12.0,661.0,86.2,9.04
SW-50220136,0.015,5.84,5.83,0.012,0.0003,210.0,0.096,8.11,10.9,540.0,98.1,10.75
NE-RSN1720,0.0036,0.045,0.044,0.0005,3e-05,56.0,0.012,7.54,9.8,149.0,102.5,11.7
SW-50211468,0.015,7.08,7.0600000000000005,0.011,0.0002825,240.0,0.175,7.95,10.75,626.0,94.1,10.5
AN-RIPRUNDK,0.04,5.68,6.86,0.0315,0.000475,260.0,0.098,7.94,11.3,943.5,94.75,10.6
MD-50039700,0.14,7.0,6.93,0.05,0.0018,270.0,0.25,7.98,10.0,720.0,88.5,10.0
NW-RSN1767,0.005849999999999999,0.25,0.248,0.0010500000000000002,9e-05,155.0,0.0021,8.36,9.05,320.0,105.1,12.0
TH-PWRR0020,0.015,7.11,7.1,0.0053,0.00029,180.0,0.005,8.18,11.100000000000001,503.0,98.1,11.3
NW-88003499,0.015,0.645,0.6375,0.002,0.00021,77.5,0.0455,7.984999999999999,9.3,286.5,98.80000000000001,11.75
NW-88003442,0.015,1.0,0.994,0.0079,0.000375,130.0,0.0505,8.25,9.7,373.0,99.9,11.7
SW-Z7500101,0.14,1.9,1.89,0.02,0.002065,270.0,0.19,8.05,10.7,676.0,89.5,10.05
MD-RSN0916,0.055,10.5,10.485,0.051000000000000004,0.000705,205.0,0.26,8.01,11.9,1012.0,86.2,8.940000000000001
NW-88006369,0.015,1.9,1.89,0.0126,0.00040249999999999997,194.0,0.0455,8.274999999999999,8.1,433.5,106.7,12.6
SW-82310186,0.032,2.77,,0.002,,11.0,0.005,6.6,13.3,165.0,88.7,
AN-BUR134,0.015,5.82,5.805,0.01685,0.00013,238.5,0.018000000000000002,7.625,8.95,851.0,77.0,8.55
NE-49600475,0.015,8.59,8.585,0.013999999999999999,0.000335,200.0,0.11499999999999999,8.195,10.149999999999999,674.0,97.3,10.8
NW-88023696,0.003,0.262,0.261,0.0005,4e-05,31.0,0.0049,7.77,9.2,88.0,102.0,11.5
NW-88004974,0.015,0.64,0.635,0.002,0.00024,28.0,0.01,7.77,12.7,109.0,102.2,10.7
SO-E0000523,0.0345,6.65,6.625,0.0292,0.000495,264.5,0.0555,8.19,12.5,762.5,94.85,10.149999999999999
SW-50590127,0.015,5.665,5.65,0.017,0.0003675,204.0,0.046,8.14,11.5,536.0,96.9,10.6
AN-WAV150,0.047,3.05,3.07,0.019200000000000002,0.000665,286.5,0.095,8.01,13.9,947.0,81.2,8.57
SW-70630275,0.015,0.47,0.466,0.002,4.5e-05,8.0,0.005,7.16,10.55,66.5,100.19999999999999,11.2
MD-RSN2284,0.036000000000000004,11.5,11.5,0.032,0.000645,280.0,0.11499999999999999,8.24,10.9,1095.5,99.15,10.95
NE-49105194,0.015,0.43,0.426,0.002,0.00024,110.0,0.005,8.34,8.5,243.0,98.3,11.5
SW-RSN1142,0.0056500000000000005,1.15,1.15,0.0015500000000000002,7.999999999999999e-05,40.0,0.0165,7.8,12.1,137.5,100.0,10.7
SW-82311932,0.015,3.5,3.295,0.0041,0.0001175,45.0,0.005,7.49,11.7,301.0,97.4,10.4
AN-BLY030,0.068,7.18,7.07,0.0547,0.00076,256.0,0.412,7.62,10.7,997.0,73.5,8.09
NW-88003420,0.016,0.655,0.6525000000000001,0.0026,0.0002625,116.0,0.016,8.094999999999999,9.75,247.0,98.9,11.35
MD-51974020,0.015,4.5,4.5,0.002,0.00023500000000000002,242.0,0.005,8.08,9.6,555.5,98.30000000000001,11.2
SW-73210805,0.0036,0.268,0.267,0.0005,5e-05,20.0,0.0046,7.8,8.2,81.0,102.1,12.0
SW-91241119,0.015,2.8,2.8,0.002,0.000235,51.0,0.021,7.85,11.8,354.5,99.6,10.8
AN-RSN1793,0.055,1.8,1.79,0.035,0.00106,280.0,0.0063,8.0,11.9,1533.0,101.4,11.0
NW-88024647,0.046,1.8,1.79,0.015,0.0006850000000000001,220.0,0.03,8.01,9.3,460.0,98.7,11.4
MD-RSN2014,0.015,3.8,3.79,0.012,0.00026,300.0,0.17,8.025,11.3,1099.5,96.0,10.35
MD-27300202,0.32,11.0,10.8,0.11,0.00308,150.0,0.26,7.62,15.3,1066.0,72.80000000000001,7.275
NW-88002580,0.056,0.33,0.312,0.0113,0.00053,141.0,0.094,7.8,10.7,446.0,88.9,9.31
NW-88001915,0.184,1.33,1.31,0.0252,0.00285,150.0,0.169,8.19,7.9,450.0,99.1,12.1
AN-HONINGTN,0.063,10.6,10.6,0.0696,0.000905,188.0,0.72,7.91,10.85,835.5,94.45,10.25
AN-STLODET2,0.0385,4.3999999999999995,4.364,0.018000000000000002,0.00043000000000000004,250.0,0.0385,7.675000000000001,13.25,998.0,67.0,7.055
AN-HK0909,0.015,9.46,9.43,0.029,0.000255,221.0,0.053,7.76,11.1,782.0,85.8,9.55
SW-72811040,0.039,4.95,4.9350000000000005,0.015,0.000245,39.0,0.041999999999999996,7.6,10.8,232.0,98.2,11.0
MD-25827980,0.54,6.5,6.46,0.0524,0.004225,260.0,0.36,8.17,9.8,785.0,91.5,10.3
NW-RSN0812,0.026,1.3,1.29,0.0055,0.00047,140.0,0.033,8.09,10.7,350.0,99.8,11.2
NW-88022192,0.1025,3.58,3.51,0.036000000000000004,0.00112,72.0,0.0925,7.69,10.4,353.0,97.8,10.8
SW-RSN0551,0.0045000000000000005,1.4,1.4,0.0014,4e-05,21.5,0.018,7.465,10.2,107.5,101.35,11.1
AN-GEAU2,0.0345,7.76,7.71,0.044950000000000004,0.0006,228.5,0.027,8.065000000000001,11.35,707.5,96.4,11.45
MD-02942160,0.015,5.9,5.88,0.018,0.000405,310.0,0.15,8.04,11.3,1079.0,90.0,9.72
SO-E0000719,0.015,10.0,9.99,0.012,0.000145,55.5,1.3,7.63,12.3,483.0,93.8,9.97
TH-PKER0045,0.015,6.7,6.69,0.013,0.000235,250.0,0.049,8.0,8.9,607.0,96.4,10.9
AN-11M21,0.015,5.42,5.365,0.01945,0.00030250000000000003,270.5,0.05,8.065000000000001,9.95,982.5,92.85,10.5
SO-F0001989,0.06,2.8499999999999996,2.835,0.02095,0.000455,72.5,0.087,7.57,11.05,389.5,82.15,9.59
SO-E0004858,0.069,6.785,6.755,0.04285,0.0009,229.0,0.12,7.98,9.2,949.5,92.85,10.899999999999999
NW-88024617,0.015,0.36,0.356,0.002,5e-05,16.5,0.005,7.17,7.3,65.0,100.0,12.25
MD-27044180,0.114,6.83,6.79,0.0568,0.0009,201.0,0.335,7.62,9.4,639.0,80.4,9.15
MD-19227500,0.015,3.1,3.08,0.014,0.000395,84.0,0.11,7.970000000000001,12.9,297.0,96.4,10.8
AN-RSN0798,0.015,7.0,7.58,0.016,0.0002875,220.0,0.14,8.184999999999999,9.65,796.5,94.15,10.35
SO-F0002548,0.015,2.315,2.305,0.0087,0.00031,195.0,0.0965,8.01,10.65,527.5,89.30000000000001,9.969999999999999
MD-38870190,0.015,8.77,8.73,0.02065,0.00026,82.5,0.023,7.779999999999999,8.8,,92.25,10.850000000000001
NE-49105218,0.0031999999999999997,0.398,0.3955,0.0005,3.0000000000000004e-05,18.5,0.0031,7.6899999999999995,7.3,87.0,97.2,11.3
AN-GLV050,0.015,4.465,4.445,0.017099999999999997,0.00031749999999999997,244.0,0.041499999999999995,8.11,9.05,744.0,94.4,10.899999999999999
SW-82711476,0.079,2.5,2.47,0.0318,0.00049,63.0,0.3,7.6,11.2,298.0,95.8,10.4
SW-70423703,0.015,1.52,1.52,0.0049,0.00023,90.0,0.06,8.1,9.7,287.0,96.8,10.8
SO-Y0004517,0.015,7.7,7.7,0.002,6.5e-05,250.0,0.13,7.285,11.7,715.0,76.2,8.120000000000001
NE-49400522,0.067,1.8,1.79,0.017,0.00095,270.0,0.061,7.99,8.8,596.0,92.5,10.5
MD-03696680,0.015,2.42,2.41,0.0068,0.000315,248.0,0.033,8.3,10.45,619.5,99.0,10.8
NW-RSN0424,0.093,3.65,3.62,0.035,0.001355,170.0,0.16,7.985,11.5,724.0,84.15,8.875
MD-29270780,0.068,3.33,3.3,0.0268,0.0007,140.0,0.3165,7.8,10.1,464.0,93.6,10.6
SW-70571101,0.0051,1.5,1.5,0.0022,5e-05,25.0,0.0056,7.7,10.0,115.0,98.3,11.3
AN-04M15,0.015,4.615,4.605,0.0066,0.00021500000000000002,245.5,0.029,8.34,6.75,691.0,99.05,12.4
MD-RSN0746,0.023,7.75,7.705,0.028,0.0002875,250.0,0.2,7.890000000000001,11.5,966.0,85.55,10.2
AN-WELL030L,0.033,4.59,4.535,0.032,0.0006,240.0,0.128,8.07,9.55,767.0,91.7,10.3
MD-25468580,0.032,7.9,7.85,0.0243,0.00042,193.0,0.078,8.16,11.5,807.0,94.8,10.1
AN-SSN1479,0.0315,6.5,6.824999999999999,0.025500000000000002,0.000415,265.0,0.028999999999999998,7.824999999999999,11.45,712.0,86.4,9.3
NW-88000866,0.762,6.025,5.92,0.1007,0.01,156.0,0.3,7.77,12.0,4039.0,92.9,10.7
SW-50220926,0.015,8.614999999999998,8.6,0.0038,0.0003125,225.5,0.0385,8.184999999999999,11.8,583.0,108.69999999999999,11.6
NE-49105185,0.126,7.32,7.3,0.0479,0.00147,213.0,0.582,7.95,9.3,830.0,87.7,10.5
NE-41000358,0.015,1.88,1.88,0.002,0.00021,,0.023,7.95,8.600000000000001,,100.35,12.1
NE-49600044,0.12,5.65,5.57,0.057,0.00134,210.0,0.141,7.64,10.3,698.0,76.8,7.99
AN-NENE460O,0.058499999999999996,9.52,9.46,0.0552,0.000965,170.5,0.148,8.01,12.05,846.0,93.0,10.149999999999999
AN-RASE4,0.049,7.64,7.48,0.0416,0.000785,190.0,0.32,8.04,11.0,712.0,93.8,11.0
SO-F0001940,0.0735,1.4449999999999998,1.4249999999999998,0.018250000000000002,0.000295,83.0,0.039,7.465,9.0,455.0,72.05000000000001,8.285
SO-E0000546,0.063,3.3,3.27,0.0325,0.0005549999999999999,170.0,0.12,7.64,12.149999999999999,669.5,73.3,7.984999999999999
AN-USOSBNBY,0.015,11.0,9.9,0.016,0.0002825,265.0,0.043,8.15,10.3,806.0,95.94999999999999,10.850000000000001
NW-88003476,0.015,0.515,0.511,0.002,0.00032,104.5,0.0265,8.25,11.600000000000001,289.0,100.15,11.05
SO-F0002793,0.058,10.5,10.5,0.0409,0.00085,79.0,0.15,7.75,11.8,510.0,88.6,9.48
MD-RSN1118,0.0565,14.0,13.9,0.059,0.001095,255.0,0.14,8.2,12.149999999999999,777.5,95.95,10.5
AN-CRIGBK,0.015,3.9,3.54,0.00695,0.000155,145.0,0.037,7.795,9.0,498.5,91.5,11.0
NE-49400645,0.16749999999999998,4.345000000000001,4.29,0.0342,0.0031149999999999997,235.0,0.0575,7.965,11.4,1010.5,93.75,10.5
SW-RSN0093,0.042,6.1,6.05,0.029,0.00061,210.0,0.165,7.93,12.5,590.0,89.6,10.0
NE-49000475,0.0304,0.55,0.546,0.004,0.000305,26.0,0.024,7.835,8.7,148.0,98.05,11.55
AN-CHT004,0.0745,6.75,6.725,0.04675,0.00126,240.5,0.1845,7.945,10.4,821.0,88.85,9.934999999999999
NE-49301070,0.083,17.5,17.35,0.098,0.000985,255.0,1.85,7.77,10.9,1526.0,85.3,9.08
SO-E0000470,0.015,7.4,7.38,0.0183,0.00026,239.0,0.037,8.22,9.2,748.0,96.8,11.0
NW-88002241,0.0905,2.26,2.2199999999999998,0.0397,0.00088,73.0,0.0445,7.8,10.4,337.0,96.9,10.9
NE-RSN1020,0.08,4.15,4.115,0.0235,0.0016099999999999999,180.0,0.0135,8.245000000000001,11.2,502.0,99.15,10.9
TH-PUTR0189,0.062,6.12,6.045,0.04265,0.001315,243.0,0.034,7.88,12.7,654.0,74.2,7.87
NW-88021698,0.099,0.8049999999999999,0.782,0.02265,0.00138,348.5,0.10700000000000001,8.01,9.3,1569.5,89.5,10.05
NE-SSN0721,0.0058,0.054,0.053,0.0005,5e-06,2.5,0.0023,5.45,10.9,94.0,98.0,11.0
AN-WEN235,0.015,5.8149999999999995,5.79,0.0218,0.00043,250.0,0.053,8.11,11.6,750.0,91.5,9.78
MD-49065200,0.015,0.51,0.502,0.0063,0.000275,235.0,0.048,7.97,11.2,910.0,82.2,9.31
MD-47532180,0.038000000000000006,4.279999999999999,4.27,0.0243,0.00067,229.5,0.092,8.19,9.95,715.0,96.85,11.05
SO-E0000579,0.0325,5.555,5.515,0.015,0.000335,83.5,0.16999999999999998,7.715,10.2,503.5,92.75,11.05
SW-70812665,0.0935,7.85,7.8100000000000005,0.0435,0.00202,160.0,0.13,8.004999999999999,13.45,510.0,96.95,10.2
SO-E0000534,0.049,4.4,4.359999999999999,0.035,0.00053,140.0,0.11,7.7,11.2,583.0,82.45,8.475
NW-88002266,0.015,0.49,0.486,0.002,0.000245,47.0,0.027,7.94,9.0,203.0,101.3,11.3
NW-88003518,0.041,0.98,0.96,0.011,0.00073,110.0,0.055,8.15,9.8,367.0,101.7,11.8
NE-RSN0008,0.0145,1.45,1.45,0.0023,0.00021500000000000002,94.5,0.081,7.93,10.850000000000001,437.5,93.55000000000001,10.75
NE-49600502,0.015,0.525,0.521,0.002,0.00019250000000000002,25.0,0.005,7.904999999999999,8.95,129.0,99.2,11.5
NW-88024626,1.93,2.5,2.26,0.03,0.00532,180.0,0.027000000000000003,7.25,10.3,778.0,71.8,7.34
AN-GLD060,0.038,10.2,10.2,0.0398,0.00042,311.0,0.154,8.0,9.149999999999999,937.0,92.1,11.2
SW-RSN1595,0.0062,0.18,0.1785,0.0005,2.5e-05,22.0,0.00615,7.42,10.3,132.0,97.05,10.95
AN-HUSBOFIR,0.11,3.3,,0.016,0.0008550000000000001,,0.055,7.66,7.4,724.5,88.3,10.335
TH-PUTR0093,0.015,5.665,5.65,0.018000000000000002,0.0003375,209.0,0.1125,8.09,12.350000000000001,568.5,84.7,9.205
SO-E0000772,0.015,2.1,2.1,0.002,6e-05,52.0,0.005,7.23,12.4,432.0,96.7,10.3
SW-73070186,0.015,1.0,0.996,0.002,0.00015,23.0,0.005,7.75,10.7,104.0,100.2,11.1
SW-Z1012304,0.015,3.77,3.76,0.0114,0.0002975,254.0,0.0305,8.085,9.95,711.0,96.1,11.149999999999999
NE-RSN2268,0.0071,2.3,2.3,0.0017499999999999998,0.0001,53.0,0.028999999999999998,7.984999999999999,9.3,333.5,101.0,11.45
NW-88006458,0.015,0.1,0.098,0.002,0.00027,152.5,0.005,8.09,8.9,621.5,102.3,11.9
NW-88005652,0.015,0.41,0.406,0.002,9e-05,8.0,0.005,7.72,10.1,66.0,101.1,11.3
MD-RSN0820,0.015,3.1,2.93,0.009399999999999999,0.00034500000000000004,68.5,0.055,7.98,9.95,269.0,100.15,10.8
TH-PTHR0082,0.034,6.95,6.93,0.020900000000000002,0.000595,220.0,0.14,8.12,11.5,659.0,96.8,10.5
MD-RSN0490,0.093,3.1,3.09,0.11,0.00038,170.0,0.1,7.26,11.8,878.0,64.8,7.21
MD-RSN0494,0.049,0.41,0.405,0.0073,0.0008,320.0,0.043,7.99,12.0,996.0,88.2,9.58
TH-SSN0014,0.064,0.59,0.576,0.016,0.00026,64.0,0.11,7.16,13.6,219.0,83.3,9.04
MD-48356850,0.023,4.975,4.92,0.021,0.000355,200.0,0.16,7.94,10.7,784.0,84.9,9.405000000000001
AN-RSN1625,0.10500000000000001,8.8,8.67,0.0905,0.00201,210.0,0.28,7.970000000000001,13.25,891.5,90.8,9.365
MD-61642420,0.015,4.72,4.71,0.0226,0.000485,150.0,0.17,7.96,12.0,669.0,91.0,10.1
TH-PTHR0265,0.033,9.49,9.45,0.044,0.00042,210.0,0.188,8.06,11.0,839.0,95.3,10.0
MD-01104650,0.015,4.5,4.48,0.017,0.00045,230.0,0.17,8.22,11.5,573.0,99.5,11.0
MD-00021202,0.052,5.9,5.88,0.024,0.001,140.0,0.15,8.035,11.149999999999999,602.5,94.6,10.2
SW-91221145,0.015,1.84,1.84,0.0053,0.00011,29.0,0.013,7.36,13.1,188.0,97.2,10.2
AN-52M21,1.1015000000000001,7.185,7.105,0.05985,0.003305,264.5,0.005,7.47,7.9,1717.0,76.3,8.785
MD-04465220,0.042,14.0,14.0,0.017,0.00055,140.0,0.33,7.61,13.0,819.0,91.5,9.49
SW-81810608,0.015,5.2,5.19,0.0052,0.00016,60.0,0.021,7.42,13.5,292.0,96.1,9.91
NW-88002379,0.32,3.43,3.32,0.0977,0.00572,240.0,0.095,8.07,10.6,887.0,90.3,9.91
SW-81951318,0.015,4.44,4.44,0.002,3.5e-05,12.0,0.0075,7.0,11.3,171.0,99.0,10.8
AN-MORC100S,0.015,8.78,9.39,0.014,0.000305,150.0,0.096,8.05,11.5,669.0,91.7,10.6
MD-45246020,0.0505,4.015000000000001,3.9749999999999996,0.0207,0.00068,232.0,0.121,7.92,9.45,,79.95,8.93
NE-49200045,0.015,13.3,13.3,0.0195,0.0001775,190.0,0.036500000000000005,7.73,10.4,617.0,93.6,10.5
MD-57022100,0.0325,2.1799999999999997,2.165,0.01215,0.0005499999999999999,200.0,0.062,8.0,9.15,512.5,93.1,11.3
AN-STF006,0.015,3.065,3.02,0.0155,0.00041,260.0,0.043,8.12,11.5,726.0,92.0,10.1
NW-RSN0584,0.36,0.81,0.762,0.025500000000000002,0.0023049999999999998,103.5,0.43000000000000005,7.6,10.05,365.0,82.65,9.42
AN-BUCKDSKR,0.14,0.41,0.351,0.048,0.00203,210.0,0.15,7.68,17.3,2664.0,71.4,7.24
SW-73111266,0.015,0.72,0.716,0.002,0.00012,18.0,0.01,7.61,11.1,89.0,101.4,11.1
SO-E0004844,0.015,2.1,2.09,0.01,0.0002,110.0,0.0805,7.81,9.8,465.0,84.4,9.47
NE-SSN0489,0.033,5.0,4.99,0.0081,0.00048,260.0,0.047,8.23,11.3,727.0,101.6,11.4
SO-F0002997,0.052,1.7,1.67,0.012,0.00054,47.5,0.042499999999999996,7.855,11.3,235.0,90.2,10.0
SW-A4070409,0.015,4.025,4.015000000000001,0.00965,0.00044,260.0,0.058499999999999996,8.16,12.2,588.0,94.2,10.1
SW-81930985,0.069,2.87,2.865,0.002,5e-05,13.0,0.014,6.47,12.7,329.0,98.75,10.45
NW-88024195,0.114,1.41,1.41,0.0045,0.00024,157.0,0.014,7.43,5.0,683.0,95.6,12.2
SO-E0000380,0.066,4.2,4.18,0.026,0.00079,99.0,0.17,7.71,12.9,447.0,95.2,9.98
SO-E0000378,0.119,4.8,4.76,0.0379,0.00169,96.0,0.212,7.84,12.15,467.0,88.7,9.94
MD-13619900,0.015,3.575,3.54,0.0071,0.00031,100.0,0.036000000000000004,8.07,10.5,317.0,98.8,11.3
NW-88002309,0.1275,1.4,1.35,0.028,0.00163,108.0,0.119,7.785,10.3,429.0,92.05000000000001,10.350000000000001
NW-88006419,0.0485,2.995,2.9400000000000004,0.02395,0.00058,161.0,0.2135,8.004999999999999,8.65,474.5,95.95,10.85
SO-F0002644,0.058,3.06,3.05,0.024,0.00057,160.0,0.195,7.71,10.7,572.0,83.6,9.28
NW-88002678,0.146,8.1,7.82,0.062,0.00097,159.0,0.838,7.485,12.7,760.0,81.9,8.62
SO-G0003610,0.047,2.365,2.42,0.02,0.0007,160.0,0.087,7.84,11.7,590.5,86.6,9.415
NE-49905158,0.015,0.85,0.845,0.002,0.00027499999999999996,135.5,0.0395,8.205,9.05,371.5,98.6,11.350000000000001
AN-BARE2,0.036,13.0,12.9,0.0615,0.00047250000000000005,247.5,0.125,7.96,10.05,883.0,90.65,10.8
MD-58650020,0.048,13.1,13.0,0.0707,0.00071,172.0,0.105,8.01,9.3,842.0,96.8,10.3
SW-RSN0931,0.0095,5.25,5.24,0.005350000000000001,0.00013,58.0,0.0225,7.6850000000000005,12.7,320.0,97.35,10.365
AN-BARE3,0.055,12.0,11.9,0.0641,0.00079,238.0,0.18,8.06,9.1,843.0,93.3,11.1
TH-RSN0290,0.015,8.8,8.78,0.022,0.000305,250.0,0.011,8.0,11.4,603.0,99.6,11.2
AN-48M36,0.047,4.42,4.4,0.0246,0.00079,320.0,0.114,7.96,10.3,858.0,83.7,9.67
NE-49105130,0.015,0.27,0.266,0.002,9.25e-05,21.0,0.005,7.63,9.0,115.0,101.4,11.2
NW-88001881,0.0315,2.875,2.865,0.013000000000000001,0.000405,67.0,0.2305,7.99,9.399999999999999,298.5,99.2,11.35
SW-70571103,0.0125,2.0,2.0,0.0023,9.750000000000001e-05,22.0,0.0175,7.665,9.4,115.0,99.15,11.2
AN-TUD060,0.042,5.76,5.72,0.036,0.00063,290.0,0.14,8.02,10.8,834.0,90.3,9.89
NE-SSN0657,0.00885,10.5,10.5,0.00445,0.00015,220.0,0.011,8.12,10.0,659.0,96.9,11.4
SW-50330162,0.059,2.3,2.26,0.022,0.001215,198.0,0.177,7.92,10.3,539.0,85.0,9.6
NE-49800098,0.015,0.385,0.381,0.002,9e-05,40.0,0.005,7.715,9.5,118.5,95.75,11.0
TH-PWER0127,0.035,1.85,1.84,0.0065,0.000275,107.0,0.163,7.77,10.7,344.5,88.65,8.81
SW-A4100101,0.015,2.7,2.69,0.0055,0.00025,320.0,0.122,7.925,11.149999999999999,781.5,90.75,10.1
MD-29268970,0.0625,4.9,,0.027999999999999997,,160.0,0.15000000000000002,7.96,11.7,465.0,95.3,
MD-38638380,0.037000000000000005,15.0,14.9,0.05185,0.000585,200.0,0.33,8.06,11.6,963.0,90.0,9.775
AN-YAR080,0.034,6.71,6.68,0.0307,0.00056,272.0,0.113,7.96,8.6,777.0,87.2,10.1
NW-88005677,0.0076,0.353,0.351,0.002,8e-05,15.0,0.0032,7.75,9.350000000000001,71.0,101.5,11.9
NW-88003950,0.015,1.25,1.25,0.002,0.000255,245.0,0.0315,8.03,10.2,507.0,104.0,12.0
MD-00195400,0.015,5.02,5.015000000000001,0.002,0.0002475,171.0,0.03,8.13,10.2,419.0,98.8,10.9
NW-88003816,0.015,0.1,0.098,0.002,0.000105,5.0,0.005,7.51,7.9,58.0,100.7,11.8
AN-LANG070G,0.047,8.6,8.43,0.05,0.00073,210.0,0.79,7.91,11.45,803.0,85.65,9.145
SO-F0003350,0.1,4.4,4.37,0.091,0.00128,210.0,0.34,7.68,14.6,880.0,72.6,7.87
MD-46880150,0.015,8.445,8.425,0.01645,0.00027499999999999996,272.0,0.124,8.065000000000001,9.8,1224.5,91.0,10.8
SW-82410232,0.015,4.9,4.89,0.012,0.00033,62.0,0.066,7.76,12.350000000000001,333.0,97.15,10.3
NE-49600382,0.0605,12.95,12.899999999999999,0.06885,0.000795,222.0,0.087,7.945,8.2,826.5,91.35,10.75
AN-WHIL060W,0.0575,12.55,12.45,0.037,0.0009,176.0,0.7170000000000001,7.9,10.6,830.0,89.2,10.1
AN-HUN040,0.015,16.0,16.0,0.021,0.00012,230.0,0.005,7.59,12.6,954.0,86.9,9.11
NW-88003958,0.003,0.1,0.098,0.0005,5e-05,34.5,0.0031,8.07,8.2,88.5,102.3,11.9
MD-71363300,0.044,8.030000000000001,8.01,0.0411,0.000705,230.0,0.2005,7.9,10.6,1021.5,88.0,9.78
SW-72921406,0.015,3.7,3.69,0.014,0.0003,43.0,0.054,7.8,9.8,221.0,97.6,11.0
SW-RSN1925,0.026,0.016,0.015,0.0005,1e-05,39.0,0.0035,6.62,11.8,253.0,54.8,5.5
NE-49500479,0.046,3.42,3.4,0.0156,0.00066,226.0,0.031,8.12,10.5,1289.0,95.2,11.1
AN-48M14,0.049,3.9,3.83,0.031549999999999995,0.000925,290.0,0.17,8.01,12.55,820.0,89.0,10.05
TH-RSN2165,0.0225,3.55,3.59,0.016,0.00014,59.0,0.2,7.445,12.25,249.0,92.05,9.440000000000001
NE-49302181,0.098,1.94,1.91,0.0271,0.00115,140.0,0.0325,7.865,10.7,783.0,92.3,10.2
NW-88002524,0.036,1.47,1.46,0.0073,0.0004075,57.0,0.032,7.94,8.0,250.0,98.6,11.9
MD-43824020,0.04,5.029999999999999,5.01,0.0207,0.00057,251.5,0.029,8.015,9.399999999999999,1349.0,88.25,10.7
AN-DOV080,0.1005,7.6049999999999995,7.34,0.06785,0.0013549999999999999,295.0,0.14,7.755,8.4,1053.0,83.1,9.76
SO-G0006936,0.0865,15.25,14.9,0.0371,0.1,,0.01,7.415,13.9,700.0,68.85,10.6
NW-88003559,0.117,4.49,4.85,0.045,0.00222,116.0,0.189,8.07,11.8,462.0,101.1,10.8
NW-88002060,0.28500000000000003,4.35,4.275,0.074,0.001975,71.5,0.39,7.529999999999999,8.0,355.0,92.05,10.85
NW-RSN1248,1.9,1.15,0.99,0.086,0.00923,275.0,0.65,7.465,10.35,769.0,36.849999999999994,4.28
SW-50810139,0.015,2.19,2.18,0.0098,0.000385,209.0,0.046,8.15,11.3,531.0,95.5,11.6
SW-60032074,0.015,5.56,5.55,0.0087,0.00031,318.0,0.076,8.22,11.7,864.0,101.9,11.1
SW-70811912,0.015,4.4,4.4,0.002,0.00024,170.0,0.026,7.85,12.75,600.0,93.0,9.935
SW-RSN1855,0.012,2.9,2.9,0.0037,0.00013,65.5,0.019,7.725,12.350000000000001,243.5,97.9,10.2
TH-PUTR0252,0.033,5.25,5.225,0.0283,0.00031999999999999997,280.0,0.54,7.8,8.2,814.0,72.25,8.254999999999999
NE-49600503,0.036,2.95,2.935,0.01255,0.000505,119.5,0.011,8.1,9.7,362.0,96.8,11.0
MD-SSN0161,0.0046,0.38,0.379,0.0005,5e-05,10.0,0.004,7.7,9.4,101.0,100.2,11.5
AN-EYEB130C,0.015,2.47,2.43,0.0126,0.000425,97.0,0.019,8.18,11.7,479.0,88.8,10.4
SW-60080105,0.072,2.74,2.68,0.032850000000000004,0.00147,227.0,0.057,8.1,12.1,562.0,92.0,9.82
MD-00825100,0.015,1.8900000000000001,1.8900000000000001,0.002,0.00028,144.5,0.014,8.165,10.3,368.5,100.94999999999999,11.3
SW-RSN0090,0.015,1.5,1.5,0.0059,0.000215,225.0,0.062,8.22,8.6,601.0,97.7,10.9
MD-04076050,0.059,2.99,2.95,0.0182,0.00112,229.0,0.159,8.094999999999999,10.95,792.0,91.65,10.2
SW-50231202,0.015,3.86,3.84,0.0083,0.00032,274.0,0.105,7.92,11.5,640.0,98.9,10.7
SW-82410291,0.015,4.1,4.05,0.002,0.00015,30.5,0.024,7.47,13.2,248.0,95.9,10.149999999999999
MD-40950960,0.015,12.0,12.0,0.026,0.00043000000000000004,320.0,0.17,8.21,12.7,1015.0,95.5,9.91
NE-49505172,0.08549999999999999,1.55,1.5350000000000001,0.014,0.00056,31.5,0.0885,7.5,13.15,179.5,98.1,10.149999999999999
SW-SSN0192,0.0028,0.135,0.134,0.0005,5e-06,5.5,0.0005,6.46,9.149999999999999,48.5,97.25,10.8
NE-49500602,0.0905,1.435,1.415,0.01625,0.00073,27.0,0.0985,7.63,9.2,183.0,98.5,11.2
SW-50450129,0.0325,7.18,7.154999999999999,0.0207,0.00047,210.0,0.031,8.01,11.55,552.0,94.95,10.4
MD-46266590,0.015,5.609999999999999,5.595000000000001,0.0223,0.00037,214.0,0.2825,8.1,10.5,823.0,95.75,11.1
AN-LISS2,0.252,9.115,9.06,0.046299999999999994,0.00267,212.5,0.1345,7.985,9.6,739.0,96.8,11.4
SW-E1201500,0.0555,5.785,5.765,0.02495,0.000855,181.0,0.1725,8.05,10.95,468.5,96.95,10.95
TH-PCHR0048,0.015,6.59,6.58,0.010450000000000001,0.000235,210.5,0.0825,8.03,10.3,601.0,90.2,10.1
NE-49500020,0.269,2.95,2.855,0.057999999999999996,0.004375,203.5,0.0915,8.03,10.4,1199.5,90.55,10.045
SW-Z1010538,0.053,3.17,3.14,0.0242,0.00088,220.0,0.16,8.25,11.2,692.0,99.8,11.0
AN-27M25,0.035,5.4,5.39,0.016,0.00036,299.0,0.075,7.74,10.8,762.0,88.5,9.72
SW-81281177,0.0305,0.865,0.8595,0.0044,0.00017,34.5,0.021,7.3,9.3,164.0,95.5,10.8
NE-49500853,0.876,4.29,4.07,0.203,0.00945,,0.072,7.88,10.4,890.0,88.75,10.065
MD-RSN2086,0.033,6.5,6.49,0.026,0.00046,210.0,0.044,8.05,10.5,824.0,91.0,10.2
SW-RSN0638,0.015,3.8,3.8,0.002,0.0002,89.0,0.12,7.78,13.0,298.0,97.4,10.3
AN-WEST1,0.038,9.375,,,0.00026,,0.005,7.72,9.45,1092.0,86.9,9.77
SO-E0000411,0.04,3.2,3.18,0.015,0.000255,49.0,0.122,7.52,11.7,271.0,91.15,9.925
SO-E0001311,0.053,11.0,11.0,0.017,0.00058,180.0,0.148,7.76,12.1,722.0,92.4,9.73
SW-SSN1428,0.36,5.95,5.835,0.14350000000000002,0.00133,67.5,0.15000000000000002,7.345,12.3,285.0,90.8,10.024999999999999
MD-RSN0950,0.025,8.149999999999999,8.129999999999999,0.025500000000000002,0.00044249999999999997,275.0,0.15500000000000003,8.055,12.6,899.0,90.5,9.23
SO-G0006986,0.015,0.22,0.216,0.002,7e-05,56.0,0.087,7.1,12.5,232.0,71.3,7.75
AN-FRO030,0.1,7.53,7.39,0.0493,0.0008,290.0,0.357,7.59,12.0,1133.0,76.9,8.14
SW-RSN0327,0.015,2.2,2.19,0.0078,0.000345,190.0,0.13,8.1,11.7,587.0,91.4,10.3
NE-49600497,0.015,1.27,1.26,0.002,0.000215,39.0,0.0325,7.94,8.149999999999999,190.5,99.4,11.8
SO-G0006982,0.021,0.36,0.358,0.0033,8e-05,79.0,0.0063,7.37,14.8,334.0,82.3,9.68
SW-70230167,0.033,2.6,2.58,0.013,0.00059,200.0,0.095,8.055,10.85,473.5,96.15,10.6
AN-POINLODE,0.015,5.0,4.98,0.023,0.0004,250.0,0.027,8.13,11.6,827.0,102.3,11.6
NE-49300665,0.11,12.9,12.7,0.104,0.00108,221.5,0.7975000000000001,7.72,10.45,1145.0,78.25,8.969999999999999
MD-29600050,0.7,3.6,,0.25,,140.0,0.32,7.805,5.8,451.0,97.7,
AN-05M17,0.015,9.399999999999999,9.375,0.0154,0.0003075,260.0,0.142,7.970000000000001,9.7,915.0,100.2,11.5
SW-70531616,0.05,5.28,5.26,0.0232,0.00075,189.0,0.123,8.1,10.1,503.0,95.0,10.8
AN-BAINA,0.042499999999999996,11.75,11.649999999999999,0.0492,0.00054,232.5,0.6395,8.02,10.8,767.5,85.69999999999999,10.75
SW-82611103,0.015,1.4,1.4,0.002,0.0002275,40.5,0.025,7.83,12.9,264.5,101.69999999999999,10.9
SW-RSN0011,0.015,2.5,2.5,0.0021,2e-05,,0.0066,6.68,11.1,151.0,97.7,10.8
MD-08022000,0.0245,2.635,2.6100000000000003,0.02105,0.0005200000000000001,229.5,0.5485,8.07,10.55,741.5,96.05,10.145
SW-82312347,0.015,5.4,,0.0041,,41.0,0.005,7.3,11.600000000000001,303.0,90.8,
NE-49800080,0.032,1.27,1.25,0.0069,0.0003225,46.0,0.041,7.75,9.350000000000001,171.5,94.25,10.850000000000001
NW-SSN0170,0.155,3.5,3.455,0.041999999999999996,0.00046,175.0,0.0345,7.145,11.35,521.0,66.80000000000001,7.145
SW-81942260,0.015,4.4,4.4,0.002,,,0.005,7.34,12.2,,97.8,10.45
NW-88005544,0.0035,0.166,0.165,0.0005,4e-05,7.0,0.001,7.78,8.2,37.0,105.9,12.5
NW-88004411,0.015,0.425,0.42100000000000004,0.002,0.00026,41.5,0.005,7.94,10.95,144.5,100.85,10.95
SW-91251630,0.015,2.52,2.5,0.0041,9.25e-05,22.0,0.033,7.4,10.0,146.0,98.8,11.05
NE-49300220,0.057,3.98,,0.0262,0.00078,,0.079,8.05,6.0,617.0,97.0,
NW-RSN0043,0.015,1.15,1.145,0.0052499999999999995,0.0002325,88.0,0.018000000000000002,8.15,9.9,230.0,106.0,12.100000000000001
SW-81611111,0.015,1.025,1.0230000000000001,0.002,3.7500000000000003e-05,19.0,0.013,7.005,11.600000000000001,133.0,96.1,10.350000000000001
SW-73021607,0.015,4.69,4.68,0.0075,0.00016,55.0,0.058,7.8,8.9,256.0,97.9,11.5
SW-81202015,0.048,2.2,2.09,0.011,0.00018,46.0,0.047,7.27,11.8,222.0,88.69999999999999,9.565000000000001
AN-FRAM4,0.1935,18.85,19.3,0.1305,0.002275,286.5,6.0,7.76,12.6,1923.5,69.65,7.9
MD-RSN1150,0.0955,16.0,14.9,0.0975,0.0006299999999999999,195.0,0.2,7.6850000000000005,11.649999999999999,700.0,88.6,9.59
SW-72922004,0.015,2.92,2.915,0.002,0.00019,45.5,0.0225,7.76,9.45,223.5,95.0,10.899999999999999
NW-88022818,0.015,0.32999999999999996,,0.002,,2.5,0.005,6.29,6.8,34.7,99.8,11.905000000000001
NW-RSN0587,0.001,0.305,0.304,0.0005,5e-06,,0.0005,6.995,8.75,29.5,99.35,11.7
AN-02M54,0.048,6.54,6.51,0.0321,0.00059,220.0,0.413,8.17,8.2,777.0,90.5,11.2
MD-55393900,0.033,6.72,6.68,0.029,0.00088,250.0,0.229,8.05,11.0,817.0,92.0,10.2
MD-RSN0686,0.015,3.5,3.495,0.00845,0.00030250000000000003,175.0,0.059,8.17,9.75,498.5,94.19999999999999,10.9
AN-SIND5,0.098,15.6,15.5,0.0968,0.00145,182.0,0.374,7.86,10.7,1035.0,87.8,10.2
AN-RSN1885,0.033,7.55,7.525,0.038500000000000006,0.0005250000000000001,310.0,0.925,8.215,10.25,1058.0,91.45,10.285
MD-59717900,0.040499999999999994,3.55,3.52,0.02645,0.00059,180.0,0.0405,7.98,10.4,631.5,95.05,11.1
MD-RSN0062,0.015,4.8,4.79,0.0069,0.00028,190.0,0.048,7.96,11.1,546.0,94.4,10.5
SW-E1008300,0.0605,6.94,6.895,0.0379,0.0009649999999999999,175.0,0.3705,7.865,11.0,583.5,91.6,10.25
NW-88006382,0.023,2.1,2.09,0.0092,0.00035749999999999996,96.5,0.0245,8.01,8.399999999999999,292.0,100.0,11.75
MD-23525180,0.12050000000000001,12.75,13.1,0.103,0.001835,182.0,0.5725,7.965,11.65,866.5,92.05,9.64
TH-PCNR0013,0.015,7.4,7.39,0.018,0.000335,250.0,0.25,8.21,11.350000000000001,638.0,98.75,10.6
AN-RSN0222,0.015,4.45,4.43,0.017,0.00028,200.0,0.15,8.08,11.5,742.0,89.3,9.75
MD-07797050,0.037,9.9,9.86,0.043,0.00062,221.0,1.1,7.99,9.9,813.0,88.8,10.3
NE-41000033,0.014,1.4,1.38,0.0056,0.00019,76.5,0.016,8.135000000000002,8.7,226.5,98.1,11.4
NE-49600081,0.015,3.8,3.775,0.0275,0.0004225,180.0,0.0165,8.415,9.75,495.5,99.0,11.3
SW-70230103,0.03,3.5,3.48,0.0172,0.00047,160.0,0.096,8.1,11.6,426.0,98.75,11.0
MD-SSN1484,0.027,3.6,3.57,0.0074,0.00047,130.0,0.036,7.82,11.3,317.5,97.9,10.95
SO-Y0004520,0.015,0.1,0.14300000000000002,0.002,0.000195,56.0,0.0225,7.66,12.2,399.5,94.19999999999999,9.65
SO-E0001559,0.0395,1.3050000000000002,1.29,0.0071,0.000235,61.5,0.0535,7.555,11.05,271.5,93.7,9.955
SW-82513722,0.045,5.01,4.93,0.0174,0.00069,141.0,0.073,7.89,11.6,1118.0,94.5,10.2
SO-E0007057,0.2,0.1,0.098,0.002,0.00198,354.5,0.2445,7.875,13.2,3004.5,72.6,8.515
SW-60100118,0.015,5.07,5.05,0.0139,0.000395,154.0,0.079,8.13,11.4,436.0,104.7,11.0
TH-PLER0083,0.015,3.21,3.1849999999999996,0.02345,0.00029,206.0,0.0675,8.52,10.649999999999999,843.0,131.65,14.5
NE-RSN1836,0.0065,2.5,2.5,0.0026,5e-05,24.0,0.0048,7.63,9.9,195.0,98.3,11.0
NE-49400520,0.081,1.64,1.62,0.013,0.00048,120.0,0.052,7.66,10.6,332.0,93.8,10.9
MD-39539600,0.103,13.6,13.5,0.074,0.00146,225.0,0.069,7.71,11.4,1136.0,82.9,9.26
NW-88001897,0.015,1.0,0.996,0.002,0.0001,27.0,0.0067,7.6899999999999995,10.55,119.0,99.65,11.1
NE-49301620,0.036,2.255,2.24,0.01515,0.000345,48.0,0.089,7.91,9.3,353.5,100.15,11.649999999999999
SW-SSN0110,0.036000000000000004,6.3,6.27,0.031,0.00053,220.0,0.074,7.89,11.9,565.0,81.9,8.87
MD-69280180,0.015,5.715,5.699999999999999,0.01085,0.0003175,218.5,0.047,7.970000000000001,10.1,609.5,95.7,10.6
MD-43267100,0.015,8.4,8.36,0.046,0.0003675,200.0,0.225,8.09,11.45,,92.7,9.83
MD-09834100,0.015,7.5,7.49,0.0232,0.00041,200.0,0.085,8.23,11.6,634.0,95.0,10.3
MD-44756020,0.051,7.0,6.98,0.02085,0.00103,280.5,0.0415,8.215,10.1,919.0,92.1,10.350000000000001
SO-F0017661,0.015,12.0,12.0,0.0048,4e-05,300.0,0.045,7.13,12.1,835.0,79.1,8.3
MD-54521950,0.015,2.745,2.74,0.002,0.000245,186.0,0.0155,7.93,9.649999999999999,425.5,99.5,11.3
NE-49905154,0.12,4.195,4.16,0.0332,0.00178,209.0,0.089,8.09,10.8,613.0,91.2,10.3
NW-88024245,0.03,0.44,0.436,0.002,,23.0,0.013,7.43,9.4,116.0,98.7,
AN-41M09,0.035,9.02,8.99,0.0342,0.00074,270.0,0.21,8.14,10.350000000000001,979.5,96.0,10.850000000000001
AN-MIL020,0.077,12.5,12.5,0.044649999999999995,0.00144,187.0,0.038,7.99,10.75,817.5,90.05,10.030000000000001
NW-SSN1354,0.00715,2.05,2.05,0.0017,0.00011,63.0,0.034,7.965,10.45,179.5,100.5,11.3
NW-RSN0808,0.28,1.8,1.77,0.047,0.00532,145.0,0.051,7.955,12.75,542.0,94.1,10.11
NW-88003444,0.0165,0.34,0.334,0.0022,0.00022,57.0,0.00785,8.0,10.95,159.0,99.69999999999999,11.25
NW-RSN1812,0.33499999999999996,1.5,1.35,0.0605,0.00146,260.0,0.21,7.39,12.7,1092.0,43.1,5.195
NE-49600507,0.16,8.2,8.16,0.053,0.0008,220.0,0.035,7.49,8.2,658.0,93.7,10.9
MD-44711100,0.015,8.77,8.76,0.00745,0.00030250000000000003,304.0,0.025,8.28,10.85,921.0,95.65,10.5
AN-LORDDRN1,0.149,0.45,0.446,0.0151,0.00188,410.0,0.0165,7.93,12.3,2894.0,90.5,9.97
SW-50550310,0.015,4.905,4.895,0.008199999999999999,0.00029,223.0,0.0815,8.31,10.7,527.5,100.25,11.05
SO-SSN1447,0.06999999999999999,1.045,1.0445,0.020499999999999997,0.001025,170.0,0.13,7.67,12.100000000000001,590.5,73.9,7.98
MD-49701620,0.059,2.76,2.75,0.0157,0.001145,155.5,0.08,8.16,10.2,521.5,98.4,11.100000000000001
NW-88024648,0.015,0.28,0.276,0.002,6.5e-05,28.0,0.005,7.4,9.6,83.0,98.3,11.2
NE-49300783,0.052500000000000005,0.785,0.768,0.01865,0.000915,161.5,0.041499999999999995,8.0,10.05,656.5,92.45,10.45
SW-E4331300,0.077,5.6,5.56,0.03,0.00128,260.0,0.13,8.18,9.7,682.0,94.5,10.8
AN-RSN2006,0.055999999999999994,2.1500000000000004,2.0949999999999998,0.017,0.00108,225.0,0.005,7.84,13.4,1366.0,86.05,9.68
SW-50340520,0.015,5.8,5.78,0.033,0.00048249999999999996,215.0,0.214,8.03,11.0,588.0,90.6,10.0
SW-91221705,0.037500000000000006,2.4,2.39,0.0092,0.00014,41.0,0.02,7.324999999999999,11.6,212.0,93.5,10.399999999999999
NW-88000633,0.1065,4.96,4.93,0.032049999999999995,0.00121,203.0,0.16,7.825,10.5,607.0,86.80000000000001,9.64
AN-HAMM3,0.14350000000000002,3.8899999999999997,,,0.001505,,0.10600000000000001,7.73,10.8,2313.0,88.75,9.725000000000001
NW-88000816,0.172,9.07,9.004999999999999,0.0746,0.00155,200.0,0.3125,7.735,10.25,697.0,82.55,9.195
SW-70512720,0.015,8.6,8.58,0.0285,0.0004475,210.0,0.14,8.29,14.35,582.5,100.0,11.05
MD-11055720,0.036,1.81,1.8,0.0135,0.00044,233.0,0.12,7.77,12.5,852.0,79.6,8.17
MD-51795109,0.015,3.35,3.35,0.002,0.000285,185.0,0.020999999999999998,8.030000000000001,10.95,,101.45,11.2
SW-72940121,0.015,1.25,1.25,0.002,0.00011750000000000001,15.5,0.123,7.5,9.55,128.0,98.0,10.850000000000001
NE-49400398,0.174,3.86,3.785,0.048,0.002805,131.5,0.381,7.93,10.7,594.0,98.6,11.0
MD-53495265,0.015,0.355,0.351,0.002,5.5e-05,10.0,0.005,7.45,9.4,56.0,101.30000000000001,11.55
AN-BRN020,0.015,13.5,13.5,0.0197,0.00034250000000000003,231.0,0.06,8.135000000000002,12.8,753.5,94.6,10.3
SW-RSN2207,0.07150000000000001,1.4500000000000002,1.4100000000000001,0.025,0.0006249999999999999,120.0,0.13,7.710000000000001,11.350000000000001,357.5,92.69999999999999,10.05
NE-RSN1948,0.0039499999999999995,0.16999999999999998,0.16899999999999998,0.0005,6e-05,86.0,0.0026,8.219999999999999,8.25,192.5,103.85,12.3
AN-30M05,0.015,12.55,12.55,0.0346,0.0004,233.0,0.452,8.06,10.1,773.0,87.5,9.8
SW-RSN1835,0.015,7.8,7.8,0.0082,0.000315,99.0,0.093,8.04,11.7,323.0,99.2,11.0
NE-49905182,0.015,0.6699999999999999,,0.002,,94.0,0.005,8.27,6.8,221.0,103.0,
MD-48883750,0.062,15.75,15.7,0.0537,0.0012850000000000001,169.0,2.93,8.1,12.7,882.5,94.85,9.98
MD-42900950,0.06,5.49,5.38,0.032299999999999995,0.000825,193.5,0.367,7.85,10.350000000000001,922.5,77.4,8.42
MD-08102620,0.041999999999999996,3.0149999999999997,2.99,0.024149999999999998,0.00089,254.0,0.256,8.2,10.0,1215.0,94.4,10.0
MD-RSN1014,0.021,8.0,7.98,0.021,0.00028,260.0,0.15,7.86,11.7,693.0,91.3,10.6
NE-49300662,0.311,14.0,13.9,0.22,0.00365,172.0,1.4,7.74,12.0,1046.0,71.1,7.37
AN-SWATONEA,0.041,5.5,4.58,0.04,0.00054,230.0,0.11,7.995,10.5,860.0,95.1,10.5
NE-SSN0645,0.0125,0.0305,0.029200000000000004,0.0010500000000000002,5e-06,8.0,0.0115,6.32,7.949999999999999,146.5,97.15,11.2
NE-49100297,0.14,11.0,11.0,0.0847,0.00143,223.0,0.18,7.84,9.1,911.0,84.8,9.91
NE-RSN1503,0.014,1.2,1.19,0.0047,0.00012,88.0,0.016,7.83,9.9,274.0,93.0,10.4
SO-Y0004333,0.037000000000000005,8.6,8.58,0.029,0.0004075,250.0,0.135,7.8149999999999995,12.149999999999999,774.0,79.95,8.5
NE-49301407,0.128,6.96,6.91,0.0524,0.00202,219.0,0.726,8.03,10.1,1406.0,95.1,11.6
SW-70711736,0.015,2.8099999999999996,2.8,0.00875,0.00026250000000000004,90.5,0.0385,7.955,10.05,273.5,96.45,10.85
SO-E0000415,0.041,3.12,3.1,0.019,0.00022,63.0,0.26,7.4350000000000005,11.850000000000001,310.0,89.75,10.05
MD-RSN1778,0.13,9.15,9.08,0.0675,0.00211,190.0,0.17,7.925000000000001,11.45,1014.0,93.2,9.684999999999999
MD-65161040,0.264,6.39,6.12,0.126,0.00217,99.0,0.122,7.8,14.3,586.0,92.0,10.6
NE-49305363,0.9404999999999999,0.24,0.2235,0.01545,0.011,629.0,0.005,7.710000000000001,12.399999999999999,2886.0,83.0,8.870000000000001
AN-GLV020,0.015,4.5,4.49,0.0185,0.00033,223.0,0.034,8.085,13.15,706.5,94.55,9.69
NE-49400581,0.063,3.46,3.36,0.0212,0.00049,144.0,0.066,7.65,10.3,780.0,82.4,9.39
TH-PMLE0391,0.015,0.79,0.786,0.002,,10.0,0.026,,14.1,187.3,92.8,9.52
SW-RSN0429,0.0155,0.435,0.431,0.0042,0.0001225,50.0,0.011,7.595000000000001,11.0,252.0,90.35,10.05
SW-RSN1933,0.015,6.1,6.08,0.018,0.000305,230.0,0.065,7.97,11.7,585.0,91.6,10.6
SW-82310570,0.015,2.5,2.5,0.002,9e-05,13.0,0.019,7.17,12.6,165.0,97.6,10.4
NE-RSN0576,0.15,1.9,1.82,0.045,0.00147,270.0,0.15,7.74,14.6,1476.0,85.3,8.34
NW-88025763,0.015,0.24,0.236,0.002,6.5e-05,26.0,0.011,7.3,12.2,110.0,101.3,
SW-60020005,0.062,1.9,1.84,0.0188,0.00112,257.5,0.12,7.94,10.5,916.0,89.5,10.0
TH-PLDR0008,0.113,7.5,7.390000000000001,0.06725,0.00081,150.0,0.1865,7.48,12.8,702.5,65.15,7.33
AN-SHMD060C,0.11,0.1,0.192,0.0056500000000000005,0.00159,360.0,0.0575,7.99,11.75,4219.5,82.5,8.3
SW-50340432,0.037,4.98,4.96,0.0265,0.00072,217.0,0.276,8.08,12.2,610.0,88.4,9.38
SW-82522304,0.015,1.0,0.996,0.002,2.5e-05,7.0,0.005,6.994999999999999,10.5,82.0,100.0,10.95
NE-49200304,0.015,12.0,12.0,0.002,9e-05,190.0,0.0115,7.54,9.8,578.0,90.45,10.3
MD-C0000106,0.0405,1.035,1.008,0.009600000000000001,0.00056,207.0,0.07949999999999999,7.785,9.1,627.5,74.15,8.57
AN-WAV114,0.042,4.02,4.0,0.027,0.00065,288.0,0.094,7.99,11.0,977.5,89.6,9.14
NW-88002874,1.0,1.05,1.0110000000000001,0.06,0.00631,290.0,0.11,7.375,12.3,918.0,55.55,6.3
NE-RSN0528,0.32999999999999996,16.0,15.5,0.41,0.0026100000000000003,180.0,0.062,7.46,12.95,834.0,75.5,8.469999999999999
SW-50350137,0.015,8.265,8.260000000000002,0.0085,0.000255,230.0,0.012,7.98,10.95,583.0,97.94999999999999,10.7
SW-RSN1771,0.013,2.8,2.8,0.0067,8e-05,46.0,0.015,7.42,10.3,248.0,97.6,10.7
NW-88022958,0.318,3.18,3.1,0.058,0.0029,79.0,0.1185,7.68,11.5,400.0,96.5,10.9
SO-F0002304,0.044,1.1,1.09,0.013,0.00041,91.0,0.0775,7.63,11.6,399.0,88.1,9.19
MD-01870280,0.015,3.52,3.51,0.0126,0.000345,210.0,0.005,8.0,10.4,549.0,98.2,10.8
AN-NENE185G,0.0495,6.3,6.26,0.042,0.000775,180.0,0.12,8.0,13.3,694.0,90.4,9.91
AN-33M29,0.015,13.0,13.0,0.00435,5.25e-05,240.0,0.005,7.255,11.4,733.0,85.9,9.24
SO-G0006978,0.015,0.82,0.815,0.0091,8e-05,78.0,0.05,7.1,12.6,328.0,74.5,7.95
NE-49600490,0.015,0.74,0.739,0.002,0.000175,27.0,0.005,8.05,7.1,170.0,102.3,12.7
AN-BAIN9,0.073,9.97,9.93,0.047850000000000004,0.00132,209.0,0.2375,8.245000000000001,11.399999999999999,695.0,97.1,11.1
MD-28625020,0.052000000000000005,3.6500000000000004,3.635,0.018,0.00024249999999999999,210.0,0.1005,7.550000000000001,7.6,582.0,78.5,9.14
AN-THR060,0.032,0.75,0.73,0.0043,0.00051,170.0,0.005,7.82,13.5,4956.5,91.7,9.81
TH-RSN2330,0.035500000000000004,5.55,5.49,0.0305,0.000625,240.0,0.24,8.0,12.8,705.5,95.85,10.065000000000001
SW-A0360101,0.023,4.035,4.01,0.02465,0.00024249999999999999,223.0,0.325,7.85,10.8,665.5,78.05,8.535
NE-49600462,0.015,9.585,9.585,0.0071,0.00026,210.0,0.005,8.04,10.25,647.0,98.55,11.3
NW-88005050,0.015,0.29,0.286,0.002,6e-05,10.0,0.005,7.34,11.1,73.0,99.8,11.3
NE-49800088,0.015,0.98,0.929,0.002,0.000285,39.0,0.025,7.88,10.05,152.0,99.6,10.8
SO-RSN1069,0.015,3.3,3.29,0.0091,0.000245,120.0,0.051,7.8,12.2,486.0,91.9,9.85
SW-81915135,0.0142,3.93,3.93,0.002,4e-05,15.0,0.0127,7.3,10.9,190.0,99.5,10.9
MD-04064620,0.015,3.3600000000000003,3.3449999999999998,0.013649999999999999,0.000375,205.5,0.087,8.27,10.8,743.0,96.75,11.05
MD-08105100,0.12,3.3,3.21,0.018,0.00166,180.0,0.649,8.0,10.2,569.0,92.0,10.1
SW-50040711,0.033,6.0,5.995,0.01345,0.00059,240.0,0.054,8.33,11.4,630.0,99.5,11.1
SW-81310252,0.015,3.6,3.59,0.002,0.00015749999999999998,50.0,0.076,7.710000000000001,12.0,210.5,98.55000000000001,10.600000000000001
AN-RSN0593,0.079,10.0,9.87,0.052,0.00178,280.0,0.16,8.04,10.5,847.0,80.7,8.62
AN-06M20,0.015,8.45,8.42,0.0155,0.00024,241.0,0.018,8.07,10.5,695.0,95.1,11.0
AN-STF020,0.015,4.75,4.76,0.0195,0.00044,270.0,0.11499999999999999,8.02,13.4,802.0,93.6,10.3
NE-49000698,0.049,2.635,2.5999999999999996,0.02305,0.0007650000000000001,235.0,0.011,7.92,12.4,797.0,105.0,11.45
TH-PKER0099,0.044,10.9,10.9,0.0211,0.0005,,1.14,7.73,7.9,,88.5,10.0
NW-RSN2096,0.0024999999999999996,0.57,0.566,0.0005,5.5e-05,96.5,0.0030499999999999998,8.36,9.7,217.0,102.8,11.8
AN-01M05,0.037,9.845,9.815,0.032100000000000004,0.0006,222.0,0.158,8.02,10.649999999999999,808.5,89.9,9.955
TH-RSN0402,0.015,1.9500000000000002,1.9449999999999998,0.007949999999999999,0.00025,265.0,0.058499999999999996,7.99,10.15,847.0,82.65,9.350000000000001
MD-12028240,0.044,6.46,6.44,0.0232,0.00045,163.0,0.085,7.89,11.8,498.0,93.1,10.1
NW-88006265,0.073,7.985,7.9399999999999995,0.03815,0.00055,93.0,0.123,7.62,9.7,329.0,95.6,11.3
SW-RSN1587,0.042499999999999996,3.6500000000000004,3.625,0.0285,0.000925,140.0,0.0745,8.05,10.4,403.0,96.2,10.8
MD-SSN1377,0.051,1.6,1.58,0.023,0.00034,86.0,0.074,7.55,10.3,303.0,92.9,10.7
NW-88004434,0.053,2.535,2.52,0.01175,0.000395,212.0,0.08,7.66,9.65,505.5,88.55,10.13
SW-50260464,0.0615,6.800000000000001,6.775,0.0295,0.00115,225.0,0.074,8.04,11.149999999999999,574.5,91.95,10.6
AN-CH02,0.044,5.58,5.55,0.034,0.00092,230.0,0.28,8.094999999999999,12.4,809.0,95.35,10.4
SW-50210619,0.015,5.0649999999999995,5.0649999999999995,0.002,0.000185,216.5,0.005,7.81,11.35,521.0,93.45,10.5
SW-81611182,0.015,1.1,1.1,0.002,2e-05,10.5,0.005,6.88,10.8,120.0,98.55,10.8
AN-OAE045,0.086,6.3,6.27,0.0485,0.0009,231.0,0.013,7.63,11.5,786.0,76.5,8.06
TH-PUTR0009,0.064,14.0,13.9,0.08,0.000995,207.5,0.47,7.855,11.25,774.0,76.1,8.29
MD-SSN1388,0.0445,1.4,1.395,0.0089,0.00045,250.0,0.0465,7.64,10.7,534.0,92.2,10.6
NW-88002579,0.043,5.7,5.68,0.028999999999999998,0.00099,144.0,0.41000000000000003,8.04,11.3,552.0,90.6,10.1
TH-PBRR0007,0.47,1.8,1.73,0.08,0.007085,180.0,0.255,7.93,12.6,731.0,89.2,9.47
TH-PCRR0084,0.2105,3.435,3.38,0.0736,0.002345,214.0,0.23,7.69,12.4,866.5,72.35,7.735
SO-RSN0953,0.015,10.0,9.97,0.027,0.00038,150.0,0.23,7.83,14.5,641.0,94.3,9.67
NW-88022962,0.262,4.715,4.675,0.053849999999999995,0.00097,119.0,0.186,7.36,9.8,653.5,74.15,8.3
TH-SSN0499,0.0020499999999999997,17.5,17.5,0.0305,3.7500000000000003e-05,220.0,0.03785,8.405,11.4,652.0,131.3,13.955
TH-RSN0978,0.039,5.8,5.78,0.018,0.00082,230.0,0.073,7.92,13.7,617.0,90.5,10.0
TH-PLDR0007,0.0695,7.905,7.824999999999999,0.041550000000000004,0.00075,111.0,0.0945,7.64,13.7,661.0,84.7,8.66
SW-A2300111,0.015,4.325,4.305,0.01125,0.0003725,177.0,0.065,7.98,10.850000000000001,455.5,96.5,10.8
TH-PUTR0039,0.015,5.26,5.25,0.0095,0.00031,221.0,0.038,8.18,10.5,565.0,95.0,10.5
TH-PMLR0016,0.059,1.4,1.39,0.019,0.00065,89.0,0.08549999999999999,7.63,12.15,392.5,84.4,8.92
MD-23249180,0.015,8.17,8.11,0.0285,0.00038,242.0,0.15,8.12,11.5,776.0,93.6,9.77
NW-88022913,0.015,1.71,1.7,0.00625,0.00027,260.0,0.0275,7.885,10.05,558.5,94.05000000000001,10.6
MD-RSN1708,0.18,10.0,9.83,0.17,0.00086,280.0,0.26,7.31,10.7,1241.0,51.6,5.4
NW-88003550,0.032,0.81,0.801,0.0076,0.000375,73.0,0.05,8.03,8.7,280.0,99.4,11.4
MD-RSN2234,0.14500000000000002,2.5,2.41,0.039,0.000895,185.0,0.815,7.470000000000001,10.3,580.5,68.75,7.99
AN-BT0175,0.015,4.4,4.39,0.011,0.0003,299.0,0.054,8.18,11.3,787.0,96.3,10.5
AN-THORSWAY,0.015,11.0,11.0,0.014,0.000285,170.0,0.01,8.13,10.6,603.0,95.6,10.9
NW-88003912,1.0,0.32,0.271,0.022,0.00676,200.0,0.18,7.43,11.15,652.5,40.1,4.29
AN-BCAR050B,0.015,9.9,9.74,0.03,0.00056,180.0,0.053,8.33,7.4,633.0,97.6,12.2
MD-04799980,0.077,7.44,7.32,0.0757,0.00111,168.0,0.19,7.845,11.6,852.0,83.6,9.04
SW-E8101000,0.072,3.6,3.55,0.034,0.00127,260.0,0.23,8.05,12.1,685.0,97.6,10.8
MD-C0000080,0.065,1.48,,0.0158,,151.0,0.01,7.87,7.4,1292.0,87.7,
NW-88002843,0.045,18.0,18.0,0.048,0.00039,71.0,0.4,7.355,16.6,874.0,95.4,9.45
NW-88004372,0.015,0.69,0.684,0.002,9e-05,34.0,0.012,7.65,10.0,102.0,102.2,11.9
SW-81010221,0.015,5.06,5.05,0.0082,0.00027749999999999997,113.0,0.08,7.95,11.6,1078.0,98.0,10.6
MD-09667070,0.0245,4.17,4.1450000000000005,0.01975,0.0003725,208.5,0.5369999999999999,8.025,9.149999999999999,733.5,88.3,10.2
MD-48123095,0.015,12.0,12.0,0.031,0.000335,207.0,1.1,7.94,10.6,802.0,93.0,9.99
AN-BROCKLES,0.0365,14.0,14.0,0.067,0.0004075,241.5,0.875,7.845,10.1,893.5,92.19999999999999,10.9
TH-PLER0130,0.059,23.6,23.6,0.019,0.00037,140.0,0.65,7.27,16.799999999999997,1094.0,92.19999999999999,8.93
SW-60033104,0.041,2.55,2.54,0.0154,0.00059,297.0,0.047,7.9,10.4,702.0,92.7,10.5
AN-BUGB250N,0.161,11.0,10.75,0.072,0.00224,191.0,0.76,7.9350000000000005,11.25,756.5,89.55000000000001,9.625
SW-70620569,0.015,1.0,0.996,0.002,,,0.005,6.995,11.25,,99.7,11.1
NE-49505160,0.015,0.29,0.358,0.002,2e-05,3.75,0.005,7.045,4.4,96.5,101.8,13.15
SW-E1201400,0.015,5.64,5.63,0.0141,0.000325,180.0,0.096,8.05,10.6,462.0,96.0,10.7
AN-SSN1319,0.015,9.45,9.43,0.02,0.000315,295.0,0.18,8.39,11.8,712.0,97.05000000000001,10.9
AN-21M19,0.043,11.6,11.6,0.044,0.00055,231.0,0.353,7.81,10.9,912.0,79.0,8.64
SW-81811127,0.027,7.055,7.045,0.010450000000000001,0.0002825,53.5,0.0325,7.59,11.6,302.0,97.5,10.5
TH-PLDR0033,0.015,9.7,9.63,0.012,0.000375,229.0,0.072,8.024999999999999,12.3,700.0,91.75,9.79
MD-RSN2038,0.015,4.0,3.99,0.00995,0.0003225,215.0,0.062,8.195,10.35,485.0,99.69999999999999,11.05
NW-88006213,0.0073,0.9784999999999999,0.977,0.00223,0.00013,199.0,0.011,8.325,11.05,456.0,117.4,13.15
SW-A0350132,0.0365,1.6,1.59,0.0099,0.0007,250.0,0.155,8.08,11.3,751.0,91.6,10.8
NE-49100565,0.10250000000000001,9.719999999999999,9.67,0.057249999999999995,0.0016350000000000002,228.5,0.034,8.03,10.5,849.0,94.6,10.3
AN-SSN0511,0.18,3.4,3.38,0.077,0.002105,200.0,0.18,7.95,13.1,508.0,86.5,9.72
AN-RSN0590,0.0455,8.7,8.615,0.032,0.00076,250.0,0.0785,8.105,9.95,814.5,93.5,11.15
SW-91241199,0.015,1.315,1.3,0.002,7e-05,27.0,0.0175,7.1,10.6,195.0,98.2,10.6
SW-RSN1197,0.11,5.6,5.56,0.02,0.00193,260.0,0.077,8.19,11.2,574.0,96.0,10.7
NW-88000787,0.1345,3.0,2.9450000000000003,0.03695,0.00164,191.5,0.16,7.91,11.2,595.0,77.6,9.02
NW-RSN0843,0.00165,0.36,0.359,0.0005,5e-06,,0.0005,6.59,6.65,32.0,101.30000000000001,12.4
AN-TIF090,0.037,4.234999999999999,4.195,0.0271,0.00068,290.0,0.07100000000000001,8.05,10.95,784.5,91.0,10.149999999999999
SW-81940158,0.015,5.51,5.5,0.0072,0.00013749999999999998,41.5,0.025500000000000002,7.5,11.45,271.0,98.0,10.850000000000001
SO-RSN1653,0.013,0.14,0.139,0.0011,4e-05,21.0,0.0035,7.27,10.9,137.0,93.4,10.5
SW-81810610,0.015,5.4,5.395,0.0036,0.0001025,60.0,0.013999999999999999,7.465,11.350000000000001,288.5,96.05,10.35
SO-F0002156,0.09,4.44,4.39,0.042,0.00071,76.0,0.303,7.6,13.2,365.0,89.8,9.45
SW-72940185,0.015,0.64,0.646,0.002,6.5e-05,10.0,0.005,7.35,10.7,93.0,101.1,11.1
NW-88000874,0.044,4.6,4.58,0.03,0.00077,160.0,0.071,7.95,10.9,558.0,94.1,10.2
MD-38644170,0.038,7.925,7.9,0.024550000000000002,0.000325,124.0,0.039,7.81,8.9,577.0,89.4,10.3
TH-PUTR0238,0.066,5.0,4.98,0.0343,0.00103,289.0,0.471,8.01,9.7,802.0,79.7,8.89
SW-A2280103,0.015,6.01,6.0,0.0147,0.000165,248.0,0.135,7.8100000000000005,11.6,635.0,84.6,9.29
TH-PLER0039,0.015,23.5,23.5,0.014450000000000001,0.00039,193.0,0.67,7.84,15.2,1207.0,94.7,9.47
SW-A3200410,0.015,5.78,5.77,0.0186,0.000305,301.0,0.114,8.23,9.9,696.0,96.6,10.8
SW-81611044,0.125,0.6,0.594,0.0081,4e-05,27.0,0.07,6.279999999999999,12.75,700.0,79.0,8.375
MD-18873190,0.015,9.47,9.44,0.029,0.00034,180.0,0.057499999999999996,8.13,10.8,556.0,96.9,10.7
MD-RSN1152,0.009,1.15,1.145,0.00485,9.5e-05,53.5,0.0345,7.8,8.65,214.5,98.95,11.5
MD-58919035,0.015,6.93,6.9,0.015,0.000315,225.0,0.18,8.07,10.4,685.0,93.1,10.3
MD-SSN0012,0.019,0.98,0.967,0.0047,0.000335,67.0,0.028,7.91,12.8,239.0,97.44999999999999,10.5
AN-FINE100D,0.015,5.484999999999999,5.48,0.002,0.00028,265.0,0.005,8.09,10.3,785.0,93.6,10.6
AN-NENE610P,0.057,7.775,7.715,0.04675,0.0009450000000000001,194.5,0.113,8.16,9.6,880.0,95.7,11.5
SO-G0006948,0.0068,0.28,0.279,0.0005,2e-05,20.5,0.0036,7.12,12.1,162.0,96.4,10.2
NW-88005879,0.359,2.93,2.8,0.04585,0.00141,154.0,0.152,7.4,9.5,475.0,66.3,6.76
SW-RSN1563,0.007,0.93,0.929,0.0005,5e-06,,0.0035,6.14,11.5,96.0,92.6,10.1
SW-70826019,0.015,2.04,2.04,0.002,0.000245,43.0,0.031,7.9,10.0,172.0,99.0,11.2
SW-64200215,0.054,10.4,10.3,0.0759,0.00059,306.0,1.35,7.79,11.0,864.0,67.5,7.7
MD-51113480,0.22,7.7,7.62,0.1,0.00253,240.0,0.96,7.859999999999999,11.45,,90.9,9.74
MD-RSN1108,0.0455,0.6200000000000001,0.6145,0.007,0.00035,47.5,0.013,7.595,9.4,221.5,97.05,11.149999999999999
NW-88025760,0.124,2.5,2.48,0.0235,0.001055,108.0,0.056499999999999995,7.77,5.3,332.75,98.6,12.5
TH-PKER0024,0.015,5.1,5.09,0.00785,0.0003675,238.0,0.062,8.175,14.05,589.5,90.85,9.239999999999998
SO-G0006977,0.084,0.6,0.592,0.0057,0.00031,72.0,0.056,7.05,12.9,288.0,76.3,8.04
SW-81940215,0.015,6.455,6.45,0.00545,0.00011750000000000001,44.5,0.013,7.56,11.25,284.0,98.65,10.850000000000001
MD-23325540,0.159,3.295,3.23,0.0319,0.001815,250.0,0.0475,7.75,9.05,864.0,93.15,10.9
MD-24492020,0.0535,7.1,7.08,0.013649999999999999,0.0009599999999999999,196.0,0.17099999999999999,8.265,10.3,547.0,92.75,10.45
NW-88004591,0.0053,0.43,0.428,0.0017,4e-05,14.0,0.0015,7.55,10.7,71.0,99.7,11.2
SW-SSN1360,0.057499999999999996,2.25,2.205,0.031,0.001315,235.0,0.18,8.24,11.3,585.0,96.3,10.6
TH-PTHR0126,0.0655,17.7,17.6,0.0991,0.001055,142.5,0.436,7.755,14.100000000000001,919.0,81.15,8.295000000000002
SW-63100100,0.048,3.81,3.8,0.0261,0.00068,263.0,0.093,7.91,11.7,762.0,84.1,9.9
AN-HOLR190S,0.39,4.9,4.8,0.1,0.00611,400.0,0.635,7.84,12.5,3305.0,95.7,9.48
NE-RSN0736,0.036,7.6,7.57,0.024,0.00035,190.0,0.047,8.28,8.2,613.0,97.8,12.2
AN-WITTB200,0.015,9.8,9.77,0.032,0.00037,240.0,0.039,8.07,12.0,793.0,91.8,10.1
NW-88000835,0.047,4.91,4.87,0.0363,0.00086,164.0,0.111,7.99,10.1,618.0,95.0,11.5
SW-81950702,0.701,0.26,0.20800000000000002,0.0083,0.008995,26.0,0.005,7.54,15.6,1546.0,97.5,9.375
MD-38367267,0.136,13.2,,0.0229,0.00027,98.0,0.005,7.17,7.1,1214.0,72.8,
MD-59023160,0.413,2.54,2.42,0.0589,0.00226,290.0,0.077,7.63,11.2,1011.0,70.0,7.85
AN-RSN0734,0.042,8.3,8.27,0.036,0.00051,200.0,0.071,7.87,15.6,847.0,84.3,8.83
SW-RSN1285,0.00635,4.65,4.65,0.004,8.5e-05,220.0,0.007600000000000001,7.845,11.0,523.5,92.7,10.1
MD-06611280,0.033,5.7,5.68,0.0194,0.00048,277.0,0.395,8.03,10.5,1188.0,86.35,9.86
SW-RSN0685,0.026,2.05,2.045,0.00615,0.000225,57.5,0.019,7.665,10.45,301.0,94.15,10.4
MD-38315200,0.015,1.22,1.2105,0.00825,0.000365,174.0,0.0085,7.99,11.55,1205.0,90.19999999999999,10.75
MD-RSN0838,0.015,5.3,5.375,0.0115,0.0002525,240.0,0.13,8.02,11.2,596.0,89.8,9.57
NE-49905167,0.015,1.7,1.74,0.002,0.00026250000000000004,208.5,0.005,8.35,7.4,433.0,96.2,11.0
NW-88025843,0.015,0.1,0.098,0.002,0.00011750000000000001,14.5,0.005,7.59,10.7,54.0,101.3,11.4
NW-88002356,0.0555,1.415,1.395,0.0159,0.000915,190.5,0.0605,8.184999999999999,10.05,646.0,98.65,11.350000000000001
AN-ST0318,0.042,3.76,3.71,0.0329,0.00073,146.0,0.119,8.19,9.7,608.0,92.5,11.2
SW-72934611,0.032,2.6950000000000003,2.6799999999999997,0.00935,0.0002475,34.0,0.0505,7.53,11.8,186.0,96.75,10.649999999999999
NE-49200029,0.015,11.7,11.7,0.0101,0.00018,193.0,0.005,7.81,9.9,598.0,96.8,10.9
AN-TIF100,0.095,7.51,7.46,0.0655,0.00166,247.0,0.11,8.0,10.6,815.0,87.4,9.75
TH-PKER0052,0.015,7.875,7.83,0.02465,0.00031,250.0,0.043,7.85,10.45,628.0,97.1,10.850000000000001
NE-49105188,0.034,6.57,6.54,0.0219,0.00039,293.0,0.027,7.92,10.5,869.0,85.1,9.9
AN-TILLTRB1,0.0465,5.4,5.18,0.0269,0.00048499999999999997,210.0,0.026000000000000002,7.8,10.1,712.5,81.75,8.98
AN-BUCK1,0.194,3.29,3.17,0.048299999999999996,0.00371,278.0,0.14,8.09,11.3,875.0,92.1,10.1
AN-HARP200A,0.015,4.3,4.28,0.011,0.000335,284.5,0.097,8.07,12.2,1075.0,96.55,10.3
SW-70591051,0.037,4.66,4.64,0.019,0.0004,84.0,0.096,7.81,10.9,292.0,94.6,10.6
AN-59M04,0.043,3.5,3.58,0.018,0.00061,150.0,0.0325,7.8,13.2,849.0,93.4,10.149999999999999
NW-88023099,0.2705,4.8100000000000005,4.75,0.047200000000000006,0.004200000000000001,83.5,0.122,7.79,11.0,393.0,96.0,10.75
AN-18M01,0.147,11.6,11.6,0.104,0.00146,183.0,0.302,7.78,10.8,901.0,90.1,10.1
NE-49905155,0.015,3.5,3.49,0.0088,0.00033,230.0,0.088,8.32,10.3,544.0,98.2,10.9
SW-50270280,0.015,5.735,5.72,0.0161,0.0003125,224.5,0.0695,8.05,11.75,560.5,100.3,11.0
NW-88002101,0.068,1.01,1.0,0.0128,0.00068,77.0,0.041,7.84,7.6,298.0,99.9,12.1
AN-FYN045,33.4,27.1,,0.458,,,0.346,8.05,7.550000000000001,1107.0,79.45,10.01
AN-BL0370,0.015,4.91,4.9,0.0218,0.000205,293.0,0.06,7.79,11.3,903.0,89.6,9.61
NW-88004063,0.034,0.71,0.701,0.002,0.00025,35.0,0.016,7.74,8.8,142.0,95.0,10.8
NE-49300690,0.015,0.73,0.7244999999999999,0.002,0.00014,27.0,0.008,7.67,10.55,168.0,94.5,10.5
MD-04412220,0.0385,2.23,2.21,0.0215,0.00038500000000000003,375.0,0.2465,7.995000000000001,11.149999999999999,1076.5,87.65,9.190000000000001
NW-88002634,0.57,5.665,5.555,0.106,0.00312,91.0,0.499,7.4,12.4,472.0,76.0,8.02
SW-82010189,0.015,7.34,7.34,0.002,,15.0,0.014499999999999999,7.09,13.75,242.5,97.15,
NE-49301311,0.040999999999999995,1.79,1.7799999999999998,0.0095,0.0006050000000000001,62.0,0.0315,7.92,8.7,416.0,95.5,11.399999999999999
TH-PEVR0006,0.015,5.45,5.4399999999999995,0.0129,0.00031,215.0,0.1485,8.015,13.3,591.0,90.2,9.879999999999999
NW-88003549,0.119,2.6,2.56,0.039,0.0012000000000000001,79.5,0.27049999999999996,7.89,8.75,353.0,97.6,11.55
MD-55723050,0.0815,7.7,7.6,0.0552,0.0015249999999999999,170.0,0.155,8.094999999999999,11.05,652.0,98.30000000000001,10.850000000000001
NE-49800049,0.015,2.105,2.0999999999999996,0.0046,0.00027499999999999996,52.0,0.077,7.83,9.8,213.0,99.44999999999999,11.25
SW-73051213,0.015,0.87,0.863,0.002,0.000115,33.0,0.029,7.5,10.7,165.0,100.0,11.1
SO-E0004726,0.052,1.405,1.395,0.0062,0.00026,81.0,0.029,7.53,10.1,351.0,90.3,9.7
MD-23525980,0.081,12.2,12.0,0.114,0.00206,187.0,0.563,8.0,11.0,930.0,92.0,10.6
SO-E0004855,0.07,0.6799999999999999,0.6559999999999999,0.011699999999999999,0.00054,111.0,0.055,7.5649999999999995,13.25,364.5,75.25,8.18
SW-60250424,0.079,4.72,4.7,0.0477,0.0013449999999999998,224.0,0.23,7.96,12.649999999999999,654.5,88.25,9.5
SW-Z1530101,0.113,1.24,1.22,0.016,0.00129,216.0,0.131,7.76,10.8,693.0,79.6,8.62
SW-81290191,0.053,1.8,1.79,0.011,0.000355,42.0,0.054,7.46,10.95,209.5,94.85,10.6
NW-RSN0811,0.64,1.5,1.47,0.017,0.001,100.0,0.14,6.95,9.1,385.0,61.5,6.79
NE-49100430,0.085,3.3,3.28,0.018,0.00104,126.0,0.11,7.92,9.4,405.0,92.0,10.7
SW-E2020100,0.0745,1.4,1.365,0.021400000000000002,0.0004975,205.5,0.0795,7.605,12.05,583.0,82.4,9.18
TH-RSN1710,0.011,12.0,12.0,0.0067,0.00023,170.0,0.006,8.125,10.1,520.5,97.75,10.850000000000001
SW-E8000400,0.06,1.7,1.68,0.0173,0.00088,245.0,0.062,7.775,11.7,583.0,98.7,11.2
NW-88006348,0.0138,2.05,2.05,0.0039000000000000003,0.00021,198.0,0.043,8.100000000000001,9.2,434.0,101.8,11.45
MD-30696580,0.015,3.25,3.24,0.006500000000000001,0.00031499999999999996,120.0,0.2105,7.92,9.25,341.0,93.85,10.4
MD-SSN0684,0.015,4.6,4.58,0.018500000000000003,0.00034250000000000003,255.0,0.0945,8.14,12.8,632.0,95.9,10.6
NW-88003109,0.20850000000000002,0.5800000000000001,0.5695,0.0133,0.0009750000000000001,224.0,0.0385,7.58,9.7,752.5,71.55000000000001,8.355
AN-RSN1753,0.015,26.0,26.0,0.01005,7.000000000000001e-05,210.0,0.0225,7.495,9.600000000000001,969.5,73.1,8.23
NE-49800230,0.14,4.72,4.67,0.0404,0.00132,73.0,0.136,7.77,9.15,293.5,94.55,10.9
SW-50320520,0.041,2.1500000000000004,2.1399999999999997,0.017,0.00078,265.0,0.119,7.89,11.8,622.0,82.25,8.844999999999999
SW-81201180,0.032,0.58,0.572,0.0052,0.00021,37.0,0.035,7.49,8.0,170.0,92.0,11.0
SW-SSN0484,0.015,4.9,4.9,0.002,0.000105,18.0,0.018,7.48,14.3,246.0,100.0,10.1
SO-E0001604,0.11,4.1,4.025,0.051,0.00065,55.0,0.07,7.35,11.3,467.0,84.2,9.17
AN-22M25,0.092,12.25,12.4,0.13,0.0005549999999999999,200.0,0.13,7.5,12.7,1097.0,58.8,6.01
NW-88024627,0.35,3.4,3.28,0.11,0.00259,86.0,0.11,7.49,15.25,407.0,82.6,8.3
AN-DSTETFRD,0.041,5.1,5.07,0.03,0.00051,160.0,0.056999999999999995,7.925,7.85,587.5,92.6,11.0
SW-70722202,0.015,2.885,2.875,0.00835,0.000235,146.0,0.0445,7.9,12.7,375.0,95.2,10.3
AN-CL0230,0.039,5.59,5.57,0.03655,0.00062,240.0,0.5155000000000001,8.03,11.149999999999999,845.0,89.05000000000001,9.825
MD-51729020,0.015,4.2,4.2,0.002,0.00026,240.0,0.005,8.17,9.5,559.5,100.1,11.350000000000001
TH-RSN2185,1.6,0.1,0.098,0.002,0.01815,210.0,0.395,7.655,14.6,1062.5,15.35,1.69
SO-F0003056,0.062,3.93,3.9,0.0431,0.00047,80.0,0.621,7.45,14.3,434.0,70.5,7.08
MD-22686360,0.064,5.57,5.54,0.027200000000000002,0.001015,164.5,0.123,7.955,10.4,616.5,94.0,10.5
NW-RSN1776,0.0097,0.79,0.7845,0.00355,0.0002,130.0,0.026500000000000003,8.35,10.05,291.0,106.19999999999999,12.55
SW-81310296,0.015,1.37,,0.002,,3.75,0.005,6.55,12.0,85.0,102.85,
NE-49705101,0.0072,0.09,0.089,0.0005,5e-06,7.0,0.0107,6.91,7.2,47.0,100.2,12.0
TH-PWRR0023,0.015,6.555,6.545,0.0084,0.00027,195.0,0.046,8.235,9.5,519.5,97.7,11.05
MD-23314180,0.078,14.1,13.95,0.0668,0.001185,160.0,0.3535,7.84,11.8,843.0,88.5,9.66
NW-88004467,0.0219,0.87,0.866,0.00323,7.5e-05,56.0,0.0115,7.27,10.6,157.0,92.0,10.3
AN-CALD5,0.25,0.5,0.436,0.0145,0.00204,346.0,0.249,7.73,12.9,1703.5,86.7,10.0
MD-70479750,0.031,7.2,7.16,0.030850000000000002,0.0004825,200.0,0.17,7.975,10.9,908.5,92.0,10.25
MD-18506530,0.015,6.555,6.535,0.016,0.0003275,199.0,0.098,8.045,10.3,564.0,96.35,10.8
NE-49301299,0.0755,2.05,2.0300000000000002,0.02225,0.0009,185.0,0.019,7.9,11.6,839.5,86.4,9.545
NE-49000498,0.0206,0.686,0.68,0.00613,0.0002,41.0,0.0334,7.63,10.0,179.75,98.45,10.75
AN-PASE1,0.25,48.2,44.0,0.023,0.00057,250.0,0.586,8.39,12.9,1837.0,91.8,9.84
AN-SPRA090S,0.032,6.535,6.484999999999999,0.0246,0.00040249999999999997,110.0,0.2125,8.015,10.5,472.5,93.1,10.149999999999999
SW-RSN1663,0.0225,4.25,4.24,0.0053,0.00019,47.0,0.036000000000000004,7.640000000000001,10.75,280.5,98.1,10.75
SW-81950814,0.22,3.56,3.53,0.0232,0.0009350000000000001,26.0,0.264,7.27,12.0,229.0,97.5,10.45
SW-RSN0791,0.0295,2.5,2.48,0.013000000000000001,0.00031999999999999997,114.5,0.060000000000000005,7.805,11.350000000000001,316.5,94.45,10.350000000000001
SW-70813312,0.015,5.7,5.7,0.0074,0.0003,73.0,0.045,7.9,13.2,290.0,98.0,10.3
SW-RSN1291,0.0018,0.485,0.484,0.0005,5e-06,,0.00505,6.82,10.75,53.0,100.15,11.149999999999999
NW-88006290,0.015,1.8900000000000001,1.8900000000000001,0.002,0.0002475,99.0,0.0155,8.275,8.600000000000001,275.5,103.35,11.95
MD-51214030,0.28500000000000003,5.155,5.01,0.13,0.0038675000000000003,456.5,0.6,7.86,11.8,4914.0,92.15,10.2
NW-SSN0738,0.005,0.0073,0.0063,0.0005,5e-06,9.0,0.0057,6.245,7.85,39.5,100.25,11.8
SW-RSN1015,0.029,8.6,8.59,0.014,0.00023,35.0,0.055,7.484999999999999,12.9,412.5,100.5,10.600000000000001
MD-39067750,0.049,14.9,14.9,0.0493,0.00072,155.0,0.0335,7.93,11.0,761.0,94.6,10.4
AN-GTHORPBR,0.13,3.23,2.335,0.052500000000000005,0.00163,200.0,0.145,7.92,14.0,802.0,83.4,9.05
NE-49500136,0.015,1.49,1.6400000000000001,0.0067,0.00031,142.0,0.057,8.23,9.850000000000001,549.5,100.65,11.6
SW-81610447,0.0383,2.44,2.435,0.006135,3e-05,22.0,0.0245,6.71,11.05,151.5,85.95,8.98
SW-Z3110110,0.042499999999999996,4.665,4.63,0.02095,0.0007099999999999999,267.5,0.1905,8.325,9.4,738.5,100.75,11.45
AN-WAITHBCK,0.015,8.4,8.39,0.0114,0.00026,223.0,0.005,7.97,9.6,651.0,96.8,10.9
AN-GREN040G,0.036,10.7,10.7,0.045,0.000635,240.0,0.959,8.055,11.0,889.5,91.85,9.879999999999999
MD-38639980,0.041,16.0,15.8,0.058,0.0006,210.0,0.41,8.04,10.3,,91.2,10.8
SW-RSN0263,0.05,2.9,2.88,0.017,0.00049,72.0,0.084,7.73,11.5,250.0,97.4,10.6
MD-56423140,0.078,2.77,2.73,0.0257,0.0006,90.0,0.105,7.59,10.25,331.0,91.4,10.149999999999999
SW-RSN0835,0.28500000000000003,1.65,1.6099999999999999,0.0165,0.000735,50.5,0.0375,7.324999999999999,11.15,262.0,90.2,9.879999999999999
MD-46678100,0.0505,10.05,9.905000000000001,0.0696,0.0012,153.5,0.5569999999999999,8.125,11.850000000000001,885.5,99.5,11.2
MD-09443030,0.026,6.85,6.795,0.023,0.00035000000000000005,230.0,0.11,7.95,11.2,844.5,85.8,9.42
SW-RSN1605,0.0525,2.55,2.525,0.043,0.00071,245.0,0.25,7.59,14.899999999999999,685.0,88.85,9.34
NW-88003823,0.015,0.625,0.621,0.002,0.0001825,25.5,0.054,7.654999999999999,11.75,113.5,99.30000000000001,10.8
NW-88003084,0.0725,5.95,5.904999999999999,0.0175,0.0008049999999999999,85.5,0.215,7.59,12.5,473.0,97.0,10.2
MD-24588380,0.015,5.47,5.45,0.0137,0.000285,212.0,0.1,8.04,9.5,582.0,89.3,10.5
SW-81930961,0.015,1.55,,0.002,,12.0,0.005,6.355,10.3,265.0,99.0,
MD-23901180,0.015,3.635,3.625,0.008150000000000001,0.0002825,160.0,0.0945,8.265,10.0,445.0,97.95,11.2
SW-60270239,0.081,3.27,3.23,0.0451,0.00115,209.0,0.183,7.99,12.0,651.0,94.7,10.5
MD-47679360,0.036,4.1,4.08,0.022,0.00063,240.0,0.04,8.19,12.3,642.0,96.2,10.7
SW-50588888,0.0255,4.42,4.4,0.0177,0.000155,154.0,0.0142,7.22,10.3,424.1,,
NW-88002169,0.015,0.87,0.8625,0.009250000000000001,0.0002025,57.0,0.0365,7.715,9.5,285.5,95.9,10.65
MD-RSN1138,0.015,3.3,3.295,0.0053,0.00029,230.0,0.038,8.3,10.9,511.0,100.44999999999999,11.149999999999999
SW-82010192,0.015,8.6,8.6,0.0053,0.00011,44.0,0.044,7.49,11.8,383.0,98.2,10.5
NE-49105135,0.0935,7.115,7.0600000000000005,0.05215,0.0009450000000000001,250.0,0.18,7.84,8.6,834.0,88.7,10.35
SW-82518180,0.015,7.975,7.970000000000001,0.007549999999999999,0.00029,78.5,0.0305,7.82,11.6,345.0,98.1,10.6
MD-59715620,0.048,6.98,6.96,0.024,0.00083,191.0,0.146,8.06,11.5,788.0,94.4,10.4
SO-G0003983,0.015,0.29,0.286,0.002,0.00013,54.0,0.03,7.49,12.9,202.0,89.5,9.53
TH-RSN0850,0.015,4.8,4.79,0.0135,0.00021500000000000002,255.0,0.04,7.765,10.2,661.0,88.8,10.3
NE-49200303,0.067,5.6,5.51,0.038,0.00072,270.0,0.0495,7.875,10.3,795.0,91.6,10.45
NW-RSN1271,0.0027,0.046,0.045,0.0005,1e-05,,0.0005,7.34,11.0,26.0,102.2,11.4
SW-72930819,0.015,1.1,1.1,0.002,0.00018,28.0,0.0245,7.6,11.0,162.0,98.15,10.9
NW-88010172,0.336,2.39,2.32,0.0465,0.0014,199.0,0.098,7.38,9.3,620.0,60.0,6.87
NW-88000770,0.0665,4.115,4.075,0.04055,0.00117,96.0,0.0815,7.87,11.7,452.0,94.2,10.5
AN-37M29,0.015,13.0,13.0,0.023,,,0.028,8.35,8.7,725.5,100.3,11.9
AN-RSN1574,0.04,4.7,4.66,0.023,0.00055,220.0,0.08,7.94,10.9,668.0,88.7,9.78
SW-RSN0915,0.00685,0.32,0.319,0.0005,5e-06,,0.00455,6.09,12.5,75.5,96.05,10.55
NW-RSN1699,0.47,1.9500000000000002,1.9300000000000002,0.037000000000000005,0.007295,260.0,0.42500000000000004,7.89,11.0,577.5,97.75,10.6
AN-GLEN140S,0.048,17.0,16.9,0.081,0.0007700000000000001,185.0,0.68,8.114999999999998,11.25,839.0,93.30000000000001,10.75
NE-41000391,0.0035,0.1,0.098,0.0005,4e-05,35.0,0.005,7.925,7.5,102.0,102.3,12.2
SW-82110801,0.091,5.22,5.21,0.00955,,52.0,0.0825,6.68,,405.0,87.5,
SW-SSN1304,0.015,4.7,4.7,0.002,5e-06,20.0,0.013,6.05,13.7,202.0,90.0,9.31
TH-PTAR0030,0.015,9.0,8.98,0.0218,0.0002925,226.0,0.31,7.98,10.7,817.5,86.69999999999999,9.895
AN-42M24,0.091,4.64,4.59,0.03555,0.00103,319.0,0.127,7.83,10.1,972.0,82.9,9.67
MD-56091300,0.015,1.03,1.02,0.0049,0.00025,49.0,0.02,7.83,10.7,203.0,98.0,11.0
SO-RSN1261,0.015,11.0,11.0,0.00355,0.00030250000000000003,230.0,0.0125,8.245000000000001,11.3,654.0,98.3,10.649999999999999
NW-88006214,0.015,2.2,2.2,0.0087,0.00021,213.0,0.048,7.73,9.3,530.0,94.5,11.3
NE-49300174,0.031,4.8,4.79,0.011,0.0003,160.0,0.026,7.86,9.6,780.0,97.4,11.2
SW-81512108,0.015,2.6799999999999997,2.67,0.0073,0.00010750000000000001,19.0,0.036000000000000004,7.17,11.35,172.0,95.95,10.6
SW-RSN0679,0.0037,1.5,1.5,0.0016,5e-05,84.0,0.038,8.1,11.4,239.0,100.3,11.0
NW-88023205,0.015,0.36,0.356,0.002,0.0001575,44.0,0.005,7.85,7.7,143.5,99.9,11.95
NW-RSN2047,0.0225,0.34,0.327,0.00215,0.000205,89.5,0.024,7.76,8.1,224.0,97.5,11.4
AN-58M02,0.023,4.87,4.73,0.017,0.00026,280.0,0.091,7.78,9.6,687.0,84.6,9.61
NE-49600493,0.015,0.623,0.6214999999999999,0.002055,0.0001675,35.0,0.00795,7.93,8.05,181.0,93.25,11.25
NW-88000854,0.215,7.4350000000000005,7.295,0.11,0.0022050000000000004,140.5,0.11,7.745,9.850000000000001,621.0,82.69999999999999,9.42
MD-16375060,0.015,3.1950000000000003,3.18,0.0074,0.0003,199.0,0.061,8.2,10.9,456.0,97.8,10.7
MD-48646180,0.054,2.33,2.29,0.0337,0.00155,184.0,0.095,8.19,12.5,749.0,96.1,11.7
MD-RSN1650,0.056,1.4,1.38,0.017,0.00062,150.0,0.046,7.785,9.0,439.0,90.2,10.149999999999999
NE-49301340,0.015,1.7,1.68,0.0093,0.000305,81.0,0.042,7.95,9.3,318.0,96.5,11.1
TH-PCNR0023,0.03,4.42,4.41,0.0184,0.00035,252.0,0.166,8.04,10.6,759.0,91.6,10.5
SW-82410249,0.036,5.35,5.33,0.0165,0.00022,57.0,0.054,7.6,11.8,319.0,96.8,10.5
SW-91210127,0.0515,1.815,1.7850000000000001,0.012750000000000001,0.00031999999999999997,45.5,0.081,7.49,9.6,216.0,95.15,10.65
SW-70523330,0.041,4.03,4.01,0.026,0.00075,180.0,0.187,7.9,10.8,600.0,87.9,9.72
SW-70531507,0.015,7.43,7.41,0.0137,0.00026,98.0,0.083,7.78,10.0,345.0,98.2,11.2
MD-47588050,0.039,5.1,5.065,0.023,0.000715,227.0,0.10450000000000001,8.19,12.05,726.0,94.65,9.835
MD-38702007,0.035,12.0,12.0,0.042,0.0005775,260.0,0.2,8.22,12.4,850.0,94.1,9.765
NE-49301589,0.066,2.27,2.24,0.0197,0.00079,58.5,0.08299999999999999,7.785,9.7,384.5,95.6,10.5
NE-49401003,0.015,3.065,3.07,0.014849999999999999,0.000355,120.0,0.087,8.09,10.3,501.0,99.8,11.2
NE-RSN2276,0.0225,0.775,0.773,0.00355,0.000125,29.0,0.014499999999999999,7.42,9.850000000000001,151.5,99.85,11.25
AN-WITH2,0.015,11.850000000000001,11.850000000000001,0.0315,0.0003725,220.0,0.19,8.024999999999999,10.45,1042.5,93.5,10.6
AN-17M02,0.069,6.68,6.49,0.0477,0.00065,217.0,0.621,7.86,10.9,712.0,80.8,8.68
AN-BT0112,0.053,6.574999999999999,6.515000000000001,0.03265,0.001035,276.0,0.1275,8.045,11.0,852.0,93.65,10.3
SW-81211237,0.015,4.3,4.3,0.002,0.000225,77.5,0.014,7.805,11.45,330.0,98.45,10.75
NE-49400411,0.168,5.38,5.27,0.0643,0.0024,125.0,0.457,7.82,9.75,622.0,92.8,10.75
SW-81271502,0.015,0.95,0.946,0.0045,0.0002,30.0,0.011,7.56,10.0,169.0,96.2,11.0
NW-88000705,0.118,7.555,7.515000000000001,0.06735,0.00212,223.5,0.32399999999999995,8.04,10.3,1036.5,87.5,9.75
SW-82712765,0.015,3.1,3.065,0.00695,0.00025,53.0,0.048,7.66,11.1,258.0,97.6,10.649999999999999
MD-11559580,0.066,4.7,4.66,0.037,0.00111,201.0,0.14,7.96,10.3,797.0,90.0,10.2
SW-81950514,0.2525,2.045,2.035,0.00895,0.00013499999999999997,18.0,0.036,6.390000000000001,13.3,588.0,87.4,9.15
AN-RSN0069,0.015,12.0,12.0,0.044,0.000325,290.0,0.14,8.24,10.0,827.0,94.3,11.2
MD-RSN0119,0.015,1.8,1.8,0.002,0.0001425,25.0,0.0165,7.635,9.95,123.5,100.6,11.25
AN-BX0126,0.044,8.8,8.77,0.028,0.00075,270.0,0.25,7.97,10.85,897.0,85.65,9.155
SW-A1260305,0.11299999999999999,2.885,2.855,0.02645,0.001535,159.5,0.092,7.859999999999999,11.8,450.0,89.5,9.93
NW-88003561,0.11,3.935,3.84,0.0496,0.001955,119.0,0.1845,8.03,10.8,507.0,95.44999999999999,10.6
SW-60010055,0.3325,2.535,2.46,0.07075000000000001,0.0032700000000000003,325.5,0.2155,7.71,12.2,993.0,69.55000000000001,7.715
NW-88002563,0.0945,5.51,5.38,0.060149999999999995,0.0016150000000000001,120.0,0.6755,7.94,9.95,465.0,96.15,11.0
MD-RSN0378,0.033,1.9,1.88,0.0074,0.00071,220.0,0.033,8.03,10.1,652.0,93.1,9.86
MD-RSN2142,0.015,2.65,2.645,0.00575,0.0003875,195.0,0.0405,8.165,10.95,493.0,99.15,11.45
MD-59714150,0.015,6.95,6.9350000000000005,0.02455,0.000445,211.5,0.195,8.0,10.0,848.0,89.6,10.0
SW-70722402,0.015,1.87,1.87,0.002,0.00026000000000000003,41.0,0.011,7.87,10.55,150.0,97.1,10.9
NW-88003952,0.015,0.1,0.098,0.002,,,0.005,7.795,10.1,,102.25,12.0
SW-73020802,0.015,3.09,3.08,0.0066,0.000155,42.0,0.045,7.7,10.100000000000001,206.5,95.75,10.75
AN-RSN1917,0.077,4.15,4.1,0.03,0.00133,260.0,0.14500000000000002,8.29,11.899999999999999,1621.5,122.35,13.45
SW-81522703,0.015,1.72,1.72,0.002,8e-05,12.0,0.014,7.33,12.3,109.0,98.5,10.7
NE-49600021,0.0725,6.15,6.0649999999999995,0.0398,0.00098,250.0,0.08299999999999999,7.87,9.2,1058.0,90.30000000000001,10.850000000000001
NE-49301657,0.051,1.775,1.77,0.00785,0.000355,37.0,0.035,7.64,9.6,282.5,96.25,11.05
NE-49905160,0.015,0.1,0.098,0.002,0.0001625,23.0,0.005,7.91,10.75,75.0,102.65,11.45
MD-42310155,0.015,8.9,8.89,0.013,0.00014,210.0,0.022,7.64,10.0,2473.5,82.6,9.32
AN-WD0840,0.045,3.685,3.635,0.02775,0.000905,250.0,0.5945,8.08,11.1,1019.0,92.35,10.059999999999999
NE-49600472,0.033,5.48,5.45,0.0218,0.00058,168.5,0.023,8.17,10.45,601.0,97.05,11.05
AN-15M03,0.04,2.24,2.22,0.022,0.00086,221.0,0.844,8.08,8.8,751.0,92.4,10.2
NW-RSN1927,0.058499999999999996,0.64,0.62,0.009649999999999999,0.00027499999999999996,140.0,0.033,7.69,11.0,342.5,93.80000000000001,10.350000000000001
NE-SSN0486,0.014,0.30500000000000005,0.30300000000000005,0.0015500000000000002,0.000205,36.0,0.014499999999999999,7.83,12.8,161.5,99.94999999999999,10.7
SO-E0001382,0.072,1.175,1.07,0.027,0.0006,302.0,0.22,7.53,11.9,915.0,62.75,6.75
SW-RSN1567,0.0245,2.4,2.4,0.0056,0.00016,28.0,0.0265,7.5,10.9,140.0,96.85,10.75
NW-88002457,0.11,0.92,0.8985000000000001,0.0199,0.00203,132.0,0.047,7.99,11.6,652.0,90.1,10.1
SO-RSN1269,0.082,1.29,1.2405,0.0215,0.00046,175.0,0.087,7.57,14.5,584.0,77.2,8.62
MD-RSN0724,0.015,35.0,35.0,0.00785,0.00019250000000000002,180.0,0.035,8.2,5.95,781.5,93.7,11.9
AN-NENE550W,0.043,8.83,8.760000000000002,0.043,0.0008600000000000001,190.0,0.187,8.1,11.8,901.0,93.1,10.0
TH-PTHR0029,0.094,7.6,7.5,0.076,0.00214,270.0,0.332,8.08,10.8,728.0,88.2,9.59
SO-F0017554,0.048,0.1,0.098,0.002,0.00019,109.0,0.193,7.3149999999999995,11.45,361.0,47.8,5.335000000000001
MD-10929790,0.0215,5.8,5.79,0.0235,0.00040249999999999997,210.0,0.0995,7.965,10.399999999999999,912.5,92.0,10.3
MD-RSN1212,0.045,10.0,9.97,0.05,0.00064,200.0,0.26,8.09,10.6,940.0,90.2,10.0
MD-RSN1588,0.021,4.8,4.79,0.019,0.00044,290.0,0.023,8.28,10.1,1202.0,96.1,10.7
AN-SABR100A,0.015,9.9,9.87,0.017,0.000295,210.0,0.21,8.1,10.4,731.0,91.6,10.3
AN-WEN175,0.015,6.47,6.46,0.0225,,,0.06,8.004999999999999,9.7,785.0,88.5,11.0
SO-SSN0503,0.015,9.65,9.65,0.009649999999999999,0.0003275,300.0,0.072,8.075,12.9,781.5,96.05,10.2
MD-SSN1455,0.065,0.19,0.23450000000000001,0.0054,0.00081,170.0,0.021,7.785,12.2,403.0,92.45,9.015
TH-RSN1665,0.038,0.039,0.05605,0.002,5e-06,6.5,0.0022,4.97,9.2,151.0,87.5,9.65
TH-PUTR0002,0.015,6.27,6.265,0.008549999999999999,0.0002675,240.0,0.0475,8.15,10.45,586.0,91.5,10.3
NW-88005003,0.015,0.28,0.276,0.002,8.5e-05,14.0,0.005,7.62,9.6,77.0,99.3,10.9
SW-60110147,0.015,1.27,1.27,0.002,0.000275,99.0,0.041,8.1,10.0,366.0,97.8,11.2
TH-PLER0152,0.0515,15.0,15.0,0.0365,0.00081,240.0,0.34199999999999997,7.85,12.7,962.0,87.2,8.78
AN-RSN0597,0.015,7.35,7.3100000000000005,0.031,0.0002825,290.0,0.51,7.85,11.4,1103.0,81.1,8.87
NE-RSN2336,0.00545,0.027,0.026,0.0005,5e-06,7.0,0.010499999999999999,6.665,8.05,30.5,99.4,11.8
AN-61M02,0.0755,11.4,11.4,0.01845,0.001275,225.5,0.16,7.91,10.05,724.5,94.25,10.6
NW-SSN0666,0.044,2.0,1.98,0.017,0.00015,200.0,0.036,7.32,7.0,587.0,46.5,5.78
SW-82010139,0.053,5.205,5.195,0.0139,0.000205,15.0,0.025,7.15,11.850000000000001,219.5,97.55,10.4
SO-E0000815,0.05,9.25,9.22,0.037,0.00073,130.0,0.54,7.83,12.2,618.0,88.7,9.42
MD-SSN1464,0.07150000000000001,1.65,1.6099999999999999,0.0225,0.00117,170.0,0.0875,8.11,10.45,524.0,97.2,11.0
MD-50913080,0.264,0.1,,0.002,,62.0,0.03,6.04,11.2,771.0,19.1,2.06
MD-25029400,0.015,9.6,9.57,0.028,0.000365,190.0,0.25,7.975,10.85,673.5,93.45,9.94
NE-49200288,0.18,9.07,8.96,0.0841,0.002035,250.0,0.288,7.88,10.5,978.0,90.7,10.3
SW-82710970,0.015,3.67,3.6550000000000002,0.0073,0.0001425,58.0,0.201,7.545,10.649999999999999,302.0,95.1,10.55
AN-WFCW1,0.044,8.9,8.83,0.051,0.00044,231.0,0.097,7.975,10.399999999999999,762.0,88.05,8.74
TH-RSN0482,0.08,4.8,4.775,0.026500000000000003,0.000745,165.0,0.062,7.855,5.95,578.0,88.1,11.149999999999999
SW-60580150,0.015,5.390000000000001,5.38,0.002,0.000305,172.5,0.067,8.34,11.4,420.0,100.35,11.1
SO-RSN1777,0.031,3.8,3.72,0.018,0.00028,69.0,0.18,7.63,10.8,349.0,93.4,10.3
NW-88022537,0.066,1.03,1.03,0.008,0.00046,155.0,0.047,7.55,10.7,384.0,86.6,9.74
SW-E1002900,0.015,2.24,2.23,0.0052,0.00028,84.0,0.035,7.92,10.4,243.0,99.7,11.2
AN-DSBRIGG,0.175,19.5,19.4,0.12,0.00183,200.0,2.9,7.6850000000000005,13.85,992.0,87.7,8.565
SO-Y0004512,0.043,5.0,4.9350000000000005,0.012,0.000265,110.0,0.047,7.52,9.9,467.0,89.0,10.1
AN-THAM200L,0.051,9.7,9.61,0.042,0.00081,240.0,0.14,7.99,10.3,829.0,95.7,10.9
NE-49300799,0.074,4.02,3.98,0.0354,0.00078,192.5,0.0375,7.84,10.5,1196.0,91.2,10.8
AN-17M05,0.07400000000000001,8.32,8.24,0.0325,0.00134,219.5,0.498,8.120000000000001,10.7,770.5,95.4,10.95
AN-RSN1593,0.031,19.0,19.0,0.0245,0.0004075,270.0,0.0955,7.85,11.4,1051.0,86.2,9.09
SW-E4061800,0.129,1.495,1.47,0.02385,0.0016099999999999999,225.0,0.196,7.825,10.1,596.0,75.15,8.795
MD-50306820,0.0815,1.5,1.47,0.023,0.001245,220.0,0.035,7.895,10.3,770.0,92.4,10.3
TH-RSN0514,0.06,6.2,6.16,0.048,0.00078,270.0,0.94,7.66,12.4,986.0,56.7,5.53
MD-RSN0682,0.015,7.65,7.605,0.025,0.000345,340.0,0.13,8.23,11.600000000000001,790.0,96.9,11.1
MD-58248700,0.2,1.5,1.46,0.0485,0.00155,310.0,0.028,7.51,12.8,2339.5,86.8,9.41
AN-HUN022,0.015,17.0,17.0,0.0215,8.750000000000001e-05,225.0,0.012,7.385,14.75,860.0,92.19999999999999,9.4
NE-49400426,0.135,3.47,3.43,0.0543,0.00199,128.0,0.311,7.9,11.2,557.0,94.5,10.5
NE-49700161,0.034,1.33,1.32,0.011,0.00056,110.0,0.032,8.11,7.9,289.0,98.9,11.6
MD-49706690,0.015,1.4,1.4,0.002,0.0002375,73.0,0.024,8.075,8.7,243.0,100.0,11.3
SW-60030706,0.19,0.78,0.757,0.02385,0.00205,298.0,0.28500000000000003,7.8,11.3,776.5,73.15,8.49
MD-36753920,0.0975,8.45,8.385,0.062,0.00178,160.0,0.245,8.01,13.3,801.0,90.1,9.355
NE-SSN0685,0.0925,6.85,6.845000000000001,0.0051,0.00062,130.0,0.0325,7.465,11.0,537.0,94.5,10.149999999999999
NW-88022067,0.46499999999999997,2.56,2.525,0.0475,0.002145,161.0,0.033,7.37,10.4,851.0,85.6,9.625
NW-88005800,0.015,2.6900000000000004,2.6900000000000004,0.0048000000000000004,0.000255,207.0,0.0385,8.205,8.75,498.5,101.25,12.05
NE-49905166,0.015,4.26,4.245,0.0165,0.000375,238.0,0.08449999999999999,8.13,9.9,714.0,92.6,10.9
NW-88004468,0.04,0.25,0.246,0.0058,0.00024,183.0,0.031,7.55,11.5,469.0,72.9,8.56
SW-81261180,0.015,0.23,0.226,0.002,1.5e-05,2.5,0.005,6.609999999999999,11.1,44.0,100.8,10.95
AN-WHIL010P,0.015,8.8,8.77,0.023,0.00031,90.0,0.041,8.015,9.95,492.0,92.35,10.6
AN-ST14,0.034,8.4,8.34,0.0294,0.000495,250.0,0.25,8.08,11.45,870.5,91.94999999999999,10.2
NE-49500042,0.037,2.145,2.135,0.0183,0.0004325,195.0,0.0625,7.91,11.0,838.5,95.75,10.3
NW-88023950,0.316,1.36,1.32,0.0355,0.00349,147.0,0.047,7.83,8.5,514.0,93.7,10.7
MD-03342560,0.036,4.12,4.09,0.0229,0.00053,263.0,0.175,8.05,9.1,679.0,92.0,10.2
SO-F0002911,0.05,4.2,4.18,0.0227,0.00067,130.0,0.099,7.84,11.3,416.5,93.65,10.1
AN-ALD020,0.041,3.3,3.27,0.02,0.00056,310.0,0.037,7.71,10.9,989.0,73.6,7.8
NE-49100259,0.0465,7.74,7.67,0.0705,0.0006399999999999999,225.0,0.11150000000000002,7.705,10.8,1138.5,82.05,9.585
SW-82221891,0.015,2.2,2.2,0.002,7.5e-05,13.0,0.015,7.25,12.9,149.0,100.0,10.4
MD-03933100,0.045,2.1,2.09,0.0189,0.00085,243.0,0.117,8.18,10.6,724.0,98.3,10.7
NW-88001949,0.015,0.79,0.786,0.002,0.00013499999999999997,26.0,0.021,7.6,9.55,132.0,99.6,11.3
NE-49600485,0.015,7.19,7.18,0.0097,0.000255,200.0,0.049,8.25,8.3,615.0,99.8,11.8
SW-60010710,0.041999999999999996,8.225,8.184999999999999,0.032549999999999996,0.000575,251.5,0.3185,8.129999999999999,12.75,1835.5,100.19999999999999,12.3
NE-49505155,0.015,0.306,0.305,0.0005,7e-05,8.0,0.0062,7.5,10.4,56.0,102.8,11.4
AN-USSWLBY,0.015,9.35,8.92,0.0135,0.00026,270.0,0.023,8.16,9.600000000000001,747.5,92.8,10.8
AN-RSN1504,0.087,9.9,9.85,0.067,0.001495,210.0,0.0935,8.105,12.3,871.0,96.9,11.1
AN-GEAU7,0.015,9.9,9.89,0.019,0.000285,240.0,0.016,8.155000000000001,10.05,664.0,94.9,10.5
TH-PWYR0015,0.015,6.78,6.745,0.02395,0.00041,250.0,0.10500000000000001,8.23,13.0,653.0,100.4,10.4
SO-RSN2189,0.007600000000000001,9.4,9.395,0.0017499999999999998,4e-05,260.0,0.027,7.48,11.4,642.0,85.55,9.309999999999999
TH-RSN1994,0.0495,2.3,2.28,0.032,0.00056,210.0,0.16,7.765000000000001,11.15,756.0,79.65,8.26
AN-LTH030,0.085,3.36,3.33,0.0293,0.00084,267.0,0.227,7.63,9.4,2647.0,80.6,9.61
MD-54515140,0.054,3.37,3.35,0.0199,0.00099,170.0,0.11,8.19,12.0,513.0,96.3,10.4
NW-RSN2247,0.0029,0.13,0.129,0.0005,2e-05,,0.0005,7.494999999999999,8.45,52.0,100.7,11.85
NE-49301229,0.062,1.2550000000000001,1.219,0.037599999999999995,0.00078,249.5,0.1085,7.78,12.75,813.0,76.45,8.14
NW-88000667,0.299,1.09,1.05,0.0254,0.00171,91.0,0.005,7.55,10.2,1176.0,93.2,10.7
AN-WYVILLE,0.042499999999999996,11.0,9.77,0.029,0.00066,210.0,0.005,8.055,10.0,668.0,97.75,10.7
TH-PBVR0003,0.14,15.0,14.9,0.0963,0.0014,150.0,0.35,7.6,13.9,1241.0,75.3,7.74
SW-70240265,0.015,2.4,2.395,0.0046,0.000255,77.5,0.0675,8.0,12.2,266.0,99.95,10.75
NE-49105207,0.167,5.119999999999999,5.08,0.03385,0.00173,171.5,0.095,7.755,9.149999999999999,1729.5,86.95,10.2
SW-82112177,0.015,2.6500000000000004,2.6500000000000004,0.002,2.75e-05,12.0,0.016,6.955,11.8,187.5,99.3,10.6
NW-88003085,0.059,3.14,3.13,0.0281,0.00075,59.0,0.098,7.64,12.2,285.0,95.0,10.5
NE-49301483,0.28400000000000003,6.585000000000001,6.465,0.13605,0.00498,190.5,0.5934999999999999,7.859999999999999,11.25,1096.0,90.19999999999999,9.89
SW-81211235,0.015,5.9,5.895,0.00515,0.0003375,99.0,0.035500000000000004,7.925,12.149999999999999,450.0,97.6,10.4
AN-02M04,0.015,12.7,12.7,0.013,0.000235,240.0,0.013,8.085,9.6,629.0,98.5,11.55
NE-49401031,0.015,0.66,0.656,0.0047,0.00026,203.0,0.015,8.43,9.3,407.0,107.6,11.7
TH-POCR0006,0.173,10.0,9.87,0.081,0.00353,220.0,0.166,8.125,10.6,669.0,91.9,9.96
NW-88003870,0.19,2.9050000000000002,2.8049999999999997,0.0462,0.00202,166.0,0.407,7.82,10.05,478.0,86.3,9.76
NW-26345,0.073,2.0,1.815,0.031,0.00115,250.0,0.45,7.785,12.9,562.5,92.85,10.4
NW-88024271,0.19,2.8,2.76,0.046,0.00304,173.0,0.174,8.02,11.6,539.0,93.2,10.2
NW-88004582,0.015,0.35,0.346,0.002,0.0001,9.0,0.005,7.56,9.55,55.1,99.55000000000001,11.5
NE-49302261,0.015,0.494,0.491,0.002,5e-06,2.5,0.0081,5.26,6.4,72.0,96.4,12.1
MD-60587380,0.9365,26.0,25.700000000000003,0.33899999999999997,0.00858,75.0,0.3825,7.555,13.75,950.0,67.3,6.805
NW-88004530,0.015,0.33,0.326,0.002,4e-05,11.0,0.005,7.215,9.5,47.0,101.75,11.55
SW-70642153,0.015,0.44,0.436,0.002,,,0.005,6.86,11.0,,100.8,11.5
SW-A1260204,0.0625,3.935,3.9050000000000002,0.0264,0.00106,161.0,0.112,7.9350000000000005,10.9,451.5,89.5,9.785
AN-WAV050,0.0595,4.765,4.715,0.03665,0.0009,303.0,0.1115,7.92,10.7,1016.0,86.6,9.84
MD-59009850,0.21,12.0,11.9,0.0968,0.001775,124.5,0.2255,7.51,14.05,781.5,83.35,8.615
AN-RSN1966,0.015,9.4,9.37,0.0425,0.00046,230.0,0.315,8.065,10.85,795.0,99.9,11.35
SW-E3061100,0.0815,2.0,1.98,0.02605,0.00116,266.0,0.0955,7.895,9.55,664.0,84.0,9.435
SW-81810168,0.015,1.67,1.665,0.002,7.5e-05,8.0,0.005,7.18,11.9,185.5,99.6,10.649999999999999
MD-36731820,0.11,7.2,7.14,0.0534,0.00189,168.0,0.262,8.04,11.2,802.0,95.9,10.6
SW-70621805,0.034,3.26,3.26,0.016,0.00049,165.0,0.081,8.0,12.1,431.0,92.0,10.2
NE-49302347,0.0515,3.3,3.245,0.022199999999999998,0.00056,163.0,0.096,7.92,9.4,1653.5,88.3,10.149999999999999
SW-72930813,0.04,1.6,1.6,0.006,0.00018,31.0,0.048,7.5,10.95,151.5,98.05,10.8
MD-03959430,0.0375,1.6400000000000001,1.5699999999999998,0.012799999999999999,0.000635,250.0,0.111,8.19,11.3,686.0,92.0,10.149999999999999
SW-81951564,0.015,3.6,3.6,0.002,3e-05,15.0,0.005,7.03,10.4,167.0,100.0,11.3
AN-ECTON2,0.11,25.0,25.0,0.052,0.00034,110.0,0.21,6.98,16.8,1071.0,60.7,6.03
MD-46260200,0.13,7.305,7.245,0.07,0.002085,185.0,,7.99,9.9,,90.6,10.129999999999999
MD-04793640,0.093,10.0,9.85,0.059,0.00114,143.0,0.22,7.85,12.2,808.0,92.4,9.85
SW-RSN1858,0.015,4.1,4.385,0.015,0.00036,250.0,0.05,7.97,11.9,618.0,94.1,9.84
NW-88003503,0.015,1.1,1.09,0.0082,0.00029,141.0,0.061,8.165,9.9,474.0,99.25,11.5
NE-49905181,0.015,0.98,,0.002,,99.0,0.005,7.95,7.7,254.6,95.3,
AN-32M04,0.0235,10.1,10.1,0.027,0.00045,244.0,1.2999999999999998,8.08,10.6,901.0,89.9,10.2
MD-25032420,0.015,8.81,8.780000000000001,0.0295,0.00038500000000000003,185.5,0.47650000000000003,7.925,10.2,739.5,95.0,10.7
SW-60031100,0.118,2.38,2.3,0.0294,0.00119,239.5,0.1995,7.775,12.45,691.5,71.85,8.325
SO-G0003625,0.015,2.5,2.47,0.0212,0.00047,170.0,0.096,8.355,13.25,565.5,106.25,11.9
NW-88002656,0.096,1.915,1.89,0.026099999999999998,0.00068,136.5,0.07100000000000001,7.619999999999999,11.35,496.0,86.4,9.129999999999999
MD-47934440,0.16,2.41,2.38,0.0577,0.00343,210.0,0.093,8.18,12.7,983.0,90.5,9.81
MD-49121100,0.0895,11.2,11.2,0.05015,0.00177,213.5,0.552,8.15,10.5,859.0,94.0,10.7
NW-88003498,0.037,0.67,0.652,0.0114,0.00059,135.0,0.037,8.28,9.6,433.0,102.9,11.6
SO-Y0004320,0.015,4.73,4.71,0.016,0.0003925,172.0,0.048,8.3,12.5,626.0,99.0,10.7
NE-49000684,0.015,0.1,,0.002,,6.0,0.005,5.72,7.0,102.0,100.9,
AN-TRIBLUD,0.015,15.0,15.0,0.00465,0.000165,210.0,0.028,7.79,10.0,674.0,96.6,11.0
AN-MD0260,0.082,8.04,7.85,0.0491,0.00077,210.0,0.139,7.7,10.2,1049.0,72.9,8.14
AN-SSN1371,0.015,3.9,3.9,0.0047,0.000125,160.0,0.04,7.65,9.9,561.0,94.0,11.2
AN-RSN0369,0.0225,13.5,13.4,0.0405,0.0006349999999999999,275.0,0.16,8.12,11.65,903.5,92.44999999999999,10.13
AN-GEAU1,0.054,9.665,9.614999999999998,0.029949999999999997,0.00085,230.0,0.016,8.02,9.9,673.0,94.8,10.9
NW-88002551,0.0785,2.5599999999999996,2.54,0.017849999999999998,0.00045,174.0,0.042499999999999996,7.5600000000000005,9.5,499.0,87.85,10.004999999999999
NE-49705094,0.015,0.37,0.366,0.002,0.0002325,133.5,0.005,8.114999999999998,9.45,280.0,89.4,10.4
SW-70523364,0.037,3.95,3.89,0.0243,0.00036,187.0,0.182,7.890000000000001,11.25,600.0,92.0,10.5
SW-RSN0707,0.021,1.2,1.16,0.0078,0.00014,44.0,0.029,7.6,10.0,188.0,96.9,11.1
NE-49302053,0.118,3.1,3.07,0.0284,0.00122,161.0,0.12,7.85,9.1,632.0,87.4,10.5
NW-88004084,0.103,4.92,4.89,0.0379,0.00186,185.0,0.215,7.97,9.9,548.0,90.1,10.6
AN-WEN219,0.015,6.0,5.6899999999999995,0.013,0.000425,260.0,0.054,8.09,16.0,742.0,92.6,9.28
MD-44205010,0.084,7.3,7.25,0.125,0.0016250000000000001,300.0,0.187,8.1,10.7,994.0,83.4,9.615
MD-RSN2066,0.0925,5.8,5.73,0.044,0.001405,210.0,0.28,8.02,11.2,871.0,94.0,10.6
NW-88002380,0.10450000000000001,6.8,6.745,0.0493,0.0018549999999999999,117.0,0.58,8.0,12.7,548.0,98.1,10.5
SO-E0001250,0.048,9.8,9.76,0.037,0.00087,210.0,0.23,7.94,14.3,707.5,92.5,10.0
NE-49505169,0.094,5.0,4.97,0.031,0.00047,130.0,0.39,7.6,5.5,627.0,90.6,11.3
NW-RSN0779,0.074,0.56,0.553,0.013,0.00136,150.0,0.056,7.88,11.9,411.0,96.0,10.4
SW-70531279,0.015,2.4699999999999998,2.5,0.01,0.0002675,54.0,0.0795,7.68,11.05,217.5,99.3,11.149999999999999
NW-88005621,0.015,0.2,0.196,0.002,7.5e-05,7.0,0.005,7.3,10.0,54.0,99.7,11.45
SW-Z4170234,0.015,6.2,6.19,0.0076,0.000335,250.0,0.033,8.11,12.8,615.0,99.3,10.6
SW-70811777,0.015,7.35,7.324999999999999,0.0082,0.000365,130.0,0.072,7.94,13.3,880.0,97.4,10.3
AN-NENE020N,0.015,4.1,4.095,0.007,0.0002325,220.0,0.03,8.135,8.65,641.5,96.4,11.2
AN-YAR050,0.042,5.6,5.58,0.0208,0.00062,287.0,0.108,7.98,11.2,793.0,91.1,10.5
SO-G0017493,0.2005,2.31,2.285,0.021249999999999998,0.002385,95.0,0.10300000000000001,8.2,5.75,418.5,97.5,12.25
AN-RSN1914,0.015,20.0,20.0,0.002,0.00017,210.0,0.03,7.74,7.0,842.0,88.5,10.7
SW-70570190,0.015,0.92,0.916,0.002,0.000145,31.0,0.0115,7.72,10.2,115.0,100.0,11.0
AN-35M16,0.049,4.0,3.97,0.03,0.00051,233.0,0.08,7.915,11.25,933.0,81.65,9.465
NW-88000600,0.063,7.225,7.195,0.064,0.0009350000000000001,200.0,0.35,7.824999999999999,11.15,815.5,80.85,8.645
AN-FOSC1,0.061,4.5,4.44,0.06,0.00088,220.0,0.072,7.74,15.9,764.0,80.5,7.41
NW-88002455,0.101,1.52,1.51,0.0229,0.00132,193.0,0.072,8.0,8.0,631.0,93.0,11.2
NE-49400710,0.16,3.285,3.215,0.0597,0.002515,124.5,0.245,7.92,10.25,420.0,94.25,10.8
MD-59396900,0.1685,6.75,6.6899999999999995,0.0695,0.0028799999999999997,155.0,0.25,7.825,12.75,776.0,86.80000000000001,9.16
SW-70424011,0.057,1.58,1.57,0.0113,0.0009,91.0,0.093,8.0,9.4,359.0,96.6,11.0
MD-40415330,0.015,7.8,7.74,0.038,0.000435,287.0,0.13,8.18,11.05,1988.0,118.5,13.5
NE-49301894,0.015,0.37,0.366,0.002,0.00019,19.0,0.013,7.71,9.100000000000001,128.0,99.2,11.4
MD-43533250,0.015,13.0,12.9,0.0467,0.00039,220.0,0.26,8.01,10.0,1073.0,97.6,11.0
AN-ST1440,0.045,10.5,10.3,0.0965,0.00098,270.0,2.04,8.31,8.8,987.0,95.1,11.1
MD-36787260,0.084,1.89,1.86,0.0307,0.00135,193.0,0.09,8.0,11.8,900.0,94.8,10.0
SW-81110335,0.1105,3.035,3.02,0.01285,0.00141,184.0,0.0615,7.74,13.1,525.0,93.0,10.2
SW-50231121,0.015,6.07,6.0600000000000005,0.01025,0.00030000000000000003,218.5,0.0465,7.8149999999999995,10.649999999999999,531.5,95.85,10.4
AN-SLAD120P,0.087,4.9,4.86,0.045,0.00169,190.0,0.2,8.16,12.0,767.0,96.2,10.2
MD-58662210,0.051,0.24,0.234,0.0073,0.00073,140.0,0.005,7.75,15.0,1187.0,89.7,8.97
AN-RSN0558,0.015,9.3,9.28,0.019,0.000365,170.0,0.8,8.1,11.3,735.0,96.3,10.7
SW-RSN1637,0.0485,5.8,5.74,0.057499999999999996,0.00079,260.0,0.14,8.08,10.05,710.0,89.4,10.3
SO-E0001784,0.0235,15.3,15.3,0.0162,9.25e-05,53.0,0.32099999999999995,7.23,11.899999999999999,594.0,90.9,9.545
AN-GWSH030K,0.03,1.6,1.59,0.01,0.00058,230.0,0.12,8.25,8.2,642.0,94.1,10.5
MD-C0000085,0.015,9.71,9.68,0.02685,0.00030500000000000004,283.5,0.113,8.0,10.4,778.5,108.05,11.5
SO-G0006979,0.14,0.1,0.194,0.0061,0.0004,66.0,0.075,7.14,13.8,262.0,46.7,4.31
SW-81916020,0.015,4.525,4.525,0.002,9.25e-05,14.5,0.0115,7.1,11.95,201.0,98.0,10.8
NW-88005835,0.015,5.890000000000001,5.88,0.00465,0.0002,65.5,0.032,7.88,10.1,300.0,100.2,11.3
TH-POCR0001,0.055,9.1,8.99,0.0644,0.00106,220.0,0.199,8.03,11.149999999999999,684.0,83.5,9.01
SO-E0001681,0.084,1.4,1.28,0.019,0.00064,168.0,0.076,7.62,12.2,629.0,76.5,8.71
TH-PCNR0246,0.038,5.585,5.5649999999999995,0.02085,0.00057,240.0,0.13,7.96,12.1,669.0,89.2,9.46
MD-36899020,0.039,8.5,8.48,0.025,0.00099,180.0,0.33,7.97,12.5,,90.2,9.96
NE-49105208,0.307,3.98,3.82,0.0967,0.003525,260.0,0.193,7.82,9.2,863.0,79.6,9.024999999999999
AN-33M09,0.085,13.0,12.9,0.062,0.00129,240.0,0.31,7.85,12.9,932.0,91.85,9.555
NE-49500622,0.044,0.44,0.436,0.002,0.00034,25.0,0.005,7.63,10.4,242.0,97.3,10.9
MD-RSN2266,0.015,4.0,3.9800000000000004,0.0285,0.0003725,180.0,0.0235,8.345,13.8,554.0,105.5,11.55
NE-49300732,0.043,7.87,7.76,0.0294,0.00057,170.0,0.044,8.055,9.4,1023.0,97.2,11.1
MD-47679040,0.0275,3.75,3.74,0.0091,0.0004575,205.0,0.042499999999999996,8.155000000000001,12.45,555.5,95.7,10.18
SO-F0003326,0.068,9.32,9.36,0.052,0.00075,250.0,0.375,7.77,12.3,811.0,62.5,7.24
NW-88024637,0.071,0.91,0.898,0.0102,0.00088,89.0,0.066,7.83,9.0,223.0,99.8,11.8
AN-NTBK115H,0.101,8.32,8.645,0.038900000000000004,0.00171,220.0,0.0495,8.035,10.6,702.0,91.2,9.96
MD-RSN0714,0.108,4.55,4.48,0.052500000000000005,0.00164,285.0,0.30500000000000005,7.890000000000001,10.65,818.5,86.35,9.205
MD-39827430,0.056,7.4,7.37,0.03,0.00091,76.0,0.029,7.81,14.1,469.0,92.9,9.58
SW-E4003200,0.0575,4.275,4.234999999999999,0.03015,0.00115,231.0,0.1575,8.05,11.600000000000001,631.5,94.0,10.3
MD-46301150,0.031,3.3,3.27,0.027,0.00028,200.0,0.04,7.76,11.7,1240.0,84.1,9.7
SW-73210606,0.0057,0.61,0.609,0.0005,6e-05,27.0,0.0085,7.8,8.8,108.0,98.1,11.6
AN-MILLHOUS,0.052000000000000005,13.15,13.1,0.032,0.000915,263.0,0.062,8.055,10.3,894.0,99.15,11.5
SO-E0001379,0.17,11.4,11.25,0.12,0.0011,255.0,0.4,7.47,12.7,957.0,65.4,7.25
NW-88001849,0.0029500000000000004,0.7355,0.734,0.0014949999999999998,5e-06,18.0,0.00315,7.34,8.35,100.0,100.15,12.05
NE-RSN1048,0.0385,3.25,3.235,0.013,0.0005200000000000001,325.0,0.10300000000000001,7.885,11.5,1026.0,91.25,9.59
SO-RSN2109,0.022,1.2999999999999998,1.29,0.0073,0.00015999999999999999,59.0,0.0079,7.574999999999999,11.85,274.0,94.35,10.105
NW-88002591,0.064,3.7,3.63,0.0342,0.00139,140.0,0.435,8.01,9.6,499.0,94.2,10.9
MD-RSN0586,0.015,5.0,4.98,0.015,0.00025,170.0,0.0695,7.99,9.65,464.0,96.9,11.45
NW-88003508,0.1765,1.0899999999999999,1.08,0.0118,0.001505,152.0,0.057499999999999996,7.655,9.4,583.0,96.9,11.1
NW-88004435,0.015,2.25,2.24,0.00875,0.00021,139.5,0.03949999999999999,7.785,9.05,363.5,98.75,12.2
SW-81020826,0.015,0.95,0.946,0.002,8e-05,11.5,0.04,7.17,11.6,130.5,99.4,10.75
MD-44206000,0.99,8.6,8.469999999999999,0.163,0.00962,306.0,0.263,7.76,11.7,1051.0,78.0,8.57
NW-88025770,0.015,0.2,0.196,0.002,0.000125,51.0,0.016,7.6,11.6,162.0,82.5,
AN-48M07,0.015,9.850000000000001,9.825,0.0351,0.000395,260.0,0.14500000000000002,7.995,10.95,797.0,89.6,9.8
NE-49405122,0.015,0.656,0.655,0.0005,2e-05,8.0,0.0065,7.12,7.6,122.0,101.7,12.1
NW-88000744,0.5985,3.27,3.2249999999999996,0.0416,,81.5,0.009000000000000001,7.675,14.3,286.0,97.95,
NE-49905185,0.015,2.18,,0.0073,,140.0,0.0665,8.11,10.684999999999999,487.5,90.6,10.3
SO-E0007232,0.015,5.6,5.59,0.0084,0.0002825,250.0,0.0285,7.99,11.8,609.0,99.80000000000001,10.75
TH-PLER0051,0.256,3.4,3.325,0.076,0.0024,215.0,0.057,7.69,10.6,814.0,62.0,6.93
MD-77938820,0.251,1.7,1.66,0.036,0.00338,220.0,0.034,7.9,8.3,889.0,88.8,9.92
SW-72930270,0.051000000000000004,2.05,2.045,0.0093,0.0002325,38.0,0.049,7.44,11.2,187.0,97.15,10.5
SW-72911944,0.015,3.6100000000000003,3.605,0.0121,0.00035749999999999996,51.0,0.0765,7.779999999999999,9.2,248.5,97.85,10.899999999999999
MD-24265200,0.015,5.63,5.62,0.0116,0.000305,179.0,0.091,8.235,11.0,526.0,99.05,11.3
MD-03696450,0.049,5.1,5.07,0.0247,0.0010400000000000001,229.0,0.2855,8.06,12.1,663.0,94.1,10.0
SW-91241172,0.06,2.66,2.6,0.0095,0.0006100000000000001,160.0,0.037,7.61,12.2,1586.0,98.2,10.45
MD-RSN0330,0.015,1.6,1.6,0.002,0.000245,250.0,0.020999999999999998,8.2,8.4,615.0,98.3,11.4
MD-00041180,0.032,4.0,3.97,0.018,0.00047,92.0,0.129,7.92,12.9,361.0,94.4,9.65
TH-PUTR0080,0.048,10.0,9.89,0.031,0.00061,230.0,0.077,7.81,11.6,673.0,89.30000000000001,9.66
MD-70263400,0.0575,4.02,3.99,0.032,0.0006850000000000001,180.0,0.1,7.87,11.0,557.5,84.15,9.030000000000001
NW-88003480,0.0625,2.305,2.29,0.027299999999999998,0.00092,168.5,0.1,7.94,9.7,643.5,92.05,10.350000000000001
NE-49500656,0.029150000000000002,1.025,1.02,0.00469,0.00028,18.5,0.023,7.825,8.899999999999999,159.5,101.05,11.55
SW-Z2040103,0.034,2.5,2.48,0.01815,0.000715,223.5,0.111,8.0,11.05,775.5,93.2,10.2
NE-49700248,0.015,0.28500000000000003,0.256,0.002,0.000205,21.0,0.005,7.84,10.1,121.0,101.0,11.4
NE-49000683,0.015,0.1,,0.002,,6.0,0.005,6.71,7.2,84.0,102.3,
NW-88023957,0.096,2.03,1.95,0.0189,0.00065,185.0,0.232,7.58,10.7,551.0,82.4,9.09
NW-RSN0220,0.016,0.74,0.737,0.0035,0.00029,120.0,0.014,8.024999999999999,10.75,260.0,99.4,11.8
NE-49400334,0.024300000000000002,0.6575,0.651,0.005545,0.000375,56.5,0.028,8.11,8.85,177.5,99.05000000000001,11.25
NW-88024629,0.1775,3.6,3.5200000000000005,0.028999999999999998,0.0006950000000000001,275.0,0.14500000000000002,7.25,11.7,627.0,35.3,4.1899999999999995
SW-60226800,0.1035,4.075,4.025,0.038849999999999996,0.0009350000000000001,203.0,0.20600000000000002,7.645,13.25,638.5,85.94999999999999,10.15
SW-Z1012323,0.0665,6.255,6.23,0.034600000000000006,0.00122,240.0,0.10400000000000001,8.105,10.65,669.0,94.8,10.6
NW-88003971,0.015,0.27,0.266,0.002,,,0.005,7.8149999999999995,10.1,,101.94999999999999,11.8
SW-70581085,0.015,0.42,0.416,0.002,0.000125,13.0,0.0036,7.6,11.8,75.0,104.0,11.3
NE-49301634,0.0545,2.2,2.1799999999999997,0.00865,0.0003,39.0,0.035500000000000004,7.78,9.350000000000001,293.5,97.05,11.1
AN-DEB026,0.063,6.0,5.970000000000001,0.036,0.00058,309.5,0.1765,7.77,10.7,979.0,73.8,7.77
AN-RSN1926,0.074,2.5,2.48,0.03,0.00085,205.0,0.024,7.82,11.45,810.0,83.7,9.370000000000001
MD-50048,0.02,4.6,4.58,0.016,0.00039,190.0,0.082,8.08,12.5,490.0,93.8,9.55
NW-88003529,0.015,1.22,1.21,0.0066,0.000375,92.0,0.075,8.045,9.649999999999999,267.0,100.15,11.4
SW-70220169,0.135,4.1,4.03,0.028,0.00214,160.0,0.11,8.07,13.2,460.0,97.0,10.6
NW-88010151,0.01585,1.125,1.115,0.006385,0.000285,154.0,0.0194,8.245000000000001,9.3,347.5,104.2,11.649999999999999
AN-DOV060,0.051,5.86,5.8,0.0391,0.00058,320.0,0.21,7.715,12.3,1021.0,68.5,7.22
SW-70570115,0.015,1.13,1.13,0.002,0.00024,30.0,0.0157,7.9,11.2,128.0,98.3,11.4
AN-WELL080G,0.045,3.7,3.675,0.0315,0.00067,193.0,0.099,8.01,10.5,685.0,89.2,9.93
NW-88023164,0.051,0.47,0.466,0.0041,0.0007,38.0,0.04,7.94,9.1,173.0,98.8,11.4
NW-SSN1286,0.07,2.05,2.03,0.016,0.00075,130.0,0.023,7.64,11.9,450.0,93.4,10.25
NE-49400624,0.015,3.65,3.635,0.00835,0.00035,198.5,0.0525,8.14,10.55,938.0,95.75,10.95
MD-05348780,0.015,7.045,7.015000000000001,0.0232,0.000375,266.5,0.3205,8.015,11.9,825.0,87.2,9.83
SO-F0017550,0.043,2.725,2.71,0.01575,0.00019500000000000002,140.0,0.0555,7.525,11.4,415.0,83.6,9.455
NW-RSN0911,0.00295,0.165,0.164,0.0005,4e-05,51.0,0.0028,7.99,7.6,131.0,100.6,12.2
MD-59008500,0.358,9.89,9.67,0.168,0.00381,130.0,0.315,7.6,12.5,757.0,82.5,8.75
NE-49000021,0.038,0.42,0.395,0.002,0.00049,50.0,0.0316,7.71,9.8,204.5,100.3,11.6
SW-81810602,0.033,5.3,5.29,0.0057,0.0003,61.0,0.018,7.57,12.9,344.0,99.5,10.4
NW-88006266,0.0286,5.485,5.4350000000000005,0.016,0.000325,100.0,0.06075,7.9,10.0,317.0,97.0,11.3
AN-10M01,0.0385,6.0,5.975,0.0284,0.000375,201.5,0.186,8.105,10.5,834.5,94.25,10.6
SW-70720238,0.015,0.6950000000000001,0.6910000000000001,0.002,0.00021500000000000002,18.5,0.005,7.835,9.3,84.0,100.0,10.9
AN-WILL050B,0.113,6.58,6.53,0.0565,0.00158,257.0,0.247,7.9,11.9,1291.0,92.1,10.2
NW-88023720,0.015,0.0907,0.08765,0.002,0.00034,139.0,0.0015999999999999999,7.97,12.2,401.0,93.75,9.780000000000001
SW-RSN0317,0.295,2.05,2.005,0.0435,0.003045,295.0,0.2,7.8,11.8,833.0,68.6,7.26
MD-11973120,0.043,3.5999999999999996,3.58,0.021,0.00081,227.0,0.128,8.105,10.7,847.5,91.30000000000001,10.2
NW-88002581,0.042499999999999996,3.91,3.855,0.0284,0.000665,150.0,0.4085,8.03,10.8,547.0,94.4,10.6
TH-PTAR0003,0.044,2.61,2.575,0.0235,0.00096,220.0,0.1965,8.06,11.3,647.0,86.6,9.76
SW-81310217,0.015,3.8,3.8,0.002,0.000175,59.0,0.063,7.71,12.6,248.0,98.3,10.3
NW-88002491,0.098,8.2,8.14,0.0546,0.00106,114.0,0.31,7.77,10.1,592.0,85.0,9.31
MD-39480020,0.056,12.0,11.9,0.074,0.00099,190.0,0.323,8.27,11.9,976.0,97.8,11.0
SW-60031962,0.015,3.3,3.3,0.0049,0.000305,300.0,0.067,8.145,11.5,670.5,98.65,10.7
SW-RSN0669,0.0077,8.05,8.04,0.011,0.00015,220.0,0.045,7.9399999999999995,11.55,559.0,93.2,10.2
SW-60270624,0.034,8.85,8.8,0.0404,0.00062,268.0,0.293,8.0,11.0,799.0,81.7,9.11
AN-BUR020,0.015,6.8,6.78,0.021,0.00042,237.0,0.047,8.03,9.8,739.0,93.65,10.6
MD-07252100,0.015,7.1,7.09,0.0165,0.0002325,305.0,0.07050000000000001,7.895,11.9,880.0,93.65,10.145
NW-RSN2218,0.11050000000000001,8.7,8.524999999999999,0.075,0.00184,255.0,0.3,7.855,10.35,705.0,90.44999999999999,9.735
TH-SSN0655,0.16499999999999998,0.1,0.191,0.00885,0.00061,375.0,0.0555,7.5,11.7,860.0,68.1,7.37
SO-E0001645,0.03,1.8,1.79,0.008,0.00028,168.0,0.08,7.77,10.9,948.0,93.6,10.1
MD-02847960,0.0225,7.135,7.109999999999999,0.03135,0.0004875,268.5,0.20500000000000002,8.075,11.7,873.0,91.45,9.865
NE-49000488,0.015,0.42,0.416,0.002,0.00019,15.5,0.005,7.66,9.9,120.0,99.7,11.75
MD-RSN1214,0.08149999999999999,8.05,7.99,0.07150000000000001,0.001005,160.0,0.15000000000000002,7.63,12.350000000000001,772.0,86.94999999999999,9.455
MD-56091580,0.016,0.8,0.794,0.0056,0.00022,53.0,0.023,7.85,10.3,222.0,98.5,11.1
NE-49000501,0.0036,0.489,0.488,0.0013,1e-05,18.0,0.0055,7.34,9.4,117.0,98.85,10.850000000000001
NW-88002228,0.015,0.435,0.431,0.002,0.0002075,46.5,0.01565,7.765,10.55,175.0,100.0,11.2
SW-50570145,0.015,6.27,6.25,0.01575,0.0003175,221.5,0.059,8.04,11.9,564.0,102.55000000000001,11.0
MD-SSN1505,0.015,21.5,21.5,0.002,0.0002675,330.0,0.005,7.98,10.0,891.0,101.2,11.4
AN-01M02,0.037,4.6,4.58,0.0246,0.00049,220.0,0.215,7.95,9.9,713.0,88.6,10.3
SO-G0006945,0.036,6.8,6.78,0.016,0.000215,75.0,0.18,7.6,12.2,359.0,92.1,9.68
AN-ANT080,0.33,0.9299999999999999,0.915,0.01685,0.00142,190.0,0.027,7.39,10.6,949.0,61.400000000000006,6.9399999999999995
NE-SSN1453,0.015,1.5,1.5,0.005549999999999999,0.000245,75.5,0.0245,8.175,10.05,309.5,99.4,11.35
NW-88005653,0.041,1.0,0.987,0.0104,0.00025,41.0,0.038,7.81,8.7,159.0,99.5,11.3
SO-SSN1326,0.015,0.1,0.098,0.002,2.5e-05,42.0,0.005,6.85,11.0,144.0,84.2,9.79
NW-88025771,0.015,0.69,0.686,0.002,0.000275,77.0,0.005,8.1,10.0,260.0,97.7,
NE-RSN1272,0.0092,0.18,0.179,0.0013,9e-05,35.0,0.01,7.83,8.8,94.0,101.9,12.2
AN-ST1370,0.049,4.68,4.625,0.0348,0.00123,255.0,0.17099999999999999,8.265,8.8,832.5,94.5,10.85
SW-RSN2055,0.015,3.5,3.49,0.0048,0.00017,74.0,0.055,7.66,10.9,247.0,97.3,10.6
NW-88005790,0.05,2.5,2.49,0.015,0.00083,160.0,0.074,8.120000000000001,9.4,409.0,101.6,11.8
TH-POCR0010,0.045,12.1,12.1,0.05,0.00068,240.0,1.04,7.865,11.2,875.0,80.1,8.4
SW-50540108,0.015,5.25,5.25,0.0058,0.000245,197.0,0.015,7.92,11.1,482.0,90.5,9.91
SO-G0006273,0.015,8.9,8.88,0.015,0.000405,240.0,0.0505,8.0,12.45,609.5,102.15,11.5
NW-88006339,0.344,6.82,6.72,0.0535,0.00199,165.0,0.14,7.72,9.2,482.0,93.1,10.9
SW-50020113,0.015,3.01,3.0,0.0105,0.00023,97.0,0.005,7.63,11.5,405.0,100.0,10.9
MD-20670900,0.028900000000000002,6.9,6.885,0.015099999999999999,0.00022,150.0,0.039,7.61,11.2,466.0,89.45,9.77
SW-70571461,0.015,2.65,2.645,0.0051,9.25e-05,23.0,0.0325,7.545,9.05,122.0,101.25,11.649999999999999
AN-45M03,0.041,7.7,7.67,0.0455,0.00081,260.0,0.0875,7.905,12.95,848.5,88.9,9.39
MD-54519100,0.015,2.93,2.92,0.0047,0.000305,200.0,0.033,8.11,10.1,493.0,98.2,11.3
SW-81120275,0.0024,0.0734,0.0724,0.0005,5e-06,2.5,0.0037,7.0,10.0,48.0,100.7,11.0
AN-44M02,0.1085,14.5,14.45,0.0797,0.00122,241.0,0.13,7.74,12.8,1148.5,81.55000000000001,8.545
AN-MOORDRSH,0.035,1.6,,0.014,0.000375,,0.005,7.734999999999999,9.0,1408.0,84.3,9.89
NW-88005627,0.0525,0.1,0.098,0.002,0.0004,4.75,0.005,7.48,7.95,48.0,101.05000000000001,12.0
NE-49302155,0.015,2.67,2.67,0.002,8e-05,165.0,0.045,7.7,2.2,910.0,91.0,12.5
NE-49200281,0.015,13.0,13.0,0.012,0.00014,180.0,0.011,7.76,10.35,583.0,97.5,10.95
SW-82010111,0.045,4.095,4.07,0.01515,0.00038250000000000003,23.0,0.0155,7.6,13.0,242.0,98.4,10.7
AN-41M08,0.04,5.915,5.859999999999999,0.04445,0.000655,282.0,0.265,8.11,10.9,905.0,94.6,11.1
AN-WELL400D,0.19,7.85,7.745,0.09,0.00344,220.0,0.21,8.08,10.85,808.5,92.30000000000001,10.149999999999999
SW-81940908,0.015,5.85,5.83,0.0065,0.000115,45.5,0.023,7.405,10.399999999999999,290.5,98.2,11.2
AN-ST05,0.015,6.28,6.255,0.0283,0.0005325,282.5,0.2125,8.06,10.8,922.0,98.15,10.620000000000001
SW-A0340317,0.032,3.5,3.48,0.011,0.00063,260.0,0.0955,8.12,10.85,610.5,97.19999999999999,10.75
TH-PCNR0184,0.14500000000000002,8.945,8.870000000000001,0.08835,0.00138,185.5,0.134,7.715,10.6,762.0,117.35000000000001,13.05
TH-PTAR0020,0.039,13.7,13.65,0.0297,0.000505,200.5,0.243,7.74,12.9,890.0,73.55,8.01
AN-03M23,0.032,5.9,5.89,0.021,0.000445,227.0,0.455,7.970000000000001,8.65,855.5,91.8,11.05
SW-E4004500,0.071,7.13,7.06,0.0706,0.00152,227.0,0.254,8.02,11.8,699.0,90.9,9.01
SW-50310289,0.041,2.1,2.07,0.013,0.00062,110.0,0.12,8.04,10.7,331.0,96.3,10.8
NW-88001912,0.05,1.51,1.48,0.0167,0.00074,115.0,0.121,7.92,8.7,404.0,95.8,11.4
SW-81231702,0.015,3.1500000000000004,3.14,0.0082,0.0001225,49.5,0.036000000000000004,7.535,11.1,206.5,98.2,10.649999999999999
MD-RSN1822,0.015,9.45,9.43,0.018,0.000305,245.0,0.07,8.08,11.2,626.0,97.85,10.649999999999999
NE-49301715,0.081,8.125,8.025,0.05245,0.00124,178.0,1.755,7.83,11.75,1010.0,90.15,9.84
SW-70420229,0.061,2.73,2.69,0.0189,0.00075,77.0,0.122,7.9,9.4,302.0,98.1,11.1
NE-49400722,0.2985,2.54,2.49,0.04245,0.0037099999999999998,134.0,0.21300000000000002,7.895,10.7,387.0,88.9,9.879999999999999
MD-13321140,0.015,3.4,3.38,0.014,0.00041,250.0,0.225,8.09,11.2,1035.5,93.80000000000001,10.25
AN-52M19,0.18,19.9,19.4,0.486,0.00106,72.0,0.55,7.525,18.1,1176.0,43.9,4.89
AN-SEATONBK,0.015,4.8,4.785,0.012,0.000305,200.0,0.0505,8.065000000000001,10.9,709.0,94.4,10.35
SW-50580145,0.066,6.5,6.445,0.03855,0.001075,214.0,0.047,7.93,11.85,579.5,93.69999999999999,10.2
SW-60500203,0.015,0.725,0.721,0.002,0.0002075,25.0,0.013,7.84,11.1,103.0,100.6,11.4
NE-49600019,0.0485,2.95,2.885,0.027,0.000505,190.0,0.0595,7.735,11.0,686.0,77.45,9.010000000000002
NW-88025790,0.32,6.8,6.64,0.11499999999999999,0.0031149999999999997,150.0,0.11,7.64,12.2,544.0,78.2,8.32
MD-37644930,0.27,5.33,5.18,0.21,0.00472,200.0,0.165,8.02,12.4,1694.5,77.2,8.06
SW-E1111800,0.015,1.9849999999999999,1.975,0.01395,0.00039999999999999996,194.0,0.128,8.05,11.100000000000001,590.5,96.0,10.75
NW-88023030,0.015,0.1,0.098,0.002,0.000225,33.0,0.017,7.98,7.75,106.0,99.85,12.1
SW-RSN0531,0.025500000000000002,1.4,1.385,0.012,0.000245,54.0,0.024,7.555,11.15,255.5,90.85,9.655
AN-WEN200,0.015,6.0,5.98,0.02,0.0004475,250.0,0.06,8.075,11.7,736.0,92.3,9.96
SW-82310520,0.039,5.470000000000001,5.46,0.0121,0.000185,42.5,0.11549999999999999,7.275,13.4,279.5,95.1,9.920000000000002
MD-44590020,0.1835,5.375,5.275,0.06555,0.0024349999999999997,250.0,0.1325,7.93,11.6,933.0,89.3,9.71
MD-36791050,0.0765,1.3050000000000002,1.275,0.02045,0.00092,150.0,0.0995,7.76,10.649999999999999,525.0,88.5,9.885
AN-FRES4,0.069,11.0,10.9,0.064,0.00096,233.0,0.165,7.785,10.899999999999999,767.0,96.05000000000001,10.7
SW-72932015,0.0335,1.85,1.8399999999999999,0.0067,0.000115,21.0,0.051000000000000004,7.31,12.3,144.5,97.15,10.4
SW-81930101,0.035,3.66,3.6500000000000004,0.014,0.00014,27.0,0.0465,7.33,12.7,246.0,98.0,10.6
SW-SSN1364,0.015,0.9299999999999999,0.9259999999999999,0.002,0.00012,27.5,0.012,7.43,11.0,180.5,98.05,10.7
MD-28291180,0.0435,7.335,7.3,0.0424,0.00051,234.0,0.3175,7.86,9.350000000000001,790.5,85.85,9.735
AN-SHIREDR3,0.2,0.1,0.1835,0.032,0.00144,480.0,0.52,7.64,14.2,3172.0,33.8,3.5
NW-88004595,0.015,2.63,2.63,0.0045,0.000235,52.0,0.023,7.85,9.8,193.0,99.7,11.3
NE-49800044,0.057,7.68,7.625,0.0379,0.00086,110.0,1.0,7.79,12.0,537.0,90.2,9.91
SW-72932053,0.015,1.8,1.8,0.002,0.000195,20.0,0.012,7.6,13.0,137.0,100.0,10.5
AN-HD01,0.0505,8.96,8.89,0.0511,0.000695,162.0,0.1615,7.890000000000001,12.850000000000001,816.0,91.15,9.96
AN-NKILLMDD,3.1,9.399999999999999,8.895,0.456,0.0875,200.0,0.71,7.88,18.0,1250.0,67.7,6.85
NE-RSN0500,0.315,0.505,0.4945,0.0072,0.00396,,0.0087,7.705,11.45,289.5,89.85,9.835
MD-36951020,1.29,6.85,6.79,0.109,0.0034850000000000003,193.5,0.429,7.365,11.75,1401.5,78.15,8.85
SW-60032810,0.079,5.6,5.5600000000000005,0.033600000000000005,0.00117,258.0,0.13,8.19,10.1,650.0,93.65,10.6
NE-49600175,0.015,1.94,1.94,0.002,0.0002475,75.5,0.005,8.15,8.600000000000001,260.5,99.1,11.2
NE-49305352,0.016,0.28,0.319,0.00109,5e-06,2.5,0.005,5.19,9.7,49.0,100.1,11.2
AN-LTH008,0.035,5.585,5.565,0.03215,0.00038,241.5,0.127,8.07,8.7,742.5,78.0,9.309999999999999
AN-BAIN3,0.015,7.55,7.51,0.02,0.000345,220.0,0.033,8.09,10.7,629.0,99.2,10.8
SW-82410525,0.015,5.265000000000001,5.26,0.0052499999999999995,0.000195,82.0,0.045,7.755,11.350000000000001,367.0,97.5,10.6
NE-49600122,0.073,16.6,16.5,0.0639,0.00098,161.0,0.176,7.93,10.4,771.0,93.0,10.4
SO-F0002024,0.067,2.39,2.34,0.0498,0.00089,140.0,0.155,7.57,10.2,707.0,70.4,8.34
NW-88001857,0.015,0.88,0.8734999999999999,0.002,0.000305,39.0,0.015,8.055,10.95,155.5,101.65,11.6
MD-RSN0468,0.6950000000000001,5.0,4.665,0.38,0.0132,215.0,0.22499999999999998,8.385000000000002,13.1,1846.5,82.55,8.469999999999999
AN-13M03,0.039,6.09,6.07,0.0142,0.00043,256.0,0.026,7.76,9.9,734.0,88.9,10.1
SO-Y0004521,0.015,0.34,0.329,0.0061,0.0002275,51.0,0.037,7.76,13.25,314.0,95.9,10.010000000000002
SW-70720277,0.015,0.24,0.236,0.002,4.5e-05,7.0,0.0028,7.2,11.0,55.0,102.4,12.0
MD-30895240,0.0315,3.0300000000000002,3.0199999999999996,0.01355,0.000375,221.0,0.128,8.03,8.7,564.0,98.05000000000001,11.6
TH-PUTR0144,0.035,2.86,2.85,0.0119,0.00045,303.0,0.13,8.04,10.2,696.0,89.4,10.3
SW-82010191,0.015,5.075,5.07,0.0094,0.0001475,40.0,0.1,7.5,11.65,353.5,97.2,10.45
SW-70557413,0.015,1.28,1.28,0.002,0.0002,76.0,0.016,7.8,11.8,213.0,102.0,11.3
SO-F0002028,0.19,17.05,16.7,0.19,0.00111,72.5,0.23349999999999999,7.37,14.4,850.0,82.2,8.61
SW-RSN0267,0.026500000000000003,3.8,3.79,0.0072499999999999995,0.00025,96.5,0.028,7.67,12.55,405.0,98.55000000000001,10.35
NE-49600492,0.015,0.1,0.098,0.002,0.000185,14.0,0.0065,7.82,10.2,107.0,90.5,10.1
NE-49800095,0.062,2.77,2.72,0.028,0.00061,70.0,0.176,7.77,11.0,282.0,93.2,10.2
SW-RSN0967,0.009,0.29,0.288,0.0014,5e-05,63.0,0.013,7.49,8.1,248.0,96.8,11.0
SW-81940415,0.015,2.92,,0.002,,26.0,0.005,7.6,11.350000000000001,254.5,99.4,
NW-88023165,0.015,1.11,1.11,0.002,0.00012,30.0,0.005,7.8,4.9,136.0,103.0,13.1
MD-58248430,0.3,1.9449999999999998,1.8900000000000001,0.057300000000000004,0.0022199999999999998,340.0,0.025,7.635,10.45,2976.5,84.05000000000001,9.440000000000001
MD-43558260,0.015,3.8499999999999996,3.83,0.01345,0.00039,335.0,0.165,8.02,14.0,1389.0,97.9,10.9
SW-E1200700,0.015,2.05,2.05,0.002,0.0002025,63.0,0.0185,7.82,11.1,199.0,98.55000000000001,10.95
AN-BRN005,0.015,14.0,14.0,0.016,0.00028,250.0,0.043,7.81,11.2,777.0,92.05,10.2
SW-81241110,0.030449999999999998,0.8835,0.879,0.00332,9.5e-05,10.0,0.02785,7.2,10.9,78.0,100.0,11.05
NW-RSN1620,0.14,6.3,6.26,0.045,0.00145,150.0,0.065,7.72,10.3,517.0,90.4,10.3
SW-70231937,0.031,2.0,1.99,0.011,0.00049,53.0,0.048,7.824999999999999,12.7,210.0,95.80000000000001,10.149999999999999
SO-F0002067,0.031,0.87,0.8545,0.0045,0.000265,39.0,0.024,7.54,11.7,225.0,94.8,10.3
MD-04796150,0.0895,10.5,10.35,0.07214999999999999,0.001135,152.5,0.225,7.77,11.649999999999999,754.0,88.44999999999999,9.585
NE-49505167,0.2895,2.465,2.3899999999999997,0.06945000000000001,0.00611,294.5,0.0775,8.055,12.45,1569.0,89.6,9.45
AN-BLY009,0.092,1.09,1.06,0.0172,0.00043,196.0,0.005,7.35,9.2,810.0,81.3,8.87
MD-48940560,0.0445,5.64,5.609999999999999,0.0283,0.00047499999999999994,220.5,0.7955,7.985,9.100000000000001,801.0,82.9,9.08
SW-Z9400101,0.015,4.0,3.99,0.0082,0.0002975,300.0,0.2,8.15,11.3,757.0,96.2,10.4
MD-06508480,0.0345,5.11,5.09,0.0191,0.00059,265.0,0.187,8.0,10.0,794.0,90.30000000000001,10.05
SW-73031005,0.054,3.56,3.55,0.0233,0.00043,39.0,0.122,7.45,9.5,241.0,91.1,10.8
SW-RSN0026,0.089,3.2,3.16,0.043,0.00114,280.0,0.39,7.81,10.0,859.0,81.4,9.3
AN-TILL4,0.042499999999999996,9.615,9.455,0.044,0.000735,242.0,0.335,8.29,9.1,939.5,116.2,14.850000000000001
NE-49600449,0.015,1.23,1.23,0.002,0.000185,33.0,0.005,7.95,6.5,147.0,98.2,12.1
AN-BR0150,0.0895,14.0,13.9,0.0686,0.0013700000000000001,240.0,0.53,8.05,12.6,1059.5,89.05000000000001,9.77
SW-70920131,0.015,1.1,1.1,0.002,0.000125,18.5,0.07500000000000001,7.35,12.9,109.0,100.4,10.75
SO-Y0004390,0.219,4.5,4.45,0.0519,0.00302,118.0,0.015,8.0,6.2,484.0,99.0,12.2
NE-RSN1156,0.07100000000000001,1.65,1.6400000000000001,0.00935,0.0008500000000000001,74.0,0.031,7.9,10.5,296.0,96.9,10.9
SW-Z2030401,0.015,1.96,1.95,0.0078,0.00034,263.0,0.044,8.17,11.6,698.0,95.0,11.1
AN-04M17,0.039,7.99,7.81,0.057,0.00071,247.0,0.40049999999999997,8.11,9.9,783.0,94.2,10.75
SW-91212509,0.015,2.1,2.09,0.0074,0.0001675,40.5,0.03,7.5,11.3,207.0,96.5,10.6
SW-RSN1027,0.015,2.5,2.5,0.002,8e-05,35.0,0.076,7.555,10.5,151.5,97.0,10.649999999999999
MD-07424580,0.015,4.83,4.8,0.019,0.000415,193.0,0.1205,8.13,11.0,601.5,94.8,10.4
MD-51314420,0.11,5.8,5.71,0.079,0.001265,90.0,0.6930000000000001,7.8,10.350000000000001,441.0,92.4,10.3
NW-88000673,0.0685,3.1,3.08,0.0245,0.00113,187.5,0.0295,8.0,10.7,811.0,94.95,11.0
SW-SSN1492,0.015,2.1500000000000004,2.1500000000000004,0.002,5.9999999999999995e-05,,0.015,7.3,10.0,129.0,94.55000000000001,10.45
AN-RSN2257,0.0235,4.55,4.52,0.025500000000000002,0.00038500000000000003,270.0,0.091,8.145,10.2,745.5,91.85,10.350000000000001
AN-16M15,0.0985,11.2,11.1,0.0764,0.00069,160.0,0.175,7.54,11.0,989.0,78.5,9.09
NW-88024211,0.076,1.585,1.575,0.0093,0.00068,42.0,0.032,7.465,14.75,189.5,99.75,10.2
NE-49700003,0.015,0.405,0.401,0.002,0.000125,33.0,0.005,7.975,9.05,128.5,99.15,11.350000000000001
NW-RSN1559,0.001,0.17,0.169,0.0005,5e-06,,0.0005,6.49,7.4,44.0,101.2,12.4
MD-64501800,0.174,2.77,2.72,0.0346,0.00299,158.0,0.172,8.0,9.6,521.0,95.0,11.1
TH-PUTR0040,0.015,6.0,5.98,0.0101,0.0003,198.0,0.105,8.16,11.6,513.0,88.7,10.5
TH-PWER0006,0.061,6.65,6.575,0.05,0.00039,69.5,0.12,7.45,12.6,365.0,83.69999999999999,9.33
SW-70581021,0.015,0.625,0.621,0.002,0.000115,14.5,0.005,7.68,10.4,76.0,101.55,11.55
SW-60270327,0.188,1.65,1.59,0.0566,0.00155,293.0,0.277,7.45,13.7,1193.0,57.0,6.69
AN-WOOT100M,0.036,3.9450000000000003,3.88,0.0262,0.00052,223.0,0.1105,7.98,11.6,832.0,83.6,9.27
NE-49301486,0.039,2.7,2.69,0.0062,0.00042,200.0,0.0155,8.0,8.9,738.0,93.7,10.8
AN-LUDO4,0.1,12.2,12.2,0.089,0.00182,206.0,0.153,8.18,11.1,703.0,101.0,11.7
SW-82110924,0.015,5.215,5.215,0.002,6.25e-05,87.0,0.005,7.22,12.0,513.0,92.0,9.92
NE-49300013,0.0123,1.13,1.13,0.0029,0.00012,37.0,0.0288,7.77,8.8,210.0,94.9,11.6
MD-24585380,0.015,6.5649999999999995,6.555,0.012150000000000001,0.000305,226.5,0.0565,8.295,11.0,618.0,100.5,11.2
NW-88003533,0.1035,0.949,0.939,0.009649999999999999,0.00119,95.0,0.027450000000000002,7.96,9.3,298.0,100.1,11.55
NE-49300585,0.08299999999999999,0.1,0.1895,0.011,0.0007700000000000001,199.0,0.281,7.63,7.449999999999999,770.0,55.3,6.615
SO-E0001760,0.015,0.82,0.812,0.0041,0.00019,96.0,0.04,7.6850000000000005,10.1,349.5,90.15,10.05
NE-49200003,0.053,8.440000000000001,8.405000000000001,0.047850000000000004,0.000655,230.0,0.1735,7.85,8.9,678.0,92.6,10.7
SO-G0004243,0.015,6.8,6.78,0.012,0.0002575,230.0,0.044,7.97,11.149999999999999,544.0,98.5,11.0
SW-SSN0500,0.015,2.8,2.8,0.002,0.0001975,49.5,0.0305,7.645,15.4,202.0,98.3,9.815000000000001
NW-88002110,0.083,3.13,3.2199999999999998,0.0169,0.00081,56.0,0.07150000000000001,7.76,10.2,305.0,100.6,11.0
AN-RSN1198,0.033,7.2,7.08,0.036,0.00057,240.0,0.084,7.98,9.7,727.0,86.7,10.2
NW-88025765,0.14,0.52,0.511,0.0087,0.00076,82.0,0.015,7.4,12.08,278.0,69.4,
NW-88001964,0.155,2.9,2.83,0.057999999999999996,0.00097,37.5,0.28,7.505,11.35,221.5,97.75,11.55
SW-RSN1035,0.034,1.9,1.89,0.0053,8e-05,47.0,0.052,7.23,9.9,203.0,96.1,10.8
AN-WAV040,0.0695,3.31,3.2800000000000002,0.0435,0.000755,304.0,0.1,7.72,11.0,1019.0,72.0,7.57
MD-36777880,0.137,9.175,9.125,0.07925,0.002225,175.0,0.28,7.9,10.4,849.0,86.85,9.88
NW-88023694,0.415,9.66,9.559999999999999,0.1255,0.0023750000000000004,66.5,0.2515,7.615,10.95,371.0,90.85,9.97
MD-12385020,0.064,4.8,4.77,0.026,0.00081,176.0,0.18,7.915,10.1,791.0,91.4,9.98
MD-61644950,0.05,5.96,5.92,0.03725,0.001,147.0,0.175,7.925,10.899999999999999,584.0,92.55,10.45
SO-SSN1399,0.095,1.4,1.38,0.024,0.00044,170.0,0.095,7.33,11.9,473.0,61.3,6.38
SW-SSN0712,0.0595,3.0999999999999996,3.09,0.0078000000000000005,2e-05,22.0,0.053,6.390000000000001,11.45,143.0,85.0,9.120000000000001
SW-81281991,0.045,1.65,1.59,0.012,0.0001675,31.0,0.0315,7.295,10.8,177.5,95.55,10.65
MD-18505180,0.015,5.6,5.57,0.0174,0.00033,204.0,0.081,8.114999999999998,11.7,551.0,91.8,10.1
MD-59010410,0.21,12.0,11.9,0.12,0.00204,130.0,0.27,7.6,13.0,866.0,82.0,8.37
TH-PLER0081,0.045,12.0,12.0,0.0347,0.0006050000000000001,169.5,0.295,7.835,11.9,841.5,90.6,8.89
AN-YAR070,0.034,3.91,3.9,0.0271,0.00044,290.0,0.076,7.97,9.3,768.0,92.0,9.94
SW-SSN0200,0.015,1.2999999999999998,1.2999999999999998,0.002,2.75e-05,18.0,0.0155,7.07,10.95,199.5,93.7,10.5
AN-CRIG4,0.015,7.35,7.324999999999999,0.0295,0.0004175,140.0,0.063,8.18,10.4,596.0,101.7,11.8
SW-50220854,0.015,8.145,8.125,0.01295,0.00023,233.5,0.1265,7.865,11.2,601.0,102.3,11.100000000000001
MD-43532250,0.015,9.91,9.875,0.0375,0.00041,240.5,0.255,8.13,10.0,1229.0,95.7,10.7
MD-25925300,0.015,3.2800000000000002,3.255,0.018799999999999997,0.000405,178.5,0.14,8.1,10.0,511.0,94.65,10.85
AN-BILC050C,0.015,7.28,7.19,0.014,0.00031,251.0,0.072,7.96,10.05,879.5,80.25,8.629999999999999
AN-21M06,0.015,5.0,4.41,0.0175,0.000345,250.0,0.074,8.05,10.4,786.0,85.5,9.14
NE-49301705,0.11750000000000001,3.165,3.125,0.0436,0.000915,,0.219,7.77,10.2,354.0,93.7,10.6
NW-88002540,0.2,9.375,9.295,0.154,0.0037600000000000003,114.5,1.275,7.74,10.75,541.0,97.1,10.25
NE-49300011,0.015,0.316,0.302,0.0017,5e-05,11.0,0.0098,7.365,9.7,70.0,98.75,11.25
MD-58472140,0.0525,6.015,5.965,0.038,0.00072,205.0,0.1385,7.97,11.149999999999999,826.5,85.1,9.56
NE-RSN1128,0.255,5.449999999999999,5.335,0.0695,0.00139,245.0,0.0285,7.505000000000001,12.0,1140.0,72.6,8.120000000000001
SO-E0000556,0.046,2.415,2.395,0.019,0.00046,63.0,0.044,7.725,11.899999999999999,306.0,93.1,10.035
NE-49905169,0.049,2.605,2.585,0.024550000000000002,0.0007199999999999999,210.0,0.054,8.045,8.850000000000001,528.0,89.19999999999999,10.1
SW-E4180700,0.015,1.28,1.2650000000000001,0.0077,0.00035,222.0,0.07350000000000001,8.120000000000001,11.95,519.5,94.9,10.350000000000001
SW-82312337,0.015,3.71,,0.002,,42.0,0.005,7.22,11.1,429.5,95.0,
NW-RSN0459,0.004,0.225,0.224,0.0005,1.5000000000000002e-05,,0.0005,7.15,10.1,31.0,100.4,11.5
AN-BT0300,0.047,5.61,5.58,0.031,0.00079,310.0,0.16,8.01,11.1,867.0,83.5,8.870000000000001
MD-59015550,0.2,6.1,5.96,0.082,0.00184,230.0,0.062,7.65,13.0,921.0,88.3,9.51
AN-WILS070D,0.0615,13.9,15.0,0.02555,0.00123,160.0,0.345,7.995,12.9,1231.5,88.69999999999999,9.41
TH-PTAR0028,0.015,4.5,4.48,0.024,0.0003525,230.0,0.18,7.92,10.1,727.0,81.0,8.98
MD-59000500,0.111,11.149999999999999,11.05,0.0963,0.001405,130.0,0.3915,7.78,11.6,798.0,83.1,9.13
TH-PUTR0096,0.015,6.83,6.8100000000000005,0.027700000000000002,0.00043,200.0,0.1955,8.045,12.3,629.5,81.35,9.0
SW-82211940,0.015,5.7,5.69,0.00595,0.000325,150.0,0.043,7.970000000000001,11.7,496.0,99.7,10.5
NE-49400992,0.044,2.9,2.74,0.0225,0.00064,93.0,0.094,7.88,10.8,327.0,97.8,10.8
NW-88024214,0.2145,15.6,15.5,0.122,0.001265,106.0,0.11649999999999999,7.45,10.0,702.5,78.95,9.09
AN-04M06,0.055,7.82,7.795,0.0498,0.00093,226.5,0.346,8.02,11.05,802.5,90.30000000000001,10.350000000000001
TH-PLDR0004,0.07,4.695,4.63,0.0373,0.00088,120.5,0.091,7.48,12.4,594.0,76.6,8.18
MD-48939750,0.14,10.0,9.95,0.089,0.00208,192.0,0.415,7.87,12.1,810.0,85.8,9.29
SO-E0001555,0.015,1.5,1.5,0.0078,0.000285,80.0,0.071,7.77,11.1,329.0,93.1,10.2
SW-91221702,0.015,1.9,1.9,0.0052,0.00012,40.0,0.021,7.395,11.7,214.0,94.7,10.350000000000001
MD-11581920,0.0495,4.28,4.265,0.019999999999999997,0.0007750000000000001,210.0,0.193,8.004999999999999,9.7,720.5,89.05,9.98
SW-RSN1659,0.04114999999999999,0.34,0.3375,0.00125,7.500000000000001e-06,2.5,0.005,5.9,9.5,113.0,94.5,10.5
TH-PRGR0001,0.26,3.9,3.74,0.1005,0.002615,184.5,0.306,7.705,12.1,824.0,73.1,8.16
NW-88023187,0.015,0.445,0.441,0.002,8.75e-05,20.0,0.005,7.535,9.8,89.0,98.1,10.7
MD-36761800,0.103,9.155,9.095,0.07844999999999999,0.00139,155.0,0.296,7.875,11.399999999999999,774.5,89.15,9.31
MD-C0000049,0.111,5.32,5.29,0.0312,0.00099,281.0,0.082,7.7,8.9,1095.0,87.0,10.2
SW-E2032200,0.185,6.324999999999999,6.265000000000001,0.0693,0.00288,156.0,0.361,8.015,9.649999999999999,519.5,94.15,10.315
NW-88003985,0.031,2.1,2.07,0.01,0.00036,195.0,0.0295,8.07,10.6,465.0,101.1,11.7
SW-81916610,0.041999999999999996,6.45,6.395,0.034,0.00084,110.0,0.345,8.004999999999999,11.850000000000001,429.5,98.05,10.649999999999999
AN-MOUL100M,0.015,8.075,8.015,0.01725,0.00035749999999999996,241.5,0.0485,8.145,9.75,830.0,94.94999999999999,11.15
SW-Z6540110,0.015,6.72,6.72,0.002,0.000145,237.0,0.034,7.59,11.5,620.0,89.0,9.87
AN-33M11,0.035,7.0,6.95,0.027,0.00066,255.0,0.093,7.99,10.8,793.0,80.1,9.27
SW-81950622,0.033,4.86,4.86,0.0049,0.00011,23.0,0.077,7.16,12.2,264.0,97.9,10.3
NE-49100406,0.28,7.35,7.3,0.061,0.00273,250.0,0.044,7.785,10.95,1245.5,91.0,10.4
AN-STF070,0.015,5.6,5.58,0.0256,0.00044,288.0,0.122,8.254999999999999,11.3,844.0,98.0,10.7
AN-WILL130A,0.0395,7.7,7.66,0.028,0.00059,240.0,0.0885,8.01,8.0,1230.0,92.1,11.7
SW-E3170200,0.14500000000000002,0.845,0.822,0.0125,0.001365,310.0,0.020999999999999998,7.68,12.6,840.0,86.95,9.370000000000001
NE-49301640,0.057,0.93,0.871,0.0035,0.00029,31.0,0.015,7.47,8.65,267.0,97.4,11.2
NW-88002873,0.1245,5.63,5.585,0.045,0.00116,150.0,0.125,7.64,12.15,637.0,93.75,10.7
AN-NENE080D,0.042499999999999996,7.56,7.525,0.037,0.00071,210.0,0.2475,7.99,10.9,789.0,90.2,9.91
NE-49600029,0.071,6.0,5.96,0.034,0.00084,178.0,0.027,7.86,10.5,578.0,89.7,9.84
SW-RSN1683,0.015,5.5,5.49,0.0075,0.00018,120.0,0.034,7.9,9.1,419.0,96.0,11.1
NE-SSN0726,0.00605,0.125,0.124,0.0005,8e-05,101.0,0.0034000000000000002,8.195,9.5,237.5,101.05000000000001,11.75
TH-PTAR0058,0.0275,2.59,2.565,0.01575,0.0003775,208.5,0.20700000000000002,7.915,10.7,891.0,82.3,9.004999999999999
SW-SSN1440,0.0053,0.635,0.6335,0.00165,2.25e-05,64.0,0.044,7.795,10.399999999999999,157.0,97.35,10.8
MD-11053760,0.0275,4.11,4.08,0.028,0.000435,210.0,0.123,7.9,12.0,927.0,88.6,9.54
TH-PUTR0104,0.015,7.625,7.615,0.00545,0.0002325,240.0,0.005,7.885,10.05,588.5,88.80000000000001,10.149999999999999
NW-88000641,0.08249999999999999,9.85,9.785,0.049350000000000005,0.0012950000000000001,237.5,0.1275,8.14,9.8,759.5,93.05,10.4
MD-59729350,0.032,4.69,4.67,0.0237,0.00042,235.0,0.172,8.0,9.0,959.0,91.0,10.4
NW-88006467,0.026,0.975,0.9704999999999999,0.00515,0.0002675,66.0,0.0395,7.85,8.25,203.0,101.5,12.15
SW-E8301300,0.044,1.615,1.5699999999999998,0.023,0.000745,278.0,0.07250000000000001,7.81,13.15,750.5,88.35,9.99
MD-43847350,0.015,15.149999999999999,15.149999999999999,0.0179,0.00026,318.0,0.111,8.02,9.3,1247.0,100.6,12.0
SO-F0017547,0.015,0.1,0.098,0.002,0.00015,97.0,0.043,7.25,10.3,337.0,77.4,8.77
SW-82010200,0.10450000000000001,13.4,13.55,0.1335,0.000365,18.0,0.991,7.135,11.85,444.5,94.95,10.2
NW-88005837,0.043,4.1,4.02,0.0161,0.000385,123.0,0.073,7.76,10.35,453.5,95.6,11.0
MD-20368540,0.015,2.25,2.25,0.002,0.0002175,65.5,0.0435,7.875,10.5,207.5,101.45,11.350000000000001
NW-88024206,0.0555,1.54,1.54,0.0095,0.0001,20.5,0.0325,6.96,12.6,161.0,98.55,10.85
SW-82210112,0.063,11.1,11.1,0.0185,0.00033,32.0,0.046,7.31,11.1,418.0,95.5,10.7
NW-88006296,0.015,2.71,2.71,0.002,0.00024,89.0,0.018,8.12,7.949999999999999,240.0,101.9,11.9
NW-88000696,0.061,4.6,4.57,0.038650000000000004,0.00108,198.5,0.168,8.12,10.8,728.5,92.75,10.75
SW-70230122,0.015,3.6,3.59,0.017,0.00046,180.0,0.11,8.1,10.8,445.0,97.0,10.6
MD-C0000067,0.015,2.33,2.32,0.002,0.000235,151.0,0.025,7.91,8.0,411.0,94.6,11.1
SO-SSN1438,0.1,6.8,6.74,0.057,0.00164,210.0,0.095,7.619999999999999,12.95,783.5,88.45,8.955
NW-RSN0923,0.0028,0.16,0.159,0.0005,1e-05,,0.0035,7.61,12.6,53.0,99.7,10.6
MD-52219100,0.015,0.66,0.656,0.002,0.000185,29.0,0.005,7.88,9.0,183.0,100.0,11.2
SW-50250291,0.041,6.8,6.74,0.0277,0.00057,227.0,0.049,7.92,11.0,547.0,92.3,10.8
SW-E1382300,0.015,5.8,5.78,0.015,0.000365,220.0,0.098,8.23,11.1,550.0,99.4,11.0
MD-55632050,0.039,4.32,4.27,0.034,0.00061,200.0,0.208,7.96,10.2,902.0,90.8,9.97
AN-DORRDYKE,0.0535,3.62,3.76,0.028,0.00106,285.0,0.2145,7.955,9.25,905.0,83.25,9.434999999999999
NW-88003465,0.019,0.56,0.555,0.00445,0.00038,82.5,0.0215,8.18,11.0,213.5,101.0,11.45
SO-Y0004344,0.093,0.85,0.828,0.012,0.001245,140.0,0.0925,7.78,12.05,951.0,91.2,9.585
SW-Z5012850,0.2835,1.455,1.387,0.0162,0.005680000000000001,238.0,0.0955,7.955,9.7,567.5,91.44999999999999,10.95
SW-72940158,0.015,1.1,1.1,0.002,9.750000000000001e-05,14.0,0.08349999999999999,7.395,12.5,109.0,100.1,10.6
AN-DEB010,0.031,14.6,14.5,0.0269,0.0004,280.0,0.07,8.38,6.3,886.0,97.7,11.9
MD-11570240,0.015,6.47,6.45,0.019,0.00041,200.0,0.112,8.0,10.8,637.0,93.0,10.4
MD-RSN1644,0.015,13.0,13.0,0.022,0.00021,290.0,0.042,7.9,11.1,2413.0,93.4,10.8
TH-PRTS0650,0.015,10.0,9.99,0.014,0.000415,230.0,0.36,8.02,17.3,820.0,90.8,8.43
SO-G0006904,0.05,1.9,1.89,0.01,0.00037,60.0,0.057,7.71,7.9,297.5,92.4,10.6
SW-Z4180101,0.015,5.34,5.33,0.0045,0.00026,221.0,0.091,8.02,11.1,581.0,100.6,11.4
NE-49600476,0.015,7.72,7.71,0.0086,0.00031,194.0,0.005,8.08,10.3,577.0,97.45,10.75
NE-49105248,0.0495,9.9,9.79,0.0465,0.00086,280.0,0.0605,8.01,12.600000000000001,937.0,92.45,9.95
SW-82710806,0.015,0.915,0.908,0.002,0.0002,47.5,0.015,7.605,11.2,240.0,93.9,10.25
NW-88004577,0.015,0.33,0.326,0.002,4.5e-05,12.0,0.005,7.31,8.75,62.5,98.9,11.3
NE-RSN1972,0.015,1.8,1.7850000000000001,0.00325,0.00026250000000000004,75.5,0.034,7.96,10.7,363.5,95.1,10.85
SW-70540155,0.031,2.24,2.22,0.0152,0.00036,49.0,0.056,7.775,11.05,197.0,96.85,11.15
NW-88002855,0.11699999999999999,9.3,9.23,0.056,0.001105,120.0,0.2315,7.54,11.95,662.5,90.1,10.3
NW-88022118,0.015,0.16999999999999998,,0.002,,2.5,0.005,6.8,9.25,33.0,101.6,
SW-RSN0003,0.0021999999999999997,0.96,0.9575,0.0005,5e-06,7.5,0.0012,6.550000000000001,9.35,97.0,95.1,10.8
AN-RAAR060S,0.015,4.3,4.28,0.017,0.00033,97.0,0.063,7.96,13.7,397.0,97.2,9.89
MD-12616020,0.07,4.34,4.3,0.0398,0.00057,248.0,0.211,7.92,9.0,1652.0,78.1,8.23
AN-45M04,0.0595,7.6,7.5600000000000005,0.0582,0.000745,255.5,0.1215,7.96,10.649999999999999,818.0,95.9,11.45
TH-PCHR0098,0.015,8.2,8.18,0.018,0.000365,260.0,0.047,8.14,9.7,719.0,100.0,10.6
MD-49221140,0.049,10.6,10.6,0.0477,0.00075,187.0,0.322,7.9,10.1,818.0,89.0,10.1
AN-30M02,0.015,16.0,16.0,0.03,0.0003325,230.0,0.054,7.98,12.4,752.0,89.3,9.56
MD-51214395,0.225,7.26,7.199999999999999,0.1195,0.00181,200.0,1.0550000000000002,7.65,10.649999999999999,1090.0,85.25,9.37
MD-48865100,0.07,2.19,2.1399999999999997,0.0295,0.00134,181.5,0.2405,8.120000000000001,10.850000000000001,968.0,95.8,10.85
NW-RSN0715,0.0047,0.49,0.489,0.0011,0.0001,33.0,0.01,7.865,10.8,109.0,101.6,11.3
NW-88003137,0.10550000000000001,2.3049999999999997,2.285,0.028700000000000003,0.00116,138.0,0.0835,7.81,11.6,516.5,91.9,10.1
NW-88003991,0.015,0.62,0.616,0.002,0.000265,132.0,0.005,8.3,9.6,286.0,99.5,11.3
AN-METHBKDS,0.043,11.5,11.3,0.071,0.00061,244.0,0.548,7.9,11.8,937.0,83.6,9.19
SO-E0000616,0.056499999999999995,9.84,9.83,0.0421,0.000455,138.0,0.29500000000000004,7.62,11.15,820.0,67.35,7.515
SW-70581172,0.015,0.1,0.098,0.002,7.999999999999999e-05,10.0,0.005,7.390000000000001,10.15,56.0,100.45,11.25
SO-E0001581,0.0335,2.44,2.4299999999999997,0.012,0.000155,65.0,0.0385,7.49,10.8,394.0,94.55,10.8
SW-81950636,0.035,5.43,5.41,0.006999999999999999,8.5e-05,26.0,0.144,7.1,12.45,283.3,97.5,10.3
NW-88003849,0.1125,1.58,1.55,0.0302,0.00189,163.0,0.1735,7.95,9.5,396.0,92.1,10.6
MD-36701570,0.068,8.01,7.95,0.045,0.00143,172.0,0.271,8.04,10.05,825.0,96.9,10.9
MD-18990850,0.015,3.2,3.19,0.005,0.00027749999999999997,220.0,0.057,8.274999999999999,10.9,490.0,100.1,11.149999999999999
NE-49400277,0.162,7.7,7.54,0.08075,0.0022849999999999997,181.5,0.05,7.89,10.9,1155.0,90.8,10.2
MD-36751680,0.07,8.0,7.93,0.059550000000000006,0.001545,162.5,,7.97,11.0,,88.1,9.725
AN-WATA100A,0.043,4.4,4.37,0.027,0.00058,220.0,0.069,8.14,6.4,794.0,96.1,11.4
NW-RSN1964,0.1135,3.7,3.6550000000000002,0.057499999999999996,0.00113,140.0,0.24,7.6899999999999995,12.649999999999999,520.5,89.65,10.45
NW-88002239,0.139,1.8,1.76,0.036,0.0017,139.5,0.083,7.87,9.6,531.0,95.0,10.9
AN-48M03,0.035,8.73,8.71,0.037,0.00045,265.0,0.16,7.96,10.1,760.0,90.5,10.1
NW-RSN1231,0.0024,0.20500000000000002,0.203,0.0005,1e-05,15.0,0.0015,7.62,9.6,67.5,100.8,11.45
MD-28571000,0.035,12.0,12.0,0.039,0.00029,200.0,0.18,7.7,9.8,741.0,83.0,9.28
AN-NETL5,50.599999999999994,0.5,,,0.376,,0.25,7.66,9.45,1651.5,79.4,9.19
TH-PTAR0034,0.03,8.56,8.54,0.037,0.00048,260.0,0.545,7.975,11.0,790.0,81.95,9.075
SW-E1491200,0.015,1.9249999999999998,1.92,0.00645,0.000335,289.5,0.040999999999999995,8.175,10.0,809.5,92.1,10.95
NW-88000675,0.729,11.0,10.7,0.264,0.00761,234.0,1.51,7.72,11.6,874.0,69.3,7.61
MD-03696180,0.07,5.08,5.02,0.0581,0.00207,190.0,0.403,7.99,15.700000000000001,695.0,74.2,7.5
MD-06114240,0.015,4.2,4.19,0.0145,0.00034,237.0,0.346,8.03,11.1,942.0,90.0,9.61
SW-72940612,0.015,3.22,3.21,0.012,0.000215,86.0,0.073,7.8,8.6,294.0,91.7,10.8
AN-53M04,0.16699999999999998,5.58,5.51,0.0592,0.00243,190.0,0.13,7.85,12.4,1016.0,86.5,9.280000000000001
MD-29995950,0.063,5.39,5.35,0.0321,0.00063,216.0,0.288,7.835,9.65,611.5,90.05000000000001,10.1
TH-PRTS0652,0.039,6.6,6.58,0.023,0.00098,230.0,0.13,8.14,12.4,660.0,98.8,10.614999999999998
AN-37M11,0.07600000000000001,8.0,7.99,0.059,0.001375,280.0,0.12,7.905,13.649999999999999,958.0,86.9,9.305
MD-61473180,0.033,7.64,7.62,0.029,0.00045,220.0,0.14,7.97,11.0,704.0,91.5,9.96
NW-SSN1349,0.033,1.3,1.29,0.016,0.00046,96.5,0.0655,8.024999999999999,10.2,347.5,98.9,11.0
SW-RSN1627,0.051,4.9,4.77,0.034,0.0009,180.0,0.14,8.02,11.7,469.0,93.3,10.3
NW-88010534,0.397,2.19,2.105,0.0351,0.00204,170.0,0.14650000000000002,7.52,9.1,491.5,75.4,8.86
NE-49000489,0.0232,0.6675,0.66,0.00406,0.00017,29.0,0.01675,7.53,9.8,167.0,96.1,10.85
SO-E0000531,0.049,3.25,3.23,0.028,0.00064,96.0,0.079,7.79,12.4,418.0,94.6,9.74
MD-51214950,0.015,2.7,2.7,0.0046,0.00028,170.0,0.018,8.07,10.4,622.0,94.7,10.9
SW-82521250,0.015,7.0600000000000005,,0.00325,,38.0,0.005,7.4,14.0,239.0,96.5,
TH-RSN0321,0.015,11.0,11.0,0.024,0.00017,270.0,0.17,7.6,11.4,768.0,86.7,9.79
NW-88003427,0.032,0.43,0.426,0.002,0.00038,122.0,0.027,8.31,7.4,286.0,104.8,12.9
MD-29007200,0.04,10.0,9.83,0.0264,0.00061,130.0,1.165,8.0,10.3,572.0,96.5,10.6
SW-81411404,0.015,6.83,6.83,0.0072,0.0003,63.0,0.085,7.96,10.7,316.0,100.2,11.2
SW-60251400,0.061,5.14,5.08,0.0506,0.00086,230.0,0.316,7.905,11.55,721.5,80.7,9.07
AN-LEAU3,0.043,8.405000000000001,8.34,0.0715,0.00054,244.0,0.21,8.05,11.3,737.0,87.4,10.1
TH-PLER0151,0.04,12.0,12.0,0.0395,0.0006425000000000001,240.0,0.25,7.98,12.7,888.0,93.1,9.93
NE-49800247,0.015,5.11,5.08,0.024,0.00035,319.0,0.063,7.985,10.05,931.5,90.25,10.25
MD-41516360,0.548,0.31,0.277,0.0235,0.00751,59.0,0.076,7.82,11.0,315.0,41.0,4.55
SW-SSN0740,0.015,5.35,5.35,0.002,7.500000000000001e-05,64.0,0.005,7.355,12.350000000000001,369.5,97.65,10.3
SW-RSN0554,0.064,0.92,0.908,0.011,0.00094,210.0,0.097,7.98,8.1,679.0,90.1,11.0
SO-G0006935,0.07869999999999999,2.19,2.12,0.0207,0.1,,0.105,7.92,12.8,620.0,67.0,10.5
NW-88005573,0.015,0.32,0.316,0.002,7e-05,8.0,0.005,7.81,5.4,66.0,102.0,13.3
AN-WEN140,0.061,9.6,9.57,0.041,0.00093,260.0,0.083,7.92,10.7,821.0,86.4,9.62
NW-88019829,0.015,0.265,0.261,0.002,0.0002475,78.5,0.0115,7.88,12.1,182.0,99.7,11.05
SO-E0000811,0.045,7.2,7.17,0.0347,0.00038,110.0,0.3,7.725,12.1,516.0,91.3,9.8
TH-PWER0018,0.031,5.16,5.15,0.0188,0.00036,81.0,0.262,7.82,10.8,315.0,96.1,10.7
AN-FILLBECK,0.015,7.89,7.87,0.0301,0.0003,225.0,0.23,8.16,10.8,882.0,99.7,12.2
AN-GL0110,0.069,9.62,9.59,0.0347,0.00093,276.0,0.313,7.88,10.2,811.0,85.1,9.54
SW-82510139,0.052,2.91,2.89,0.0177,0.00079,57.0,0.005,7.84,14.6,279.0,99.5,9.69
MD-00026230,0.055,5.05,5.02,0.02275,0.00112,128.0,0.14150000000000001,8.01,12.25,515.0,94.1,10.2
NW-RSN1511,0.001,0.355,0.354,0.0005,5e-06,2.5,0.0017499999999999998,5.24,7.55,63.0,100.4,12.1
AN-27M26,0.0295,10.265,10.245000000000001,0.043,,238.5,0.5215,8.13,14.149999999999999,814.5,103.4,10.675
NW-88000793,0.08299999999999999,7.375,7.3149999999999995,0.06409999999999999,0.001405,136.0,0.4075,7.95,10.5,770.0,93.4,10.6
MD-37525590,1.038,6.3,,0.10500000000000001,,400.0,0.0395,8.0,8.05,1202.0,102.5,
NE-49700166,0.058,2.7,2.69,0.023,0.00106,162.0,0.08,8.03,10.2,438.0,94.9,10.649999999999999
SO-E0000779,0.405,7.1,7.04,0.0875,0.00384,84.5,0.28500000000000003,7.665,12.5,510.0,89.3,9.61
AN-ORE030,0.0615,7.88,7.86,0.032350000000000004,0.000825,304.5,0.8235,7.845,9.600000000000001,1146.0,74.30000000000001,8.585
SO-E0001479,0.059,0.1,0.098,0.002,0.00087,160.0,0.054,7.82,15.4,842.0,74.1,7.52
SO-G0006527,0.038,2.97,2.95,0.0152,0.00025,83.0,0.093,7.785,9.2,367.0,86.9,9.985
MD-01502050,0.015,2.29,2.29,0.0054,0.00026,221.0,0.025,8.23,9.4,555.0,101.7,11.5
SO-E0000940,0.047,1.15,1.145,0.0102,0.000255,47.0,0.033,7.39,11.9,268.0,93.0,10.1
MD-73957350,0.1,5.4,5.37,0.0459,0.00142,243.0,0.139,8.0,10.2,966.0,79.0,9.11
SO-E0001339,0.015,10.0,10.0,0.002,5.5e-05,270.0,0.029,7.26,11.0,1873.0,70.1,7.56
SO-RSN1189,0.038,5.7,5.66,0.03,0.0004725,210.0,0.022,7.77,12.75,604.0,91.6,9.555
SW-E1007700,0.062,5.4,5.36,0.037,0.00112,180.0,0.12,8.1,10.7,547.0,95.5,10.6
AN-INGMDR01,0.395,0.1,0.1855,0.0115,0.009774999999999999,195.0,0.057,8.05,16.799999999999997,9574.0,101.4,10.8
NW-88002574,0.0935,2.3,2.2649999999999997,0.0245,0.001475,160.0,0.057,7.859999999999999,11.95,505.5,92.6,10.1
AN-USTICKNY,0.07,6.4,6.46,0.045,0.00097,180.0,0.0725,8.02,10.9,660.0,87.4,10.6
NW-88025805,0.0365,0.445,0.436,0.00335,0.00014,25.0,0.005,7.055,12.15,90.0,86.6,9.535
SO-F0003181,0.0405,1.915,1.9,0.014,0.000355,83.0,0.08399999999999999,7.76,9.75,354.0,88.8,10.0
AN-RSN0814,0.015,5.050000000000001,5.029999999999999,0.0165,0.00031,310.0,0.11,8.195,8.9,1060.5,91.1,10.75
AN-ALD030,0.015,6.75,6.725,0.030850000000000002,0.00031749999999999997,301.0,0.12,7.83,11.2,1018.0,80.7,9.185
SO-F0002585,0.015,3.8499999999999996,3.82,0.0131,0.0003325,130.0,0.07050000000000001,7.875,11.2,465.0,89.4,9.52
TH-PKER0081,0.041,0.84,0.834,0.0099,0.00041,130.0,0.062,7.85,12.6,432.0,86.0,9.01
SW-SSN0180,0.015,3.8499999999999996,3.8499999999999996,0.00305,0.00027249999999999996,83.0,0.03,7.91,12.65,310.5,98.35,10.45
AN-65M02,0.031,16.0,15.9,0.0402,0.000505,230.0,0.45999999999999996,8.13,10.1,835.5,93.05,10.3
NW-88023678,0.0405,3.25,3.2350000000000003,0.01625,0.00042,80.5,0.042,7.99,10.0,428.0,103.8,11.75
TH-SSN1427,0.015,6.300000000000001,6.279999999999999,0.0175,0.00031749999999999997,285.0,0.056499999999999995,8.085,11.55,799.5,90.5,10.35
MD-25088745,0.04,8.2,8.17,0.031,0.00053,217.0,0.14,7.885,11.149999999999999,663.0,92.55000000000001,10.149999999999999
MD-SSN0044,0.078,3.5,3.49,0.021,0.00124,280.0,0.067,8.15,10.7,666.0,94.5,10.9
MD-19358420,0.032,3.075,3.0650000000000004,0.016149999999999998,0.00031999999999999997,127.5,0.1505,7.845000000000001,10.6,399.5,92.15,10.1
NW-88024604,0.045,0.315,0.30100000000000005,0.0049,0.000565,176.0,0.0205,7.82,9.9,402.5,76.35,8.905000000000001
AN-RSN1934,0.087,5.65,5.49,0.031,0.00118,250.0,0.086,7.92,9.8,766.0,78.7,8.46
SW-82210145,0.041,11.5,11.5,0.0122,0.0001,23.0,0.04,6.98,11.4,426.0,94.7,10.3
SO-G0003943,0.0465,7.73,7.715,0.011,0.0005449999999999999,250.0,0.0345,7.78,11.6,633.0,96.7,10.6
NE-49400595,0.015,0.585,0.581,0.002,0.00025,173.0,0.005,8.39,9.25,349.0,105.5,11.8
SW-Z2030310,0.037,2.7,2.67,0.0161,0.0005549999999999999,220.0,0.106,8.13,11.1,662.0,96.25,10.55
SO-RSN1545,0.032,0.28,0.275,0.0052,9e-05,39.0,0.022,7.13,11.4,203.0,81.4,8.85
SW-50341150,0.202,8.1,7.99,0.15,0.00363,224.0,0.227,7.96,11.4,593.0,79.2,9.37
AN-27M29,0.068,4.890000000000001,4.835,0.05055,0.0006000000000000001,264.0,0.0885,7.775,9.649999999999999,641.0,75.55,8.815
SO-G0003996,0.015,3.2649999999999997,3.22,0.013,0.0003175,90.5,0.368,7.82,11.05,387.0,88.4,9.81
SW-50580114,0.046,1.04,1.03,0.0054,0.00024,110.0,0.015,7.46,11.6,484.0,78.4,8.3
AN-ECTON1,0.12,20.0,19.85,0.07050000000000001,0.00095,135.0,0.19,7.22,16.05,1024.0,59.1,5.82
AN-BRAM060B,0.015,9.25,9.219999999999999,0.0215,0.00038,195.0,0.08,8.22,11.35,682.0,97.05,10.9
SW-81201350,0.015,2.0,1.99,0.0083,0.00018,47.0,0.049,7.58,8.2,192.0,94.0,10.5
NW-88005081,0.0042,0.1,0.099,0.0005,1e-05,10.0,0.0015,7.43,11.2,51.0,100.6,10.8
MD-25070020,0.056499999999999995,7.75,7.73,0.0336,0.00079,191.5,0.201,8.05,11.1,611.5,90.2,9.925
TH-PUTR0097,0.015,6.2,6.16,0.024,0.00044,210.0,0.148,7.955,11.2,635.0,81.7,8.69
MD-43972250,0.26,34.5,34.5,0.0475,0.001575,72.5,6.5,7.26,14.100000000000001,,68.5,7.109999999999999
MD-11238740,0.0476,4.699999999999999,4.609999999999999,0.036500000000000005,0.00061,130.0,0.12,7.825,11.2,1866.5,94.3,10.0
SW-E4141700,0.015,1.11,1.1,0.0088,0.000405,197.0,0.059,8.03,9.9,492.0,87.6,9.51
MD-RSN2002,0.015,8.7,8.67,0.023,0.00038,220.0,0.3,7.88,12.1,702.0,90.7,9.95
NE-49905243,0.015,0.28,,0.002,,31.0,0.005,7.5,5.1,102.0,101.3,
SW-72934639,0.054,3.035,3.025,0.016050000000000002,0.00033,34.0,0.06,7.43,11.149999999999999,187.5,96.30000000000001,10.5
AN-20M24,0.0375,7.109999999999999,7.050000000000001,0.043050000000000005,0.0004075,248.0,0.046,7.9350000000000005,11.4,947.5,93.55000000000001,10.899999999999999
TH-PTAR0100,0.015,14.1,14.1,0.0203,0.00017,182.0,0.123,7.68,9.0,825.0,70.7,8.57
SO-F0002899,0.037,4.2,4.18,0.01895,0.000375,120.5,0.066,7.77,11.3,396.0,92.5,9.9
SW-E4061400,0.0315,3.135,3.09,0.015349999999999999,0.000425,223.0,0.109,8.115,10.350000000000001,545.0,96.5,11.2
SW-Z1012008,0.056999999999999995,5.85,5.800000000000001,0.03785,0.00118,237.0,0.151,8.094999999999999,11.100000000000001,714.0,93.0,10.4
AN-CL07,0.055,10.8,10.7,0.044,0.00087,250.0,0.953,7.9,11.9,878.0,78.1,7.82
NE-41000383,0.013,0.25,0.249,0.00106,3e-05,28.0,0.0605,7.52,6.3,101.0,98.4,12.4
NW-88004552,0.015,0.385,0.3815,0.002,0.00011750000000000001,24.0,0.005,7.52,11.4,88.0,98.2,10.649999999999999
MD-46388050,0.0565,10.35,10.280000000000001,0.07025,0.0014099999999999998,190.0,0.313,8.105,10.5,1231.5,95.9,11.05
AN-SLEA2,0.015,16.0,16.0,0.021,9.5e-05,210.0,0.062,7.54,9.2,840.0,87.9,10.2
NE-41000051,0.015,1.6,1.6,0.0054,0.00013,63.0,0.026,7.775,8.7,196.0,94.55,11.0
SO-F0003019,0.0375,4.515000000000001,4.505,0.01175,0.0002325,164.5,0.1865,7.505,11.5,494.5,81.2,8.805
MD-06109220,0.037,5.84,5.82,0.0204,0.00067,259.0,0.36,7.97,11.9,1078.0,86.4,9.49
AN-SCOT03,0.059,9.3,8.825,0.033350000000000005,0.000755,228.5,0.068,7.91,9.2,755.0,91.35,10.7
AN-STLODET1,0.078,8.3,8.23,0.0395,0.00111,200.0,0.13,7.76,13.25,873.0,79.55000000000001,8.290000000000001
NW-RSN1615,0.001,0.027,0.026,0.0005,5e-06,,0.0005,6.94,11.1,34.0,100.3,11.0
NE-49500510,0.051,3.09,3.08,0.0137,0.00039,30.0,0.157,7.69,10.0,259.0,98.9,11.05
SO-F0002568,0.051,1.61,1.5950000000000002,0.019,0.00049,140.0,0.127,7.68,11.6,520.0,78.1,8.51
AN-TUD010,0.069,5.375,5.33,0.0427,0.00095,290.0,0.088,8.08,9.8,801.0,93.9,10.9
TH-PWER0014,0.0505,5.4,5.355,0.0505,0.000545,130.0,0.16999999999999998,7.6850000000000005,12.850000000000001,450.5,91.30000000000001,9.905000000000001
SW-A4070201,0.11,3.4,3.3,0.045,0.002,220.0,0.189,7.99,11.7,565.0,95.4,10.5
NE-49000784,0.015,7.1,7.08,0.011,0.000275,170.0,0.021,8.38,10.1,561.0,100.2,11.3
AN-WILS040W,0.032,16.0,16.0,0.018,0.00064,189.0,0.46,8.03,14.4,1244.5,93.55,9.48
TH-PKER0020,0.038,9.7,9.68,0.03,0.00057,110.0,0.3,7.77,11.8,603.0,90.4,10.1
NW-88023113,0.015,0.41000000000000003,0.406,0.002,6.5e-05,12.0,0.005,7.35,8.9,76.0,100.9,11.7
MD-46048020,0.037,1.1,1.08,0.0126,0.00043,200.0,0.06,7.97,10.6,1004.0,91.4,10.3
NW-88010167,0.533,1.84,1.74,0.0565,0.00396,149.0,0.258,7.6,10.1,571.0,68.7,7.86
SW-60270787,0.037,7.0,6.965,0.021,0.000705,276.5,0.027,8.165,11.6,742.0,98.4,10.649999999999999
MD-52762070,0.015,1.59,1.59,0.002,0.00025,120.0,0.0375,8.12,9.4,334.0,101.0,11.7
MD-45781020,0.073,0.905,0.891,0.016,0.00041,220.0,0.016,7.48,9.8,797.0,79.0,8.65
NW-88000626,0.0685,2.28,2.26,0.03005,0.00093,170.0,0.16,7.895,9.85,649.5,88.8,9.695
AN-WEN1905,0.031,6.3,6.27,0.022,0.00051,250.0,0.064,8.14,11.3,745.0,94.0,10.2
AN-USSTOKAL,0.015,7.4,6.9350000000000005,0.025500000000000002,0.0003375,270.0,0.056,8.19,10.600000000000001,789.0,94.0,10.4
SW-60010872,0.015,2.47,2.45,0.0117,0.00037,148.0,0.044,8.22,11.1,382.0,97.3,11.3
NE-49200033,0.015,11.149999999999999,11.1,0.0246,0.000305,199.0,0.0135,7.95,10.55,601.5,97.35,11.0
TH-PEVR0033,0.015,3.87,3.855,0.011,0.0002375,224.0,0.042,7.87,10.1,593.0,81.5,9.01
AN-WAV185,0.179,4.380000000000001,4.29,0.08545,0.0006850000000000001,171.5,0.094,7.300000000000001,10.8,750.0,62.25,7.24
MD-12828010,0.015,3.8,3.77,0.0131,0.00035,240.0,0.073,8.18,11.1,577.0,96.2,10.8
AN-FARR1,0.0905,18.45,16.35,0.07005,0.00112,160.0,0.0335,7.87,10.6,2176.0,90.6,10.4
MD-SSN0687,0.016,10.0,9.98,0.0135,0.0003,195.0,0.0815,8.06,10.3,556.0,93.0,10.3
MD-50584150,0.0915,3.025,2.98,0.023,0.00081,140.0,0.0445,7.76,9.9,437.5,94.0,10.6
AN-37M07,0.0995,6.05,6.005,0.0505,0.001135,300.0,0.098,7.71,11.5,857.0,89.3,10.2
NW-88022597,0.0905,2.5,2.4699999999999998,0.027,0.0012000000000000001,180.0,0.15,8.0,12.15,766.0,89.15,10.219999999999999
MD-RSN0174,0.15000000000000002,8.8,8.73,0.0675,0.002555,165.0,0.25,7.94,13.15,815.5,96.69999999999999,9.995000000000001
SW-RSN2259,0.0115,5.6,5.59,0.0085,9.5e-05,43.0,0.0275,7.535,11.95,291.5,97.85,10.350000000000001
MD-63292160,0.032,5.9,5.89,0.0147,0.000365,190.0,0.186,8.0,10.3,542.0,93.0,10.6
SW-70591774,0.015,1.3,1.29,0.003,0.000185,57.5,0.0345,7.8,11.0,180.5,97.15,10.4
NW-88000664,0.135,8.7,8.625,0.0745,0.00286,225.0,0.30000000000000004,8.01,11.2,1196.5,85.4,9.25
MD-RSN0100,0.155,7.65,7.515000000000001,0.0645,0.002975,160.0,0.215,8.045,11.6,811.5,97.9,10.75
AN-RSN0868,0.015,8.2,8.18,0.020499999999999997,0.00025,210.0,0.04,8.08,11.65,612.5,98.5,11.350000000000001
AN-HARP140B,0.015,3.1,3.08,0.01345,0.0002875,282.0,0.047,7.945,10.95,1088.0,95.7,11.0
AN-CD0125,0.093,8.4,8.34,0.0714,0.001425,280.0,0.195,8.08,10.2,804.0,92.7,10.3
NW-88004374,0.015,0.48,0.476,0.002,3.5000000000000004e-05,24.0,0.005,7.775,10.3,78.0,101.7,11.9
NE-49700405,0.015,1.4,1.4,0.0043,0.000355,130.0,0.056,8.17,13.5,384.0,97.2,10.5
SW-81611105,0.015,0.82,0.815,0.002,3e-05,18.0,0.014,6.905,11.8,357.0,96.4,10.4
SW-50050551,0.067,1.745,1.7149999999999999,0.0201,0.0011099999999999999,171.5,0.11549999999999999,7.97,9.850000000000001,493.0,89.85,9.885
SW-E8400700,0.14350000000000002,2.1799999999999997,2.155,0.025,0.00219,282.0,0.041499999999999995,7.785,11.100000000000001,699.0,80.44999999999999,9.475000000000001
NE-49000502,0.0163,0.293,0.287,0.00105,4e-05,18.5,0.0054,7.26,9.55,125.0,94.4,10.46
SW-Z1530105,0.015,6.38,6.37,0.0102,0.0002475,238.0,0.020999999999999998,7.85,10.0,618.0,97.55,10.8
SW-82221813,0.015,4.39,4.395,0.002,7.5e-05,39.0,0.005,7.335,12.95,317.0,98.3,10.4
NE-49600458,0.015,4.61,4.6,0.0115,0.0003025,229.5,0.044,8.145,10.8,727.0,97.0,11.0
AN-12M23,0.0335,7.984999999999999,7.955,0.01595,0.000405,229.5,0.0365,7.96,10.15,881.5,87.0,9.565000000000001
SW-60130005,0.015,3.9899999999999998,3.98,0.014249999999999999,0.0003925,254.0,0.1365,8.21,11.350000000000001,587.0,94.35,10.6
NE-49300398,0.038,5.02,4.99,0.0247,0.000455,125.0,0.304,7.99,8.7,662.0,96.3,11.2
TH-RSN0065,0.039,12.0,12.0,0.065,0.00046,280.0,0.52,8.28,6.1,860.0,94.1,11.3
SO-E0001673,0.286,8.985,8.83,0.1175,0.00197,103.0,0.172,7.54,12.6,622.0,89.5,9.49
AN-WELL280T,0.015,5.9,5.885,0.017050000000000003,0.00032,200.0,0.21,8.05,10.25,776.0,86.9,9.72
MD-11829620,0.044,12.0,12.0,0.0416,0.00072,230.0,0.098,7.9,10.3,775.0,91.0,10.3
NW-RSN2208,0.0615,3.35,3.34,0.013,0.000505,104.0,0.1005,7.515000000000001,10.850000000000001,401.0,95.75,10.75
NE-49000783,0.015,0.795,0.791,0.002,0.0002,25.0,0.014499999999999999,7.78,9.8,152.0,101.0,11.3
MD-13088020,0.015,4.7,4.69,0.014,0.000345,240.0,0.2,7.905,11.350000000000001,1106.0,86.8,9.38
SW-A1260412,0.075,2.145,2.135,0.02185,0.00089,178.0,0.096,7.79,10.149999999999999,473.5,83.7,9.36
SW-Z9370428,0.015,6.95,6.93,0.014,0.00031,250.0,0.12,8.08,11.5,611.0,99.0,10.9
NE-49603066,0.10350000000000001,3.75,3.71,0.025,0.00199,180.0,0.012,8.16,9.1,508.0,93.8,10.8
MD-28512180,0.0225,10.0,9.985,0.0305,0.0003725,220.0,0.277,8.01,11.3,684.0,93.7,10.45
MD-30101980,0.034,5.15,5.135,0.021,0.00031999999999999997,85.0,0.014499999999999999,7.875,11.850000000000001,,90.9,10.3
NW-88002775,0.1805,1.205,1.1975,0.00825,0.002225,90.0,0.0895,7.92,8.15,331.5,96.1,11.350000000000001
NW-88005179,0.0125,0.618,0.615,0.0023,0.00014,40.0,0.0072,7.7,12.9,128.0,100.7,10.5
AN-08M01,0.0695,8.7,8.665,0.0475,0.00123,228.0,0.3295,8.0,10.9,857.0,85.1,9.44
AN-WEN256A,0.015,5.2,5.18,0.016,0.00043,260.0,0.054,7.94,12.9,752.0,88.4,9.19
SW-Z3120106,0.043,2.8,2.75,0.024,0.0008,280.0,0.14,7.99,12.3,672.0,92.9,10.1
SW-70531646,0.12,5.95,5.615,0.037,0.001905,190.0,0.16999999999999998,8.055,7.9,519.0,95.65,11.35
MD-40782150,0.185,12.0,11.9,0.11,0.0013,200.0,0.087,7.6,11.2,1535.5,84.7,9.71
MD-11054620,0.034,4.1,4.08,0.022,0.00058,220.0,0.1,7.93,11.1,878.0,88.0,9.67
NW-88006314,0.0052,0.0665,0.0655,0.0005,3e-05,30.0,0.0108,7.619999999999999,7.0,72.0,102.4,12.8
NE-49400545,0.057999999999999996,3.1,3.065,0.02205,0.00085,97.0,0.1035,8.024999999999999,9.7,525.0,96.9,11.149999999999999
MD-51775107,0.015,3.25,3.25,0.002,0.00031999999999999997,180.0,0.0235,8.145,11.2,,101.30000000000001,11.3
SW-50450320,0.015,0.1,0.098,0.002,1.5e-05,8.0,0.005,6.74,10.95,127.0,62.9,6.89
NE-49301600,0.183,8.3,8.035,0.08815,0.002045,120.0,0.787,7.75,11.4,763.0,88.2,9.7
NE-SSN1285,0.033,1.7999999999999998,1.785,0.013,0.00017,50.0,0.034,7.465,10.7,287.0,94.55000000000001,10.35
SW-70512058,0.065,4.98,4.88,0.0266,0.00103,145.0,0.098,7.9,10.8,424.0,93.0,10.4
NW-88002586,0.089,6.69,6.67,0.0375,0.00103,139.0,0.69,7.72,12.7,547.0,86.5,9.3
AN-NRTHCAR,1.1,1.5,1.74,0.048,0.0167,280.0,0.59,7.67,8.3,835.0,60.4,8.0
SO-E0000638,0.034,2.1,2.08,0.015,0.00039,62.0,0.054,7.73,11.0,282.0,92.8,10.1
NE-49400343,0.015,1.3,1.3,0.0046,0.000365,200.0,0.013,8.35,11.1,430.0,101.6,11.4
MD-78892030,0.14,1.5,1.46,0.029,0.00195,236.0,0.042,7.85,9.1,1100.0,87.0,9.77
NE-49600479,0.015,3.73,3.73,0.002,0.000275,169.0,0.005,8.45,9.7,425.0,100.9,11.5
AN-SHMD110T,0.15,1.0,1.31,0.0202,0.003335,333.0,0.086,8.21,11.6,9348.0,91.6,10.4
NE-49100285,0.015,12.0,12.0,0.019299999999999998,0.00028,198.5,0.0305,8.155000000000001,9.7,696.0,99.9,11.4
AN-WEN010,0.015,8.32,8.3,0.022,0.000195,240.0,0.072,7.78,10.3,683.0,81.9,9.07
SW-70622002,0.015,1.72,1.71,0.0054,0.00024,66.0,0.019,7.7,10.6,241.0,95.8,10.7
MD-38485600,0.043,7.9399999999999995,7.925,0.025,0.0008049999999999999,272.5,0.0445,8.0,10.5,961.0,91.1,10.149999999999999
SW-82712204,0.015,3.4,3.39,0.0077,0.000255,47.0,0.08349999999999999,7.84,10.8,277.0,100.1,11.0
SW-RSN1599,0.0535,5.1,5.035,0.0595,0.0006249999999999999,200.0,0.17,7.630000000000001,12.600000000000001,644.5,80.15,8.29
SO-E0000737,0.054,5.4,5.365,0.0335,0.00112,227.5,0.25,8.03,12.8,663.5,94.5,10.149999999999999
NW-88010350,0.109,1.51,1.45,0.0563,0.00249,253.0,0.137,8.06,13.1,809.0,95.9,10.1
MD-SSN0175,0.0235,4.4,4.38,0.0116,0.000405,275.0,0.0735,7.995,12.15,792.0,94.0,10.04
NE-RSN0588,0.0027,0.21,0.209,0.0005,4e-05,75.0,0.0013,8.23,8.0,192.0,101.1,11.8
MD-09693110,0.0525,3.65,3.61,0.0264,0.0008799999999999999,241.0,0.35350000000000004,8.0,10.75,788.0,82.4,8.57
AN-58M44,0.015,5.8,5.79,0.0062,9e-05,267.0,0.04,7.47,10.1,706.0,79.8,9.22
MD-14860360,0.032,4.75,4.74,0.0187,0.00044,229.0,0.112,8.16,9.9,589.0,97.9,10.9
MD-07689420,0.015,2.75,2.745,0.007,0.00037,210.0,0.023,8.25,12.0,560.5,98.1,10.5
NW-RSN1719,0.00245,0.405,0.40049999999999997,0.0005,5e-06,,0.0012000000000000001,7.220000000000001,10.05,41.5,100.7,11.5
MD-11054320,0.0405,3.585,3.5250000000000004,0.035350000000000006,0.00062,221.5,0.3105,7.880000000000001,12.7,917.0,80.1,8.35
SW-RSN1573,0.015,4.75,4.73,0.013,0.0004225,280.0,0.071,8.27,10.899999999999999,670.5,96.6,10.85
NE-49800237,0.015,1.02,0.9355,0.0042,0.00017250000000000002,43.0,0.0285,7.68,8.6,166.0,100.1,11.55
MD-28913240,0.0535,9.865,9.84,0.03335,0.00034500000000000004,178.0,0.16799999999999998,7.55,10.3,534.0,87.6,10.1
AN-LEGSBECK,0.0415,8.17,8.16,0.041,0.00066,250.0,0.1515,8.12,9.6,852.0,95.5,11.3
AN-RSN0158,0.049,10.0,9.98,0.034,0.00061,210.0,0.082,7.91,10.75,691.0,80.35,9.530000000000001
MD-28209580,0.1355,14.95,14.9,0.045450000000000004,0.000745,181.0,0.331,7.5649999999999995,9.95,833.0,83.9,9.61
SO-E0000460,0.015,7.1,7.07,0.0075,0.00028,230.0,0.034,7.96,11.899999999999999,723.0,92.4,10.05
TH-PWER0129,0.072,4.8,4.78,0.026,0.00042,81.0,0.094,7.58,10.3,461.0,85.4,10.6
MD-29742140,0.015,4.25,4.245,0.00675,0.0002825,85.0,0.0645,7.994999999999999,8.4,292.0,99.25,10.55
NE-49300099,0.16,6.9,6.78,0.0745,0.00262,210.0,0.25,7.95,10.3,1122.0,91.6,10.2
NW-88024244,0.03,0.47,0.466,0.002,,31.0,0.018,7.43,10.0,116.0,96.6,
MD-51147050,0.182,7.33,7.1899999999999995,0.13,0.0014,153.5,0.8975,7.67,10.3,758.0,80.1,9.04
NW-88003093,0.095,2.8,2.78,0.0251,0.00154,94.0,0.085,7.99,6.6,369.0,98.3,11.5
SO-E0004848,0.015,12.0,12.0,0.0132,0.000225,243.0,0.042,7.805,10.8,788.5,78.9,8.594999999999999
TH-PLER0125,0.015,8.4,8.38,0.0196,0.000195,275.0,0.27,7.77,10.6,736.5,91.85,10.149999999999999
SW-SSN0676,0.052500000000000005,2.1,2.035,0.0165,8e-05,45.5,0.052000000000000005,6.84,11.45,185.0,87.9,9.684999999999999
AN-WEN123,0.18,1.3,1.27,0.031,0.002665,205.0,0.14,7.99,10.8,560.0,86.6,9.41
TH-PTAR0038,0.015,2.6,2.59,0.0138,0.000405,230.0,0.059,8.215,9.55,600.0,91.0,10.8
MD-64498240,0.0825,2.4,2.3449999999999998,0.0345,0.0015149999999999999,179.5,0.11,8.12,11.05,589.5,95.6,10.55
NW-88003445,0.015,0.1,0.098,0.002,0.000115,12.0,0.005,7.8,9.9,63.0,100.7,11.4
TH-PCHR0046,0.015,7.75,7.73,0.0175,0.0002,195.0,0.104,8.31,5.9,625.0,89.6,11.2
TH-RSN1614,0.015,6.4,6.445,0.0067,0.000295,200.0,0.059,8.18,10.95,527.0,98.95,10.6
SW-70641037,0.0315,1.165,1.1549999999999998,0.00451,0.00026250000000000004,20.0,0.0317,7.75,10.5,117.0,95.15,11.1
SO-F0002716,0.037,0.88,0.861,0.009850000000000001,0.00031,90.0,0.047,7.8,11.4,357.0,87.80000000000001,9.6
SW-A4070102,0.056,4.1,4.1,0.016,0.00104,236.0,0.048,8.2,10.8,692.0,98.0,10.7
MD-51546180,0.044,3.3,3.29,0.01065,0.00058,54.0,0.025500000000000002,7.9,9.8,261.5,99.4,11.8
NW-88004624,0.015,4.42,4.41,0.0181,0.00032,245.0,0.049,7.91,12.2,657.0,97.8,11.6
AN-NENE330U,0.015,3.83,3.83,0.005,9e-05,350.0,0.015,7.49,11.350000000000001,1061.0,89.8,9.75
SO-G0004128,0.015,0.7,0.696,0.002,0.0001,32.0,0.005,7.395,12.1,203.0,92.69999999999999,9.75
TH-PCHR0070,0.015,8.1,8.08,0.0091,0.00023,210.0,0.13,7.890000000000001,9.899999999999999,597.0,88.9,9.935
TH-POCR0019,0.015,4.035,4.02,0.017050000000000003,0.000375,247.0,0.14,7.99,11.0,708.0,84.7,9.38
SO-RSN1021,0.015,8.1,8.08,0.017,0.000395,200.0,0.19,8.09,12.7,645.5,97.5,10.26
SO-RSN0997,0.042499999999999996,2.4,2.39,0.0115,0.00016,33.0,0.0195,7.35,11.0,229.0,82.0,9.56
MD-23529780,0.527,7.3,7.0,0.15,0.00959,248.0,0.235,7.93,11.6,998.0,81.0,8.73
MD-RSN1558,0.015,2.2,2.125,0.013,0.000325,240.0,0.08349999999999999,8.1,9.9,602.0,95.1,11.2
SW-RSN0403,0.0083,4.2,4.195,0.0039499999999999995,6.5e-05,37.0,0.02,7.470000000000001,12.1,180.5,95.75,10.2
SW-SSN0668,0.25,1.9500000000000002,1.9,0.040999999999999995,0.00229,310.0,0.14,7.83,11.0,635.0,84.6,9.42
TH-PUTR0227,0.015,5.1,5.09,0.014,0.000325,250.0,0.016,8.04,10.7,616.0,92.9,10.2
NW-88006202,0.015,2.6,2.6,0.0081,0.00026,217.0,0.034,8.27,9.6,552.0,107.3,12.3
MD-66332580,0.0995,18.0,17.9,0.044,0.000815,160.0,0.1875,7.51,12.5,822.5,91.0,9.36
SW-81201460,0.055,1.7999999999999998,1.79,0.0089,0.00025,40.5,0.041499999999999995,7.54,8.3,186.5,96.55,11.4
SW-81522746,0.048,0.26,0.256,0.002,5e-05,8.0,0.005,6.88,12.3,73.0,95.7,10.5
AN-MIN010,0.0575,2.16,2.14,0.021249999999999998,0.00059,317.0,0.05,7.715,10.8,984.0,78.45,8.33
MD-38979050,0.015,13.0,13.0,0.0242,0.00026999999999999995,285.0,0.035,7.895,10.399999999999999,1035.0,92.95,10.2
SW-Z1440101,0.047,25.55,25.5,0.052000000000000005,0.0007899999999999999,142.0,0.43,7.76,13.350000000000001,1054.0,79.6,8.635
MD-12386140,0.056499999999999995,9.61,9.575,0.041999999999999996,0.00117,179.5,0.316,8.0,9.95,1258.5,91.25,10.5
TH-PLDR0055,0.015,6.725,6.705,0.01755,0.0003075,191.0,0.10350000000000001,7.945,11.55,559.0,87.85,9.350000000000001
SW-RSN0643,0.018,0.74,0.739,0.0029,8e-05,30.0,0.014,7.38,10.1,157.0,95.5,10.7
MD-23649420,0.067,15.2,15.2,0.039,0.00103,120.0,0.31,7.9,12.1,674.0,90.6,9.69
SW-81231155,0.057,1.58,1.57,0.0061,5e-05,19.0,0.0437,7.21,5.9,113.0,96.0,12.0
SW-70220535,0.015,2.0,2.0,0.0053,0.00024,65.0,0.052,7.7,11.0,273.0,99.0,10.7
AN-SSN1331,0.015,0.56,0.5545,0.0044,0.00024,220.0,0.13,7.93,11.4,1222.0,92.9,10.4
SW-50830105,0.015,2.475,2.465,0.0106,0.0004175,244.5,0.0505,8.25,10.05,613.5,102.4,11.7
MD-43757100,0.015,4.9,4.859999999999999,0.025500000000000002,0.00021999999999999998,250.0,0.0295,7.845000000000001,12.95,,79.25,8.33
SO-F0017659,0.015,0.85,0.84,0.0048,7e-05,65.0,0.062,7.45,8.6,216.0,88.5,10.6
SW-Z8480235,0.0345,2.65,2.6399999999999997,0.019200000000000002,0.00042500000000000003,236.5,0.0875,7.975,10.65,692.0,95.7,11.0
AN-14M05,0.08,4.16,4.1,0.075,0.00167,257.0,0.25,8.045,10.1,837.0,84.8,9.625
NE-49105193,0.0335,3.23,3.22,0.01465,0.0005,216.0,0.106,8.190000000000001,9.4,542.5,95.94999999999999,10.95
NE-RSN2224,0.025,12.0,12.0,0.020999999999999998,0.00042500000000000003,200.0,0.018500000000000003,8.02,9.6,596.5,98.85,11.45
AN-SSN1315,0.015,17.0,17.0,0.014,0.00022,160.0,0.074,8.12,7.2,589.0,95.3,11.4
AN-GIP020,0.063,11.0,11.0,0.039,0.000615,272.5,0.14,7.81,10.3,1057.0,77.8,8.4
SW-82610526,0.07,1.84,1.83,0.0081,0.00057,35.0,0.017,7.53,13.9,191.0,98.2,10.1
NE-49200031,0.079,5.0,4.96,0.0544,0.00119,246.0,0.171,7.86,10.6,899.0,81.6,9.7
AN-BUR150,0.099,4.87,,,0.00133,,0.053,8.02,11.9,786.0,90.2,9.6
AN-53M39,0.07200000000000001,5.135,5.0600000000000005,0.0526,0.0014550000000000001,216.5,0.06,8.01,14.0,1755.0,88.0,10.6
SW-RSN0883,0.015,5.1,5.06,0.042,0.000345,300.0,0.032,7.76,13.0,966.0,93.0,9.91
MD-61646060,0.036500000000000005,5.26,5.235,0.0291,0.00042,170.5,0.167,8.0,11.0,703.0,91.25,10.649999999999999
NW-88003558,0.186,1.4,1.35,0.036,0.00289,194.0,0.254,8.01,9.0,688.0,92.5,10.4
AN-MIDR100D,0.499,4.5,4.45,0.057,0.0052,229.0,0.005,7.77,12.1,1530.0,88.5,10.0
SW-61400270,0.036500000000000005,2.5,2.48,0.015,0.0008500000000000001,263.0,0.0415,8.225000000000001,11.3,615.5,99.0,11.15
MD-RSN0938,0.23,5.0,4.96,0.064,0.00183,230.0,0.35,7.81,10.9,774.0,82.3,9.52
NE-49400230,0.1255,1.54,1.3399999999999999,0.0533,0.00101,242.0,0.0085,7.61,11.65,1841.0,58.45,6.24
SW-91241720,0.015,1.6,1.6,0.002,6.5e-05,19.0,0.011,7.26,11.55,120.0,99.6,11.2
SW-81930147,0.015,5.305,,0.0062,,27.0,0.0125,7.130000000000001,10.95,238.25,92.6,
AN-30M21,0.015,14.0,14.0,0.02635,0.000395,250.0,0.7,7.96,12.0,886.0,95.5,10.1
AN-59M08,0.14,3.5,3.465,0.0238,0.00125,170.0,0.036,7.64,12.0,885.0,78.80000000000001,8.46
AN-SSN1363,0.015,6.2,6.19,0.0115,0.00026000000000000003,285.0,0.023,8.135000000000002,9.2,699.0,99.25,11.149999999999999
NE-49100429,0.1725,8.565,8.52,0.08349999999999999,0.00218,244.5,0.1725,7.96,9.0,863.0,89.19999999999999,10.4
MD-36747940,0.03,0.29,0.286,0.002,0.00015,173.0,0.028,7.42,10.2,1416.0,50.1,6.21
MD-RSN1946,0.015,4.15,4.135,0.012,0.00018,190.0,0.041499999999999995,7.895,11.149999999999999,562.5,93.0,10.4
SW-RSN0599,0.041,2.1,2.08,0.013,0.00047,61.0,0.068,7.8,9.4,187.0,98.4,11.3
MD-25329180,0.015,8.4,8.344999999999999,0.0346,0.00042,205.0,0.572,8.04,10.8,711.0,95.15,10.2
NW-88002848,0.076,1.8,1.77,0.0312,0.00046,126.0,0.164,7.53,10.8,508.0,87.3,9.91
NW-88025749,0.086,0.525,0.52,0.0038,7.500000000000001e-05,165.0,0.095,6.8,6.155,470.85,50.1,6.21
NW-88004022,0.015,0.4,0.396,0.002,0.00029,35.0,0.005,7.95,10.5,119.0,100.0,11.5
SO-F0001981,0.035,1.33,1.32,0.01195,0.000535,72.0,0.013000000000000001,7.91,12.149999999999999,351.5,95.3,10.2
MD-RSN0426,0.015,2.2,2.16,0.010499999999999999,0.000285,290.0,0.032,7.984999999999999,10.45,837.5,85.9,9.094999999999999
SW-50250102,0.015,6.92,6.91,0.009399999999999999,0.00033,220.0,0.04,8.09,11.2,534.0,100.5,11.0
MD-39482260,0.015,11.0,11.0,0.0159,0.000325,281.5,0.0835,8.2,10.4,980.5,96.9,10.850000000000001
SO-RSN1749,0.013999999999999999,7.55,7.54,0.012,0.000265,250.0,0.041999999999999996,8.175,10.7,609.0,94.35,10.25
MD-00597150,0.044,2.53,2.49,0.0194,0.0007,248.0,0.15,8.01,11.3,740.0,88.2,9.53
SW-70534628,0.015,2.9000000000000004,2.895,0.002,0.0001975,31.5,0.0795,7.885,8.65,159.0,99.0,11.65
MD-19229900,0.015,2.3,2.29,0.0071,0.00026,62.0,0.059,7.87,13.4,220.0,98.2,10.4
SO-F0002889,0.06,4.4,4.36,0.0264,0.00075,124.0,0.083,7.865,12.850000000000001,414.5,91.0,9.55
NE-RSN0480,0.047,11.0,10.9,0.0545,0.00074,190.0,0.0335,8.0,9.2,579.0,94.85,10.35
AN-RSN1657,0.088,4.0,3.9399999999999995,0.05,0.00157,355.0,0.13,7.875,10.149999999999999,1007.5,72.8,8.515
TH-RSN1770,0.083,6.1,6.03,0.069,0.00167,250.0,0.23,7.88,10.7,649.0,93.1,10.1
MD-51997100,0.015,5.09,5.09,0.002,,206.0,0.018000000000000002,8.44,7.95,483.5,101.6,12.0
MD-30015185,0.076,4.1,3.9,0.0409,0.0008,225.0,0.269,7.79,9.8,636.0,87.9,9.71
NW-88003555,0.049,1.1749999999999998,1.1549999999999998,0.01395,0.0009400000000000001,114.5,0.113,8.1,9.95,365.0,99.2,10.95
MD-70264520,0.035,8.52,8.5,0.0239,0.00048,142.0,0.077,8.0,6.0,462.0,95.0,12.4
NW-88002459,0.135,1.6,1.56,0.029,0.002275,160.0,0.11,8.17,10.8,497.0,97.8,10.7
TH-PCHR0269,0.14,5.4,4.87,0.059,0.00165,240.0,0.48,7.92,7.8,1054.0,72.3,8.7
NW-88002201,0.015,0.83,0.826,0.002,0.00015,32.0,0.024,7.6,10.1,174.0,98.3,10.9
AN-THR065,0.015,0.43,0.42400000000000004,0.0062,0.000485,170.5,0.005,7.88,12.5,5332.0,86.6,9.1
SO-F0017553,0.015,0.1,0.098,0.002,6.25e-05,119.5,0.121,7.39,11.9,354.5,50.55,5.925
SW-70591016,0.015,5.705,5.68,0.01855,0.000315,102.0,0.10250000000000001,7.9,11.2,402.5,93.19999999999999,10.3
NW-88006456,0.015,0.2,0.196,0.002,0.000195,104.0,0.005,8.08,5.3,315.0,101.7,12.9
MD-37848560,0.039,7.5,7.445,0.0487,0.00053,220.0,0.32,7.92,9.9,962.0,88.4,9.69
SW-RSN1621,0.015,7.0,6.99,0.0077,0.00029,220.0,0.043,8.18,10.7,534.0,99.3,11.1
AN-17M13,0.042,4.26,4.23,0.0187,0.00065,227.0,0.059,7.97,10.3,743.0,94.9,10.8
AN-PIKEDR,0.108,0.26,0.232,0.0156,0.00135,158.0,0.005,7.9,11.5,701.0,75.8,8.07
SW-Z1012302,0.169,1.8,1.68,0.0287,0.00203,240.0,0.218,7.78,10.6,873.0,71.9,8.1
SW-82010188,0.059,3.89,3.8899999999999997,0.0047,9e-05,13.0,0.0155,6.785,11.9,174.0,98.1,10.45
TH-PRTS0659,0.052,6.6,6.58,0.03,0.00145,200.0,0.14,8.075,12.25,630.0,97.75,10.81
SO-E0000494,0.0515,6.215,6.18,0.0477,0.00114,250.5,0.079,8.03,12.1,763.0,89.9,9.58
NW-RSN0300,0.0038,0.35,0.349,0.0005,1e-05,17.0,0.0076,7.06,8.6,58.0,101.3,11.55
MD-52597070,0.17149999999999999,1.32,1.31,0.0083,0.0015300000000000001,44.5,0.024,7.7,8.7,175.0,93.2,10.8
NW-88002503,0.21650000000000003,1.57,1.5550000000000002,0.036199999999999996,0.001205,213.0,0.181,7.484999999999999,10.3,658.5,67.2,7.57
NW-88005557,0.015,0.1,0.098,0.002,0.00019250000000000002,28.0,0.005,7.87,8.25,86.5,102.55000000000001,12.350000000000001
MD-05217080,0.2195,9.9,9.855,0.0635,0.0037949999999999998,211.0,0.497,7.970000000000001,10.0,899.5,91.55000000000001,10.5
SW-70531633,0.19,8.1,7.94,0.0575,0.0024,170.0,0.19,7.89,12.3,598.0,83.4,8.68
NE-49400395,0.316,5.27,5.195,0.0902,0.00434,97.0,0.378,7.86,10.55,662.0,93.7,10.6
TH-PLER0023,0.057,7.6,7.51,0.038,0.00093,214.0,0.37,8.07,11.649999999999999,867.0,93.6,10.1
NW-88003839,0.0265,0.65,0.6455,0.0045,0.0003875,39.5,0.0345,7.925,9.9,151.0,96.65,11.05
AN-TG1400,0.0505,12.8,12.75,0.0505,0.00054,130.0,1.5150000000000001,7.68,12.0,835.0,90.5,10.015
NE-41000444,0.015,1.8,1.8,0.00555,0.00019250000000000002,73.0,0.021,7.81,8.35,233.0,93.05,10.95
AN-UPPB100U,0.015,13.0,12.95,0.022,0.00035999999999999997,170.0,1.35,8.1,11.2,777.0,95.5,10.3
SW-81520350,0.0056500000000000005,1.2,1.2,0.0014,3e-05,11.0,0.01,7.35,10.45,96.0,100.0,11.05
NW-88002542,0.2,5.715,5.67,0.12,0.002715,120.0,0.64,7.81,11.4,445.0,96.2,10.2
MD-27047320,0.079,3.915,3.9000000000000004,0.022,0.000495,190.0,0.17,7.6,10.7,536.0,73.95,8.175
MD-47087250,0.015,4.19,4.18,0.0052,0.000305,147.0,0.053,8.21,11.5,480.0,95.0,11.8
SW-82210140,0.057,14.2,14.149999999999999,0.03315,0.000335,52.0,0.077,7.45,12.8,510.5,96.4,10.350000000000001
MD-09253100,0.054,3.6,3.56,0.026,0.00108,250.0,0.21,7.92,11.3,806.0,83.9,9.6
SO-F0002155,0.0625,3.8850000000000002,3.835,0.02905,0.000615,73.5,0.38849999999999996,7.655,10.85,369.0,87.75,9.335
MD-48045100,0.042499999999999996,3.745,3.68,0.022350000000000002,0.000785,169.0,0.0395,8.105,12.350000000000001,641.5,93.30000000000001,10.149999999999999
NE-49301720,0.21,3.8,3.78,0.051000000000000004,0.0016,175.0,0.415,7.675,10.95,907.5,95.75,10.7
MD-RSN0052,0.097,15.0,14.9,0.091,0.0016849999999999999,150.0,0.45,8.205,11.7,940.0,99.19999999999999,11.05
SO-G0004053,0.015,6.5,6.49,0.00825,9e-05,230.0,0.036500000000000005,7.49,10.8,558.0,80.8,9.04
SO-E0001597,0.023,1.85,1.8399999999999999,0.0097,0.0001675,61.5,0.0285,7.505,11.75,318.0,89.15,9.795
MD-17662160,0.015,3.855,3.84,0.0079,0.00026000000000000003,233.5,0.07250000000000001,8.12,10.25,535.0,93.55,10.3
NW-88002363,0.073,2.6,2.565,0.029,0.00103,110.5,0.2645,7.88,9.9,413.5,96.85,11.05
NE-RSN2348,0.019,4.0,3.99,0.0125,0.000285,220.0,0.0235,8.105,10.05,568.5,99.6,10.95
AN-DOV027,0.059,11.0,10.9,0.051,0.00068,270.0,0.72,7.95,9.1,1053.0,82.1,10.3
NW-88000764,0.0605,6.9,6.85,0.04535,0.000795,170.0,0.0545,8.16,10.5,573.5,96.4,10.8
MD-29577040,0.064,2.33,2.32,0.0083,0.0005,98.0,0.38,7.9,9.649999999999999,413.0,95.55,10.5
TH-PWRR0008,0.015,5.9,5.89,0.00745,0.0002925,206.0,0.005,8.065,11.35,514.5,97.4,10.3
NW-88001832,0.015,1.13,1.085,0.002,0.00011999999999999999,33.5,0.0177,7.735,8.8,161.5,99.7,11.6
AN-WEN070,0.015,8.0,7.98,0.021,0.00038,260.0,0.057,8.06,11.3,786.0,90.2,10.0
NE-SSN0101,0.135,5.95,5.9350000000000005,0.059,0.0009,230.0,0.0155,7.46,11.649999999999999,821.0,70.6,7.75
NW-88000638,0.0935,6.35,6.279999999999999,0.0581,0.00183,225.5,0.273,7.955,10.35,756.0,84.1,9.435
NE-49905205,0.015,0.475,0.471,0.002,0.00022,79.0,0.005,8.355,7.0,200.5,100.9,12.149999999999999
MD-27230380,0.18,8.18,8.07,0.08349999999999999,0.0015049999999999998,210.0,0.175,7.57,11.0,704.5,76.75,8.555
MD-51785108,0.015,3.45,3.445,0.002,0.0003075,190.0,0.02,8.205,11.5,,101.75,11.350000000000001
SO-E0007230,0.015,6.6,6.59,0.012,0.000265,246.0,0.027,7.98,12.0,634.5,97.0,10.6
TH-PRTS0046,0.015,7.4,7.27,0.02,0.0005475,220.0,0.185,8.135000000000002,16.45,680.0,95.7,9.83
NW-88024079,0.015,4.21,4.14,0.0237,0.00025,137.0,0.047,7.64,12.8,525.0,80.7,8.8
SW-SSN1436,0.00915,2.7,2.695,0.0049,0.0001,265.0,0.018000000000000002,7.835,10.55,551.5,92.45,10.55
SW-RSN0179,0.015,4.1,4.1,0.00445,0.000275,170.0,0.063,8.245000000000001,11.149999999999999,418.5,100.0,10.95
NW-88001974,0.1025,2.865,2.815,0.0432,0.00101,49.0,0.1565,7.615,11.35,290.0,94.19999999999999,10.15
AN-WAIB1,0.015,8.86,8.84,0.016,0.000285,210.0,0.0805,8.28,10.2,651.0,98.15,11.1
MD-RSN1270,0.015,3.2,3.1950000000000003,0.00795,0.0003025,280.0,0.02,8.03,11.65,644.0,98.3,10.7
SO-E0000903,0.076,2.55,2.51,0.0271,0.000785,182.5,0.1255,7.76,11.45,592.0,84.55,9.280000000000001
NE-49300149,0.051000000000000004,5.225,5.175,0.0254,0.00059,110.0,0.429,7.855,8.45,610.0,94.95,11.0
SW-81610172,0.1355,2.165,2.125,0.0208,0.0007149999999999999,23.5,0.216,7.42,11.3,295.0,99.8,10.9
MD-00056710,0.0375,1.75,1.74,0.010450000000000001,0.00039749999999999996,51.0,0.107,7.77,11.3,194.0,91.95,10.1
AN-TE0152,0.058,11.0,11.0,0.04,0.00088,210.0,0.65,8.11,12.0,920.0,86.1,9.72
AN-EFENCTW,0.073,5.0,4.17,0.04,0.001005,190.0,0.10500000000000001,7.985,10.7,677.5,90.95,10.6
MD-53771455,0.055,6.685,6.645,0.0297,0.000895,262.5,0.4445,8.135000000000002,10.5,1311.5,93.05,10.8
SW-50580183,0.0695,10.8,10.8,0.034600000000000006,0.00042,240.0,0.20500000000000002,7.47,11.8,648.0,84.1,8.9
NE-49000065,0.041999999999999996,11.6,11.9,0.028,0.00064,210.0,0.03,8.08,9.55,639.0,100.85,11.7
TH-POCR0033,0.069,15.05,15.0,0.106,0.00065,220.0,1.7,7.66,11.7,915.0,70.1,7.36
SW-81231161,0.0325,0.87,0.8654999999999999,0.00375,0.000565,24.5,0.07350000000000001,8.18,13.05,106.0,112.05000000000001,11.75
MD-04776040,0.10200000000000001,9.774999999999999,9.705,0.04675,0.001745,190.0,0.2455,8.03,9.2,969.0,95.44999999999999,11.0
AN-NWDR010C,0.11249999999999999,1.77,1.74,0.0363,0.00209,278.5,0.025500000000000002,8.14,11.45,2353.5,101.1,11.2
NW-88002750,0.297,18.7,18.6,0.0571,0.00123,120.0,4.025,7.305,11.55,723.5,85.45,9.275
AN-48M09,0.015,7.1,7.09,0.018,0.000315,240.0,0.061,8.11,11.6,647.0,94.0,10.2
SW-81930120,0.02785,3.535,3.56,0.012,0.00013,23.0,0.0415,7.28,11.6,228.0,97.2,10.649999999999999
SW-Z8480204,0.015,6.1,6.055,0.0228,0.000395,240.0,0.13,8.27,11.5,652.0,101.7,11.1
MD-49703460,0.0505,2.54,2.53,0.011,0.001065,158.0,0.037,8.15,10.0,445.5,99.1,11.0
NW-88003538,0.033,0.6000000000000001,0.595,0.0055,0.0004625,52.0,0.045,8.114999999999998,10.0,273.0,100.2,11.45
NE-41000371,0.015,6.18,6.17,0.0102,0.00029,277.0,0.067,8.35,7.3,790.0,100.0,12.1
AN-THOR060T,0.046,10.8,10.7,0.0499,0.00057,250.0,0.4395,7.84,10.6,983.0,72.7,7.52
NW-88024638,0.015,1.2,1.18,0.01,0.00027499999999999996,71.0,0.026000000000000002,8.024999999999999,10.4,286.0,99.4,11.0
SW-61200100,0.024,4.275,4.265,0.0169,0.0005925,278.5,0.069,8.145,11.45,630.0,95.7,10.649999999999999
NE-RSN0844,0.0058,2.4,2.39,0.0056,7.999999999999999e-05,145.0,0.031,7.925,10.95,435.5,94.19999999999999,10.8
MD-04131820,0.057,2.6950000000000003,2.67,0.02275,0.00077,243.0,0.141,8.17,8.1,942.0,95.3,11.0
AN-CHAT140S,0.015,7.105,7.08,0.016300000000000002,0.000315,190.0,0.11,8.05,9.8,744.0,91.0,10.5
NE-49100241,0.595,5.5,5.38,0.11499999999999999,,,0.26,7.744999999999999,12.600000000000001,,79.95,9.57
NW-88025772,0.13,2.6,2.58,0.019,0.0008,84.0,0.083,7.54,10.3,287.0,91.6,10.9
AN-DORR3,0.18,5.1,5.01,0.052,0.00168,230.0,0.26,7.91,9.3,922.0,80.7,10.0
AN-RSN0881,0.119,3.1000000000000005,3.005,0.0995,0.002765,185.0,0.255,7.8,13.4,1421.0,93.15,8.86
AN-FOURTOWN,0.083,2.3,1.62,0.031,0.001035,480.0,0.1,7.96,10.4,2170.0,98.2,11.3
AN-64M10,0.015,14.0,14.0,0.012,0.00024,230.0,0.026,7.92,11.5,718.0,96.7,10.5
NE-49000183,0.094,7.2,7.18,0.0478,0.00153,253.0,0.16,7.94,9.1,787.0,93.7,11.0
SW-82210132,0.015,9.93,9.92,0.0057,7e-05,21.0,0.017,7.26,11.0,356.0,96.0,10.5
AN-SSN1367,0.015,21.0,21.0,0.013,8.5e-05,160.0,0.21,7.33,12.4,818.0,88.0,9.4
MD-52762850,0.015,0.67,0.666,0.002,0.00019,26.0,0.011,7.79,9.5,128.0,98.9,11.4
SW-81201166,0.015,0.705,0.6944999999999999,0.002,0.00010750000000000001,40.0,0.0265,7.41,11.2,160.5,95.4,10.45
AN-PTRIBI,0.036,0.35,0.336,0.0051,0.000325,129.0,0.005,7.78,11.6,847.0,84.3,8.94
SW-RSN1182,0.0052,0.025,0.024,0.0005,5e-06,,0.009899999999999999,6.05,10.3,31.5,102.4,11.75
SW-81290141,0.015,1.95,1.935,0.0088,0.000245,39.5,0.0315,7.58,11.850000000000001,206.5,97.4,10.75
NW-RSN0667,0.0135,0.53,0.525,0.00425,0.00012,27.0,0.01125,7.855,10.5,108.0,104.9,12.65
MD-00025312,0.058499999999999996,5.58,5.5600000000000005,0.0275,,,0.166,,12.45,582.15,95.05000000000001,10.850000000000001
MD-11707580,0.061,6.455,6.404999999999999,0.0303,0.00103,197.5,0.191,8.045,11.75,755.0,93.8,10.5
TH-PMLR0018,0.0755,15.6,15.6,0.035500000000000004,0.0005549999999999999,70.0,0.182,7.485,13.6,552.0,82.0,8.675
AN-WELL150R,0.031,4.85,4.825,0.026,0.00054,210.0,0.37,8.09,11.4,784.0,88.4,10.1
NE-49100344,0.015,0.30000000000000004,0.29600000000000004,0.002,0.00031999999999999997,92.0,0.005,8.175,9.6,201.5,102.05000000000001,11.55
MD-RSN2114,0.093,9.2,9.11,0.083,0.00126,170.0,0.14,7.95,11.7,753.0,93.4,10.7
NE-49301121,0.143,1.7,1.67,0.0322,0.0026449999999999998,315.0,0.0635,8.09,10.1,1551.0,93.35,10.45
SW-73070207,0.015,2.43,2.4,0.012,0.00029,45.0,0.021,7.8,10.7,226.0,96.0,11.2
MD-11707020,0.055,6.0,5.96,0.033,0.00074,200.0,0.157,7.9350000000000005,11.0,738.5,91.8,10.3
TH-RSN1713,0.015,13.0,13.0,0.011,0.000305,250.0,0.005,8.31,8.4,694.0,99.3,11.7
MD-29499050,0.015,1.3,1.275,0.00305,0.0002575,48.0,0.038,7.95,8.3,172.0,95.9,10.65
NW-88000723,0.051500000000000004,7.140000000000001,7.085,0.049,0.00081,160.0,0.3585,7.96,10.2,648.5,88.45,9.995000000000001
MD-RSN1618,0.015,4.2,4.19,0.007,0.000215,99.0,0.03,7.83,10.4,426.0,95.0,11.1
SO-RSN1837,0.081,0.96,0.981,0.016,0.00052,125.0,0.0645,7.665,10.3,498.5,76.45,8.855
MD-30702200,0.034,3.7,3.69,0.02425,0.000465,160.0,0.21,7.915,10.7,440.0,93.5,10.1
MD-15782410,0.015,4.385,4.375,0.0109,0.000395,185.0,0.0905,8.27,9.100000000000001,447.0,96.0,10.899999999999999
NW-RSN0075,0.0025,0.14,0.139,0.0005,5e-06,,0.0005,7.05,9.6,39.0,100.9,11.5
SW-72934659,0.0629,2.865,2.8499999999999996,0.014,0.0004075,31.0,0.05835,7.465,10.6,179.5,96.5,10.850000000000001
TH-PWRR0002,0.108,12.149999999999999,12.2,0.03315,0.00103,205.0,0.6719999999999999,7.5,15.0,884.0,74.25,7.39
SW-RSN0739,0.015,0.33499999999999996,0.33099999999999996,0.002,0.0001275,26.0,0.032,7.54,12.0,116.5,97.25,10.4
NW-88006211,0.015,0.1,0.098,0.002,0.000115,16.0,0.005,7.64,8.2,65.0,101.7,12.0
SW-81271217,0.015,1.01,1.01,0.0041,0.00019,44.0,0.018,7.58,10.7,208.0,96.8,10.6
AN-YAR190,0.047,5.98,5.96,0.032,0.0009599999999999999,263.5,0.086,8.055,12.2,793.35,92.3,10.375
NW-88002165,0.0259,0.42,0.416,0.00327,0.00011,49.0,0.0101,7.33,9.5,232.0,92.2,10.6
AN-SSN0407,0.015,6.9,6.89,0.0115,0.00022,310.0,0.052000000000000005,8.21,7.0,766.0,95.5,11.6
SW-91221524,0.015,1.5,1.5,0.0043,0.000105,43.0,0.025,7.39,11.3,210.0,93.9,10.3
NE-RSN1240,0.0054,2.4,2.4,0.0022,8e-05,110.0,0.005,8.120000000000001,9.05,309.5,100.7,11.4
NE-49600459,0.033,5.49,5.47,0.0201,0.00039,224.0,0.04,8.11,9.4,744.0,94.2,11.1
SO-E0004616,1.4,0.1,0.182,0.018,0.0118,230.0,0.41,7.41,16.1,25099.0,55.4,5.72
SW-81271510,0.015,0.62,0.618,0.0032,9.5e-05,24.0,0.005,7.41,11.95,157.5,95.45,10.25
NW-88004545,0.015,0.71,0.706,0.002,0.00025,51.0,0.027,8.01,9.0,152.5,100.85,11.7
AN-YAR003,0.015,7.4,7.355,0.0215,0.0003375,280.0,0.0325,7.99,10.0,724.0,88.69999999999999,10.55
NE-49405171,0.18,6.4,6.33,0.067,0.00201,94.0,0.35,7.62,13.5,556.0,91.3,9.2
MD-45380360,0.595,0.975,0.8935,0.0804,0.0157,570.0,0.005,8.08,12.6,2791.0,91.1,9.15
AN-RR0140,0.04,10.5,10.24,0.0324,0.00073,240.0,0.1995,7.945,12.0,948.0,89.65,9.51
NW-88024650,0.015,0.78,0.776,0.002,7.500000000000001e-05,15.0,0.011,7.35,8.9,84.0,100.0,11.600000000000001
NE-49000500,0.13,0.515,0.508,0.00708,0.0004,30.0,0.031,7.385,9.8,152.5,88.65,10.04
SW-RSN1955,0.0245,2.1,2.09,0.0069,0.000185,48.0,0.033,7.55,11.1,207.5,91.9,10.100000000000001
NE-49700306,0.015,0.46,0.456,0.002,0.00025,122.0,0.005,8.35,8.8,267.0,96.8,11.2
SW-E7000500,0.015,4.71,4.705,0.002,0.0003,260.0,0.028,8.08,10.850000000000001,570.5,100.25,11.1
AN-ST0952,0.015,10.0,9.99,0.013,0.000225,288.0,0.071,8.27,7.2,788.0,94.6,11.1
TH-PUTR0048,0.015,1.9,1.89,0.0125,0.0003275,210.0,0.035,7.885,12.649999999999999,514.5,89.69999999999999,9.785
NE-49400979,0.105,2.3,2.28,0.0251,0.00197,125.0,0.051,8.06,9.95,726.5,96.2,11.0
NW-88022317,0.08099999999999999,0.177,0.1745,0.00574,0.00026000000000000003,138.0,0.01065,7.225,10.2,508.0,40.55,4.66
MD-C0000104,0.0555,7.855,7.76,0.0539,0.000705,284.5,0.166,7.895,9.4,970.0,78.4,8.415
AN-RSN1705,0.00855,3.85,3.83,0.00595,0.00011,195.0,0.017,8.120000000000001,7.550000000000001,759.5,97.0,11.75
MD-RSN1062,0.072,3.6,3.57,0.049,0.00147,180.0,0.037,8.115,11.95,742.0,99.3,10.6
SW-70550133,0.035,1.54,1.54,0.0081,0.00034,36.0,0.025,7.84,10.1,148.0,98.0,11.4
MD-62933100,0.0225,7.715,7.7,0.0197,0.00042500000000000003,145.0,0.16699999999999998,7.915,12.55,636.0,91.0,9.91
SW-70501902,0.015,5.095000000000001,5.085,0.0165,0.00028,82.0,0.063,7.9,8.6,320.0,92.9,10.6
SW-RSN2067,0.0038,0.35,0.349,0.0005,5e-06,11.5,0.00705,6.67,9.4,61.0,99.5,11.2
NW-88002407,0.054,1.045,1.0350000000000001,0.01075,0.0007650000000000001,180.0,0.177,7.995,9.3,533.0,98.1,11.6
NE-49800090,0.015,1.1,1.06,0.002,0.0003475,39.0,0.022,7.72,7.6,150.0,101.4,11.5
NE-49305359,0.061,1.91,1.87,0.022,0.00052,193.0,0.042,7.74,11.1,1055.0,80.2,9.11
MD-02899010,0.07300000000000001,5.4399999999999995,5.375,0.036000000000000004,0.0010999999999999998,302.0,0.19,8.075,10.75,835.0,89.1,9.825
NW-88023162,0.015,0.23,0.226,0.002,0.000245,54.0,0.015,7.98,8.4,165.0,98.6,11.5
SO-F0017662,0.0685,20.0,19.6,0.075,0.00035000000000000005,81.0,0.024,7.02,14.3,899.0,87.1,8.76
SO-F0002654,0.0735,4.855,4.79,0.03315,0.0009450000000000001,157.5,0.627,7.895,10.85,554.5,87.5,9.925
SW-RSN0579,0.0023,0.29000000000000004,0.2885,0.0012000000000000001,1.7500000000000002e-05,24.0,0.0081,7.65,9.15,145.5,99.0,11.649999999999999
AN-08M30,0.054,4.675,4.574999999999999,0.01825,0.000675,248.0,0.0495,8.0,9.1,734.5,92.1,10.9
NW-88003846,0.037,1.03,1.02,0.006,0.00043000000000000004,69.0,0.07,8.145,9.2,247.0,102.05,12.25
NE-49600455,0.04,8.95,8.915,0.02805,0.000645,252.0,0.2135,8.065000000000001,9.25,706.0,90.05000000000001,10.2
AN-23M11,0.015,12.0,12.0,0.016,0.00024249999999999999,280.0,0.035,8.094999999999999,8.95,760.0,94.0,10.8
SW-RSN1747,0.44999999999999996,1.25,1.135,0.057999999999999996,0.00227,300.0,0.305,7.42,12.1,1077.5,56.849999999999994,6.035
MD-02851100,0.056499999999999995,4.73,4.705,0.028,0.001075,260.0,0.1965,8.07,12.35,714.5,91.55,9.325
AN-WLPSSMRB,0.024,8.55,8.48,0.027,0.000485,230.0,0.0765,8.05,9.05,739.0,91.4,10.6
MD-58661180,0.043,5.98,6.225,0.0224,0.000405,165.0,0.061,7.795,10.05,1163.5,89.85,10.0
MD-47588380,0.035500000000000004,4.58,4.52,0.0233,0.00054,240.0,0.1275,8.24,9.6,710.5,97.1,11.4
NE-RSN0376,0.054,5.75,5.72,0.0225,0.00067,260.0,0.068,8.015,10.95,739.5,93.85,10.7
AN-NILL1,2.88,4.48,4.3,0.254,0.0999,168.0,0.588,7.9,20.2,2239.0,80.2,7.2
MD-11091180,0.033,3.0,2.9850000000000003,0.01345,0.00048249999999999996,182.0,0.13,7.95,11.25,760.5,90.55,10.01
MD-28272180,0.097,6.07,6.02,0.0391,0.00082,249.0,0.11499999999999999,7.65,10.0,1698.0,77.1,8.55
NW-88019824,0.0036,0.399,0.398,0.0005,4e-05,20.0,0.0025,7.88,9.2,69.0,102.0,11.8
AN-FRES2,0.081,9.98,9.88,0.0979,0.00109,235.0,0.17,7.87,10.6,768.0,90.6,10.3
SW-81241115,0.015,0.67,0.666,0.002,4e-05,9.0,0.011,7.08,11.1,71.0,100.8,11.2
SO-E0007084,0.053,1.02,0.993,0.0165,0.00043,110.0,0.031,7.64,11.6,564.7,87.2,9.36
MD-39770040,0.0345,19.1,19.05,0.0514,0.000465,172.0,0.28150000000000003,7.78,11.6,1182.5,78.15,8.405000000000001
SO-E0007287,0.15,2.6,2.58,0.028,0.00132,200.0,0.037,7.76,9.9,700.0,87.2,9.85
SW-70641830,0.015,2.69,2.68,0.00597,7e-05,25.0,0.129,7.5,8.7,165.0,96.0,11.0
NW-88003897,0.1315,0.91,0.8485,0.02085,0.0011949999999999999,260.5,0.096,7.73,10.55,714.0,73.85,8.09
SW-70531790,0.0895,7.245,7.18,0.06775,0.00134,218.5,0.1825,7.880000000000001,10.05,559.5,88.5,10.035
AN-04M39,0.015,4.57,4.56,0.0221,0.000325,250.0,0.319,8.16,8.85,848.0,94.6,10.5
NW-88004083,0.253,4.03,3.9850000000000003,0.03275,0.00093,180.0,0.335,7.42,9.8,523.0,83.6,9.46
MD-00038490,0.015,3.4,3.39,0.0139,0.00039999999999999996,99.0,0.091,7.975,11.25,349.0,95.15,10.4
AN-37M55,0.015,17.0,17.0,0.035500000000000004,0.0003325,242.5,0.057999999999999996,7.845,11.100000000000001,812.0,92.15,9.945
NW-88002499,0.178,1.71,1.6800000000000002,0.0274,0.00135,140.0,0.0315,7.715,9.65,706.0,92.25,10.155000000000001
TH-RSN1210,0.052,2.2,2.19,0.022,0.00048,170.0,0.054,7.75,9.7,863.0,77.7,9.1
MD-50304820,0.073,6.7,6.66,0.0471,0.001,150.0,0.96,7.71,10.1,,85.6,9.42
NW-SSN1350,0.00875,0.0405,0.0384,0.00135,1.9999999999999998e-05,45.5,0.0225,7.045,9.100000000000001,117.5,96.4,10.85
AN-KINGERBY,0.042,6.6,6.56,0.034,0.00039,200.0,0.058,8.07,8.8,658.0,96.8,11.8
SW-Z5012802,0.015,6.345000000000001,6.33,0.009649999999999999,0.00026250000000000004,251.5,0.054,7.95,11.05,632.5,86.3,9.67
TH-PGUR0021,0.0535,6.505000000000001,6.470000000000001,0.04515,0.00136,200.5,0.148,8.01,11.65,778.0,95.55,9.95
SW-91241135,0.015,2.17,2.17,0.002,0.00022,61.0,0.1,7.83,10.9,465.0,99.2,10.4
SW-RSN1090,0.015,6.800000000000001,6.775,0.0235,0.0003475,220.0,0.18,7.955,10.3,730.5,89.95,10.2
SO-F0002444,0.158,0.97,0.957,0.0164,0.00079,65.0,0.027000000000000003,7.57,14.5,295.0,86.7,9.44
SW-70240325,0.015,2.8499999999999996,2.84,0.0125,0.00037,61.0,0.068,7.79,12.55,243.5,101.5,11.0
SO-Y0004524,0.015,4.3,4.29,0.011,0.00034,115.5,0.14,8.19,13.0,1575.0,97.5,9.92
NE-49301905,0.1,7.2,7.13,0.04195,0.00142,140.0,0.6165,7.955,10.8,796.0,97.7,10.8
AN-DEB046,0.043,6.02,6.0,0.0413,0.00036,330.0,0.033,7.6,10.4,1036.0,74.9,8.07
SO-G0004165,0.038,5.2,5.17,0.0175,0.00035,57.0,0.051,7.71,11.1,299.0,92.5,10.2
NW-88024634,0.08549999999999999,4.9,5.18,0.031,0.00056,89.5,0.059,7.6,11.8,380.0,86.8,9.344999999999999
NW-88003219,0.21,9.4,9.34,0.093,0.00092,131.0,0.305,7.46,11.7,667.0,69.5,8.18
AN-30M25,0.032,14.0,13.9,0.0461,0.00062,230.0,0.4095,8.015,10.9,856.0,87.1,9.524999999999999
AN-NTBK050G,0.057999999999999996,19.7,,,0.001075,,2.23,7.92,10.65,884.0,90.9,10.1
AN-11M02,0.086,7.9,7.83,0.0679,0.00137,210.0,0.256,7.89,12.1,865.0,88.2,9.72
NW-88009794,0.015,0.775,0.771,0.002,4.5e-05,19.0,0.005,7.2,9.149999999999999,90.0,98.55,11.4
NE-49300195,0.486,11.9,11.6,0.2555,0.00387,225.0,1.8,7.52,12.8,1055.0,49.8,5.13
TH-PTHR0022,0.038500000000000006,3.935,3.925,0.0231,0.00033,226.0,0.1835,7.73,13.3,774.0,69.4,7.68
NW-88001943,0.015,0.9685,0.9615,0.003275,0.000115,31.5,0.0254,7.58,9.8,191.0,100.9,11.5
SO-E0004845,0.015,1.7149999999999999,1.705,0.0045,0.0002025,57.0,0.0155,7.77,11.95,374.0,93.1,9.83
AN-ST1038,0.072,11.05,11.05,0.07494999999999999,0.00105,262.0,0.6145,7.9399999999999995,10.600000000000001,944.5,81.55,9.215
NW-88006294,0.015,4.31,4.3,0.0067,0.000195,67.0,0.06,7.95,8.1,228.0,100.6,11.9
NW-RSN0856,0.008,0.4,0.397,0.0005,3e-05,18.0,0.004,7.46,11.1,84.0,100.7,11.2
SW-72930420,0.058,1.9,1.88,0.015,0.00034,34.0,0.043,7.43,11.0,192.0,94.0,10.1
AN-MEDB100M,0.015,4.67,4.654999999999999,0.017849999999999998,0.00035,241.5,0.2,8.12,10.5,870.0,97.9,11.1
MD-45223850,0.015,6.8,6.795,0.00555,0.00031,295.5,0.059,8.3,10.2,868.0,99.3,11.1
SW-RSN2238,0.00295,1.2999999999999998,1.2999999999999998,0.0016,5e-05,36.5,0.018000000000000002,7.77,11.649999999999999,137.0,98.9,10.8
NW-88003894,0.095,1.26,1.17,0.0873,0.00173,256.0,0.279,7.9,13.1,795.0,89.2,9.36
TH-PLER0065,0.048,14.0,14.0,0.0654,0.00097,200.0,0.27,8.09,12.15,957.0,95.35,10.6
NE-49300688,0.063,11.95,11.850000000000001,0.0709,0.00103,224.0,0.6890000000000001,7.86,10.5,998.0,86.8,10.0
NE-49301411,0.224,7.65,7.475,0.0853,0.00385,100.0,0.623,7.99,9.4,604.0,95.25,10.5
AN-CR01,0.123,4.6,4.57,0.06,0.00182,181.5,0.837,7.98,11.0,1043.5,89.2,10.25
MD-25828090,0.058499999999999996,6.015,5.960000000000001,0.0358,0.00078,260.0,0.25,8.09,9.850000000000001,759.5,90.44999999999999,10.25
SW-Z1011402,0.105,6.51,6.46,0.04545,0.00186,230.0,0.15,8.1,11.3,654.0,98.3,10.6
TH-PTHR0085,0.015,6.18,6.16,0.015550000000000001,0.00035249999999999995,210.0,0.1265,8.16,10.7,616.0,92.6,10.3
NE-49400453,0.015,2.0,1.99,0.0072,0.00034,60.5,0.042,8.135,9.75,348.5,101.2,11.2
NE-49905201,0.026,3.6399999999999997,3.605,0.00915,0.000365,233.5,0.036000000000000004,8.095,12.55,752.5,92.4,9.97
NE-49300744,0.096,9.2,9.16,0.0738,0.00118,200.0,0.525,7.9,9.3,949.0,87.9,10.2
NE-RSN2008,0.015,3.6,3.59,0.014,0.0003975,220.0,0.125,8.15,11.2,647.5,97.6,10.649999999999999
TH-PCNR0088,0.015,4.7,4.69,0.0091,0.00030250000000000003,270.0,0.039,8.07,11.25,677.0,95.8,10.3
NW-88006246,0.015,0.5885,0.587,0.002,0.00017250000000000002,32.5,0.0071,8.03,9.9,105.0,101.7,11.6
NE-49000138,0.015,0.74,0.734,0.002,0.000125,27.0,0.013,7.55,11.0,153.0,97.9,10.9
AN-WHAP120H,0.379,0.9450000000000001,0.9255,0.02005,0.00298,430.0,0.028,7.78,9.75,2282.5,72.0,8.565
TH-PBNR0004,0.27,2.3,2.24,0.06695000000000001,0.00107,76.5,0.155,7.35,10.5,417.0,68.2,7.54
NE-49105251,1.1,3.3,3.1500000000000004,0.12,0.00703,280.0,0.39,7.69,10.1,785.0,63.4,7.03
SO-E0001687,0.015,13.9,13.8,0.0484,0.0001425,115.0,0.072,7.555,8.7,726.0,86.4,10.175
SW-81261124,0.015,1.45,1.45,0.002,0.00011750000000000001,34.0,0.0235,7.57,10.9,161.0,100.0,11.0
NW-88001845,0.0975,1.3,1.2850000000000001,0.013649999999999999,0.00087,28.0,0.10600000000000001,7.68,10.2,136.5,97.75,11.45
AN-GIP100,0.066,10.0,9.89,0.08,0.00109,320.0,0.25,7.94,9.8,1093.5,87.05,9.315000000000001
AN-LTH005,0.053,6.54,6.51,0.036,0.00074,277.0,0.18,8.33,4.9,791.0,95.0,12.6
MD-50584550,0.1355,5.3,5.05,0.065,0.0015600000000000002,118.0,0.442,7.805,8.7,435.0,91.95,11.0
SO-E0001306,0.015,6.38,6.365,0.017,0.00033,210.0,0.069,8.03,12.2,648.0,90.3,9.72
AN-BLY010,0.064,1.17,1.16,0.0208,0.00051,221.0,0.022,7.62,9.0,887.0,94.6,10.3
NW-88006460,0.015,0.1,0.098,0.002,0.00027,28.0,0.01,8.08,9.7,106.0,112.0,13.0
MD-45212050,0.19,8.25,8.129999999999999,0.11,0.00303,190.0,0.37,7.85,13.6,1017.0,79.2,8.7
MD-57024500,0.0395,0.91,0.905,0.004699999999999999,0.00071,150.0,0.0505,8.045,10.4,385.5,97.5,10.9
TH-PPSR0006,0.041999999999999996,0.96,0.935,0.019,0.00021500000000000002,290.0,0.029,7.51,11.8,727.5,62.45,6.835
NW-88003426,0.049,2.9850000000000003,2.95,0.03095,0.0008749999999999999,190.0,0.245,8.22,11.7,512.0,102.4,11.7
AN-LANG060M,0.077,8.254999999999999,8.105,0.0675,0.001035,211.5,0.8979999999999999,7.88,11.1,815.0,82.05,8.815
TH-PWAR0053,0.0455,5.720000000000001,5.6850000000000005,0.0325,0.000845,240.0,0.0755,7.965,11.649999999999999,660.0,92.8,9.84
NE-49301354,0.0289,0.55,0.545,0.00308,0.00026,21.0,0.016,7.74,10.6,152.0,97.4,11.1
NW-88002392,0.09,1.04,1.02,0.0195,0.00149,95.0,0.046,8.16,9.4,345.0,99.7,11.5
NE-49200004,0.085,6.29,6.19,0.0481,0.00044,258.0,0.013,7.42,11.2,802.5,61.2,6.71
AN-BCKNLLCW,0.0375,11.0,10.9,0.0387,0.000495,237.0,0.077,8.024999999999999,10.25,817.5,91.95,10.9
NE-SSN1477,0.015,0.78,0.761,0.002,0.00034500000000000004,65.5,0.025500000000000002,7.994999999999999,8.95,230.5,100.2,11.3
SW-81201520,0.058,3.43,3.42,0.011,0.0002,32.0,0.059,7.3,7.7,183.0,96.6,11.5
NW-88002670,0.134,4.7,4.64,0.05,0.00105,150.0,0.1265,7.56,9.7,621.0,74.0,8.36
SO-E0001746,0.0565,24.2,24.2,0.0304,0.00047500000000000005,83.5,3.3449999999999998,7.605,13.399999999999999,754.5,89.55000000000001,9.184999999999999
AN-RSN0785,0.08549999999999999,20.0,19.75,0.1015,0.00077,125.0,5.15,7.63,13.1,1073.0,76.2,7.83
AN-27M04,0.08,12.0,11.9,0.0904,0.00124,236.0,0.406,7.9,11.8,816.0,90.1,9.57
SO-SSN1511,0.015,0.8999999999999999,0.8889999999999999,0.0052,4e-05,73.0,0.1045,7.18,9.2,269.0,85.5,9.82
MD-33343627,0.061,1.51,1.35,0.023,0.00075,210.0,0.121,7.97,9.3,,93.7,11.2
TH-PRTS0047,0.2,12.5,12.4,0.11,0.00204,110.0,0.32,7.68,11.3,740.0,73.9,8.09
MD-RSN1298,0.098,6.6,6.555,0.0395,0.00183,220.0,0.30000000000000004,8.024999999999999,12.350000000000001,2102.5,93.9,9.940000000000001
AN-BP0104,0.015,3.55,3.5300000000000002,0.02,0.000325,303.0,0.0635,7.9350000000000005,9.95,869.5,79.80000000000001,8.935
NW-88002439,1.6,15.0,14.8,0.22,0.00669,97.0,1.86,7.29,13.1,641.0,75.0,7.805
AN-46M07,0.057,7.26,7.23,0.0392,0.00102,251.0,0.102,8.0,12.5,799.0,91.4,10.2
AN-BX01,0.015,7.25,7.23,0.0239,0.00042750000000000004,250.0,0.14,8.16,10.5,803.0,94.6,10.5
AN-WNG030,0.0625,15.95,15.9,0.0479,0.00038500000000000003,230.0,0.194,7.55,10.0,1143.0,74.6,8.510000000000002
NW-88022200,0.015,0.26,0.256,0.002,0.00016,16.0,0.0016,7.92,10.8,73.0,100.0,11.8
TH-RSN2345,0.081,5.4,5.29,0.082,0.00228,270.0,0.41,8.145,12.75,764.5,93.19999999999999,9.485
NE-49900179,0.015,0.42,,0.002,,68.0,0.005,7.82,9.3,174.2,101.3,11.100000000000001
SW-60030911,0.127,1.16,1.14,0.034,0.0018,280.0,0.256,7.75,14.4,768.0,73.4,8.3
NE-49500857,0.10650000000000001,3.12,3.09,0.0391,0.00197,184.0,0.036,8.015,9.05,895.0,92.65,10.4
NE-SSN1425,0.039,8.3,8.28,0.028,0.00023,260.0,0.12,7.54,10.4,990.5,88.65,10.45
SW-50281811,0.0177,0.176,0.191,0.00242,0.00011,14.0,0.013,7.62,11.5,112.0,92.8,10.1
NW-RSN1207,0.0945,2.4000000000000004,2.375,0.024,0.000595,120.0,0.079,7.615,9.55,325.5,90.6,10.45
SW-70501069,0.015,1.0,0.996,0.002,0.0001625,51.0,0.016,7.7,11.2,216.0,97.9,10.649999999999999
NW-88004964,0.015,0.52,0.516,0.002,7e-05,43.0,0.005,7.26,11.2,155.0,99.5,10.9
AN-DOV031,0.06,8.7,8.65,0.063,0.00102,300.0,0.99,8.025,12.95,1145.0,87.80000000000001,9.695
MD-09569250,0.015,8.29,8.27,0.01825,0.00031,216.0,0.0815,8.17,9.05,652.0,96.25,10.9
MD-53209040,0.015,0.33,0.326,0.002,0.00012,11.0,0.005,7.605,8.5,62.5,101.3,11.6
NE-49200110,0.015,7.265000000000001,7.25,0.0189,0.00023500000000000002,226.0,0.014499999999999999,7.77,10.8,605.0,101.0,11.149999999999999
SW-82520733,0.015,2.18,2.18,0.0041,7.5e-05,26.0,0.0137,7.4,11.0,169.0,97.7,10.8
SW-RSN1275,0.0135,3.6,3.59,0.007899999999999999,0.000115,47.5,0.02,7.54,11.8,226.0,98.1,10.8
NE-RSN0400,0.42,3.8,3.74,0.084,0.00138,320.0,0.005,7.27,10.399999999999999,1044.0,54.55,6.375
MD-63437780,0.015,3.75,3.7,0.002,0.00027,210.0,0.022,8.175,9.45,546.0,100.2,11.45
SO-F0002720,0.05,4.7,4.69,0.029,0.00059,90.0,0.068,7.79,9.75,418.0,88.35,10.09
NW-RSN0668,0.0039,0.34,0.339,0.0005,6e-05,130.0,0.0022,8.48,9.5,260.0,103.5,11.7
AN-27M43,0.032,4.6,4.59,0.025,0.000595,266.0,0.076,7.895,10.2,740.0,88.0,9.905000000000001
SW-82310132,0.015,2.58,2.64,0.002,8e-05,38.0,0.005,7.4,13.6,360.0,98.5,10.145
NE-49600474,0.015,3.96,3.9400000000000004,0.0185,0.0003625,215.5,0.11,8.19,8.899999999999999,647.0,96.1,11.2
AN-07M03,0.0365,5.35,5.29,0.0275,0.000455,250.0,0.06,8.145,9.8,784.5,94.85,11.0
NE-49200299,0.065,14.0,13.7,0.094,0.00149,241.0,0.87,7.89,11.4,1008.0,88.9,10.6
TH-PUTR0228,0.21,11.0,10.6,0.12,0.00289,244.0,1.3,7.76,11.5,898.0,72.6,7.84
SW-50320178,0.049,2.83,2.8049999999999997,0.0184,0.000875,229.5,0.0955,8.145,10.850000000000001,600.0,95.30000000000001,10.649999999999999
NW-88003487,0.015,0.9299999999999999,0.9225000000000001,0.002,0.00034,65.0,0.028,8.135,8.4,218.5,102.6,12.3
NW-88006480,0.081,3.025,2.99,0.025,0.00077,93.0,0.09,7.87,9.3,279.0,98.7,11.7
AN-TILL1,0.057,6.27,6.18,0.047,0.00074,232.0,0.222,7.97,11.5,865.0,88.2,9.51
AN-RSN0142,0.015,12.0,12.0,0.0315,0.00031999999999999997,235.0,0.0815,8.06,11.25,870.5,88.8,10.8
NW-88004480,0.015,0.84,0.836,0.0053,0.0002675,108.0,0.06,7.95,9.3,286.0,98.7,11.4
SO-F0003319,0.195,8.1,8.04,0.064,0.00205,230.0,0.304,7.67,11.95,2012.0,66.85,7.205
SW-50450151,0.042499999999999996,7.51,7.495,0.0158,0.00067,220.5,0.039,7.985,10.95,574.5,90.2,9.825
MD-01348240,0.015,3.8899999999999997,3.805,0.0092,0.000395,210.0,0.0275,8.3,10.95,553.0,99.45,10.649999999999999
NE-49600201,0.134,11.0,10.8,0.103,0.00087,175.0,0.039,7.6,11.3,827.0,78.4,8.95
AN-42M09,0.037,8.68,8.66,0.0306,0.00037,305.0,0.63,7.824999999999999,9.45,997.5,79.15,9.41
NW-88003987,0.00745,0.886,0.8825000000000001,0.0024999999999999996,0.000145,123.5,0.0195,8.23,10.5,290.0,100.15,11.35
NE-49105229,0.14,9.7,9.615,0.087,0.0014550000000000001,245.0,0.5,7.8149999999999995,11.8,845.0,78.19999999999999,8.35
AN-RH0201,0.131,12.4,12.1,0.126,0.00157,169.0,3.12,7.76,11.4,1035.0,88.7,9.43
NW-88001962,0.0424,0.647,0.6365000000000001,0.006495,0.000315,39.5,0.015550000000000001,7.6,8.95,171.5,96.75,10.7
NW-88002409,0.16,6.98,6.86,0.0413,0.00245,123.0,1.18,7.99,9.8,604.0,95.7,10.6
AN-SCOTHFEN,0.0305,14.0,14.0,0.0108,0.00037,260.0,0.041999999999999996,7.97,10.8,870.0,92.65,10.75
MD-29578350,0.015,1.3,1.3,0.002,0.00019,61.0,0.092,7.89,9.3,270.0,99.3,11.1
SW-73070104,0.015,1.94,1.935,0.00785,0.0002175,42.5,0.025,7.9,12.55,171.0,95.0,10.415
NW-88003943,0.015,0.1,0.098,0.002,0.00016,30.0,0.005,7.84,9.4,96.0,101.6,12.7
NE-49400075,0.015,0.79,0.786,0.0048000000000000004,0.00024,28.0,0.018,7.83,10.4,156.0,100.2,11.2
SW-SSN0008,0.001,0.11,0.109,0.0005,5e-06,2.5,0.0005,5.64,10.8,38.0,100.6,11.2
SW-73012133,0.015,4.005,3.9850000000000003,0.012549999999999999,0.00029,42.0,0.037,7.8,11.05,206.0,98.0,10.6
SW-RSN0637,0.00655,4.45,4.45,0.0022,5.9999999999999995e-05,300.0,0.011,7.865,9.4,632.0,93.55,10.9
MD-72517100,0.0515,4.15,4.135,0.0288,0.0008049999999999999,224.5,0.2345,8.0,10.5,866.5,92.25,11.05
SW-50700169,0.015,5.4,5.39,0.012,0.000355,210.0,0.058,8.29,10.9,545.0,97.9,11.0
NW-88002509,0.1655,6.755,6.68,0.064,0.0012799999999999999,120.0,0.176,7.65,12.0,629.0,87.5,10.2
NW-88003504,0.0925,0.68,0.663,0.0068,0.000905,65.0,0.053,8.01,9.8,218.0,101.5,11.8
SW-B3170101,0.048,3.89,3.85,0.028,0.00091,228.0,0.207,8.22,11.0,614.0,99.0,10.9
MD-00029500,0.0545,4.0,3.975,0.0165,0.0009400000000000001,105.0,0.11,8.105,10.4,411.5,94.2,10.03
AN-34M20,0.015,7.97,7.96,0.0104,0.000225,268.0,0.005,8.02,7.7,835.0,91.3,11.0
NW-88006395,0.0305,0.845,0.8385,0.00745,0.00037,214.5,0.0605,8.25,9.05,496.0,98.3,11.6
NE-49500617,0.182,3.99,3.975,0.037,0.00172,50.0,0.159,7.52,11.1,445.0,95.0,10.8
MD-44283100,0.1015,8.6,8.58,0.065,0.0012850000000000001,233.5,0.3415,7.86,10.4,1585.0,82.0,8.78
NW-88003471,0.041,0.6,0.596,0.002,0.00033,88.0,0.013,8.01,8.7,471.0,105.3,11.9
NW-88002255,0.015,0.66,0.656,0.002,0.00017,16.0,0.021,7.44,9.0,87.0,100.6,11.7
MD-48122380,0.061,11.0,10.6,0.0562,0.00089,212.0,0.598,8.14,10.5,836.0,96.7,10.6
NW-88003415,0.015,0.68,0.676,0.002,0.000305,128.0,0.005,8.33,11.5,338.0,102.0,12.8
AN-58M04,0.035,5.2,5.13,0.03,0.00053,270.0,0.062,7.9,11.1,730.0,89.1,9.68
SW-B3130505,0.12,3.43,3.41,0.0227,0.00192,274.0,0.309,8.18,8.2,739.0,93.1,11.3
NW-88004088,0.475,2.4,2.31,0.0565,0.001745,220.0,0.2,7.4,10.6,630.5,62.65,7.14
AN-WEN090,0.038,5.57,5.55,0.029,0.00058,261.0,0.095,8.17,10.0,741.0,94.4,10.8
NW-88003965,0.015,0.23,0.226,0.002,0.000225,76.0,0.005,8.12,7.5,164.0,102.5,12.0
SO-E0000807,0.034,4.425000000000001,4.404999999999999,0.02675,0.00036,110.0,0.27,7.69,13.0,498.5,83.7,9.489999999999998
MD-11828480,0.044,7.96,7.88,0.039400000000000004,0.0009400000000000001,240.0,0.0955,8.0,11.4,828.5,92.05,10.3
SO-G0003611,0.015,6.7,6.69,0.0086,0.00014,210.0,0.0445,7.57,11.9,578.0,83.7,8.9
MD-RSN1619,0.018,2.2,2.19,0.0061,0.00012,82.0,0.04,7.72,10.9,234.0,96.8,10.7
TH-PLER0012,0.015,4.15,4.135,0.020249999999999997,0.00031,240.0,0.078,7.85,10.7,686.0,90.45,10.149999999999999
AN-RAT050,0.057,5.3,5.29,0.0379,0.00088,321.0,0.416,8.02,8.9,925.0,84.3,9.39
TH-PTAR0013,0.015,6.84,6.824999999999999,0.016,0.000335,249.0,0.4465,8.03,11.9,829.5,87.55,9.965
NW-88003175,0.05,1.34,1.32,0.0192,0.001,117.5,0.11,8.02,9.8,355.0,100.4,11.5
NE-49500633,0.015,1.96,1.95,0.0065,0.000295,32.5,0.0535,7.955,9.9,269.5,98.85,11.149999999999999
SW-SSN1408,0.041,3.2,3.17,0.0215,0.0004325,180.0,0.14,7.87,12.100000000000001,435.5,92.3,9.885
MD-08179840,0.0315,3.0,2.9850000000000003,0.01635,0.00037,210.5,0.1695,7.82,11.149999999999999,592.5,88.6,9.605
MD-60386050,0.08249999999999999,5.975,5.895,0.049,0.001105,167.5,0.278,7.85,11.85,777.0,85.65,9.305
SO-F0002396,0.031,1.93,1.92,0.0096,0.00027,68.0,0.023,7.64,11.2,291.0,93.6,10.3
SW-91212512,0.015,2.0949999999999998,2.09,0.01095,0.00014,39.5,0.0495,7.525,11.45,203.0,96.9,10.7
NE-49105246,0.17,10.0,9.92,0.069,0.00219,230.0,0.51,7.89,13.1,863.0,83.7,8.78
NE-RSN0972,0.01,0.24,0.239,0.0005,0.00021,61.0,0.0038,8.25,9.4,125.0,101.8,11.6
MD-61473250,0.155,8.475000000000001,8.41,0.07255,0.00196,195.0,0.40549999999999997,8.05,9.3,674.0,92.7,10.75
AN-SSN0727,0.015,9.25,9.23,0.0056,0.0003575,300.0,0.0115,8.274999999999999,13.7,862.5,98.5,10.95
NW-88023679,0.015,5.4,5.39,0.0058,0.0006100000000000001,67.0,0.0455,7.9,10.9,306.5,97.3,10.9
SW-RSN0307,0.088,0.1,0.1735,0.017,0.00136,310.0,0.31,7.85,12.85,971.0,73.5,7.58
SW-81610194,0.17099999999999999,1.4,1.38,0.019,0.00017,22.0,0.38,6.98,12.7,272.0,93.9,10.2
MD-39469020,0.015,15.0,,0.0082,,320.0,0.005,8.06,7.1,864.0,89.9,
SW-SSN0036,0.015,1.35,1.35,0.002,7.75e-05,37.5,0.044,7.37,10.7,157.0,98.4,10.9
NE-RSN2248,0.017,0.96,0.95,0.01,0.00048,110.0,0.059,8.18,14.2,270.0,103.4,10.6
SO-RSN0677,0.015,1.5,1.5,0.004,7e-05,69.0,0.018,7.45,12.3,294.0,92.8,10.1
NE-49600039,0.122,7.76,7.71,0.0646,0.00105,244.0,0.163,7.76,9.45,989.0,75.5,9.155000000000001
MD-20792150,0.0475,6.25,6.2,0.0118,0.00047,140.0,0.052500000000000005,7.945,9.0,397.0,89.35,10.3
AN-16M04,0.085,11.0,11.0,0.075,0.00109,180.0,0.22,7.79,11.9,916.0,90.6,9.63
AN-GIP108,0.042,2.32,2.31,0.02,0.00054,330.0,0.055999999999999994,7.8,10.5,1167.0,87.3,9.7
AN-WELL170G,0.032,4.31,4.28,0.0244,0.00048,181.0,0.33,8.19,11.5,770.0,89.2,10.1
AN-YAR180,0.015,5.7,5.68,0.022,0.000435,290.0,0.16,7.9350000000000005,10.45,833.5,89.25,8.88
SO-G0004161,0.06,0.67,0.63,0.00625,0.00013,39.0,0.04,7.12,11.649999999999999,232.0,84.65,9.379999999999999
NW-88000671,0.081,3.4,3.38,0.0422,0.00091,164.0,0.045,7.91,8.7,795.0,92.1,10.7
SW-70722452,0.0064,0.3585,0.3575,0.0005,3.25e-05,6.0,0.003,7.5,9.65,50.5,100.0,11.55
AN-NENE300I,0.14500000000000002,11.0,10.9,0.0981,0.002195,169.0,0.165,7.915,12.9,876.0,91.65,9.879999999999999
MD-46266820,0.015,4.72,4.69,0.023,0.00041,217.0,0.1535,8.11,9.3,815.0,94.6,10.8
MD-46261980,0.0955,8.6,8.5,0.06345,0.00189,185.5,0.581,8.004999999999999,11.350000000000001,905.0,91.19999999999999,9.875
AN-33M02,0.0525,10.9,10.9,0.0485,0.001035,248.0,0.28,8.024999999999999,10.85,840.0,89.15,9.485
TH-PPSR0005,0.015,7.86,7.85,0.0129,0.00019,241.0,0.083,7.81,10.5,620.0,84.8,9.59
TH-PMLR0003,0.14,6.8,6.66,0.068,0.00089,80.0,0.391,7.415,12.5,472.0,64.4,6.6
TH-PEVR0002,0.015,6.890000000000001,6.87,0.014,0.00034500000000000004,211.5,0.2025,8.1,11.25,619.0,93.9,10.149999999999999
AN-NENE260D,0.044,12.0,12.0,0.047,0.00055,170.0,0.11,8.04,12.0,846.0,99.6,11.7
NE-SSN1429,0.01145,3.8,3.79,0.0095,0.00019,155.0,0.00435,8.225000000000001,9.9,452.0,97.5,10.95
MD-RSN2143,0.015,1.2,1.2,0.002,9.999999999999999e-05,31.0,0.165,7.585,9.399999999999999,152.0,99.1,11.350000000000001
NE-49700249,0.015,0.57,0.565,0.002,0.00032,143.5,0.005,8.29,12.25,307.5,103.35,11.7
SO-RSN1677,0.015,7.5,7.49,0.0069,7e-05,290.0,0.031,7.44,11.4,750.0,88.4,10.1
MD-77243020,0.046,7.01,6.995,0.02155,0.0008,187.5,0.0955,8.21,10.0,547.0,96.0,10.7
NW-88000741,0.015,1.55,1.55,0.00309,0.00014000000000000001,43.0,0.013,7.98,8.4,199.0,101.5,11.850000000000001
AN-GIP060,0.038,4.2,4.18,0.0184,0.0007,311.0,0.16,7.96,11.5,894.0,83.6,8.95
SW-SSN0204,0.091,2.9,2.76,0.027,0.00141,230.0,0.31,8.059999999999999,12.600000000000001,718.5,91.2,9.705
NW-88002437,0.249,1.2,1.18,0.033,0.00331,169.0,0.044,7.73,10.8,683.0,87.0,9.66
NW-88023175,0.001,0.22,0.219,0.0005,5e-06,6.0,0.0005,6.9,11.5,31.0,100.2,11.1
AN-GIP080,0.12,8.66,8.51,0.11,0.00217,290.0,0.34,7.855,11.350000000000001,1010.5,77.9,7.84
AN-RSN2298,0.015,7.65,7.635,0.017,0.00027499999999999996,260.0,0.11,7.96,11.850000000000001,658.0,91.75,9.745000000000001
TH-RSN1562,0.015,7.15,7.13,0.018000000000000002,0.00035,250.0,0.20500000000000002,8.32,10.9,626.0,98.9,10.8
AN-BL10320,0.015,5.0,4.99,0.012,0.000245,320.0,0.005,8.04,9.7,771.0,90.5,10.0
SW-70423210,0.049,2.105,2.065,0.0213,0.00078,116.5,0.14350000000000002,7.92,10.149999999999999,363.5,94.25,10.55
NW-88005901,0.398,1.16,1.13,0.0137,0.00096,97.0,0.115,7.27,10.2,461.0,70.0,8.95
MD-11563998,0.102,3.8,3.62,0.0767,0.00167,232.0,0.19,7.9,9.6,621.0,86.3,9.82
SW-81121420,0.015,1.0,0.997,0.002,1e-05,12.0,0.032,6.885,11.15,91.5,96.15,10.399999999999999
SW-91241166,0.015,2.45,2.435,0.0074,0.00037,130.0,0.036500000000000005,7.995,12.45,1300.0,100.25,10.75
SW-91241195,0.07,1.19,1.25,0.009,0.00019,33.0,0.0275,7.12,11.0,266.0,97.55,11.0
MD-47555050,0.06,3.67,3.645,0.02005,0.0010400000000000001,240.0,0.094,8.13,10.45,733.0,93.65,10.55
NW-RSN2007,0.00465,0.23500000000000001,0.2325,0.00165,5e-05,17.5,0.0018,7.6850000000000005,11.1,61.0,98.6,11.05
SW-RSN0557,0.0104,6.25,6.24,0.013000000000000001,0.000165,220.0,0.0875,7.984999999999999,10.649999999999999,573.5,99.9,11.05
SW-81231764,0.015,2.63,2.63,0.002,0.00011750000000000001,45.5,0.025500000000000002,7.48,12.3,198.5,97.85,10.350000000000001
SW-B0050106,0.064,4.71,4.67,0.0421,0.00086,308.0,0.89,7.87,11.1,938.0,78.0,8.84
AN-02M10,0.038,8.25,8.195,0.035500000000000004,0.0006000000000000001,229.0,0.3295,8.12,11.3,726.5,95.2,11.0
MD-51113100,0.14,8.1,7.755,0.08174999999999999,0.0015249999999999999,268.5,0.8,7.84,11.969999999999999,2120.0,87.0,9.96
NW-SSN1306,1.2,14.0,13.9,0.13,0.0189,170.0,0.62,7.865,11.9,568.5,90.44999999999999,9.91
NE-49500340,0.0192,1.2,1.2,0.002,0.00021,25.0,0.0212,7.74,10.2,186.0,99.5,11.1
SO-F0002924,0.075,3.59,3.58,0.0141,0.001,129.0,0.068,7.86,10.8,402.0,90.5,10.1
SO-E0007231,0.015,5.9,5.89,0.0084,0.000155,260.0,0.064,7.695,11.350000000000001,648.5,94.0,10.1
NW-88003838,0.043,0.94,0.935,0.0098,0.0004475,66.0,0.04,7.88,9.8,233.0,98.7,11.2
AN-NEWARKLN,0.093,12.0,11.0,0.065,0.001015,200.0,0.683,7.71,11.3,813.0,85.4,9.93
NE-49100546,0.015,1.885,1.875,0.005350000000000001,0.00028,140.0,0.017,8.005,10.75,422.5,91.6,10.190000000000001
AN-58M08,0.031,8.2,8.165,0.04,0.00054,240.0,0.043,8.08,10.2,658.5,96.8,10.95
SW-A2270415,0.015,3.64,3.63,0.0091,0.00029,247.0,0.093,8.31,9.2,565.0,97.3,11.0
SW-RSN1093,0.0097,8.8,8.79,0.005,8.5e-05,220.0,0.015,7.66,12.4,556.0,101.2,10.9
SO-SSN0654,0.033,3.7,3.6900000000000004,0.01,4e-05,79.0,0.049,6.96,11.0,343.0,55.3,6.65
NW-RSN0824,0.10250000000000001,8.75,8.690000000000001,0.0725,0.00183,200.0,0.27,7.99,11.7,1090.5,85.5,9.065
SW-RSN1131,0.12,1.3,1.275,0.0165,0.00015,19.5,0.265,6.765000000000001,12.8,216.5,93.65,9.955
NE-49100399,0.039,5.6,5.58,0.026,0.0006,219.0,0.063,8.23,10.0,656.0,96.6,10.9
SO-G0006950,0.072,0.1,0.098,0.002,0.00012,80.0,0.016,6.93,11.5,337.0,64.2,6.82
SW-82710689,0.07,1.44,1.42,0.0125,0.00026,43.0,0.019,7.3,10.8,241.0,93.1,10.4
NW-SSN0198,0.01585,2.05,2.04,0.0119,0.00021500000000000002,150.0,0.0365,7.93,10.8,397.0,95.0,10.6
NW-RSN0924,0.0075,0.27,0.269,0.00085,3.5000000000000004e-05,16.0,0.009000000000000001,7.69,8.3,74.0,101.0,11.85
TH-PBNR0006,0.046,5.85,5.82,0.02,0.00025,64.0,0.16,7.475,11.5,486.0,87.5,9.51
NE-49302036,0.078,18.5,18.4,0.089,0.0013,282.0,0.719,8.05,9.3,1142.0,96.1,11.0
SW-RSN2099,0.0295,2.8499999999999996,2.7800000000000002,0.00595,0.0005200000000000001,135.0,0.089,8.0,11.1,338.0,97.2,10.649999999999999
MD-45781180,0.0405,0.98,0.959,0.013049999999999999,0.00054,190.0,0.0225,7.835,10.95,699.0,91.65,10.1
MD-61023580,0.015,13.3,13.1,0.0199,0.000295,112.0,0.087,7.8149999999999995,14.05,535.0,93.9,9.55
NW-88000627,0.099,5.95,5.87,0.044,0.00103,250.0,0.14,7.77,10.7,765.0,87.7,9.75
NE-49600505,0.015,9.1,9.1,0.002,6e-05,210.0,0.005,7.35,9.4,636.0,77.5,8.86
NE-RSN2272,0.0081,0.42500000000000004,0.4235,0.0017,0.00013499999999999997,90.0,0.00785,8.225,9.6,183.5,102.65,11.600000000000001
NW-88025784,0.015,0.905,0.901,0.002,0.0002125,34.0,0.076,7.59,12.1,139.0,99.8,10.649999999999999
MD-10817080,0.015,4.3,4.28,0.014,0.000395,200.0,0.17,8.1,10.7,657.0,94.6,10.8
SW-Z1140201,0.042,4.87,4.86,0.0186,0.00082,262.0,0.158,8.27,10.3,648.0,93.7,10.4
TH-PLER0089,0.015,7.5,7.48,0.0167,0.0002675,254.5,0.1805,7.895,11.0,656.0,96.30000000000001,10.7
NE-49600473,0.015,3.25,3.23,0.0102,0.00038250000000000003,129.0,0.023,8.01,9.5,404.0,93.8,11.0
AN-BLACKDK,0.015,2.1,2.09,0.015,0.00033,240.0,0.12,8.15,10.5,732.0,94.1,10.4
NW-88003146,0.046,2.355,2.33,0.02095,0.000615,170.0,0.086,7.975,10.6,643.0,96.7,11.0
NW-RSN1792,0.00315,0.0025,0.002,0.0005,5e-06,6.5,0.00345,6.51,10.4,34.0,100.1,11.2
AN-32M10,0.07,3.0,2.89,0.03,0.00102,210.0,0.07,7.96,10.0,689.0,90.5,9.92
TH-RSN0770,0.037,11.5,11.5,0.044,0.00045,170.0,0.11,7.855,11.55,915.0,82.75,8.55
NW-RSN1124,0.00515,0.18,0.179,0.0005,6.500000000000001e-05,23.5,0.0054,7.9399999999999995,8.65,74.0,101.25,11.649999999999999
AN-DEB0069,0.015,9.1,9.08,0.019,0.0002525,290.0,0.026,8.265,10.2,820.0,98.9,11.1
MD-48940950,0.049,8.21,8.12,0.0401,0.00085,215.0,0.209,8.04,10.4,801.0,92.0,10.1
TH-RSN1170,0.015,11.0,11.0,0.0060999999999999995,0.0001325,125.0,0.040499999999999994,7.73,11.0,456.5,95.75,10.600000000000001
NW-88003978,0.015,0.46,0.456,0.002,0.00025,66.0,0.005,7.81,10.6,181.0,101.5,11.4
MD-48278080,0.035500000000000004,5.0649999999999995,5.045,0.0275,0.000585,222.0,0.0475,8.045,9.9,751.5,88.85,9.77
SW-82610116,0.039,1.7149999999999999,1.7,0.01245,0.00045,84.5,0.032,7.72,11.5,358.0,100.0,10.9
SW-70532917,0.069,5.16,5.11,0.0433,0.00107,146.0,0.25,7.8,10.5,484.0,92.5,11.6
SW-70631102,0.015,0.865,0.861,0.002,0.000255,99.0,0.011,8.0,10.35,317.0,97.0,10.7
NW-88000697,0.1335,5.455,5.395,0.049,0.002325,200.0,0.176,8.1,10.5,749.0,92.8,10.25
AN-CE1540,0.0665,1.905,1.8450000000000002,0.02485,0.0013,254.0,0.2145,7.925,11.25,1410.0,80.65,9.11
NW-88003843,0.037,0.92,0.91,0.0067,0.000345,71.0,0.065,8.11,9.8,227.0,101.7,11.5
NW-RSN0684,0.0016,0.31,0.309,0.0005,2e-05,69.0,0.0029,8.045,6.75,166.0,100.1,12.5
SO-E0001456,0.015,5.305,5.3,0.00865,0.0002625,247.5,0.033,8.004999999999999,11.35,601.5,99.7,10.7
AN-WITH5,0.015,9.575,9.55,0.018,0.00034,220.0,0.067,8.2,10.9,844.5,98.2,11.1
NE-RSN2119,0.0052,0.16,0.159,0.0005,5.75e-05,28.5,0.0047,7.725,10.1,96.0,96.85,11.350000000000001
NW-88023676,0.042,5.83,5.81,0.0219,0.000265,90.0,0.054,7.43,10.7,387.0,93.5,10.5
SW-70534904,0.015,2.8,2.8,0.002,0.0001125,23.5,0.0115,7.5,9.899999999999999,144.0,97.0,10.9
AN-MOULTON2,8.0,0.68,0.5125000000000001,0.075,0.112,410.0,0.22,7.77,11.4,2604.0,63.4,7.755000000000001
NE-49100431,0.076,7.26,7.2,0.0653,0.00107,230.0,0.11,7.915,10.399999999999999,853.5,87.4,9.995000000000001
NW-88003215,0.373,5.95,5.91,0.0478,0.001495,123.0,0.077,7.545,9.3,691.0,80.1,8.865
SW-82610505,0.015,2.76,2.75,0.002,0.00028,32.0,0.015,7.775,11.5,210.0,99.8,10.9
NW-88006244,0.015,0.591,0.5854999999999999,0.007,4e-05,24.0,0.0254,7.19,10.9,81.5,98.85,11.149999999999999
NE-RSN0444,0.015,2.6,2.5949999999999998,0.007350000000000001,0.00039,170.0,0.0605,8.254999999999999,9.7,570.5,98.25,10.9
TH-PUTR0152,0.034,5.9,5.89,0.0098,0.00041,220.0,0.014,7.85,10.8,536.0,94.8,10.8
NW-88006337,0.116,1.1,1.09,0.0079,0.00062,136.0,0.07,7.51,9.0,370.0,82.5,10.1
NW-88000884,0.18,2.8,2.755,0.0464,0.00138,170.0,0.28,7.62,10.1,587.0,62.4,6.91
AN-BUCK2,0.165,1.5,1.43,0.125,0.0023699999999999997,240.0,0.195,7.645,16.45,746.5,66.0,6.335
SW-RSN1051,0.015,1.6,1.5950000000000002,0.002,0.00023,73.5,0.049,7.880000000000001,9.85,221.0,99.75,11.2
SW-82610106,0.015,4.3,4.25,0.0043,0.0002,32.0,0.032,7.779999999999999,11.65,235.0,98.85,10.7
SW-81523205,0.015,0.85,0.846,0.002,3.5e-05,7.0,0.005,7.1,10.5,83.0,99.4,11.2
TH-PCHR0040,0.046,7.99,7.945,0.0351,0.0005300000000000001,212.0,0.24,7.72,11.8,779.0,77.9,8.05
TH-PCHR0149,0.055,5.45,5.29,0.04145,0.0005,288.0,0.128,7.74,7.55,976.0,70.7,7.14
SW-70635506,0.015,0.489,0.486,0.002,3.7500000000000003e-05,8.0,0.005,7.375,10.45,67.0,100.0,11.25
NE-49905152,0.0225,2.5,2.49,0.00935,0.000405,230.0,0.0445,8.1,10.649999999999999,603.5,95.0,10.649999999999999
TH-PUTR0043,0.21100000000000002,1.41,1.355,0.02065,0.0021,215.0,0.138,7.69,10.7,610.0,57.7,6.39
MD-69555640,0.015,2.2,2.2,0.0063,0.000275,99.0,0.042,8.1,9.9,413.0,99.2,11.1
AN-MEDB060H,0.043,4.8,4.79,0.014,0.00083,260.0,0.072,8.18,9.4,1012.0,94.5,10.4
NW-88010439,0.0715,0.73,0.708,0.00925,0.00131,90.0,0.028999999999999998,8.15,8.8,267.5,101.1,11.7
MD-RSN0776,0.003,0.23,0.229,0.0005,1.7500000000000002e-05,,0.0023,7.5649999999999995,10.9,89.0,101.2,11.0
AN-STON020N,0.015,4.6,4.635,0.0125,0.00027249999999999996,240.0,0.11,8.2,8.9,676.0,96.7,11.4
NW-88003173,0.12,3.13,3.12,0.0258,0.00202,142.0,0.216,7.98,8.9,592.0,95.3,10.9
NW-88000710,0.057,10.1,10.1,0.0654,0.00062,165.0,0.818,7.83,10.5,652.0,89.0,10.1
AN-WITH14,0.049,11.0,10.9,0.076,0.00072,200.0,0.48,8.04,9.5,751.0,96.6,11.6
MD-50305300,0.0545,5.455,5.41,0.028,0.00083,180.0,0.5660000000000001,7.85,9.7,893.0,92.85,10.55
SW-70720289,0.015,0.25,0.246,0.002,3e-05,6.0,0.005,7.0,9.3,56.0,102.3,12.1
SW-50560120,0.015,10.1,10.1,0.0134,0.000145,234.0,0.043,7.880000000000001,8.3,615.0,93.1,11.3
MD-13618180,0.015,3.8,3.785,0.011,0.0003,140.0,0.043,8.08,11.350000000000001,377.0,101.0,11.2
AN-26M23,0.067,7.7,7.58,0.06,0.0013,200.0,0.16,7.92,15.7,845.0,87.8,9.11
NW-RSN1856,0.165,4.15,4.115,0.04,0.001075,140.0,0.0815,7.52,12.5,571.0,92.0,9.86
NE-41000037,0.0036,0.2745,0.2735,0.0005,4e-05,26.0,0.005,7.97,7.9,111.0,101.2,12.0
AN-20M07,0.26,13.5,13.35,0.10245,0.0025900000000000003,191.0,0.197,7.69,10.3,940.0,70.4,7.6
SW-81250142,0.0225,2.25,2.24,0.00865,0.000155,38.0,0.0245,7.445,10.8,200.0,98.19999999999999,10.75
MD-56089850,0.165,2.3,2.23,0.048,0.00171,75.0,0.058,7.73,9.2,331.0,94.7,10.7
NE-49500351,0.256,4.46,4.36,0.081,0.00349,69.0,0.311,7.735,11.5,505.0,94.35,10.4
AN-WAV160,0.064,3.17,3.16,0.0137,0.00094,270.0,0.115,8.024999999999999,9.9,1257.0,84.15,9.96
AN-SSN1507,0.015,7.8,7.79,0.012,0.000345,290.0,0.061,8.09,11.399999999999999,723.0,93.65,9.855
SO-RSN0693,0.14500000000000002,1.9500000000000002,1.935,0.023,0.000665,295.0,0.068,7.34,10.35,689.0,40.95,4.52
AN-42M04,0.43,7.880000000000001,7.720000000000001,0.165,0.00286,290.0,0.079,7.575,10.1,1013.0,62.7,6.585
MD-60587160,0.584,24.299999999999997,23.9,0.3655,0.0036699999999999997,86.5,0.3305,7.6,12.8,912.0,76.05,8.045
NE-49300134,0.0405,1.9649999999999999,1.95,0.0073,0.000305,119.0,0.0495,7.73,9.399999999999999,479.0,95.4,11.1
MD-RSN2250,0.044,9.2,9.14,0.05,0.00074,210.0,0.12,7.88,10.0,687.0,93.0,10.34
AN-27M10,0.015,8.1,8.08,0.0165,0.00031,267.0,0.194,8.0,11.6,788.0,95.75,10.45
AN-WGLENBP,0.049,9.1,10.9,0.054,0.00097,250.0,0.079,8.16,10.2,833.0,92.3,10.9
TH-RSN0210,0.047,6.3,6.29,0.0235,0.001135,210.0,0.0985,8.1,11.4,618.0,89.15,9.965
MD-04131700,0.039,2.7,2.69,0.02,0.00076,249.0,0.186,8.1,11.8,819.0,92.9,10.2
SW-81201619,0.043,1.5,1.49,0.0089,0.00018,41.0,0.041,7.38,9.0,178.0,95.8,11.2
AN-STOD4,0.081,7.9,7.87,0.064,0.001,210.0,0.11,7.99,8.7,709.0,87.4,11.0
NW-88000637,0.137,7.175000000000001,7.115,0.05735,0.00227,256.5,0.2115,8.13,10.5,870.0,88.9,9.67
AN-CL0848,0.047,5.0649999999999995,4.995,0.0293,0.0008049999999999999,313.0,0.2915,8.14,10.1,883.0,94.2,10.8
NE-RSN0248,0.004,0.068,0.067,0.0005,3e-05,15.0,0.0034,7.43,7.2,46.0,101.9,12.2
AN-41M10,0.0475,25.9,25.85,0.06755,0.0010249999999999999,180.0,0.22,7.96,12.2,1381.5,84.6,9.58
NE-RSN1172,0.1,2.2,2.17,0.03,0.0007,140.0,0.16999999999999998,7.65,7.8,599.5,92.9,11.0
TH-PCHR0268,0.042,7.1,7.08,0.035,0.0002925,270.0,0.55,7.825,8.8,762.5,76.94999999999999,8.89
SW-70560900,0.046,1.45,1.44,0.0053,0.00062,63.0,0.023,7.9,11.5,196.0,93.0,10.9
MD-61763100,0.157,2.29,2.24,0.0462,0.00263,189.0,0.16,7.97,11.649999999999999,716.0,85.0,8.82
SO-E0000490,0.0225,6.69,6.67,0.02695,0.0005200000000000001,220.0,0.0755,8.09,12.1,625.5,95.1,10.045
SW-RSN1038,0.10450000000000001,1.4,1.355,0.036000000000000004,0.00078,345.0,0.245,7.625,12.2,853.5,47.1,5.275
SO-G0003685,0.015,5.72,5.71,0.012,0.00034,220.0,0.0715,8.14,10.6,562.0,92.3,10.1
NE-49000479,0.015,1.1,1.1,0.002,0.00034,128.5,0.046,8.23,10.2,459.0,98.4,11.1
NW-88003159,0.037,0.89,0.883,0.0067,0.00044,80.0,0.052,8.04,10.3,309.0,99.7,11.3
SW-E2032700,0.08249999999999999,5.465,5.43,0.05775,0.0013,174.5,0.232,8.04,11.25,523.5,94.05,10.45
NW-RSN1775,0.023,1.95,1.94,0.01015,0.00035749999999999996,115.0,0.038,8.19,9.0,309.0,103.69999999999999,11.8
AN-64M04,0.015,12.0,12.0,0.0117,0.000305,220.0,0.023,8.055,10.0,695.0,97.2,10.8
TH-RSN1898,0.015,4.4,4.6899999999999995,0.012,0.000335,270.0,0.14,8.1,11.4,756.0,91.0,10.2
NW-RSN2019,0.0615,8.2,8.16,0.03,0.00019,180.0,0.034,7.38,10.9,585.0,69.0,7.85
SO-E0001764,0.015,0.49,0.486,0.002,0.00016,104.5,0.014499999999999999,7.69,11.0,344.0,92.9,10.3
SW-70523309,0.033,4.609999999999999,4.595000000000001,0.02315,0.00037,187.5,0.14450000000000002,7.8,9.149999999999999,646.5,90.05,10.75
MD-03959130,0.2365,1.96,1.9,0.041499999999999995,0.0028250000000000003,270.0,0.1065,7.88,10.7,753.5,74.1,8.325
SW-RSN0391,0.057499999999999996,5.7,5.68,0.015,0.00099,300.0,0.0905,8.05,12.05,742.5,95.19999999999999,10.1
MD-39539400,0.087,13.2,13.1,0.0669,0.0015,232.0,0.067,7.845,11.4,1159.0,84.4,9.47
NE-49000770,0.015,0.825,0.821,0.002,0.0002175,39.0,0.0125,7.895,8.2,190.0,97.7,11.5
SO-G0003970,0.015,1.9449999999999998,1.9249999999999998,0.01,0.0003125,50.0,0.07300000000000001,7.85,10.85,296.0,90.65,10.4
MD-53841065,0.246,0.645,,0.0311,,446.5,0.01,7.585,12.7,1789.5,80.30000000000001,9.14
SW-50010208,0.0505,2.49,2.475,0.01095,0.000375,49.0,0.022,7.505,11.2,326.5,90.05,9.73
AN-WD07,0.023,2.785,2.74,0.0221,0.00032,188.0,0.122,7.965,10.6,847.0,86.2,9.76
AN-WAV051,0.057,4.3,4.25,0.045,0.00073,319.0,0.0765,7.82,10.5,902.0,85.0,9.1
NW-88000636,0.0785,6.135,6.085,0.05,0.0007800000000000001,258.0,0.149,7.81,9.4,861.0,82.1,9.27
TH-SSN0507,0.03,6.3,6.29,0.025,0.00039,180.0,0.041,7.69,11.7,599.0,89.8,9.79
TH-PEVR0003,0.015,6.89,6.88,0.0075,0.000275,260.0,0.066,8.03,10.6,665.0,86.6,9.66
NW-88022064,0.081,4.46,4.43,0.04405,0.001085,170.0,0.0865,7.96,11.0,613.0,94.6,10.7
SW-Z8480259,0.2445,5.01,4.835,0.08845,0.003095,291.5,0.27749999999999997,7.79,9.75,752.5,72.05,8.015
NE-49301219,0.229,5.12,5.06,0.072,0.00178,159.0,0.532,7.59,10.65,1027.5,82.7,9.61
NE-49800231,0.015,2.02,2.02,0.00499,0.000145,34.0,0.0257,7.775,8.95,173.5,95.95,11.1
MD-42169500,0.032,6.3,6.26,0.027549999999999998,0.000465,170.0,0.15,8.04,9.45,687.0,91.25,10.25
SW-70241225,0.0625,3.3499999999999996,3.335,0.018000000000000002,0.0007949999999999999,97.0,0.0985,7.94,12.0,306.5,97.75,10.75
AN-TIF110,0.064,7.135,7.0600000000000005,0.05325,0.0007899999999999999,282.0,0.08349999999999999,7.985,10.100000000000001,850.0,89.45,9.77
MD-00017500,0.048,4.775,4.734999999999999,0.02815,0.00078,110.0,0.1395,7.9399999999999995,10.75,508.0,92.95,10.55
AN-STF080,0.015,7.3,7.28,0.0187,0.000325,270.0,0.084,8.04,11.1,825.0,98.2,11.4
MD-49121405,0.0495,4.470000000000001,4.4399999999999995,0.02005,0.00077,263.5,0.086,8.0,8.85,833.5,92.9,10.6
MD-54536180,0.039,4.16,4.14,0.021,0.00079,190.0,0.11,8.12,11.5,602.0,94.3,10.9
AN-WITB030W,0.56,9.7,9.65,0.051,0.0079,230.0,0.12,8.21,7.6,708.0,89.9,10.7
SW-RSN1949,0.015,5.6,5.59,0.0069,0.00023,250.0,0.011,8.24,7.6,635.0,98.4,11.8
SW-SSN0032,0.015,3.9,3.89,0.0054,0.0002475,120.0,0.13,7.895,11.45,375.5,94.75,10.35
AN-SHIREDR2,0.47000000000000003,2.75,2.65,0.041499999999999995,0.0038250000000000003,400.0,0.11499999999999999,7.6,7.8,2251.0,62.4,7.55
MD-23351300,0.0335,5.05,5.035,0.019999999999999997,0.000475,150.0,0.088,8.17,11.0,470.5,96.3,10.6
NW-88002663,0.317,2.235,2.165,0.04955,0.003365,196.0,0.0555,7.725,10.15,942.0,75.95,8.335
MD-19337120,0.091,2.65,2.62,0.03,0.001185,38.0,0.11,7.895,9.05,198.0,88.80000000000001,10.2
MD-30000380,0.03,3.79,3.77,0.0136,0.000385,183.0,0.117,8.17,9.3,464.0,100.2,11.2
AN-TILL9,0.0565,7.4,7.359999999999999,0.0485,0.00081,225.0,0.28,7.965,8.350000000000001,914.0,94.25,11.75
AN-FOXTONBK,0.015,2.9,2.89,0.0076,0.000335,160.0,0.026,7.960000000000001,10.600000000000001,501.0,89.4,10.1
AN-WAV026,0.0835,6.72,6.365,0.058,0.00175,300.0,0.6105,8.05,10.8,1051.0,85.3,9.57
SW-60250405,0.11,3.62,,0.061,,200.0,0.18,8.0,12.5,670.0,79.15,
AN-MORT050E,0.06,2.29,2.08,0.0421,0.00112,192.5,0.083,7.98,11.2,943.0,86.1,9.52
NE-49100440,0.16,8.0,7.97,0.038,0.00135,220.0,0.026,7.77,6.6,718.0,94.1,11.5
SW-A2270418,0.015,3.35,3.34,0.0067,0.000295,275.0,0.077,8.2,9.6,604.0,96.3,10.8
SW-72920220,0.015,1.75,1.7349999999999999,0.0093,0.00021999999999999998,35.0,0.049,7.73,10.0,183.0,94.6,10.9
MD-00772090,0.015,1.23,1.23,0.01,0.00039,100.0,0.015,7.88,10.5,369.0,92.7,9.98
SW-50342519,0.034,2.56,2.54,0.0183,0.00061,230.0,0.16,8.04,11.65,573.0,90.45,9.61
NW-88004541,0.015,0.28,0.276,0.002,0.00013,15.0,0.005,7.62,13.8,58.0,102.5,10.7
NW-88001899,0.036,2.0,1.985,0.01005,0.00047000000000000004,64.5,0.057,7.995,9.100000000000001,234.5,100.30000000000001,11.95
MD-01148620,0.0435,5.265,5.215,0.030850000000000002,0.00095,220.0,0.2235,8.205,9.15,561.0,98.9,11.0
TH-RSN2273,0.015,3.3,3.435,0.017,8.5e-05,86.0,0.11,7.3149999999999995,10.95,429.0,79.8,8.6
SW-70220175,0.035,3.3,3.28,0.016,0.00066,150.0,0.089,8.1,12.2,423.0,97.9,10.5
AN-STOKDOYL,0.015,6.5,6.49,0.018000000000000002,0.0002675,240.0,0.0565,7.8149999999999995,10.45,805.0,95.6,10.5
MD-49223680,0.045,11.850000000000001,11.8,0.0495,0.000515,164.0,0.21000000000000002,7.81,10.5,672.5,87.6,9.705
TH-PLDR0016,0.052,0.375,0.3435,0.0061,0.00017500000000000003,93.0,0.047,7.405,13.75,363.5,75.15,8.149999999999999
AN-WELL040L,0.073,5.0,4.97,0.031,0.00087,200.0,0.068,8.03,6.3,618.0,96.5,11.9
NE-49301044,0.015,2.5,2.49,0.0064,0.000185,59.0,0.068,7.84,8.8,342.0,92.8,11.1
SO-F0017615,0.046,1.5,1.49,0.014,0.00033,51.0,0.12,7.64,7.7,209.0,95.0,11.2
SW-70230903,0.015,3.0,2.99,0.01035,0.00028,68.0,0.058499999999999996,7.8,9.25,260.5,95.0,11.149999999999999
NE-49900032,0.063,4.8,4.78,0.033,0.00125,193.0,0.119,8.11,10.5,645.0,89.9,10.6
SO-E0007263,0.015,4.3,4.28,0.014,0.000215,87.0,0.11,7.67,10.5,488.0,90.7,10.0
MD-35432331,0.114,1.9,1.41,0.033,0.00206,210.0,0.192,8.024999999999999,10.0,,96.9,11.5
AN-BILL100C,0.015,8.39,8.39,0.002,0.00023,280.0,0.077,8.01,8.4,912.0,92.3,11.0
SW-E3090400,0.046,2.21,2.2,0.0142,0.001075,250.0,0.079,8.03,10.65,619.0,94.4,10.5
NW-88001892,0.0054,0.626,0.622,0.001675,7.75e-05,23.0,0.0133,7.715,9.6,102.0,100.6,11.25
NW-88003483,0.015,0.5,0.496,0.002,0.00026,88.0,0.027,8.21,9.3,253.0,103.3,12.1
NE-49100261,0.015,0.20500000000000002,0.201,0.002,0.000245,89.0,0.005,8.15,8.45,194.5,102.85,12.05
NW-RSN1763,0.0021,0.033,0.032,0.0005,5e-06,,0.0014,6.24,6.5,20.0,100.25,12.3
NW-88023294,0.0925,1.2,1.1749999999999998,0.013,0.000455,36.5,0.13,7.38,10.6,127.5,97.35,10.95
MD-20357445,0.0106,1.27,1.27,0.00255,0.00014,41.5,0.0229,7.865,10.1,140.0,100.1,11.2
AN-04M04,0.037,6.3,6.27,0.027299999999999998,0.00056,230.0,0.14500000000000002,8.08,10.4,750.0,95.9,10.850000000000001
AN-52M24,0.297,0.53,0.461,0.06,0.00187,341.0,0.005,7.75,8.4,1781.0,81.8,9.57
TH-PCHR0039,0.056,2.75,2.7249999999999996,0.0345,0.0005200000000000001,230.0,0.352,7.68,11.65,832.5,64.2,6.965
MD-SSN0417,0.015,0.1,0.098,0.002,0.00017500000000000003,58.5,0.0075,7.825,10.850000000000001,167.0,99.85,11.350000000000001
AN-LYVS070S,0.015,4.945,4.91,0.013,0.000355,244.0,0.037,8.055,11.1,797.0,90.4,10.0
SO-E0001639,0.015,0.93,0.926,0.002,8.5e-05,42.0,0.005,7.42,10.2,278.0,90.8,9.81
NE-SSN1389,0.0046,0.12,0.119,0.0005,5e-06,16.0,0.0073,6.54,7.4,102.0,91.1,10.850000000000001
SW-70420211,0.042,2.95,2.93,0.0199,0.00058,89.0,0.218,7.9,9.4,347.0,98.5,11.2
NW-88003876,0.35,3.3,3.21,0.06445000000000001,0.00187,200.0,0.29,7.58,12.1,573.0,72.9,8.02
NE-RSN1936,0.015,17.0,17.0,0.028,0.00038,270.0,0.041,8.06,9.4,998.0,97.6,10.6
AN-THR064,0.1,0.9550000000000001,0.9445,0.0129,0.00056,225.5,0.018000000000000002,7.44,11.1,3344.0,68.4,8.225000000000001
SW-73030261,0.015,0.1,0.098,0.002,2e-05,2.5,0.005,6.7,11.7,42.0,100.0,10.9
SO-E0001623,0.015,10.15,10.125,0.0275,0.000205,87.5,0.14,7.55,12.25,538.0,91.55000000000001,10.0
NE-RSN0204,0.0555,2.9,2.885,0.0175,0.0008699999999999999,78.0,0.0535,7.915,9.95,389.0,97.85,10.850000000000001
SW-70920134,0.015,0.413,0.412,0.002,6e-05,8.0,0.005,7.4,10.9,67.0,100.4,10.8
SO-RSN2029,0.055,1.7,1.68,0.011,0.00052,140.0,0.038,7.55,12.2,513.0,85.5,9.19
AN-CH06,0.03,7.59,7.55,0.0271,0.000415,260.0,0.331,8.015,11.9,838.0,90.80000000000001,10.2
MD-46264840,0.051,8.285,8.254999999999999,0.046,0.00085,200.0,0.18,7.88,11.4,933.0,83.5,8.86
AN-CL0204,0.015,6.859999999999999,6.845,0.0189,0.0002725,136.0,0.141,8.04,9.4,711.5,95.4,10.75
MD-18694610,0.015,2.6950000000000003,2.665,0.013649999999999999,0.000325,262.0,0.118,8.13,10.65,567.5,90.1,10.15
SW-70220104,0.0685,3.48,3.43,0.0295,0.00116,150.0,0.1325,8.0,12.2,450.0,95.2,10.3
NW-88002184,0.015,0.44999999999999996,0.44599999999999995,0.002,0.0002075,50.0,0.0338,7.8,9.9,238.5,98.75,10.9
MD-56088780,0.093,2.77,2.73,0.029,0.00073,86.0,0.07,7.6,10.1,350.0,89.9,10.25
NE-49300741,0.124,12.45,12.4,0.09534999999999999,0.001955,232.0,1.5950000000000002,7.845,11.8,1072.5,76.44999999999999,8.530000000000001
NW-88021918,0.031,1.84,1.83,0.0125,0.0006399999999999999,194.0,0.158,8.02,10.0,650.5,91.4,10.6
NW-88006381,0.0385,3.6550000000000002,3.63,0.0234,0.0006850000000000001,179.0,0.0895,8.14,10.05,476.5,101.2,11.9
SW-50280808,0.01445,0.857,0.854,0.0016250000000000001,8e-05,16.5,0.0093,7.47,11.0,152.0,93.8,10.350000000000001
NE-49600055,0.016,2.3,2.3,0.0027,0.00023,63.0,0.072,7.96,5.3,247.0,94.2,11.8
NW-88002176,0.015,0.56,0.5505,0.0054,0.0002325,32.0,0.0195,7.855,8.55,176.0,98.7,11.6
NW-88003437,0.015,1.2,1.17,0.0098,0.00037,132.0,0.08,8.0,11.4,331.0,102.3,11.7
MD-RSN2303,0.015,4.9,4.89,0.005,0.000245,74.0,0.1,7.87,8.7,235.0,100.7,11.6
AN-BAIND,0.015,11.0,11.0,0.018,0.00035,260.0,0.031,8.16,10.95,757.5,95.15,10.8
MD-59400100,0.038,9.25,9.22,0.0306,0.00064,213.0,0.042,8.045,11.649999999999999,782.0,91.1,9.97
NE-49500413,0.0455,2.085,2.0700000000000003,0.0103,0.0003475,35.5,0.055,7.68,11.4,280.5,93.8,10.2
TH-PCNR0001,0.015,3.62,3.605,0.01225,0.000355,220.0,0.026,7.92,10.4,667.0,88.2,9.84
NE-49600118,0.1,7.8,7.8,0.0405,0.000675,210.0,0.0125,7.6,10.6,632.5,77.8,8.83
SW-70501717,0.015,1.71,1.71,0.002,0.00021,57.0,0.027,7.8,10.0,283.0,95.0,10.7
SW-50310169,0.087,5.7,5.66,0.0472,0.0011,202.0,0.265,7.95,10.1,585.0,94.1,10.6
NE-RSN1768,0.039,3.1,3.09,0.014,0.00066,180.0,0.052,8.17,11.4,545.0,96.6,10.9
AN-CD0106,0.015,4.2,4.19,0.0171,0.00036,302.0,0.062,7.99,11.0,875.0,90.7,10.1
MD-20792180,0.03,4.6,4.58,0.0148,0.00027,120.0,0.154,7.71,9.0,360.0,90.1,10.2
SW-E3170600,0.3105,9.925,9.665,0.23249999999999998,0.0044150000000000005,244.0,1.65,7.86,12.399999999999999,813.5,80.7,8.86
NW-88008371,0.20950000000000002,6.905,6.87,0.04325,0.002025,86.5,0.099,7.619999999999999,10.7,386.0,91.35,10.5
NW-88003553,0.054,0.8,0.7945,0.006200000000000001,0.0008500000000000001,90.5,0.054,8.085,10.850000000000001,274.5,97.8,10.6
SW-70725316,0.0071,0.162,0.161,0.0005,5e-06,2.5,0.0029,6.6,8.9,50.0,98.0,11.3
MD-29579190,0.015,0.7,,0.002,,93.0,0.013,7.13,10.2,402.0,47.1,5.33
SW-91252506,0.015,5.4,,0.0469,,39.0,0.38,7.29,11.5,293.3,98.2,
MD-23529180,0.28400000000000003,7.66,7.545,0.1245,0.00235,225.5,0.382,7.665,10.05,994.5,77.95,8.965
TH-PEVR0021,0.10550000000000001,9.870000000000001,9.825,0.0305,0.00198,205.5,0.5760000000000001,7.995,11.6,582.5,91.0,10.05
SW-70533630,0.14300000000000002,8.65,8.62,0.0383,0.001885,150.0,0.089,7.92,11.7,496.0,93.4,10.1
NW-88023202,0.015,0.44999999999999996,0.44599999999999995,0.002,0.0001575,16.5,0.005,7.795,8.5,90.5,98.75,11.6
NE-49400835,0.057499999999999996,1.95,1.91,0.019,0.001165,87.0,0.14,8.16,10.15,305.5,100.5,11.25
SW-70310107,0.015,2.19,2.19,0.0054,0.00033,120.0,0.05,8.2,12.5,372.0,104.0,11.1
NW-88006301,0.015,1.57,1.565,0.0058,0.00034500000000000004,85.5,0.016,8.09,8.0,232.0,102.5,12.35
AN-25M04,0.062,5.855,5.74,0.044649999999999995,0.00053,228.0,0.291,7.67,11.1,951.0,60.2,6.255
AN-CL0704,0.0535,10.4,10.4,0.03015,0.00074,241.0,0.074,8.06,9.55,766.5,95.3,10.75
MD-11289060,0.072,9.7,9.61,0.059,0.00087,130.0,0.188,7.785,10.2,1205.0,89.3,10.1
SO-F0001994,0.015,0.6,0.595,0.002,0.00026,62.0,0.016,7.73,10.3,303.0,88.8,10.0
SW-70512712,0.071,7.550000000000001,7.484999999999999,0.05575,0.0013549999999999999,197.0,0.4955,7.93,12.35,621.5,92.4,11.15
NE-49105192,0.015,0.67,0.666,0.002,9e-05,17.0,0.0068,7.49,8.7,93.0,98.1,10.8
AN-WILN020P,0.11,2.7,2.64,0.0518,0.00165,190.0,0.11,8.04,11.0,677.0,85.5,9.32
NW-88002321,3.29,1.86,1.69,0.0979,0.0382,204.0,0.137,7.84,9.8,835.0,92.3,10.3
SW-81120290,0.015,0.1,0.098,0.002,5e-06,2.5,0.005,6.465,9.85,43.0,101.4,11.5
NE-49600066,0.015,5.055,5.04,0.0154,0.000365,214.5,0.065,8.19,9.2,655.0,98.5,11.4
SW-50600268,0.015,8.3,8.29,0.0084,,,0.049,8.21,11.5,609.5,101.0,10.9
AN-GLEN340L,0.22,11.0,10.9,0.082,0.00234,250.0,0.16,7.88,8.4,807.0,86.1,10.1
NE-49305350,0.0905,7.390000000000001,7.3149999999999995,0.05215,0.00079,128.0,1.0550000000000002,7.71,11.2,688.0,85.5,9.89
MD-46254380,0.1265,8.01,7.83,0.10200000000000001,0.00198,190.5,0.2525,7.805,11.85,874.5,87.2,9.405000000000001
SW-E1271500,0.015,5.1,5.1,0.0054,0.00027,200.0,0.045,7.87,12.8,469.0,97.4,10.3
SW-70220148,0.042499999999999996,3.1,3.075,0.020999999999999998,0.000755,140.0,0.0955,8.0,12.0,392.0,95.6,10.149999999999999
MD-00769700,0.015,2.56,2.55,0.00635,0.00027749999999999997,151.0,0.101,8.17,10.0,436.0,97.80000000000001,10.95
NW-88022595,0.15,9.6,9.25,0.087,0.00182,264.0,0.28,7.96,10.0,790.0,86.9,10.2
SW-50370369,0.046,6.75,6.71,0.033,0.00071,223.0,0.19,8.05,11.5,593.0,92.3,10.1
NW-88023296,0.015,0.28,0.276,0.002,4e-05,22.0,0.005,7.05,11.5,81.0,82.2,9.23
NW-88024212,0.095,2.59,2.505,0.0405,0.001105,138.0,0.066,7.515000000000001,15.7,468.5,88.75,8.975
SW-RSN0254,0.00435,0.345,0.344,0.0005,5e-06,8.0,0.00475,7.109999999999999,10.6,59.5,99.25,11.100000000000001
AN-BURWELBK,0.015,13.0,13.0,0.013,0.0002,210.0,0.023,7.86,10.350000000000001,659.0,96.35,10.850000000000001
NW-88002471,0.162,3.47,3.4,0.082,0.00164,132.0,0.096,7.8,11.1,679.0,83.3,9.51
SW-72910722,0.015,5.83,5.81,0.0125,0.000255,63.0,0.037,7.8,10.7,312.0,94.7,10.6
AN-RSN0917,0.015,12.0,12.0,0.027,0.00027,270.0,0.093,8.1,7.8,838.0,89.7,10.9
NE-RSN0876,0.001,0.0025,0.00295,0.0005,1.25e-05,9.0,0.0052499999999999995,7.745,8.8,67.5,104.9,12.35
AN-WILC020W,0.5785,1.865,1.99,0.0571,0.01195,136.0,0.033,8.19,13.55,745.5,80.1,8.52
SO-E0000565,0.05,18.700000000000003,18.5,0.067,0.00045,181.0,0.49,7.665,13.7,937.0,75.7,7.58
NE-RSN2140,0.068,5.5,5.46,0.041,0.00143,160.0,0.56,7.89,15.1,745.0,96.9,9.59
MD-46824570,0.064,5.8,5.77,0.042,0.00112,190.0,0.17,8.23,10.0,,97.0,11.7
AN-RSN1597,0.14,0.1,0.098,0.0081,0.00207,460.0,0.034,7.855,10.4,3101.5,75.19999999999999,8.55
NE-49301287,0.065,2.71,2.71,0.0171,0.0006,162.0,0.005,7.705,9.95,1070.0,90.05,10.350000000000001
NE-49800212,0.018000000000000002,0.6395,0.638,0.002,0.00019500000000000002,40.5,0.007549999999999999,7.77,8.5,145.5,95.1,10.7
TH-PTAR0117,0.015,5.22,5.21,0.0175,0.0003,241.0,0.159,8.06,11.0,758.0,90.4,10.1
NW-88004074,0.0465,1.58,1.56,0.014,0.000515,110.0,0.063,7.985,10.8,363.0,99.75,11.6
NE-49200294,0.9664999999999999,10.4,10.145,0.14,0.010239999999999999,263.0,0.718,7.73,10.25,1066.5,69.80000000000001,7.869999999999999
NE-49105216,0.097,7.96,7.87,0.0537,0.00125,240.0,0.126,7.875,10.5,882.5,85.9,10.1
TH-RSN1289,0.0405,0.48,0.476,0.002,8e-05,18.0,0.041999999999999996,7.1,10.4,128.5,98.25,11.100000000000001
SO-F0001984,0.045,1.7,1.69,0.0128,0.00038,66.0,0.053,7.58,11.0,330.0,87.0,9.58
SW-60250444,0.057999999999999996,4.45,4.4,0.0437,0.0011099999999999999,227.0,0.3155,8.024999999999999,12.0,629.0,91.05,10.1
NW-88002389,0.423,1.06,1.05,0.0193,0.00287,99.0,0.05,7.63,8.8,391.0,95.2,11.1
SO-E0001478,0.0275,0.1,0.098,0.002,0.0005525,195.0,0.029,7.785,14.6,1059.5,69.85,8.040000000000001
SW-E4010300,0.234,3.54,3.46,0.132,0.00258,327.0,0.32,7.82,12.1,788.0,74.4,7.98
SW-E2033200,0.042499999999999996,4.970000000000001,4.91,0.038000000000000006,0.000845,201.0,0.2795,7.98,11.600000000000001,579.5,89.15,9.719999999999999
AN-BT0200,0.035500000000000004,3.41,3.3899999999999997,0.021400000000000002,0.0006100000000000001,303.5,0.1285,7.985,10.55,863.5,84.25,9.135
NW-88000631,0.066,4.63,4.55,0.0354,0.00072,222.0,0.105,7.9,10.1,713.0,84.6,9.51
SW-81942221,0.015,4.74,4.735,0.002,0.00014,31.0,0.005,7.6,11.5,263.0,98.9,10.7
SO-F0003094,0.095,20.45,20.1,0.09620000000000001,0.00072,95.0,0.23,7.415,12.8,688.5,79.7,8.38
SW-70231430,0.023,5.99,5.97,0.013,0.000445,200.0,0.072,8.2,10.0,516.5,98.0,11.0
SW-60230008,0.059,2.51,,0.0372,,238.0,0.19,7.6,12.35,720.0,69.94999999999999,
NW-88021747,0.086,7.7,7.57,0.13,0.00093,69.0,1.1,7.59,15.6,380.0,91.4,9.07
NW-RSN0664,0.135,5.35,5.305,0.051500000000000004,0.0012100000000000001,115.0,0.19,7.57,11.95,633.0,86.15,9.175
AN-LYMN6,0.049,4.0,3.98,0.017,0.00047,140.0,0.04,7.72,8.3,572.0,90.8,10.3
TH-PTAR0105,0.05,8.2,8.18,0.0358,0.0009,162.0,0.93,7.95,10.5,642.0,86.2,9.6
NW-88003847,0.13,1.41,1.37,0.0289,0.00162,158.0,0.28,8.06,9.8,395.0,97.7,11.3
NW-RSN0188,0.00535,0.45999999999999996,0.45899999999999996,0.0005,7e-05,210.0,0.0005,7.9,10.9,397.0,106.5,12.05
SW-70220551,0.015,1.5,1.49,0.00615,0.0003675,110.0,0.084,7.99,10.15,399.5,97.0,11.0
MD-09983000,0.015,5.609999999999999,5.585,0.026750000000000003,0.0004175,220.0,0.2,8.2,11.05,637.5,97.4,10.45
MD-03353040,0.094,5.574999999999999,5.505000000000001,0.0599,0.00146,264.5,0.352,8.035,10.4,743.0,88.1,10.010000000000002
MD-50896350,0.0925,5.9,5.824999999999999,0.0518,0.0013549999999999999,180.0,0.58,7.85,10.15,,88.44999999999999,10.55
MD-45212350,0.276,12.4,12.3,0.1055,0.00423,171.0,0.3645,7.875,9.9,1015.0,87.9,9.99
SW-81231175,0.015,0.31,0.306,0.002,1.5e-05,6.0,0.0082,6.8,8.0,39.0,99.0,11.7
SW-81940309,0.015,7.01,7.005000000000001,0.0060999999999999995,0.0001225,37.5,0.026500000000000003,7.495,12.25,275.5,97.6,10.45
AN-GLEN160C,0.0315,11.0,10.9,0.0285,0.0003925,190.0,0.044,8.13,11.1,740.5,96.4,11.45
TH-PLDR0039,0.015,7.285,7.27,0.009000000000000001,0.000255,248.5,0.019,7.98,11.5,612.0,95.6,10.2
SW-82540105,0.035,5.83,5.815,0.014750000000000001,0.00035999999999999997,73.0,0.046,7.76,12.05,330.5,97.45,10.55
AN-FRES6,0.072,10.95,10.9,0.031,0.001,240.0,0.036,7.9,10.0,806.0,93.4,10.7
SW-91222208,0.0335,1.6949999999999998,1.69,0.00805,0.00021500000000000002,27.5,0.013000000000000001,7.545,10.65,171.0,97.6,11.05
SW-73110704,0.053,2.35,2.32,0.0223,0.00075,85.0,0.052,7.89,10.7,271.0,97.2,10.8
NW-88000613,0.051,6.52,6.49,0.042899999999999994,0.00061,200.0,0.33,7.695,11.5,733.0,77.95,8.39
AN-53M54,0.0555,3.2,3.16,0.0348,0.0007999999999999999,214.5,0.0695,8.065000000000001,11.5,1300.5,92.94999999999999,10.55
NW-88003434,0.015,1.07,1.065,0.00515,0.0003025,204.0,0.0345,8.3,9.9,497.5,101.6,11.9
TH-PKER0002,0.015,8.5,8.495000000000001,0.0057,0.0001225,230.0,0.057,7.625,10.350000000000001,594.5,87.5,9.635000000000002
SW-82310575,0.12,5.3,5.24,0.021,0.00024,28.0,0.33,7.0,12.6,276.0,91.9,9.83
SO-G0004176,0.0385,0.935,0.9265000000000001,0.0076500000000000005,0.00019500000000000002,29.0,0.039,7.29,11.0,202.0,87.5,9.69
MD-75129380,0.0465,5.94,5.91,0.034,0.0007199999999999999,220.0,0.12,7.945,10.7,840.0,88.85,10.0
NW-SSN0130,0.015,0.1,0.098,0.002,1.25e-05,,0.005,6.75,5.75,24.5,101.0,12.75
NW-88005120,0.015,0.57,0.566,0.002,5e-05,16.0,0.005,7.45,9.6,77.0,101.1,11.7
AN-BUR091A,0.015,3.77,3.755,0.023350000000000003,0.0003625,197.5,0.018500000000000003,7.97,11.5,766.0,89.85,10.13
TH-PKER0057,0.015,5.78,5.76,0.0166,0.000365,220.0,0.13,8.08,10.6,583.0,91.2,10.0
MD-11745040,0.0625,4.8,4.76,0.04445,0.0008849999999999999,166.5,0.225,8.0,10.05,552.5,87.7,10.4
AN-WAIB2,0.015,7.85,7.82,0.0167,0.000255,214.0,0.075,8.26,9.0,655.0,111.9,12.9
TH-PUTR0135,0.048,2.05,2.0149999999999997,0.02,0.000875,235.0,0.121,7.975,11.350000000000001,786.5,83.44999999999999,8.844999999999999
SW-82521220,0.015,4.75,4.74,0.00745,9.25e-05,35.0,0.023,7.35,11.8,245.0,96.85,10.350000000000001
SW-RSN1101,0.0235,1.2000000000000002,1.195,0.007500000000000001,0.00056,285.0,0.032,8.3,11.0,633.0,95.9,10.4
NE-49505171,0.037,1.3,1.3,0.0068,0.00028,36.0,0.046,7.63,13.4,202.0,99.3,10.3
SO-F0002378,0.0875,1.51,1.49,0.01655,0.00088,85.0,0.063,7.655,11.899999999999999,353.0,91.55000000000001,10.3
NE-49600163,0.19,7.97,7.93,0.07020000000000001,0.001205,220.0,0.055,7.655,9.8,839.0,76.6,9.015
MD-89373386,0.25,14.25,14.25,0.024050000000000002,,243.0,0.183,7.855,10.3,1254.5,80.9,
SO-F0002698,0.035,1.45,1.435,0.01245,0.0004175,190.0,0.091,7.904999999999999,10.5,546.0,91.2,10.149999999999999
AN-48M18,0.06,6.0649999999999995,6.015000000000001,0.04165,0.00085,294.0,0.0605,7.96,10.4,820.5,86.69999999999999,9.745000000000001
MD-RSN0502,0.015,1.95,1.9449999999999998,0.0086,0.000415,200.0,0.0395,8.205,10.05,420.5,100.15,11.1
MD-71450900,0.14,9.1,8.97,0.087,0.00142,240.0,0.24,7.7,10.2,863.0,74.3,8.29
NW-RSN1752,0.023,0.22,0.219,0.001,0.00028000000000000003,42.0,0.0042,8.1,9.05,106.0,103.25,12.1
SW-70241255,0.059,2.2,2.16,0.0245,0.000565,98.0,0.0775,7.7,12.5,303.5,93.9,9.96
MD-61649620,0.047,2.38,2.34,0.0197,0.0007,135.0,0.144,7.88,9.6,501.0,87.8,9.86
NW-88000737,0.28,7.4,7.25,0.0936,0.00435,190.0,0.26,7.87,12.0,1183.0,89.9,9.96
NE-RSN1180,0.048,1.9,1.895,0.008549999999999999,0.00082,160.0,0.027999999999999997,8.3,9.25,385.5,101.95,11.75
SW-81810185,0.03,0.95,0.946,0.002,3e-05,8.0,0.005,6.81,11.6,161.5,97.4,10.6
MD-12458020,0.0275,3.74,3.705,0.0207,0.00035,167.0,0.28450000000000003,7.98,11.0,586.0,91.95,9.575
TH-PRGR0017,0.0745,3.3,3.3200000000000003,0.034,0.001265,160.0,0.125,7.96,11.1,891.0,91.1,9.870000000000001
TH-PKER0019,0.046,9.68,9.64,0.041999999999999996,0.0005,120.0,0.44,7.8100000000000005,11.8,612.0,89.5,9.945
AN-19M10,0.015,2.55,2.535,0.0138,0.0002575,222.0,0.0385,7.9,10.2,834.0,87.4,9.965
NW-88005035,0.015,0.1,0.098,0.002,0.0001125,7.0,0.0018,7.475,10.6,46.0,100.6,11.35
AN-RSN2132,0.0765,7.0,6.95,0.035,0.000795,170.0,0.077,7.79,11.45,704.5,85.05,10.21
SW-70532960,0.054,4.2,4.17,0.0332,0.00084,132.0,0.174,8.0,11.9,405.0,95.2,10.1
MD-25033580,0.015,9.985,9.955,0.0334,0.000395,190.0,0.45,8.02,11.55,692.5,92.15,10.5
MD-30697020,0.015,3.575,3.575,0.00465,0.00031999999999999997,150.0,0.0455,8.04,8.75,380.0,99.15,11.0
SO-F0002839,0.044,7.855,7.82,0.03505,0.000465,260.0,0.035,7.7,13.0,789.0,74.0,8.19
AN-GWSH090S,0.04,2.6,2.59,0.015,0.00061,220.0,0.065,8.004999999999999,11.45,667.5,87.15,9.455
SW-60032856,0.0695,4.95,4.92,0.0264,0.00132,261.5,0.11549999999999999,8.195,11.35,707.0,94.1,10.600000000000001
MD-23032380,0.015,7.72,7.71,0.01255,0.000295,221.5,0.097,8.1,10.75,614.5,95.8,10.6
MD-16536500,0.015,4.11,4.08,0.0138,0.00033,182.0,0.026,8.2,10.7,441.0,98.1,11.0
MD-23349100,0.036500000000000005,7.255,7.23,0.03025,0.000575,167.0,0.1365,8.1,11.3,527.0,96.75,10.6
MD-11559820,0.053000000000000005,4.205,4.18,0.03325,0.000995,190.0,0.13,7.915,11.149999999999999,744.5,89.35,9.47
SO-G0006985,0.015,0.1,0.098,0.002,5e-05,38.0,0.033,7.11,14.6,199.0,77.1,8.07
SW-81940470,0.015,3.86,,0.002,,29.0,0.005,7.2,12.4,260.0,96.3,
SW-SSN0496,0.015,1.7000000000000002,1.695,0.0049499999999999995,0.0003125,150.0,0.042499999999999996,7.91,12.85,388.0,95.05,10.065000000000001
SW-72911919,0.032,3.245,3.24,0.0155,0.00038750000000000004,51.0,0.0725,7.775,10.05,245.5,98.65,10.95
AN-USSWATON,0.015,3.9,3.07,0.02,0.00023,240.0,0.14,8.02,9.9,923.0,99.1,11.6
MD-61648150,0.0645,1.74,1.72,0.0195,0.00089,130.0,0.137,7.84,9.600000000000001,516.5,87.8,9.95
NE-49105190,0.04,1.77,1.76,0.0077,0.00048,139.0,0.023,8.07,10.9,400.0,90.2,10.0
MD-12027020,0.101,4.970000000000001,4.92,0.02565,0.001815,201.5,0.0945,8.0,11.3,772.0,90.0,9.825
NW-88001834,0.015,0.8049999999999999,0.7925,0.002,0.00021,31.0,0.0265,7.720000000000001,9.8,144.0,100.95,11.55
NW-88003867,0.2865,2.0,1.9049999999999998,0.05585,0.00377,180.0,0.36,7.91,10.8,529.0,89.8,9.83
MD-21133110,0.015,1.3,1.3,0.002,0.0001975,44.0,0.023,7.92,10.4,150.0,100.3,10.9
TH-PWER0325,0.0395,4.6,4.57,0.023,0.00061,130.0,0.12,7.89,10.2,424.0,94.8,10.9
SO-G0003743,0.042,6.0,5.98,0.024,0.00077,249.0,0.135,7.995,10.649999999999999,649.0,86.85,9.59
NE-49000477,0.015,0.45,0.444,0.002,0.000225,49.0,0.012,8.19,8.1,246.0,99.2,11.3
SO-F0002957,0.015,3.035,3.0250000000000004,0.00675,0.0001275,71.5,0.0825,7.55,10.5,288.0,85.2,9.43
TH-PLER0137,0.015,4.220000000000001,4.205,0.01385,0.0003575,254.0,0.047,8.18,12.05,768.5,94.75,10.1
NW-88024635,0.015,3.8,3.79,0.015,0.00035,190.0,0.051,8.085,10.25,613.5,95.8,10.6
MD-48976180,0.035500000000000004,3.955,3.935,0.023600000000000003,0.00061,255.5,0.127,8.05,10.399999999999999,829.0,85.2,9.83
NE-49400172,0.158,2.64,2.59,0.043,0.001,222.0,0.07,7.54,11.1,1071.0,63.2,7.26
SO-RSN2101,0.0086,0.043,0.0398,0.0005,5e-06,8.0,0.0047,6.31,10.9,130.0,91.7,10.3
SW-70720260,0.015,0.36,0.356,0.002,7.75e-05,9.0,0.005,7.365,11.850000000000001,61.0,101.15,10.899999999999999
NW-88001847,0.128,2.05,2.005,0.042,0.0013,35.0,0.224,7.64,10.9,178.5,99.5,11.0
TH-PTAR0044,0.034,2.3499999999999996,2.34,0.009,0.00041,290.0,0.11599999999999999,7.985,7.75,853.5,92.5,11.0
SW-70550350,0.015,1.0,0.998,0.002,0.000115,21.0,0.012,7.7,10.3,94.0,100.0,11.0
NW-88003983,0.0031000000000000003,0.315,0.3125,0.0005,6e-05,69.0,0.0030499999999999998,8.17,10.0,158.5,102.7,11.7
NW-88025788,0.7150000000000001,2.05,1.28,0.63,0.011200000000000002,96.0,0.005,11.4,8.55,467.5,89.95,10.385
MD-RSN0270,0.051,3.6,3.56,0.025,0.00094,160.0,0.19,7.78,10.9,672.0,90.7,9.95
NE-RSN1576,0.1,14.5,14.4,0.075,0.00065,240.0,0.32,7.495,10.3,744.5,70.5,7.984999999999999
AN-03M15,0.015,9.4,9.39,0.012199999999999999,0.00031,250.0,0.038000000000000006,8.04,11.3,780.5,97.80000000000001,10.850000000000001
MD-RSN1760,0.015,0.1,0.14650000000000002,0.002,0.00030500000000000004,245.0,0.0185,8.155000000000001,10.85,563.5,97.55000000000001,10.95
MD-54221500,0.042499999999999996,3.9000000000000004,3.88,0.019700000000000002,0.00075,243.0,0.11,8.14,10.55,756.0,94.55,10.5
SW-C0417000,0.015,6.97,6.91,0.0228,0.000315,226.5,0.20550000000000002,7.904999999999999,11.75,628.0,87.95,9.655000000000001
AN-GOLTHOBK,0.0395,12.9,12.8,0.0529,0.0006299999999999999,236.0,1.52,8.03,9.55,848.0,94.35,11.2
SW-81250277,0.015,1.725,1.725,0.008799999999999999,0.00019500000000000002,37.0,0.0315,7.57,10.4,194.0,96.75,10.7
TH-PKER0074,0.015,8.325,8.315,0.00865,0.00013,250.0,0.027,7.605,11.1,612.0,90.25,9.895
AN-DOV035,0.047,8.75,8.7,0.04345,0.00087,290.0,0.296,7.95,10.1,1112.5,84.25,9.649999999999999
NW-88005046,0.015,0.35,0.349,0.002,2.5e-05,6.0,0.005,7.14,9.1,44.0,101.6,11.8
MD-04779270,0.0675,10.55,10.5,0.07205,0.001425,189.0,0.285,8.024999999999999,9.5,982.0,92.25,10.8
MD-RSN0148,0.036,0.86,0.828,0.015,0.0006000000000000001,190.0,0.12,7.85,13.8,934.0,87.9,9.39
SO-F0002386,0.08299999999999999,0.965,0.937,0.0164,0.0006900000000000001,53.0,0.0305,7.82,12.55,274.0,96.2,10.55
SO-E0000924,0.049,1.99,1.98,0.0116,0.00046,94.0,0.06,7.695,11.149999999999999,372.0,86.4,9.6
MD-RSN0278,0.056499999999999995,14.0,13.5,0.043,0.000395,130.0,0.094,7.56,12.3,3312.0,93.7,9.7
AN-39M03,0.087,8.29,8.25,0.0467,0.00153,265.0,0.101,7.94,11.0,1045.0,87.6,10.3
NW-88006258,0.005849999999999999,0.316,0.315,0.0013,6e-05,54.5,0.00195,7.859999999999999,7.1,143.5,103.0,12.7
TH-PMLR0004,0.048,0.85,0.737,0.0066,0.0003,56.0,0.035,7.51,11.4,288.0,85.7,9.350000000000001
SW-70581402,0.015,0.56,0.556,0.002,5.25e-05,8.5,0.0135,6.7,11.399999999999999,65.5,101.0,11.0
SW-82210902,0.015,4.0,4.0,0.002,0.00012,13.0,0.014,7.33,12.7,262.0,100.0,10.350000000000001
SW-81290111,0.038,1.89,1.8849999999999998,0.01145,0.00021,40.0,0.0575,7.46,11.9,209.0,95.7,10.55
SO-F0002260,0.074,1.1,1.08,0.017,0.00046,84.0,0.04,7.41,13.0,354.0,82.6,8.3
NE-49500625,0.08,1.36,1.34,0.0159,0.00065,26.0,0.0898,7.64,9.6,173.0,97.8,11.3
SW-50320152,0.039,7.2,7.15,0.028,0.00064,240.0,1.11,7.74,12.8,750.0,68.3,7.21
MD-63987300,0.058,3.77,3.73,0.0305,0.00083,133.0,0.202,7.8,10.0,558.0,90.0,10.4
NE-49200093,0.092,9.17,9.12,0.0367,0.00139,195.0,0.129,7.885,11.15,666.5,87.25,9.975
MD-47691150,0.035500000000000004,3.25,3.21,0.028,0.0007949999999999999,190.0,0.22999999999999998,8.04,13.05,,93.15,9.81
AN-WELL420C,0.08,6.2,6.09,0.0751,0.001445,200.0,0.128,8.21,10.95,784.5,94.94999999999999,11.2
AN-SFFT1,0.073,3.08,2.35,0.037,0.00118,254.5,0.16,8.19,13.149999999999999,2185.0,97.8,11.65
SO-Y0004371,0.015,5.6,5.59,0.0052,0.000215,140.0,0.13,7.57,13.1,500.0,90.7,9.51
TH-PCNR0012,0.015,4.6,4.59,0.0091,0.000325,260.0,0.049,8.0,12.8,585.0,96.9,10.5
AN-BL0675,0.039,7.345,7.32,0.02765,0.0006900000000000001,260.0,0.2135,8.155000000000001,9.75,858.5,94.94999999999999,10.649999999999999
SW-91212520,0.015,1.6,1.6,0.0044,0.00014,29.0,0.066,7.25,9.3,189.0,96.4,11.5
SO-E0001453,0.015,5.7,5.69,0.008,0.000295,250.0,0.038,8.07,11.5,609.0,99.4,10.7
SW-81201602,0.065,2.0,1.99,0.024,0.00034,40.0,0.2,7.47,8.9,192.0,96.5,11.3
NW-88002558,0.0965,0.895,0.874,0.02015,0.00088,152.0,0.10300000000000001,7.81,10.0,606.5,84.9,9.684999999999999
TH-PWRR0003,0.015,6.3,6.29,0.00625,0.00027499999999999996,202.5,0.013999999999999999,8.195,10.5,529.0,93.15,10.55
AN-42M26,0.063,9.9,9.86,0.056,0.00055,270.0,0.118,7.67,9.5,929.5,82.9,9.66
SW-72922451,0.055,3.0949999999999998,3.0700000000000003,0.0148,0.00062,35.0,0.06,7.8,10.350000000000001,190.5,98.0,10.95
SW-60030550,0.097,4.52,4.49,0.025,0.00167,249.0,0.10250000000000001,8.024999999999999,11.0,627.0,94.65,10.55
NE-49600144,0.036,4.29,4.26,0.0213,0.000445,156.0,0.031,7.95,11.3,506.0,91.4,10.1
NW-88006297,0.0054,0.4445,0.4435,0.001,7.000000000000001e-05,76.0,0.0033499999999999997,8.125,7.0,180.0,102.44999999999999,12.35
TH-PMLR0042,0.036,4.31,4.3,0.0183,0.000395,170.0,0.32,7.86,10.8,728.0,85.5,9.41
SW-E4170200,0.015,2.52,2.51,0.0087,0.000325,228.0,0.14,8.25,10.7,525.0,94.8,10.5
MD-06109520,0.031,4.7,4.68,0.019,0.00054,260.0,0.29,7.96,12.85,1017.5,87.75,9.059999999999999
TH-PLDR0135,0.092,7.64,7.42,0.0313,0.00057,130.0,0.08399999999999999,7.455,13.2,721.0,78.5,8.2
NE-49400993,0.066,1.42,1.41,0.01335,0.000795,112.0,0.08199999999999999,8.0,10.600000000000001,310.5,97.6,10.5
AN-THORPMDS,8.45,1.25,1.33,0.0925,0.0902,245.0,1.5,7.765,13.8,757.5,63.400000000000006,6.575
SW-50311154,0.1335,7.3,7.225,0.06905,0.002275,243.5,0.245,7.97,10.850000000000001,640.5,90.55,10.0
NW-88024642,0.034,7.3,7.29,0.0112,0.00059,99.0,0.05,8.07,10.2,318.0,98.80000000000001,11.1
SW-81611270,0.015,0.51,0.506,0.002,2.5e-05,14.0,0.027,6.95,12.5,497.0,98.7,10.4
SW-RSN0461,0.014,0.25,0.247,0.002,0.0002325,210.0,0.007599999999999999,8.04,10.899999999999999,541.0,91.1,9.965
TH-PUTR0251,0.071,0.93,0.901,0.0175,0.00113,222.0,0.068,7.95,11.9,646.0,76.0,8.35
NE-49700051,0.015,7.9,7.87,0.0156,0.00031,293.0,0.14,8.03,9.4,912.0,90.4,10.5
NW-RSN0620,0.057,1.1,1.07,0.013999999999999999,0.00099,86.5,0.052,8.105,10.45,280.0,98.1,10.8
SO-F0002005,0.064,7.29,7.25,0.0407,0.00071,89.0,0.047,7.66,12.2,629.0,74.6,8.7
AN-RSN0356,0.0245,7.3999999999999995,7.375,0.033,0.0002725,295.0,0.092,7.63,10.95,879.0,78.3,8.81
NE-49301791,0.1155,1.54,,0.0254,0.00093,,0.0435,7.640000000000001,9.85,293.0,91.4,10.55
NE-49905172,0.015,0.275,,0.002,,55.0,0.005,8.07,9.5,150.0,102.0,
NE-49505162,0.015,2.2,,0.0068,,,0.045,7.78,5.6,534.0,100.6,12.6
MD-14135180,0.015,4.2,4.19,0.0112,0.0003625,260.0,0.223,8.215,11.3,699.0,95.45,10.25
SW-82710680,0.051000000000000004,1.7349999999999999,1.7149999999999999,0.0187,0.00037,42.5,0.040499999999999994,7.475,10.95,233.5,94.65,10.649999999999999
SW-RSN0535,0.015,1.1,1.085,0.00405,0.00013000000000000002,29.0,0.0185,7.74,8.8,113.5,98.4,10.85
MD-RSN0372,0.046,10.5,10.435,0.0465,0.000845,285.0,0.109,8.3,10.05,915.5,98.45,10.9
MD-22244040,0.085,8.14,8.06,0.037,0.0013,200.0,0.38,7.93,10.9,3338.0,96.0,10.7
NE-49600017,0.068,8.09,8.06,0.048,0.00104,232.0,0.076,7.91,10.2,983.0,89.4,10.3
SO-E0001779,0.045,1.31,1.3,0.009,0.000335,96.0,0.048,7.635,10.9,375.0,87.2,9.6
SO-F0017599,0.0435,1.4,1.3849999999999998,0.017,0.00054,64.0,0.014499999999999999,7.75,12.3,254.0,92.2,9.855
SW-E8300210,0.34,4.29,4.23,0.0609,0.0054,283.0,0.035,8.05,10.0,748.0,94.0,10.7
TH-PMLE0386,0.07100000000000001,1.5,1.49,0.016,0.000745,118.5,0.177,7.7,9.95,509.0,87.45,9.809999999999999
SW-60031626,0.182,2.73,2.67,0.045,0.00187,277.0,0.19,7.69,11.8,854.0,75.6,8.27
SW-82712755,0.9245,8.025,7.835000000000001,0.16799999999999998,0.005405,45.5,1.335,7.41,11.45,344.0,91.0,9.74
AN-GEAU3,0.044,8.95,11.0,0.011,0.00063,230.0,0.016,8.0,9.8,677.0,93.9,10.9
NE-49500338,0.247,3.875,3.795,0.0741,0.00299,64.5,0.277,7.74,11.1,470.0,93.9,10.4
MD-30128200,0.639,6.525,6.415,0.10200000000000001,0.002925,276.0,0.2435,7.484999999999999,11.0,845.0,56.55,6.665
MD-36748340,0.12,7.0,6.98,0.0452,0.00151,158.0,0.313,8.04,12.0,823.0,88.5,9.74
MD-46836180,0.11599999999999999,0.595,0.5345,0.01805,0.00087,182.0,0.018000000000000002,7.58,10.25,462.0,69.2,7.865
NE-49301490,0.0895,10.7,10.6,0.051,0.0009699999999999999,186.0,0.8300000000000001,7.75,11.1,1130.0,84.4,9.6
AN-DEB088,0.041999999999999996,3.425,3.39,0.0274,0.00045,322.5,0.0165,7.71,9.9,968.0,81.5,9.1
TH-PLDR0047,0.015,6.4,6.39,0.007,0.000285,240.0,0.025,8.06,9.9,609.0,91.4,9.89
AN-MAWM3,0.214,5.0,4.205,0.097,0.00118,230.0,0.17,7.7,10.8,1325.0,70.7,7.65
MD-H0000078,0.015,4.1,4.1,0.0045,0.000275,150.0,0.015,8.18,12.4,387.0,100.0,10.4
SO-F0017504,0.8680000000000001,2.3449999999999998,2.23,0.11415,0.0063549999999999995,109.5,0.31,7.57,12.8,571.8,74.1,7.43
AN-WD0812,0.036,1.96,1.95,0.0185,0.00052,166.0,0.095,7.86,11.5,770.0,85.9,9.21
AN-NENE340R,0.066,12.0,11.9,0.07100000000000001,0.0013349999999999998,167.0,0.15,7.93,11.3,891.5,90.19999999999999,9.845
AN-GLV026,0.0315,3.9,3.885,0.015,0.000475,279.0,0.035500000000000004,8.225000000000001,11.5,771.0,99.2,10.9
AN-SLEAB,0.015,15.0,15.0,0.044,0.00027749999999999997,220.0,0.165,8.32,7.6,844.5,99.6,11.95
TH-RSN0485,0.04,0.66,0.655,0.002,0.00033,150.0,0.054,7.67,9.2,868.0,82.5,9.67
NE-49200038,0.06,5.16,5.09,0.043300000000000005,0.00068,245.5,0.135,7.824999999999999,9.9,892.0,85.1,10.05
MD-RSN1922,0.023,1.5499999999999998,1.495,0.00455,0.00043999999999999996,300.0,0.048,8.225,9.899999999999999,693.5,99.35,11.05
MD-03187100,0.068,6.9,6.85,0.0472,0.001105,235.0,0.245,7.9350000000000005,11.95,892.0,86.2,9.585
NW-88005123,0.035,2.92,2.9,0.01975,0.0002675,38.5,0.07100000000000001,7.5600000000000005,9.7,199.0,98.44999999999999,11.35
NE-49600484,0.015,0.36,0.356,0.002,0.000215,28.0,0.005,7.95,8.3,132.0,100.3,11.7
SO-E0001543,0.0755,2.075,2.0549999999999997,0.02325,0.000785,107.0,0.0525,7.72,13.2,432.5,85.0,9.71
MD-22686160,0.0725,8.399999999999999,8.325,0.0325,0.00107,170.0,0.2495,7.59,11.25,793.5,90.4,9.735
MD-RSN0247,0.0067,0.8,0.797,0.0023,8.5e-05,150.0,0.035,8.135,9.7,315.0,100.6,11.6
NW-88000812,0.095,7.5,7.33,0.066,0.00146,160.0,0.241,7.9,12.2,779.0,93.5,10.1
SW-70920125,0.01265,1.31,1.31,0.001935,0.00012,21.5,0.1375,7.54,10.35,113.0,98.55000000000001,11.0
AN-WAV05320,0.015,12.3,12.3,0.015,0.000215,313.0,0.089,8.41,5.7,929.0,100.6,13.0
SW-SSN1488,0.011,1.4500000000000002,1.4495,0.0016,3.0000000000000004e-05,24.0,0.02705,7.125,7.3,140.5,97.75,11.8
MD-36786080,0.096,1.9,1.88,0.028,0.00163,183.0,0.056,8.0,10.6,807.0,98.2,11.6
SW-E8200450,0.055,3.21,3.19,0.0221,0.00036,292.0,0.021,7.57,11.7,685.0,86.3,9.7
MD-58639195,0.12,11.0,10.9,0.025,0.00134,230.0,0.14,7.875,12.1,817.0,92.0,9.87
SW-70512059,0.015,2.5,2.5,0.004399999999999999,0.00031499999999999996,89.0,0.012,7.945,12.55,255.5,98.0,10.2
NW-88000760,0.217,4.37,4.275,0.10375000000000001,0.00313,107.5,0.08549999999999999,7.915,13.899999999999999,450.5,87.45,8.98
NW-88004526,0.004,0.34,0.337,0.001,1e-05,8.0,0.003,7.35,10.3,42.0,101.5,11.5
SO-F0002098,0.0345,1.3,1.29,0.0069,0.000245,61.0,0.043,7.56,11.2,306.0,92.7,10.1
MD-48503020,0.1765,7.35,7.285,0.057800000000000004,0.00343,220.0,0.451,7.925,11.5,915.0,85.0,9.085
NE-49301610,0.051,2.23,2.21,0.0141,0.00067,52.0,0.0815,7.8,10.649999999999999,357.0,97.45,10.95
MD-39826880,0.094,20.1,20.1,0.07050000000000001,0.001245,60.0,0.9095,7.875,11.3,845.0,85.95,9.605
AN-FOSB2,0.1,8.1,8.07,0.0317,0.00171,177.5,0.074,8.05,10.0,738.0,92.8,11.3
MD-00045702,0.032,3.81,3.8,0.015,0.00046,88.0,0.12,7.94,11.4,353.0,94.5,10.1
SW-E2330300,0.015,2.38,2.37,0.0045,0.000265,188.0,0.014,8.16,9.6,446.0,97.5,11.0
SW-50550362,0.015,4.9,4.88,0.014,0.000285,230.0,0.075,8.04,10.5,541.0,97.0,10.6
MD-01348575,0.015,3.8,3.79,0.0072,0.000355,203.0,0.017,8.23,9.7,527.0,99.1,10.9
AN-HOLT2,0.14,2.4,2.295,0.08299999999999999,0.0015500000000000002,220.0,0.24,7.635,15.7,678.0,63.400000000000006,6.3100000000000005
NE-49900040,0.055999999999999994,7.5600000000000005,7.52,0.04,0.000755,270.0,0.1325,8.08,10.7,858.0,95.1,10.6
MD-17358150,0.031,3.76,3.74,0.0148,0.00046,220.0,0.084,8.22,11.6,511.0,97.7,10.3
NW-88024630,0.069,6.0,5.96,0.04,0.00069,200.0,0.1,7.74,11.7,680.0,83.8,9.33
AN-48M44,0.041,11.0,11.0,0.069,0.00053,250.0,0.17,7.81,12.2,884.0,83.6,8.43
MD-38702620,0.015,14.6,14.45,0.0089,0.0003175,267.0,0.402,8.1,10.5,861.0,95.8,10.45
AN-WITH12,0.015,10.0,9.87,0.041,0.000445,210.0,0.23,8.22,8.9,964.0,96.5,11.7
NE-RSN0800,0.09,0.56,0.554,0.00605,0.00112,45.0,0.022,7.78,10.25,238.0,96.6,10.6
SW-81430304,0.015,3.9,3.89,0.0069,0.0002925,46.0,0.025,7.755,11.05,229.0,99.15,11.0
NE-49105247,0.042499999999999996,3.3,3.2649999999999997,0.037000000000000005,0.0006850000000000001,230.0,0.079,7.869999999999999,11.2,542.0,88.05000000000001,9.465
NE-49600450,0.015,0.46,0.456,0.002,0.000245,131.0,0.005,8.22,8.4,307.0,99.6,12.0
NW-88025752,0.035,1.7999999999999998,1.79,0.00805,0.00024,215.0,0.023,7.68,5.8,534.0,96.7,12.1
MD-36693498,0.07350000000000001,7.470000000000001,7.404999999999999,0.04865,0.00113,165.5,0.226,8.0,10.65,874.5,89.3,10.25
NW-88000880,0.231,2.73,2.67,0.05,0.00249,205.0,0.557,7.69,8.2,694.0,68.9,7.32
SW-A2290102,0.015,5.54,5.51,0.0092,0.00032,202.0,0.028,8.19,9.9,516.0,96.2,10.9
TH-PCNR0112,0.086,1.47,1.43,0.0299,0.00127,210.0,0.051,7.8,12.0,897.0,73.7,8.74
SO-G0006968,0.015,5.3,5.275,0.020499999999999997,8e-05,285.0,0.025,7.415,11.95,783.5,53.1,5.800000000000001
SO-E0000849,0.14500000000000002,6.3,6.245,0.054,0.00035000000000000005,74.0,0.245,7.32,8.2,525.5,79.3,8.68
SW-81250174,0.015,1.97,1.95,0.0075,0.0001175,38.5,0.052500000000000005,7.555,10.350000000000001,214.5,100.85,11.3
MD-RSN1958,0.053,2.7,2.655,0.028499999999999998,0.00082,245.0,0.1015,8.175,11.0,660.0,97.0,11.05
MD-01347550,0.056,4.7,4.68,0.0221,0.00096,209.0,0.084,8.22,9.95,572.0,98.0,10.850000000000001
AN-STAINBCK,0.015,8.705,8.675,0.014,0.0003075,237.5,0.041,8.1,9.7,690.0,95.75,11.0
NW-88003953,0.0108,0.4365,0.434,0.0017499999999999998,0.00015749999999999998,85.0,0.01235,7.9399999999999995,9.399999999999999,193.5,103.05,11.85
NW-88010034,0.015,0.56,0.556,0.002,0.000175,70.0,0.005,8.2,4.1,190.0,101.5,13.3
SW-E4160900,0.015,1.29,1.29,0.0054,0.000305,224.0,0.041,8.004999999999999,10.5,514.5,89.95,9.91
SO-F0003111,0.087,2.865,2.8049999999999997,0.037,0.00065,66.5,0.1125,7.555,11.3,317.0,84.5,8.95
SW-E4331500,0.094,5.945,5.91,0.0463,0.0016450000000000002,270.0,0.185,8.16,9.7,700.5,94.7,10.6
MD-09011200,0.015,2.78,2.77,0.0108,0.00031,287.0,0.154,8.18,9.1,801.0,93.0,10.8
SO-E0007210,0.075,0.59,,,0.000585,,0.208,7.665,11.05,1719.5,63.3,6.28
MD-03398500,0.015,5.92,5.89,0.0155,0.000245,236.0,0.273,7.92,9.1,653.0,77.1,8.83
MD-06114820,0.037,4.0,3.98,0.022,0.00059,230.0,0.17,8.1,10.9,619.0,95.7,10.5
MD-C0000040,0.015,7.1899999999999995,7.1,0.025,0.000425,200.0,0.18,8.0,11.75,890.5,93.05000000000001,10.1
AN-CL0892,0.048,2.1500000000000004,2.13,0.025500000000000002,0.0007700000000000001,272.5,0.16999999999999998,7.79,11.95,813.0,70.35,8.055
SW-E2190800,0.0235,6.220000000000001,6.195,0.01745,0.000545,230.0,0.143,8.254999999999999,10.350000000000001,560.0,99.95,11.3
SW-Z1011545,0.086,6.8,6.76,0.043,0.00149,240.0,0.125,8.13,9.6,661.0,96.7,11.0
AN-RSN1832,0.024,7.449999999999999,7.3,0.0205,0.000445,230.0,0.013,8.23,10.95,623.0,101.25,11.45
NW-RSN0086,0.13,8.9,8.835,0.0485,0.001315,250.0,0.18,7.83,10.95,796.0,88.35,9.99
SO-RSN0009,0.015,13.0,13.0,0.0095,0.00034,240.0,0.93,8.15,12.0,783.0,98.6,10.5
SW-70723203,0.015,2.17,2.17,0.002,0.000315,81.0,0.026,8.0,12.0,278.0,101.0,11.4
SW-82712770,0.015,2.73,2.73,0.002,0.000105,58.0,0.049,7.49,11.0,287.0,94.1,10.3
AN-MOORDRVA,0.015,12.0,,0.02,0.00019,,0.018,7.535,6.6,1046.0,62.0,7.91
MD-37609020,1.295,1.995,1.9100000000000001,0.05995,0.004535,243.5,0.005,7.390000000000001,13.15,1239.5,76.75,9.545
NW-88001890,0.0685,2.175,2.1550000000000002,0.017050000000000003,0.0006850000000000001,63.5,0.191,7.9,10.1,263.0,97.95,11.350000000000001
NW-SSN1290,0.00505,1.2,1.2,0.0005,5e-06,39.0,0.0085,6.97,11.7,126.0,98.5,10.6
NW-88024643,0.016,2.03,2.0,0.0088,0.0004,180.0,0.036,8.3,7.2,448.0,100.0,11.8
SW-RSN1727,0.015,8.2,8.19,0.0064,0.00026,160.0,0.08,7.83,12.7,459.0,94.0,9.74
NW-88006278,0.015,5.81,5.78,0.0115,0.000275,109.0,0.059,8.09,9.2,331.0,101.4,12.0
MD-76795060,0.0725,4.14,4.12,0.039,0.00136,220.0,0.2,8.21,8.2,635.0,95.5,11.2
SO-E0007285,0.135,2.0999999999999996,2.05,0.028999999999999998,0.001315,190.0,0.039999999999999994,7.725,10.25,680.0,84.7,9.685
NE-49600138,0.015,2.6900000000000004,2.685,0.002,0.00021,94.5,0.005,7.84,8.7,347.0,96.25,11.0
MD-78524380,0.3195,2.605,2.565,0.04045,0.001925,170.5,0.0475,7.52,10.25,845.0,87.95,9.870000000000001
MD-02848860,0.032,7.0,6.99,0.025,0.0005,260.0,0.2,8.09,11.0,733.0,93.3,10.1
NW-88002749,0.3555,11.9,11.8,0.08180000000000001,0.00267,126.0,1.935,7.49,12.3,671.0,82.19999999999999,8.59
MD-65413100,0.138,1.45,1.4100000000000001,0.03635,0.0017499999999999998,250.5,0.16499999999999998,7.8,9.899999999999999,739.5,75.5,8.23
SW-70630180,0.0525,1.585,,0.006,,22.5,0.17,7.5649999999999995,8.85,132.85000000000002,100.3,
SW-SSN1504,0.0069,3.4,3.4,0.00275,5e-05,28.0,0.0175,7.45,11.9,164.5,97.8,10.55
AN-WDCTRDBR,0.0325,12.4,11.45,0.034,0.000655,240.0,0.016,7.95,13.149999999999999,964.0,94.0,10.89
AN-BL10310,0.056499999999999995,7.35,7.300000000000001,0.0485,0.00112,320.0,0.11649999999999999,8.075,10.2,805.5,74.9,8.565
NE-49800092,0.11,2.1500000000000004,2.45,0.0184,0.00106,49.0,0.0655,7.615,10.25,214.5,94.9,10.3
SW-Z7500108,0.0445,9.469999999999999,9.405000000000001,0.04345,0.00071,205.0,0.221,7.895,11.1,791.0,92.55000000000001,10.3
MD-42486650,0.05,9.97,9.89,0.0477,0.00065,236.0,0.22,7.98,9.850000000000001,1661.5,90.9,10.8
MD-27049020,0.0655,3.955,3.94,0.0178,0.0002675,197.0,0.11499999999999999,7.54,10.25,551.0,77.65,8.82
AN-GRAYFLT,0.047,5.2,4.87,0.029,0.00064,270.0,0.085,8.15,8.3,734.0,88.3,10.6
NW-88022689,0.0775,2.79,2.775,0.01685,0.000565,260.0,0.06,7.56,10.3,598.5,83.30000000000001,9.835
MD-65161220,0.37,9.98,9.91,0.13,0.00448,86.0,0.199,7.7,13.9,560.0,86.0,9.79
TH-RSN0994,0.0115,7.9,7.89,0.0125,0.000165,200.0,0.049,7.915,10.399999999999999,602.0,94.65,10.6
SW-60030462,0.035,4.65,4.63,0.021,0.00067,280.0,0.1,8.21,11.5,708.0,95.2,10.6
SW-81241119,0.015,0.655,0.651,0.002,3.5e-05,9.5,0.0075,7.09,10.8,71.0,100.7,11.2
MD-26407010,0.015,6.33,6.315,0.0275,0.000355,124.0,0.1525,8.075,10.45,430.0,96.25,10.850000000000001
MD-10863220,0.036000000000000004,10.05,10.030000000000001,0.02255,0.0005499999999999999,259.0,0.16,8.0,10.25,1014.5,87.95,10.24
MD-RSN0246,0.066,6.6,6.54,0.033,0.001085,150.0,0.165,7.9,12.6,606.5,92.25,9.719999999999999
SO-G0004151,0.015,3.6,3.59,0.01,0.000215,51.0,0.167,7.5600000000000005,11.850000000000001,311.5,87.6,9.765
NW-88002705,0.073,1.4500000000000002,1.4300000000000002,0.029,0.000975,205.0,0.11,7.89,11.05,1226.0,87.9,9.51
AN-RSN1209,0.28500000000000003,7.85,7.755000000000001,0.0815,0.001985,210.0,0.026500000000000003,7.890000000000001,12.45,1641.0,88.4,9.870000000000001
SW-RSN2178,0.07350000000000001,2.3,2.285,0.0175,0.001535,260.0,0.058499999999999996,8.18,10.649999999999999,675.5,95.6,10.649999999999999
TH-PTAR0116,0.015,4.85,4.84,0.014,0.0003275,244.5,0.209,8.02,11.6,816.5,88.65,9.835
NE-49603068,0.051000000000000004,6.2,6.15,0.0455,0.00087,200.0,0.036,7.880000000000001,11.3,647.0,88.69999999999999,9.485
SW-E4062000,0.046,2.9450000000000003,2.93,0.01845,0.00086,223.0,0.11,8.02,10.7,554.0,90.2,10.2
SW-50900736,0.015,2.1100000000000003,2.0999999999999996,0.010700000000000001,0.00037,199.0,0.0615,8.14,10.7,571.0,96.7,10.7
AN-CL0488,0.032,6.825,6.805,0.03,0.00046750000000000003,250.0,0.355,8.03,11.5,865.0,87.30000000000001,9.8
TH-RSN1034,0.034,9.05,9.02,0.023,0.00065,230.0,0.27,8.055,12.0,791.5,95.85,10.350000000000001
NE-SSN0037,0.16,5.0,4.93,0.054,0.00202,290.0,0.0125,7.8,11.3,1639.0,87.4,9.39
NE-RSN2344,0.015,0.99,0.986,0.002,0.000115,23.0,0.005,7.57,10.0,194.0,99.6,11.4
TH-PCHR0050,0.057499999999999996,2.8200000000000003,2.665,0.02725,0.000625,164.5,0.082,7.785,10.399999999999999,560.5,74.9,8.195
NW-88006388,0.015,0.1,0.098,0.002,5e-05,6.0,0.00165,7.6,7.9,38.0,101.7,11.9
NW-88006197,0.028900000000000002,1.9,1.895,0.006444999999999999,0.00044,98.5,0.0267,8.03,9.5,383.0,102.5,11.7
SW-E7070500,0.015,4.71,4.695,0.0177,0.0003975,240.5,0.3175,8.13,12.0,565.5,102.95,11.45
SW-RSN0109,0.015,2.1,2.09,0.00615,0.00028,85.0,0.15,7.975,11.9,290.5,97.85,10.9
SW-72934707,0.015,1.7149999999999999,1.705,0.00465,0.00015999999999999999,39.0,0.0285,7.59,9.85,180.5,95.7,10.8
AN-RISE130R,0.015,4.654999999999999,4.645,0.015649999999999997,0.0003375,199.0,0.0875,8.1,10.8,714.0,92.3,9.92
TH-PTHR0041,0.015,2.8,2.78,0.015,0.000445,290.0,0.11,8.08,11.7,800.0,90.1,9.83
AN-58M11,0.0335,7.17,7.140000000000001,0.034100000000000005,0.00065,230.0,0.028,8.02,10.9,681.0,91.65,10.149999999999999
AN-14M14,0.015,20.0,19.9,0.035,,,0.026,7.33,9.2,1120.0,59.6,6.86
SW-50360430,0.015,6.0,5.99,0.0126,0.00022,170.0,0.026,7.83,11.4,479.0,90.95,9.93
AN-37M16,0.036,9.365,9.275,0.03815,0.0006399999999999999,295.0,0.47250000000000003,8.11,9.25,848.5,92.0,9.510000000000002
AN-02M06,0.015,9.38,9.35,0.0258,0.000275,248.0,0.181,8.0,10.2,711.0,101.6,11.7
MD-26293085,0.015,4.135,4.12,0.01985,0.00043499999999999995,149.0,0.062,8.08,9.9,459.0,97.2,10.7
SW-50361209,0.015,1.935,1.9200000000000002,0.01015,0.0001575,103.5,0.025,7.63,10.15,356.5,85.1,9.415
MD-18208220,0.015,5.404999999999999,5.385,0.0178,0.0003575,230.0,0.076,8.03,10.7,588.0,92.4,10.5
SO-RSN0793,0.097,4.75,4.51,0.04,0.000375,300.0,0.14,7.44,12.0,982.0,31.0,3.35
MD-51491050,0.015,2.825,2.825,0.0041,0.0002475,72.5,0.018500000000000003,8.0,9.350000000000001,278.0,99.8,11.35
NE-49603065,0.07600000000000001,4.3,4.26,0.0385,0.001115,190.0,0.048,8.205,9.45,547.0,95.4,10.9
AN-USTCHMAR,0.175,7.4,7.075,0.13,0.002415,255.0,0.255,7.94,9.35,1010.5,79.80000000000001,7.925
NW-88005861,0.049,2.6,2.58,0.021,0.00084,140.0,0.058499999999999996,7.97,10.2,394.5,96.0,10.9
NE-49105189,0.015,2.465,2.455,0.00505,0.0002025,128.0,0.022,7.785,10.2,392.5,86.15,10.18
MD-50901140,0.015,3.09,3.07,0.0069,0.00035,83.0,0.065,8.01,10.6,325.5,99.6,11.0
SW-E1005000,0.1235,5.75,5.6850000000000005,0.07095,0.00215,159.5,0.15,7.890000000000001,11.5,454.0,92.69999999999999,9.695
AN-NENE370T,0.061,11.0,10.9,0.069,0.00114,180.0,0.14,8.01,12.8,885.0,94.7,10.6
AN-SSN0089,0.020499999999999997,6.75,6.725,0.0155,0.00035,310.0,0.0335,8.035,11.1,835.5,92.65,9.93
NE-49900212,0.064,4.29,4.27,0.039599999999999996,0.00091,260.0,0.21,7.91,10.25,850.5,85.0,10.149999999999999
MD-RSN0646,0.12000000000000001,7.7,7.619999999999999,0.096,0.00098,190.0,0.39,7.7,10.65,976.0,90.35,9.31
TH-RSN1774,0.015449999999999998,4.5,4.475,0.0056,0.000255,200.0,0.0195,7.945,9.05,508.0,90.5,9.780000000000001
SW-60010739,0.0435,8.57,8.53,0.0243,0.00069,208.0,0.6125,8.11,12.5,597.5,93.65,10.8
NW-88021917,0.0485,2.66,2.645,0.0191,0.00062,62.5,0.075,7.915,9.0,326.5,100.6,11.3
AN-WAV135,2.14,6.81,,0.239,,,0.071,7.975,14.2,956.0,93.2,10.2
NE-49905156,0.0455,7.185,7.16,0.02825,0.000705,300.0,0.043,7.96,10.65,848.5,89.2,10.149999999999999
AN-MTRNPAST,0.072,3.6,3.585,0.0255,0.000925,171.0,0.026,7.92,10.25,650.0,96.5,10.7
AN-HOLR110H,0.66,1.005,0.9864999999999999,0.035449999999999995,0.00848,462.5,0.16249999999999998,7.785,7.8,2369.5,70.3,8.335
SW-91241162,0.015,2.24,2.24,0.002,0.000315,88.0,0.025,8.01,11.8,770.0,100.0,10.8
AN-NENE500E,0.062,10.0,9.92,0.054,0.00096,210.0,0.095,8.24,7.0,784.0,92.5,11.5
SO-RSN1945,0.0235,12.0,12.0,0.015,0.0005025,205.0,0.125,8.100000000000001,13.35,833.5,95.75,9.615
NW-SSN1298,0.015,1.5,1.5,0.002,0.000155,45.0,0.015,7.695,10.2,146.5,98.35,11.0
SW-50330367,0.089,2.1500000000000004,2.125,0.025300000000000003,0.00109,189.0,0.16,7.86,10.3,517.0,81.75,9.015
MD-C0000031,0.0335,6.715,6.66,0.029400000000000003,0.0003925,178.0,0.13,8.04,10.2,841.0,89.2,10.094999999999999
NE-SSN1501,0.0155,2.8,2.8,0.0035,0.00011,150.0,0.017,7.5600000000000005,10.0,425.5,79.6,9.3
SW-50270207,0.015,7.715,7.6899999999999995,0.0136,0.0002825,209.0,0.014499999999999999,8.095,10.35,547.0,93.9,10.75
NW-88022126,0.015,0.1,,0.002,,4.25,0.005,7.01,9.75,34.1,101.80000000000001,
SW-64200200,0.117,5.19,5.16,0.0399,0.00112,344.0,0.653,8.02,6.2,960.0,84.2,11.2
TH-PEVR0043,0.015,4.8,4.78,0.014,0.00028,190.0,0.1,7.93,10.2,537.0,86.8,9.66
SW-82521235,0.015,4.05,4.045,0.0055,,,0.017,7.355,12.1,,97.6,10.55
MD-59022250,0.23249999999999998,3.8,3.675,0.077,0.002385,217.5,0.076,7.64,11.5,986.0,85.6,9.415
AN-WITHUSB,0.015,6.9,6.9,0.0088,0.00027,190.0,0.027,8.12,8.4,595.0,96.2,11.5
SW-50050525,0.035,1.565,1.545,0.01525,0.000535,165.0,0.094,8.05,10.45,487.0,94.3,10.6
SO-G0004000,0.092,0.345,0.33099999999999996,0.0042,0.000455,38.0,0.066,7.36,11.4,226.0,88.1,9.65
SW-E1202200,0.045,6.13,6.11,0.025,0.00073,190.0,0.113,8.13,10.4,490.0,96.5,11.0
NW-88005218,0.015,0.86,0.848,0.0084,0.00033,110.0,0.02,8.18,10.9,445.0,99.7,11.1
NE-RSN1032,0.0034,1.3,1.3,0.0018,3e-05,69.0,0.0048,7.97,13.3,251.0,98.2,9.99
TH-PLER0049,0.203,18.2,18.1,0.1,0.001475,160.0,0.51,7.42,15.55,975.5,73.65,7.18
NE-49301429,0.251,9.66,9.51,0.1745,0.0030949999999999997,199.5,1.335,7.73,11.0,1336.0,81.4,9.31
TH-PLDR0051,0.04,9.53,9.49,0.036,0.00061,230.0,0.168,8.04,12.2,633.0,88.9,9.29
MD-08017430,0.095,7.7,7.64,0.0606,0.001555,207.0,0.4,8.04,10.95,966.5,96.19999999999999,10.55
SW-50331430,0.015,2.22,2.213,0.00565,0.00030000000000000003,240.0,0.098,8.23,10.8,550.5,92.3,10.335
SW-60250679,0.071,2.78,2.73,0.0472,0.00127,258.0,0.292,8.05,12.3,606.0,92.3,10.3
AN-BL1030,0.015,7.6,7.585,0.022,,,0.037,8.04,12.0,757.0,93.9,9.91
MD-25439020,0.046,9.88,9.84,0.0456,0.00077,176.0,0.464,7.99,10.0,710.0,96.9,10.5
MD-59022840,0.4445,1.9899999999999998,1.935,0.0567,0.001705,296.5,0.036,7.305,10.0,1124.0,74.5,8.32
SO-Y0004523,0.25,4.8,4.77,0.029,0.005294999999999999,117.5,0.047,8.11,14.95,18655.0,122.0,12.2
NE-49400825,0.015,0.876,0.8725,0.002,0.0002025,26.5,0.03055,7.84,9.45,153.0,99.6,11.7
AN-BURTONWA,0.035500000000000004,6.115,6.045,0.02765,0.0005575,210.5,0.1345,7.99,10.850000000000001,874.0,88.15,10.649999999999999
NW-88002453,0.10300000000000001,1.3,1.28,0.026,0.001005,169.0,0.082,7.73,10.6,608.5,81.55,9.01
MD-14138180,0.056,4.87,4.86,0.0181,0.00106,219.0,0.317,8.065000000000001,9.45,654.0,93.5,10.6
TH-PRGR0012,0.015,11.0,11.0,0.034,0.00043,230.0,0.817,8.115,10.3,965.0,93.30000000000001,10.5
SO-SSN1294,0.052,0.74,0.7195,0.0079,0.00034,140.0,0.053,7.54,12.6,850.0,74.8,7.73
SW-RSN1781,0.019,1.6,1.57,0.0082,6e-05,30.0,0.036,7.13,9.7,199.0,86.1,9.15
AN-41M14,0.0645,5.85,5.805,0.04055,0.000595,295.0,0.453,7.675,10.399999999999999,901.5,72.15,8.085
NW-88025804,0.26,6.5,6.3,0.08,0.00246,180.0,0.25,7.63,11.399999999999999,524.5,81.15,9.2
AN-RSN0405,0.07400000000000001,1.9000000000000001,1.8599999999999999,0.031,0.00066,315.0,0.0755,7.82,11.4,829.5,81.8,9.34
NW-88005784,0.051,1.85,1.81,0.0073,0.00057,152.0,0.038,8.06,9.3,356.0,95.3,11.1
SW-Z1450103,0.015,1.85,1.82,0.0144,0.00034,272.0,0.056,8.06,14.6,683.0,95.6,10.9
NE-49105242,0.16,6.4,6.2,0.085,0.00165,270.0,0.16,7.86,11.9,870.0,80.8,8.89
SW-60270102,0.09,2.3,2.26,0.0406,0.00152,250.0,0.227,7.98,13.1,1034.0,92.1,10.6
MD-19359900,0.015,3.83,3.82,0.0157,0.000285,127.0,0.149,7.83,9.2,405.0,90.9,10.3
AN-ST0183,0.0235,5.0,4.975,0.027,0.0005275,275.0,0.0775,8.14,15.0,827.0,100.7,10.4
MD-47231350,0.032,5.2,5.18,0.0211,0.00046,218.0,0.13,8.2,11.0,854.0,100.0,10.7
NE-RSN0484,0.0125,1.75,1.74,0.0045000000000000005,0.0001475,77.5,0.0605,7.975,9.65,269.5,91.95,10.35
AN-RSN2281,0.45499999999999996,3.9000000000000004,3.7649999999999997,0.0885,0.0041199999999999995,255.0,0.31,7.65,9.6,715.5,66.8,7.325
MD-04794530,0.0815,11.2,11.15,0.07675,0.000915,158.0,0.2835,7.745,12.6,789.5,83.69999999999999,9.275
MD-22485300,0.039,3.9,3.88,0.0183,0.0007,300.0,0.2,8.08,10.4,1261.0,88.0,10.0
MD-49705580,0.015,2.5,2.5,0.0046,0.0002575,154.5,0.02,8.14,8.5,430.0,98.05000000000001,11.5
TH-PWER0128,0.04,3.02,3.0,0.019,0.00065,153.0,0.044,7.9,11.5,451.0,92.3,10.2
NE-49905177,0.015,0.535,,0.002,,120.0,0.005,7.81,7.6,290.0,81.5,
TH-PLER0110,0.387,3.5,3.24,0.19,0.00544,220.0,0.45,7.82,12.9,859.0,72.7,7.68
NE-49301997,0.015,1.37,1.36,0.0077,0.00028,80.0,0.0395,8.09,9.1,386.0,99.0,11.3
NE-RSN2288,0.011,0.75,0.7444999999999999,0.0049,0.000205,200.0,0.020999999999999998,8.36,10.55,398.5,100.75,11.8
SW-81520593,0.015,0.4885,0.486,0.002,5e-06,7.0,0.005,6.4,11.5,76.0,98.8,10.9
NW-88002133,0.015,0.67,0.661,0.004200000000000001,0.000285,114.0,0.0415,8.0,8.9,327.0,99.5,11.6
MD-RSN2322,0.066,2.9000000000000004,2.885,0.019,0.001245,80.0,0.1095,7.95,10.7,288.5,99.25,11.149999999999999
NW-88000879,0.508,6.0,5.81,0.107,0.00598,163.0,0.2,7.8,11.0,4179.0,90.2,10.3
MD-29353820,0.034,4.949999999999999,4.904999999999999,0.0312,0.000405,181.0,0.17,8.004999999999999,9.899999999999999,582.0,97.25,11.1
MD-SSN0497,0.015,0.26,0.256,0.002,1.5e-05,11.0,0.005,6.75,11.7,114.0,96.3,10.6
SO-E0004853,0.049,3.22,3.2,0.0245,0.00064,153.0,0.089,8.09,5.5,796.0,91.6,11.5
SW-81231133,0.015,1.415,1.41,0.00455,9.750000000000001e-05,20.0,0.0385,7.5,10.9,110.0,100.9,11.05
MD-RSN1262,0.1,4.3,4.26,0.0385,0.0010500000000000002,280.0,0.11,7.915,10.1,767.0,90.25,10.5
SW-50530138,0.015,3.84,3.83,0.011,0.000325,220.0,0.0765,8.2,11.8,522.0,101.6,11.3
NE-49500668,0.0241,0.82,0.816,0.00303,0.00024,31.0,0.0154,7.76,9.6,186.0,99.7,11.6
NW-RSN1600,0.0052,1.5,1.5,0.002,5e-05,44.5,0.012,7.96,10.0,165.5,101.3,11.5
SW-60011118,0.0515,3.165,3.1399999999999997,0.027950000000000003,0.000965,116.0,0.087,8.085,11.6,333.0,96.0,10.4
SW-60032121,0.015,6.1,6.07,0.0058,0.00031,264.0,0.062,8.19,11.25,612.0,100.05,10.9
TH-PLDR0058,0.14100000000000001,0.48,0.476,0.005,0.000675,44.5,0.0315,7.095,11.8,346.0,61.6,6.94
SW-81950840,0.38,3.57,,0.032,,25.0,0.229,7.08,12.15,227.0,92.80000000000001,
AN-RSN0469,0.082,6.8,6.75,0.061,0.0008,250.0,0.36,7.555,9.649999999999999,1053.0,72.2,7.945
SW-70725463,0.015,0.6,0.596,0.002,8e-05,13.0,0.0288,7.2,11.0,85.0,105.0,11.8
NW-88006454,0.015,0.2,0.196,0.002,0.000195,95.0,0.005,8.145,7.0,240.0,102.8,12.0
AN-STLODE02,0.043,1.9,1.92,0.011,0.000465,146.5,0.026,8.07,11.7,982.0,89.94999999999999,9.635
NE-RSN0700,0.0475,0.049,0.048,0.0005,0.00021500000000000002,8.0,0.0081,7.33,9.95,86.0,97.65,11.05
SW-50951010,0.051,6.135,6.105,0.022,0.00053,160.0,0.117,7.73,11.1,488.0,88.8,9.895
AN-SSN1369,0.038,14.0,13.9,0.01,0.000305,150.0,0.051,7.9,9.3,782.0,93.2,11.7
TH-PLER0144,0.031,9.85,9.805,0.03,0.0004975,249.5,0.24,8.08,12.55,879.0,93.3,9.85
SW-60010832,0.049,3.7,3.65,0.028,0.00083,140.0,0.075,8.2,11.4,421.0,98.5,11.0
SW-72930900,0.051,0.59,0.5805,0.0091,0.000355,65.5,0.0535,7.5,11.0,250.5,91.2,10.3
AN-WEN111,0.015,5.7,5.69,0.0164,0.00037,270.0,0.056,8.15,10.4,797.0,92.9,10.5
SW-50280545,0.0475,6.109999999999999,6.075,0.0316,0.000795,216.5,0.07,8.04,11.45,553.0,93.55,10.2
AN-GWSH010U,0.032,2.65,2.64,0.0107,0.00048,260.0,0.069,8.03,9.8,992.0,80.9,8.59
SW-50430109,0.015,7.9399999999999995,7.925,0.0108,0.000295,233.5,0.0405,8.08,11.5,588.0,103.19999999999999,11.15
SW-82611104,0.015,1.57,1.57,0.002,0.00024,45.5,0.037,7.79,11.0,267.0,100.0,11.05
MD-47232523,0.015,4.95,4.94,0.0202,0.00041,220.0,0.101,8.11,9.4,940.0,93.0,9.81
SW-E4141300,0.092,0.72,0.71,0.0138,0.0017699999999999999,170.0,0.026,8.18,10.9,405.5,96.0,10.600000000000001
TH-RSN0866,0.015,5.9,5.890000000000001,0.0053,0.0003075,205.0,0.0495,8.245000000000001,11.05,549.5,99.3,10.75
SW-60010113,0.047,6.28,6.26,0.0407,0.00117,211.0,0.259,8.19,11.3,675.0,94.8,10.6
NE-49400593,0.047,2.46,2.45,0.0142,0.00096,191.0,0.024,8.16,9.2,788.0,96.9,11.1
NW-RSN2043,0.0029,0.11499999999999999,0.11399999999999999,0.0005,9.999999999999999e-06,,0.0005,7.494999999999999,4.8,43.0,101.15,12.95
AN-WEN060,0.015,5.39,5.38,0.0226,0.000345,275.0,0.075,7.99,9.5,777.0,91.5,10.4
MD-78421659,0.015,6.54,6.425000000000001,0.032,0.000405,220.0,0.1,8.24,10.8,1011.0,92.8,10.0
AN-GIP156,0.046,7.88,7.76,0.053,0.00094,290.0,0.225,8.13,11.1,1133.0,89.0,9.73
SW-91212515,0.015,2.0,1.995,0.0034,0.000165,30.5,0.033,7.5,10.55,210.0,98.44999999999999,11.149999999999999
SW-RSN0103,0.001,0.12,0.119,0.0005,1e-05,12.0,0.0005,7.27,11.0,65.0,101.4,11.1
TH-PLER0004,0.0315,7.45,7.4350000000000005,0.022,0.00028,278.5,0.029,7.735,11.1,728.5,91.0,9.905000000000001
SW-70711908,0.015,3.77,3.76,0.0113,0.000305,83.0,0.044,8.0,9.7,276.0,98.1,11.2
NE-RSN0752,0.015,1.065,1.0625,0.0043,0.0002325,175.0,0.051500000000000004,7.67,10.649999999999999,1184.5,84.6,9.265
SO-G0003827,0.015,1.495,1.45,0.0086,0.00027,120.0,0.0545,7.795,11.899999999999999,455.5,90.65,10.030000000000001
NE-49900011,0.059,5.35,5.305,0.0359,0.0009,269.0,0.11,8.065000000000001,10.8,790.5,85.1,9.58
SW-91210233,0.015,1.55,1.53,0.0053,0.00019250000000000002,39.0,0.026,7.5,11.7,190.0,96.3,10.5
NW-88003837,0.1765,1.62,1.6,0.023600000000000003,0.0011350000000000002,124.5,0.155,7.6,9.399999999999999,379.5,88.85,9.66
SW-60010754,0.015,5.9,5.89,0.014,0.00037,200.0,0.0865,8.114999999999998,12.350000000000001,533.0,95.55,10.05
AN-TE0107,0.015,12.5,12.5,0.022,0.00035749999999999996,240.0,0.26,8.11,12.55,886.0,92.75,10.05
SW-50905555,0.028,0.652,0.6475,0.0030950000000000005,0.00041,143.0,0.012400000000000001,6.795,10.45,276.2,,
NE-SSN1489,0.00995,0.23500000000000001,0.2315,0.0013,6.5e-05,21.5,0.00245,7.6,9.55,121.5,99.65,11.4
SO-E0007284,0.125,2.1,1.995,0.0275,0.0013549999999999999,185.0,0.039,7.76,10.35,656.5,89.6,9.684999999999999
SW-50342554,0.0665,2.2,2.18,0.0205,,,0.12,8.024999999999999,11.7,486.0,92.65,9.879999999999999
MD-60386620,0.094,7.1,7.015000000000001,0.048600000000000004,0.00098,141.5,0.28200000000000003,7.8149999999999995,10.4,611.0,85.2,9.739999999999998
NW-88003489,0.03,1.0,0.994,0.0068000000000000005,0.000435,79.0,0.0305,8.0,9.55,277.0,100.9,11.5
NE-49705091,0.015,0.685,0.6799999999999999,0.005,0.00032,77.0,0.0375,7.965,10.2,408.0,99.7,11.5
NE-49500374,0.062,2.7,2.68,0.02255,0.00065,52.0,0.025,7.75,11.350000000000001,428.5,99.5,10.8
AN-WELL010S,0.1125,6.484999999999999,6.325,0.056749999999999995,0.00162,184.5,0.5745,7.995,10.3,640.0,93.5,10.6
TH-PTHR0028,0.084,7.97,7.89,0.064,0.00187,229.0,0.25,8.1,13.3,712.0,85.5,9.46
SW-81221940,0.015,3.455,3.4450000000000003,0.00825,0.000205,44.0,0.2255,7.64,11.899999999999999,201.5,98.9,10.55
NW-88022036,0.167,1.77,1.76,0.0207,0.00147,172.0,0.024,7.79,8.8,792.0,84.5,9.66
AN-GL01,0.015,6.75,6.72,0.0209,0.00025,290.0,0.141,7.89,10.9,846.0,88.4,9.36
SW-SSN1392,0.0034,1.4,1.4,0.0013,2e-05,35.5,0.00975,7.485,11.5,168.5,99.05000000000001,10.600000000000001
TH-PKER0098,0.015,1.29,1.28,0.0065,0.00026,92.0,0.073,7.81,11.2,342.0,93.7,10.3
MD-37499200,0.10500000000000001,5.995,5.945,0.0906,0.000645,180.0,0.0965,7.605,10.45,,69.15,8.08
AN-44M51,0.015,1.19,1.17,0.0158,0.000125,279.0,0.04,7.8,2.1,739.0,63.7,8.77
SW-60270539,0.075,7.61,7.54,0.07924999999999999,0.00109,268.0,0.54,7.83,13.4,912.0,82.5,9.25
SO-E0001708,0.09,4.7,4.66,0.0248,0.00083,74.0,0.139,7.65,11.3,380.0,91.1,9.91
MD-RSN0694,0.015,5.6,5.57,0.022,0.00046,260.0,0.17,8.15,10.3,707.0,96.1,11.1
AN-WEN203,0.031,3.3,3.28,0.015,0.0004275,270.0,0.031,7.98,10.850000000000001,770.0,87.95,9.715
NE-RSN1008,0.034,1.5,1.49,0.007,0.00046,140.0,0.032,7.91,12.6,493.0,95.4,10.7
MD-25741060,0.077,2.0,1.99,0.013,0.001335,230.0,0.015,8.225000000000001,10.649999999999999,900.5,98.45,10.95
SW-RSN1715,0.015,3.45,3.4400000000000004,0.0071,0.00015999999999999999,40.5,0.03,7.609999999999999,11.5,195.5,99.3,10.45
MD-SSN0042,0.036,3.6,3.59,0.013,0.000355,170.0,0.05,8.2,10.3,562.0,98.8,11.1
MD-58471500,0.033,6.7,6.69,0.0348,0.00047,190.0,0.133,7.99,10.1,847.5,90.75,10.3
SW-70501001,0.0575,4.795,4.77,0.0266,0.00083,109.5,0.1095,7.8,12.25,367.0,94.0,10.1
SW-60060102,0.015,6.74,6.74,0.006,0.00011,241.0,0.046,7.58,10.6,632.0,91.5,10.3
SO-SSN0679,0.017,1.7,1.67,0.0083,0.00033,94.0,0.041,7.84,10.100000000000001,406.5,90.65,9.945
NW-88000902,0.5475000000000001,1.505,1.395,0.0745,0.003465,200.0,0.297,7.49,11.4,787.0,57.45,6.640000000000001
SW-E1004500,0.19,5.22,5.15,0.0594,0.00288,142.0,0.176,7.97,11.0,415.0,96.3,10.8
NE-SSN0737,0.043000000000000003,2.8,2.79,0.0079,0.000415,120.0,0.025500000000000002,7.82,10.100000000000001,578.0,97.65,10.7
SW-73050307,0.015,1.41,1.41,0.002,0.00019,31.0,0.015,7.7,7.1,157.0,99.0,12.4
NW-88025781,0.015,0.415,0.41100000000000003,0.002,8.5e-05,31.5,0.025,7.445,11.85,115.5,98.3,10.7
SW-70515507,0.015,2.97,2.96,0.01,0.0003,129.0,0.05,8.32,11.2,371.0,108.6,11.6
SW-82211921,0.015,5.05,5.04,0.0042,0.00033,149.0,0.044,7.93,12.0,562.0,98.5,10.649999999999999
SW-Z7500144,0.044,1.22,1.19,0.0142,0.00066,180.0,0.058,7.93,10.8,662.0,90.9,10.3
MD-SSN0097,0.064,1.2,1.16,0.019,0.00086,220.0,0.16,7.89,12.5,570.0,83.7,9.14
NW-88004424,0.015,1.9,1.9,0.002,0.0001775,170.0,0.022,7.73,11.1,410.0,94.7,10.8
NW-88000644,0.13,5.2,5.13,0.049,0.00204,220.0,0.1,7.855,10.25,605.0,95.19999999999999,11.0
NE-41000413,0.095,7.535,7.44,0.0477,0.00131,211.0,0.0955,7.92,7.5,633.0,89.5,10.7
SW-64010100,0.055,3.88,3.83,0.0239,0.0011,238.0,0.33,8.12,11.3,700.0,92.7,10.6
SO-RSN0057,0.015,2.0,1.98,0.014,0.00025,170.0,0.13,7.93,10.45,573.5,88.6,9.82
NE-49500630,0.082,2.04,2.02,0.0165,0.00122,42.0,0.068,7.96,10.55,325.0,96.65,10.75
TH-PWRR0073,0.031,5.5,5.48,0.025,0.00029,240.0,0.15,7.76,7.6,732.0,70.3,9.01
SW-70240360,0.015,2.45,2.45,0.004699999999999999,0.00015000000000000001,40.5,0.0475,7.529999999999999,10.65,176.5,98.9,11.1
AN-HUGH1,0.11649999999999999,3.95,3.91,0.03325,0.00125,200.0,0.1075,7.725,10.1,778.0,76.65,8.73
AN-LANG015S,0.034,6.3,6.29,0.024,0.00077,250.0,0.028,8.12,12.9,733.0,93.3,9.68
SW-81940469,0.015,3.46,,0.002,,30.0,0.029,7.1,13.75,252.5,96.5,
NE-49000476,0.015,0.86,0.856,0.002,0.00023500000000000002,29.0,0.012,7.78,10.2,183.0,97.7,11.3
NW-88004402,0.015,0.78,0.776,0.002,0.00014,70.0,0.018,7.62,8.8,190.0,93.2,10.8
MD-19785120,0.015,1.5,1.5,0.002,0.000235,47.5,0.0375,7.9350000000000005,12.25,219.5,97.45,10.55
NW-SSN0194,0.015,1.8,1.8,0.002,0.0001325,59.5,0.024,7.655,11.6,199.0,98.75,10.95
SW-91241770,0.015,0.64,0.636,0.002,1e-05,8.0,0.005,6.390000000000001,11.65,77.0,96.7,10.649999999999999
SO-G0003988,0.034,3.325,3.31,0.0157,0.00038500000000000003,124.0,0.08199999999999999,7.88,12.2,481.0,87.6,9.16
MD-02847060,0.038,7.675,7.640000000000001,0.029,0.00053,270.0,0.191,8.05,12.1,917.0,91.2,9.86
MD-39827080,0.061,18.8,18.8,0.0502,0.00107,54.0,0.329,7.91,10.9,787.0,93.0,10.4
MD-20671405,0.015,4.54,4.535,0.0108,0.000235,91.0,0.066,7.83,10.6,286.0,96.75,10.6
NW-88002564,0.11349999999999999,1.01,0.948,0.0233,0.00057,164.0,0.156,7.47,8.95,886.0,75.95,8.74
MD-RSN1818,0.0135,4.9,4.895,0.011,0.00025,220.0,0.020999999999999998,8.06,10.8,615.0,94.95,10.350000000000001
SW-50430144,0.015,8.7,8.69,0.009899999999999999,0.0002675,240.0,0.039,8.105,10.4,595.5,96.15,10.8
SW-RSN1887,0.016,1.0,0.999,0.0026,0.0001,29.0,0.022,7.4,11.4,132.0,95.4,10.8
SW-RSN2003,0.009600000000000001,0.71,0.707,0.0025,9e-05,36.5,0.016,7.8,11.25,137.5,99.0,11.05
AN-FOSC5,0.064,6.835,6.785,0.0484,0.001125,216.0,0.223,7.865,11.3,928.5,85.1,10.03
SO-Y0004401,0.0515,3.205,3.18,0.0263,0.00049,123.0,0.08,7.675,13.2,485.0,79.0,8.18
NE-49900177,0.036000000000000004,2.8,2.78,0.0155,0.00058,161.0,0.063,8.075,10.75,499.0,93.25,10.2
TH-PTAR0039,0.015,13.5,13.5,0.0106,0.0003875,260.5,0.0565,8.17,11.9,853.0,93.4,10.2
SW-SSN1424,0.014499999999999999,0.25,0.2475,0.001,9e-05,260.0,0.07100000000000001,7.79,11.0,514.0,72.1,7.88
SO-E0000640,0.038,2.135,2.115,0.0114,0.00026999999999999995,69.0,0.0885,7.615,10.75,294.0,89.55,10.025
AN-WHAP060S,0.123,0.3,0.271,0.0067,0.00158,422.0,0.005,7.84,10.2,2484.0,97.1,10.8
NW-RSN0171,0.001,0.04,0.039,0.0005,1.5e-05,23.0,0.0013,7.72,8.1,67.0,102.5,12.4
SW-50330816,0.0315,1.3,1.29,0.007600000000000001,0.0002625,184.0,0.074,7.92,9.5,484.0,88.9,9.844999999999999
MD-36784280,0.11,9.8,9.74,0.0546,0.00128,150.0,0.265,7.65,13.2,814.0,88.9,9.65
SW-E3181600,0.074,1.91,1.88,0.0296,0.0018,219.0,0.099,7.88,9.3,604.0,93.5,10.5
SW-70556102,0.0475,4.015000000000001,4.005,0.013000000000000001,0.000655,86.5,0.076,7.9,9.850000000000001,287.5,97.5,11.0
NW-88002273,0.025,0.64,0.6355,0.0043,0.0002025,44.5,0.038,7.58,7.800000000000001,178.0,99.65,11.35
AN-WILN040W,4.11,3.8,3.33,0.27,0.0363,251.0,0.088,7.74,12.3,2160.0,68.0,7.42
NW-88001889,0.015,0.56,0.556,0.002,0.00024249999999999999,63.0,0.02065,7.775,10.0,231.0,101.5,11.45
MD-04076260,0.071,2.24,2.22,0.0192,0.00156,182.0,0.289,8.11,10.7,755.0,87.9,9.69
MD-50162,0.047,6.0,5.97,0.033,0.00071,220.0,0.077,7.96,12.1,577.0,91.8,9.67
NE-49000779,0.015,0.475,0.47100000000000003,0.002,0.0001325,21.0,0.008,7.65,10.9,127.0,98.5,11.2
AN-LANDIKED,0.0455,0.1,0.098,0.002,0.000755,282.5,0.042499999999999996,8.024999999999999,11.4,826.0,86.85,10.2
NW-88022385,0.02215,0.61,0.608,0.00296,0.000245,29.0,0.0229,7.795,9.0,135.5,102.65,11.7
AN-37M28,0.055,4.8,4.77,0.045,0.00062,248.0,0.045,7.795,12.8,739.0,84.85,9.629999999999999
AN-WD02,0.1115,6.335000000000001,6.24,0.0731,0.001745,176.0,0.46799999999999997,7.86,12.3,935.0,82.3,8.64
AN-09M07,0.0315,7.46,7.46,0.025,0.00051,120.0,0.11,7.99,10.1,645.5,95.7,11.2
NW-88024197,0.015,0.1,0.098,0.002,0.0001425,18.0,0.005,7.705,9.6,96.5,103.25,11.9
NE-49302467,0.9884999999999999,11.149999999999999,10.95,0.181,0.00744,135.5,1.77,7.904999999999999,10.399999999999999,868.0,85.25,9.370000000000001
SW-72931508,0.015,1.55,1.55,0.002,0.00022,30.0,0.017,7.7,10.6,154.0,95.9,11.1
MD-RSN2198,0.035,3.4,3.39,0.014,0.0004175,220.0,0.095,7.945,10.7,935.5,85.0,9.64
AN-SLEAA,0.048,13.0,12.9,0.05675,0.00058,225.0,0.149,7.825,10.45,909.0,84.55000000000001,9.75
NE-49300363,0.04,14.0,14.0,0.037,0.00072,268.0,0.51,8.05,10.8,1372.0,92.6,10.7
NE-49700048,0.049,6.36,6.34,0.0267,0.00093,280.0,0.15,8.08,9.9,906.0,95.2,11.1
TH-PLER0145,0.015,11.0,11.0,0.03,0.00018,256.0,0.15,7.65,10.899999999999999,800.0,78.15,8.6
SO-E0001484,0.079,0.44,0.418,0.017,0.00061,170.0,0.073,7.6,14.6,850.0,75.6,8.07
NW-RSN0671,0.035500000000000004,3.95,3.915,0.0215,0.000785,165.0,0.0975,8.059999999999999,10.149999999999999,446.0,101.25,12.15
SO-E0007233,0.061,9.4,9.35,0.067,0.00086,130.0,0.47,7.89,12.0,628.0,88.4,9.32
NE-49600504,0.046,7.0,6.98,0.0083,0.00062,170.0,0.052,8.12,5.9,548.0,94.7,11.8
AN-SANDHILL,0.015,11.05,11.05,0.009649999999999999,0.0002825,230.0,0.005,8.195,10.0,797.0,99.2,11.2
SW-E3110500,0.11,4.1,4.145,0.058,0.00164,320.0,0.12,8.0,10.5,740.0,84.6,8.83
MD-SSN0491,0.0045000000000000005,1.01,1.004,0.00365,3.5000000000000004e-05,220.0,0.11,7.885,10.05,639.0,93.9,10.85
NE-49500851,0.326,4.0,3.9,0.0556,0.00234,,0.039,7.63,10.2,1070.5,90.5,10.4
NE-49000777,0.037,8.5,8.48,0.019,0.000575,210.0,0.076,7.94,11.1,615.0,98.1,11.0
NW-RSN2020,0.0037,0.081,0.0798,0.0005,5e-06,6.0,0.0051,6.68,11.0,41.0,101.5,11.25
AN-YAR150,0.052,7.97,7.89,0.05455,0.000885,273.0,0.7865,7.96,11.4,866.0,88.8,10.4
SW-RSN1517,0.0335,0.645,0.64,0.0048000000000000004,0.0002,130.0,0.13,7.720000000000001,9.0,380.5,90.6,10.075
TH-PTHR0098,0.032,7.0,6.98,0.021949999999999997,0.00059,220.0,0.1235,8.08,10.149999999999999,663.0,92.35,10.45
AN-RSN2120,0.0615,0.6,0.6160000000000001,0.0195,0.00102,305.0,0.0755,7.965,13.2,1893.0,97.0,11.399999999999999
SW-82528120,0.015,2.26,2.26,0.0072,0.0001,24.0,0.01375,7.41,11.8,155.0,99.8,10.8
AN-RSN1076,0.077,8.4,8.37,0.058,0.00098,210.0,0.075,8.05,11.7,788.0,97.2,11.5
SO-RSN2041,0.015,1.3,1.3,0.002,0.00023999999999999998,84.0,0.21,7.9,12.45,428.5,98.1,10.3
NE-49000133,0.015,0.84,0.8365,0.003355,0.0001475,36.0,0.0166,7.86,9.3,195.2,99.4,11.4
SW-Z2030204,0.015,2.26,2.2,0.0144,0.000345,223.0,0.119,8.03,10.6,719.0,96.3,10.5
MD-10928820,0.0165,6.15,6.115,0.015349999999999999,0.000255,210.0,0.1305,7.93,9.75,874.5,89.25,10.045
MD-01749120,0.015,6.5649999999999995,6.525,0.0096,0.00026250000000000004,200.0,0.1615,8.254999999999999,11.3,514.5,99.8,10.95
NE-49105163,0.086,9.96,9.875,0.05435,0.00116,287.5,0.079,7.79,10.2,1014.0,81.3,8.92
NW-88003571,0.091,1.2,1.16,0.025,0.00144,170.0,0.18,8.04,10.4,506.0,95.4,11.3
AN-RSN2329,0.076,6.2,6.12,0.054,0.00102,175.0,0.335,7.875,11.649999999999999,758.0,90.65,9.835
MD-48189100,0.175,7.8,7.445,0.09,0.002695,220.0,0.7969999999999999,7.79,11.95,889.5,63.7,6.625
SO-E0004842,0.015,1.8,1.79,0.006,0.000225,68.5,0.024,7.855,10.149999999999999,358.0,94.75,10.75
MD-58809180,0.13,6.5,6.45,0.042,0.00248,219.0,0.14,8.075,11.0,711.0,92.65,10.1
SW-60031397,0.035500000000000004,5.68,5.69,0.013,0.00041,265.0,0.072,7.775,11.45,621.5,99.25,10.9
SW-A4070103,0.053,3.8499999999999996,3.8200000000000003,0.029,0.00099,230.0,0.17,8.04,11.1,605.0,96.3,10.9
MD-48716220,0.189,2.18,2.11,0.042,0.00346,256.0,0.22,8.2,11.1,857.5,87.7,9.94
NE-RSN1596,0.135,6.5,6.29,0.066,0.001675,310.0,0.068,7.83,10.0,1119.0,83.3,9.67
TH-RSN0269,0.025,0.6950000000000001,0.6910000000000001,0.0030499999999999998,6.5e-05,110.0,0.023,7.15,10.4,416.0,63.25,7.395
SW-82710977,0.044,6.35,6.335000000000001,0.01925,0.00016,52.0,0.862,7.29,11.65,295.0,93.4,10.0
NE-49000381,0.015,1.5,1.5,0.00234,0.00026,56.0,0.014,7.96,7.9,280.0,100.0,11.9
AN-STEP5,0.074,7.199999999999999,7.17,0.038,0.001115,190.0,0.125,8.12,9.3,638.0,96.19999999999999,11.2
AN-FOSTBECK,0.015,6.0,8.18,0.025,0.00076,179.0,0.044,8.21,11.0,683.0,99.35,10.8
SW-RSN2291,0.015,1.6,1.585,0.002,0.00011999999999999999,32.0,0.0135,7.48,10.95,158.5,97.5,10.7
TH-RSN2050,0.038,6.9,6.89,0.02,0.000525,230.0,0.11,8.06,12.2,656.0,100.3,10.5
MD-20367420,0.0114,2.8,2.795,0.0047,0.00011999999999999999,77.5,0.02045,7.775,10.6,251.5,93.65,10.3
NE-49105205,0.014499999999999999,0.5854999999999999,0.5825,0.00253,0.000105,15.5,0.0051,7.73,10.05,82.5,98.44999999999999,11.1
NW-88000778,0.406,3.79,3.68,0.106,0.0058,153.0,0.231,7.96,12.4,5203.5,88.1,8.850000000000001
NE-49100394,0.0775,8.155000000000001,8.075,0.062200000000000005,0.001145,198.0,0.136,7.9399999999999995,10.2,734.5,88.44999999999999,9.705
NW-88000823,0.015,9.715,9.695,0.0257,0.0003,218.0,0.022199999999999998,8.155000000000001,10.0,637.0,95.15,10.7
AN-41M03,0.0655,10.149999999999999,10.04,0.06684999999999999,0.00093,281.5,1.575,7.885,10.5,1056.5,78.65,8.395
MD-38082200,0.0395,9.25,9.219999999999999,0.0325,0.000625,249.0,1.37,8.07,9.9,889.0,88.55,9.559999999999999
SO-G0003852,0.015,8.39,8.38,0.009,0.00025,240.0,0.0165,7.93,11.2,581.5,100.2,11.2
TH-PCHR0026,0.039,4.505,4.465,0.0235,0.0006900000000000001,180.0,0.07200000000000001,7.904999999999999,11.2,620.0,86.5,9.594999999999999
TH-PTHR0105,0.046,6.0,5.98,0.023,0.00107,210.0,0.13,8.114999999999998,13.6,628.0,95.2,9.75
SW-60030507,0.177,3.8249999999999997,3.745,0.04445,0.0027400000000000002,280.5,0.28600000000000003,8.035,10.95,707.0,92.65,10.22
NW-88002413,0.12,1.6,1.56,0.043,0.002175,140.0,0.24,8.06,10.6,508.0,98.0,11.0
MD-07687720,0.054,6.9,6.84,0.03,0.00107,230.0,0.34,8.13,10.2,719.0,92.2,10.5
AN-02M18,0.11,12.0,11.9,0.112,0.00127,177.5,1.02,7.78,10.6,830.5,77.2,8.45
SW-70821702,0.015,4.85,4.845000000000001,0.006,0.000265,70.5,0.038,7.880000000000001,11.2,288.5,98.35,10.55
SO-E0000970,0.02455,0.455,0.451,0.002,8.5e-05,23.0,0.0345,7.32,10.9,154.0,88.7,9.72
NE-41000379,0.005,0.389,0.387,0.0011,7e-05,47.0,0.0377,7.97,8.1,146.0,103.3,11.7
SW-Z1520115,0.015,4.7,4.695,0.00665,0.00017500000000000003,267.5,0.0185,7.68,10.95,644.5,87.94999999999999,9.51
NE-49500641,0.0314,0.836,0.833,0.003555,0.00034,22.5,0.0254,7.85,9.7,142.0,98.35,11.25
NW-88025786,0.285,1.15,1.13,0.018,0.0013,34.5,0.13,7.725,11.75,134.5,99.69999999999999,10.8
SW-82511305,0.015,5.42,5.4,0.0048,0.000155,46.0,0.005,7.59,11.0,305.0,97.5,10.6
NW-RSN2308,0.021,1.45,1.44,0.007,0.00017,50.5,0.0325,7.734999999999999,10.0,177.0,98.9,11.15
MD-RSN1678,0.015,0.28,0.274,0.002,0.00017999999999999998,150.0,0.053,7.83,11.05,422.5,95.1,10.5
AN-ORE020,0.052,17.8,17.700000000000003,0.07805000000000001,0.00085,270.0,1.6,8.0,12.7,1335.0,91.7,9.53
SO-E0001712,0.39,13.15,12.95,0.17099999999999999,0.003035,130.5,1.875,7.609999999999999,11.5,639.5,64.05,7.0
MD-RSN1566,0.039999999999999994,5.05,5.015,0.0195,0.000315,160.0,0.073,7.69,10.3,446.0,87.6,9.46
AN-RSN0661,0.015,13.0,12.9,0.046,0.000295,220.0,0.15,8.15,10.6,786.0,75.2,8.27
SW-81420208,0.015,4.5,4.5,0.0052,0.00026,65.5,0.033,7.83,11.7,273.0,98.6,10.7
NW-88000882,0.217,1.95,1.88,0.0456,0.00229,205.0,0.363,7.77,8.1,638.0,69.8,7.39
SW-50040405,0.015,5.4,5.4,0.002,0.000145,312.0,0.0785,7.655,11.75,965.0,80.65,8.73
SO-RSN0885,0.069,2.1,2.08,0.024,0.00052,200.0,0.13,7.56,8.6,646.0,76.5,8.46
SW-70810155,0.015,3.3,3.29,0.0058,0.0002,65.0,0.044,7.79,12.9,236.0,97.9,10.4
NE-49301481,0.144,4.22,4.19,0.037,0.00159,188.0,0.17,7.9,9.0,865.0,90.1,10.6
SO-G0003885,0.036,7.6,7.56,0.0239,0.00069,230.0,0.046,8.16,10.8,580.0,96.4,10.7
NE-49200292,0.015,7.94,7.93,0.0078,0.00031,224.0,0.014,8.03,9.8,617.0,102.3,11.2
MD-RSN1066,0.031,4.2,4.18,0.021,0.0005,240.0,0.087,7.93,10.4,578.0,88.9,9.39
NE-49500304,0.015,2.52,2.52,0.0072,0.00034,70.0,0.038,7.885,9.9,443.5,97.0,11.0
TH-RSN2306,0.015,5.6,5.59,0.009649999999999999,0.00026000000000000003,210.0,0.036000000000000004,8.14,10.600000000000001,504.0,95.75,10.95
AN-HELPST02,0.1865,25.6,,0.121,,,0.005,7.76,6.45,1349.0,79.9,9.84
MD-26272800,0.06,3.58,3.56,0.0263,0.00057,87.0,0.163,7.83,10.1,306.0,94.5,10.7
SO-F0002080,0.05,2.7,2.73,0.016,0.000355,61.0,0.072,7.74,10.9,329.0,89.0,9.72
AN-NENE040F,0.08399999999999999,9.22,9.145,0.0485,0.001305,196.0,0.27649999999999997,8.04,8.649999999999999,758.5,90.55000000000001,10.55
NE-49505173,0.0021,0.097,0.0957,0.0013,2e-05,12.0,0.012,7.66,12.6,92.0,101.7,10.8
TH-PLDR0073,0.015,14.55,14.55,0.0114,0.0002975,210.0,0.0885,7.77,12.95,807.0,89.7,9.37
MD-00025085,0.056,5.595,5.575,0.0265,0.000895,131.5,0.1585,7.955,11.850000000000001,611.5,94.0,10.4
AN-SPRINGWL,0.015,17.0,13.0,0.03,0.00058,250.0,0.097,7.97,8.9,724.0,84.7,9.74
SO-E0000957,0.065,5.61,5.58,0.0331,0.0006,54.0,0.22,7.609999999999999,10.15,379.0,90.2,10.2
SW-73060145,0.015,2.29,2.29,0.0057,0.000205,32.0,0.04,7.75,9.1,149.0,99.0,11.2
AN-SEVENTOW,0.84,0.5,0.38,0.046,0.00993,400.0,0.07,7.97,11.7,4784.0,94.8,10.5
MD-38477180,0.035500000000000004,10.059999999999999,9.99,0.06145,0.000615,195.0,0.265,8.165,12.45,1020.0,95.0,10.135000000000002
AN-WINT3,0.015,3.13,3.29,0.019,0.00035,210.0,0.035,8.094999999999999,13.2,943.5,91.95,9.665
AN-ANWK3,0.0875,24.5,24.25,0.154,0.00107,149.5,0.0755,7.68,13.8,2252.0,70.9,7.48
NW-88006196,0.0051,0.58,0.579,0.0017,7e-05,119.0,0.0054,8.17,8.75,281.5,102.15,12.149999999999999
SW-E3160700,0.21,7.7,7.48,0.162,0.00379,250.0,1.1,7.94,10.9,762.0,87.9,9.94
NW-88003185,0.241,5.985,5.895,0.052099999999999994,0.00237,152.0,0.866,7.69,10.55,699.5,82.4,9.0
NW-88005164,0.015,1.26,1.26,0.002,0.0001875,80.0,0.019999999999999997,8.14,7.45,242.5,104.1,12.0
AN-BUGB090B,0.015,11.0,11.0,0.027,0.000285,190.0,0.099,8.08,10.5,727.0,93.1,10.5
NW-88003972,0.00645,0.525,0.5225,0.0012499999999999998,9.5e-05,64.0,0.00625,7.91,8.6,163.5,101.0,11.6
NW-88002741,0.131,3.7,3.67,0.0339,0.00079,196.0,0.17,7.55,9.3,592.0,80.2,9.66
AN-WILL040D,0.19,8.79,8.64,0.0754,0.0023,242.0,0.249,7.88,12.1,1447.0,98.8,10.7
NW-88002860,5.640000000000001,3.53,3.38,0.0641,0.0186,243.0,0.08,7.4,11.3,797.0,83.05000000000001,9.059999999999999
TH-PCHR0030,0.06,12.4,12.4,0.0659,0.00072,220.0,0.385,7.775,11.7,847.0,74.4,8.05
MD-29274830,0.13,2.0300000000000002,1.94,0.0377,0.0006399999999999999,160.0,0.156,7.38,11.0,466.0,69.9,7.82
TH-PCRR0063,1.2,1.75,1.5350000000000001,0.14,0.0169,230.0,0.38,7.765,13.2,1024.0,47.099999999999994,5.305
SO-F0002084,0.015,0.9,0.896,0.002,0.00019500000000000002,40.0,0.02,7.655,11.05,220.0,88.95,9.765
NE-SSN0085,0.3,2.4,2.38,0.025,0.00055,150.0,0.069,6.98,9.9,534.0,40.2,4.54
MD-38814195,0.015,14.3,14.3,0.0133,0.0003,292.0,0.005,8.12,9.1,875.0,99.2,11.4
SW-50040227,0.015,6.14,6.15,0.0101,0.00045,293.5,0.10500000000000001,8.26,10.3,899.0,96.5,10.7
NW-88003835,0.319,0.72,0.716,0.002,0.00332,13.0,0.135,7.83,7.6,67.0,94.0,11.2
MD-47513300,0.0485,7.85,7.74,0.034,0.00086,200.0,0.12,7.9,13.0,811.0,93.5,9.57
NE-49100198,0.24,7.04,6.945,0.0598,0.0020499999999999997,240.0,0.065,7.734999999999999,9.649999999999999,997.0,83.3,9.18
NE-49505164,0.015,0.247,0.246,0.0005,4e-05,9.0,0.0062,7.48,8.4,55.0,99.1,11.5
TH-RSN1114,0.038,2.1,2.0599999999999996,0.018000000000000002,0.0007475,185.0,0.485,8.2,11.9,992.5,97.2,10.85
NW-88000881,0.071,4.5,4.49,0.0269,0.00065,148.0,0.263,7.72,8.3,607.0,92.6,9.74
NW-88022180,0.3775,2.54,2.4450000000000003,0.0821,0.0032649999999999997,209.0,0.0645,7.695,10.5,764.5,83.94999999999999,9.365
NW-88022141,0.015,1.04,1.03,0.002,0.000285,212.0,0.028,8.44,9.6,416.0,121.0,13.0
MD-27045180,0.081,6.3,6.27,0.0342,0.0008,207.0,0.3,7.785,11.3,639.0,78.0,8.31
SW-50221110,0.015,5.41,5.385,0.0216,0.00038500000000000003,207.0,0.015,8.06,12.55,521.0,88.9,10.030000000000001
NW-88000618,3.12,22.1,21.4,0.546,0.0133,114.0,0.541,7.22,15.3,1220.0,37.0,3.64
AN-DOV010,0.089,16.5,16.25,0.1945,0.00249,270.0,1.4700000000000002,7.93,10.9,1373.0,70.5,6.88
NE-49105197,0.015,0.1,0.098,0.002,0.000265,79.0,0.005,8.43,9.6,176.0,88.4,10.0
SO-RSN2269,0.023,1.1400000000000001,1.138,0.002,0.0001,42.0,0.019,7.3149999999999995,11.75,235.0,93.9,9.785
MD-RSN0662,0.0265,0.56,0.5545,0.0079,0.00038,86.0,0.025500000000000002,7.82,10.7,321.5,94.0,10.399999999999999
NW-88005567,0.015,0.43,0.426,0.002,0.0001,26.0,0.005,7.52,9.9,98.0,99.1,11.1
SO-E0001726,0.054,3.8,3.75,0.017,0.00045,110.0,1.0,7.63,13.0,672.0,74.5,8.06
NE-RSN0447,0.0031999999999999997,0.104,0.103,0.0005,5e-05,34.5,0.00365,7.915,11.350000000000001,103.0,102.25,11.45
SO-G0003699,0.015,6.8,6.79,0.0064,0.00012,245.0,0.035,7.63,10.9,579.5,94.35,10.5
AN-RSN0177,0.052,9.2,9.18,0.07,0.00121,200.0,0.079,8.01,12.1,1591.0,95.1,10.1
MD-51765106,0.056,1.2,1.19,0.015,0.0006,170.0,0.021,7.83,10.6,,94.1,10.5
TH-PUTR0057,0.047,5.699999999999999,5.665,0.0241,0.0006,240.0,0.98,7.83,10.850000000000001,761.0,68.4,7.525
AN-37M05,0.0345,8.455,8.41,0.036,0.00059,280.0,0.13,7.99,9.95,814.0,87.95,9.88
MD-51025191,0.015,0.85,0.846,0.002,0.00012,120.0,0.041,7.46,15.7,,82.2,8.14
AN-04M19,0.051,8.385,8.33,0.05065,0.0008849999999999999,222.0,0.322,8.07,10.25,895.0,92.65,10.45
SO-E0007260,0.041,3.0,2.96,0.016,0.000275,51.0,0.11,7.6,10.4,261.0,99.1,11.2
SW-50340205,0.015,7.005,6.984999999999999,0.02135,0.0003325,223.0,0.283,7.869999999999999,13.05,616.0,96.3,11.8
AN-CREEK,0.12,5.4,5.35,0.032,0.00178,225.0,0.0435,7.965,11.5,4769.0,91.65,10.350000000000001
AN-GLV060,0.015,4.8,4.78,0.0245,0.0004125,240.0,0.12,8.16,11.0,745.5,96.1,10.8
NW-RSN1696,0.0755,5.75,5.715,0.032,0.00053,190.0,0.22,7.8149999999999995,11.8,650.0,89.15,9.85
MD-56379100,0.015,1.2,1.2,0.002,0.000305,59.0,0.028,7.93,10.1,264.0,99.0,11.5
NW-88005731,0.039999999999999994,3.7350000000000003,3.7199999999999998,0.017849999999999998,0.0004125,104.5,0.010499999999999999,7.640000000000001,9.5,333.5,95.7,11.2
MD-09199020,0.015,7.79,7.76,0.0253,0.000315,162.0,0.136,8.0,7.8,501.0,96.4,11.4
AN-RSN2049,0.045,6.050000000000001,5.995,0.041999999999999996,0.00047000000000000004,210.0,0.21000000000000002,7.83,12.5,676.0,87.2,9.594999999999999
NW-88005161,0.052000000000000005,0.33,0.325,0.002,0.00031,101.0,0.014499999999999999,7.58,10.6,313.0,93.0,12.48
SW-82221871,0.015,4.11,4.11,0.002,1e-05,24.0,0.005,6.4,13.2,285.5,88.75,9.91
MD-06379030,0.0535,3.63,,,0.0007149999999999999,331.5,,8.09,8.35,778.0,89.55,10.375
NE-49500658,0.0385,2.705,2.665,0.00835,0.000315,34.5,0.0405,7.59,9.9,337.0,97.5,11.0
SW-60120100,0.015,2.3499999999999996,2.3449999999999998,0.005350000000000001,0.00034250000000000003,155.0,0.029,8.26,12.4,356.0,98.6,10.65
AN-WEN045,0.015,8.9,8.89,0.0158,0.00025,260.0,0.045,7.95,10.8,720.0,87.45,10.1
NW-RSN0143,0.0058,0.16999999999999998,0.16899999999999998,0.0011,0.000105,145.0,0.00405,8.29,10.5,305.0,101.0,11.850000000000001
NE-49200293,0.0305,8.845,8.780000000000001,0.03065,0.0003025,234.5,0.105,7.82,10.9,667.0,94.25,10.55
NE-49500690,0.044,3.39,3.24,0.0045,0.00033,97.0,0.015,7.58,10.4,776.0,97.0,11.2
MD-RSN1794,0.048,2.8,2.78,0.026,0.00075,220.0,0.064,7.925,11.1,955.0,91.75,9.96
MD-28660240,0.047,13.0,13.0,0.0376,0.00045,148.0,0.1375,7.7,9.6,587.0,92.4,10.4
AN-WNG040,0.048,11.9,11.8,0.047,0.00041,250.0,0.151,7.57,10.7,1085.0,75.1,8.05
SO-E0007196,2.97,6.79,6.37,0.359,0.016050000000000002,,1.07,7.7,10.4,,62.7,7.4
NW-88004904,0.0319,2.82,2.8,0.012,0.00036,230.0,0.034,7.85,11.9,643.0,91.9,10.7
MD-RSN0822,0.023,3.1500000000000004,3.12,0.023,0.0005125,170.0,0.07100000000000001,8.07,12.15,556.0,99.4,10.9
SW-SSN0416,0.015,0.61,0.606,0.002,8e-05,27.0,0.005,7.31,14.5,155.0,98.4,9.92
SW-73031097,0.015,2.75,2.75,0.002,3.5000000000000004e-05,31.5,0.02,7.045,11.4,152.5,91.5,9.98
SW-B3130502,0.063,4.51,4.48,0.0237,0.00132,260.0,0.3,8.07,11.6,785.0,89.9,9.8
SW-72912320,0.015,1.4,1.39,0.0079,0.00013749999999999998,42.5,0.037500000000000006,7.6,12.35,186.0,97.55,10.25
NE-49301556,0.10650000000000001,7.82,7.789999999999999,0.033,0.00049,54.0,0.3995,7.23,11.0,522.5,91.0,9.575
MD-43972380,0.054,15.2,15.2,0.0266,0.00041,135.0,1.78,7.7,9.8,1185.0,93.2,10.3
NE-49200005,0.1,4.4,4.36,0.0462,0.00089,240.0,0.079,7.735,9.850000000000001,814.0,75.9,9.2
SW-C0489000,0.015,8.39,8.38,0.0074,0.00025,231.0,0.013,7.99,10.1,586.0,94.7,10.9
SW-50211720,0.015,7.39,7.365,0.0151,0.0002625,233.0,0.144,7.96,10.85,617.5,95.5,10.3
SW-81950650,0.015,5.13,5.13,0.002,4e-05,29.0,0.05,6.95,11.5,297.0,95.0,10.3
NW-88002147,0.015,0.4,0.396,0.002,,17.0,0.01,7.37,8.6,130.0,99.3,11.8
AN-BRAM140S,0.065,6.7,6.66,0.0316,0.00083,160.0,0.16,7.92,10.850000000000001,629.5,86.25,9.495000000000001
SW-72923103,0.058,2.38,2.36,0.0169,0.00015,43.0,0.047,7.5,9.9,215.0,91.5,10.5
SW-82710402,0.03,1.6,1.59,0.0094,0.00032,63.0,0.041,7.695,12.2,297.5,95.45,10.350000000000001
AN-DEB023,0.043,6.66,6.615,0.036199999999999996,0.00044,288.0,0.183,7.82,9.75,943.5,81.35,8.99
SO-G0003806,0.033,7.1,7.08,0.025,0.00046,250.0,0.035,7.94,11.0,593.0,100.0,11.2
NW-88024208,0.015,1.0750000000000002,1.07,0.002,0.0001675,20.5,0.005,7.54,11.95,117.5,101.95,11.6
NW-88003554,0.06999999999999999,2.795,2.7699999999999996,0.041800000000000004,0.00074,90.5,0.1975,8.04,9.9,384.0,100.75,12.0
AN-FULBECKB,0.015,12.0,12.0,0.02,0.000335,210.0,0.132,8.21,10.7,853.0,92.1,10.7
SW-73210106,0.015,0.58,0.576,0.002,0.00018,24.0,0.005,7.86,8.7,103.0,99.0,11.6
NE-SSN0641,0.072,6.300000000000001,6.220000000000001,0.024,0.00059,230.0,0.025,7.62,8.8,703.0,81.1,9.41
SW-C0538000,0.015,4.1,4.085,0.01355,0.000325,218.5,0.073,8.21,10.649999999999999,521.0,98.44999999999999,11.05
TH-PTAR0033,0.062,11.5,11.4,0.0651,0.00126,230.0,0.65,7.94,12.2,802.0,79.4,8.26
SO-F0002895,0.08449999999999999,4.6,4.539999999999999,0.029,0.0011849999999999999,120.0,0.08,7.83,11.9,401.0,95.8,10.2
SO-F0003020,0.869,8.780000000000001,8.685,0.0973,0.005645000000000001,152.0,0.544,7.49,12.4,701.0,77.3,8.41
SW-60010811,0.388,6.01,5.95,0.0939,0.0069,148.0,0.416,8.05,11.7,473.0,94.4,10.3
SW-70230605,0.015,3.7,3.6950000000000003,0.0052,0.00029,160.0,0.059,8.2,10.0,407.0,99.0,10.9
SW-E8200200,0.118,3.74,3.73,0.061,0.00092,239.0,0.097,7.65,11.9,609.0,77.5,7.63
AN-DSCRANGS,0.015,13.0,14.0,0.029,0.000385,220.0,0.28500000000000003,8.14,10.1,781.0,96.7,11.5
NW-88001922,2.92,0.93,0.8260000000000001,0.07785,,218.5,0.22049999999999997,7.635,,811.5,66.95,
MD-10933790,0.015,2.3,2.29,0.0092,0.00029,207.0,0.035,8.01,10.5,652.0,93.2,10.4
SW-60220800,0.061,9.4,9.38,0.0268,0.00114,177.0,0.121,7.96,11.5,581.0,94.1,10.5
NE-49600184,0.015,2.5,2.49,0.002,0.00024,116.0,0.016,8.0,9.8,358.0,96.0,10.7
AN-FRES7,0.015,10.1,10.1,0.0159,0.00027,233.0,0.042,7.825,10.3,826.0,95.6,10.8
NW-88022295,0.015,0.845,0.841,0.002,0.0001975,50.0,0.005,7.859999999999999,9.850000000000001,191.0,100.8,11.45
MD-53185280,0.015,0.295,0.291,0.002,0.000125,11.5,0.005,7.6,9.25,78.0,101.5,11.5
TH-PCHR0041,0.067,9.2,9.145,0.065,0.000825,202.5,0.2935,7.725,12.0,818.0,71.35,7.4350000000000005
AN-05M03,0.015,5.6,5.58,0.024,0.00044249999999999997,225.5,0.11549999999999999,8.1,11.8,739.0,93.75,10.4
MD-38642900,0.015,13.2,13.2,0.022,0.00031749999999999997,170.0,0.1935,7.970000000000001,11.4,934.5,96.6,10.5
AN-GLEN110B,0.015,9.05,9.0,0.0216,0.00034,230.0,0.0485,8.09,9.3,784.0,94.3,11.0
NW-88004093,0.3,2.2,2.18,0.0271,0.00071,192.0,0.105,7.205,10.649999999999999,624.5,58.7,6.44
NW-88000797,0.065,6.245,6.205,0.048600000000000004,0.000835,205.5,0.11,7.89,10.1,695.5,91.5,10.649999999999999
AN-TG315,0.032,9.135,9.115,0.02275,0.00034,99.0,0.174,7.74,10.5,642.0,90.6,9.754999999999999
TH-SSN0699,0.015,3.7,3.685,0.009649999999999999,0.0002975,285.0,0.0235,7.995,11.4,703.5,93.75,10.1
AN-DEB030,0.039,4.67,4.66,0.0294,0.00043000000000000004,290.0,0.164,7.76,9.6,963.0,72.2,7.455
MD-58326380,0.062,4.845,4.8100000000000005,0.02225,0.001095,197.0,0.147,8.115,10.149999999999999,2122.5,89.15,10.35
AN-SB0101,0.015,5.52,5.51,0.021,0.00046,180.0,0.18,7.98,8.9,825.0,93.9,11.1
AN-RISE260H,0.015,6.9,6.88,0.023,0.00044,220.0,0.082,8.12,9.4,764.0,92.7,10.6
NE-SSN0505,0.035,4.7,4.68,0.016,0.00055,230.0,0.12,8.08,8.0,849.0,90.5,11.4
NE-49105221,0.072,9.9,9.2,0.048,0.00091,260.0,0.085,7.89,9.8,924.0,87.1,9.75
SW-82312350,0.043,6.505,,0.03325,,44.0,0.039999999999999994,7.5,11.5,319.5,83.5,
AN-YAR100,0.015,4.859999999999999,4.835,0.0235,0.0004475,283.5,0.0885,8.07,10.8,801.5,91.4,10.25
TH-PUTR0246,0.14,8.18,7.97,0.177,0.00117,250.0,2.08,7.54,10.3,778.0,33.2,3.59
AN-USODSMBY,0.015,4.7,4.69,0.013,0.00022,180.0,0.12,7.9350000000000005,6.95,583.5,92.8,11.399999999999999
SW-A0340115,0.041499999999999995,3.765,3.745,0.023,0.000605,243.5,0.1105,7.95,10.7,715.0,89.55,9.899999999999999
NW-88022231,0.075,1.92,1.9,0.0134,0.00088,166.0,0.042,8.04,8.5,388.0,100.3,12.5
AN-42M07,0.031,6.4350000000000005,6.415,0.0287,0.0003375,286.0,0.071,7.855,11.649999999999999,970.5,76.0,8.51
AN-DEB0112,0.015,12.5,12.3,0.078,0.00209,240.0,0.099,8.24,12.9,726.0,123.0,13.1
NE-49300644,0.1015,15.3,15.2,0.128,0.0016099999999999999,220.0,1.245,7.805,11.8,1127.0,83.0,9.33
AN-SCALDWEL,0.015,9.95,9.93,0.0195,0.0002325,135.0,0.0345,8.055,9.649999999999999,513.0,97.85,11.25
MD-37644333,0.11,4.5,4.47,0.072,0.0014,210.0,0.18,7.82,15.1,,76.1,7.64
MD-38038070,0.033,8.495000000000001,8.385,0.0281,0.001075,242.5,0.042,8.024999999999999,10.6,849.5,91.19999999999999,10.015
SO-F0002158,0.11,4.4,4.36,0.052,0.0008,72.0,0.143,7.52,12.1,371.0,87.9,9.58
SO-E0000979,0.015,0.41,0.406,0.002,3e-05,21.0,0.017,7.07,9.5,155.0,93.4,10.6
SW-RSN0190,0.02,2.1500000000000004,2.1399999999999997,0.0083,0.00023999999999999998,73.0,0.022,7.78,12.2,219.0,97.0,10.4
AN-WELL570T,0.042,6.2,6.17,0.053,0.0006,200.0,0.092,8.12,6.6,694.0,91.9,11.4
AN-CHAPELDR,0.065,2.4,2.37,0.027,0.00106,220.0,0.061,7.74,12.6,6896.0,88.1,8.94
TH-PTHR0065,0.033,6.8,6.78,0.0236,0.00058,210.0,0.143,8.11,12.9,673.0,96.6,9.72
SO-E0001524,0.154,3.66,3.64,0.024,0.00082,146.0,1.21,7.359999999999999,13.2,919.5,63.6,6.88
SO-E0004850,0.038,1.29,1.28,0.0067,0.000175,61.0,0.02,7.45,11.7,328.0,90.4,9.95
MD-25293120,0.141,1.69,1.66,0.039,0.00218,171.0,0.045,7.81,12.5,775.0,79.0,8.95
SW-60260100,0.075,2.45,2.43,0.02395,0.001425,250.5,0.082,8.059999999999999,11.65,697.5,95.75,10.5
MD-05217560,0.015,2.0,1.99,0.0048,0.000325,240.0,0.042,8.15,10.6,642.0,94.1,10.1
AN-16M03,0.144,14.1,13.8,0.0932,0.00183,165.0,0.254,7.7,11.6,980.0,89.5,9.58
MD-42534050,0.0545,6.99,6.87,0.0505,0.00078,203.0,0.178,7.94,9.7,903.5,81.55,9.92
MD-25741080,0.089,1.9,1.895,0.01255,0.00159,232.5,0.017,8.2,10.100000000000001,975.0,99.95,11.149999999999999
SW-C0268000,0.051,2.1,2.06,0.016,0.00066,170.0,0.14,7.82,9.9,481.0,81.7,9.1
MD-04832580,0.37,3.5,3.4050000000000002,0.096,0.00473,227.0,0.076,7.8,10.9,731.5,74.6,8.275
SW-60033340,0.11649999999999999,0.985,0.9604999999999999,0.02575,0.001045,260.0,0.15,7.61,14.9,687.0,69.3,6.925
SO-SSN0119,0.015,0.1,0.14650000000000002,0.002,3.7500000000000003e-05,46.5,0.0155,7.01,10.75,262.5,86.1,9.515
NW-88022536,0.0043,0.302,0.301,0.00138,7e-05,109.0,0.0029,8.29,8.4,246.0,102.0,12.4
SO-RSN1921,0.033,5.7,5.66,0.027,0.00027,170.0,0.35,7.74,9.7,586.0,94.3,10.9
NW-88004604,0.0315,2.32,2.31,0.0097,0.00028,70.0,0.034,7.84,9.1,228.0,97.8,11.3
NW-88003993,0.015,0.1,0.098,0.002,0.000235,25.0,0.025,7.92,9.3,83.0,99.8,11.5
NW-88001830,0.024399999999999998,0.751,0.736,0.00228,0.000165,23.5,0.0179,7.67,9.1,136.0,100.44999999999999,11.55
NE-RSN1756,0.065,8.4,8.36,0.029,0.00033,190.0,0.081,7.71,12.5,824.0,77.1,8.82
AN-SFFT6,0.041,3.8499999999999996,3.74,0.035250000000000004,0.00081,250.0,0.048,7.9,11.7,1296.0,95.4,11.0
MD-RSN1540,0.0515,7.85,7.835,0.025500000000000002,0.00078,85.0,0.068,7.92,9.7,343.0,99.2,11.2
AN-58M06,0.015,8.4,8.39,0.012,0.000295,268.0,0.047,8.12,10.649999999999999,725.0,96.9,10.95
AN-20M15,0.065,9.75,9.73,0.0628,0.001,220.0,0.343,7.85,11.4,922.0,61.6,6.72
SW-70522649,0.064,4.97,4.95,0.032,0.00062,179.0,0.284,7.77,9.7,562.0,87.0,9.99
NE-41000445,0.07,5.3,5.29,0.034,0.00077,210.0,0.12,8.0,8.0,692.0,85.8,10.2
AN-27M07,0.015,8.93,8.89,0.0384,0.000355,259.0,0.462,7.98,11.0,807.0,95.5,10.2
NE-49105132,0.20650000000000002,8.75,8.56,0.0795,0.0023350000000000003,230.5,0.25,7.98,8.8,864.0,87.4,10.0
AN-21M05,0.059,11.1,11.1,0.0544,0.0006900000000000001,232.0,0.556,7.8,11.3,929.0,75.5,8.09
NE-41000083,0.015,2.0,1.99,0.00584,0.00025,85.0,0.023,8.1,9.8,279.0,98.7,11.2
MD-09190020,0.015,2.91,2.91,0.002,0.00021,138.0,0.036,7.97,8.2,419.0,97.9,11.5
NW-88023607,0.168,8.625,8.59,0.01955,0.0012000000000000001,76.0,0.0955,7.48,10.45,398.0,88.65,10.4
SW-RSN1259,0.0765,3.75,3.715,0.034,0.00115,230.0,0.185,8.065000000000001,12.05,640.0,94.8,9.54
AN-53M37,0.082,3.15,3.05,0.0386,0.00132,230.0,0.174,8.03,9.7,1510.0,88.8,9.8
NE-49905163,0.015,0.1,0.098,0.002,8.25e-05,14.5,0.005,7.535,8.649999999999999,53.0,102.65,11.350000000000001
AN-BL11,0.0255,7.85,7.8149999999999995,0.03145,0.0002275,280.0,0.4,7.645,10.8,857.0,67.44999999999999,7.555
SW-81261102,0.015,2.535,2.5300000000000002,0.0036,9.5e-05,36.0,0.035500000000000004,7.505,11.6,169.0,98.05,10.5
NW-RSN1532,0.019,0.3,0.2975,0.0026,0.00030000000000000003,30.5,0.009600000000000001,7.945,10.6,106.0,103.19999999999999,12.2
MD-20205190,0.036,4.41,4.375,0.01975,0.0003275,232.5,0.1095,7.755,9.0,577.0,88.85,10.1
TH-RSN0873,0.015,1.7000000000000002,1.59,0.002,0.00018,63.0,0.009000000000000001,7.4,7.4,364.5,92.15,11.3
SW-E2032300,0.105,5.62,5.59,0.0459,0.00161,164.0,0.306,8.04,9.4,512.0,96.3,11.7
SW-81610559,0.16,1.0950000000000002,1.09,0.0069,0.000225,25.0,0.025,6.95,11.05,165.0,92.15,10.1
MD-42579020,0.015,3.8,3.765,0.022449999999999998,0.00034,218.0,0.1345,8.13,9.9,847.0,97.7,11.2
SO-E0007268,0.1,1.48,1.35,0.022,0.00071,168.0,0.056,7.65,10.1,598.0,75.9,8.28
SO-G0004027,0.041499999999999995,0.61,0.5965,0.005849999999999999,0.000355,74.5,0.0335,7.77,11.65,309.0,86.05000000000001,9.47
MD-10932420,0.037,6.6,6.59,0.024,0.00044,187.0,0.107,8.0,11.0,736.0,91.0,10.4
MD-00049650,0.015,3.71,3.69,0.015,0.0004,91.0,0.134,7.9,11.3,352.0,93.1,9.91
SO-G0003795,0.015,7.6,7.58,0.017,0.000325,250.0,0.0435,8.06,11.0,603.0,98.0,10.8
MD-33422430,0.015,3.91,3.89,0.012,0.000245,163.0,0.088,7.89,8.6,440.0,95.2,10.8
NW-88009719,0.015,0.795,0.791,0.002,0.000145,226.5,0.005,7.71,10.45,459.0,101.55,11.75
NW-RSN1895,0.015,4.35,4.335,0.011,0.0002025,100.0,0.05,7.83,10.5,305.0,95.8,10.9
SW-70220566,0.015,0.735,0.731,0.002,0.00022,89.0,0.0675,7.86,12.4,277.0,95.9,10.5
MD-38474920,0.036,10.1,9.99,0.0514,0.00078,193.0,0.264,8.215,11.649999999999999,1027.5,94.55000000000001,10.6
SO-G0003976,0.015,8.9,8.895,0.005350000000000001,0.00011,244.5,0.025500000000000002,7.63,11.05,604.0,94.15,10.4
SW-A1330101,0.015,3.63,3.62,0.0056,0.00026,120.0,0.08,8.0,11.1,352.0,96.2,10.8
TH-PTAR0112,0.076,13.0,12.9,0.0818,0.00139,227.0,0.55,7.93,11.8,819.5,77.4,8.235
TH-RSN1941,0.014499999999999999,5.85,5.835,0.01035,0.00022,255.0,0.0345,7.9,10.8,600.0,96.05,10.55
NW-RSN1252,0.015,0.29,0.286,0.002,0.00013,19.0,0.005,7.64,9.1,80.0,100.9,11.7
AN-47M01,0.079,9.1,9.02,0.0538,0.00126,248.0,0.13,8.05,12.0,943.0,91.5,10.5
NW-88002341,7.01,0.515,0.48,0.0374,0.033350000000000005,321.5,0.005,7.365,11.55,1064.5,68.55,7.43
SO-Y0004421,0.015,6.715,6.695,0.015,0.0003875,170.0,0.2575,7.835,12.55,572.0,98.0,10.6
MD-RSN1634,0.12,8.55,8.465,0.051500000000000004,0.000815,180.0,0.064,7.55,11.85,556.5,85.25,9.575
AN-38M11,0.054,9.68,9.67,0.0406,0.00104,278.0,1.35,8.05,10.9,809.0,91.4,9.92
NE-49505159,0.014100000000000001,0.173,0.1705,0.00108,8.750000000000001e-05,6.0,0.00725,7.335,8.0,82.0,100.65,11.9
SW-50510309,0.015,2.805,2.805,0.0078,0.0003275,189.5,0.0605,8.08,10.3,459.5,95.45,10.8
SW-70541218,0.0245,6.67,6.65,0.01925,0.0002875,74.0,0.092,7.8149999999999995,9.0,296.0,97.15,11.3
AN-STONTON,0.015,4.1,4.1,0.005050000000000001,0.00028,240.0,0.022,8.27,10.1,627.0,97.2,11.0
AN-37M12,0.045,7.7,7.69,0.0345,0.001045,270.0,0.135,7.99,13.1,897.0,92.30000000000001,10.1
SO-F0002099,0.0485,1.1,1.08,0.00835,0.0003475,50.0,0.029,7.385,11.6,301.5,94.9,10.55
SO-G0004159,0.053,0.48,0.476,0.002,0.00022,55.0,0.072,7.23,9.4,278.0,83.4,9.57
SW-82711480,0.015,0.89,0.883,0.002,0.0001875,66.5,0.056999999999999995,7.66,11.2,278.5,97.1,10.6
MD-26272390,0.057,4.1,4.08,0.0282,0.00062,90.0,0.16,7.88,10.350000000000001,335.0,95.6,10.4
SW-82610105,0.033,4.4,4.38,0.011,0.00049,46.0,0.064,7.875,12.4,290.0,100.0,10.7
SW-70812370,0.015,9.1,9.1,0.01,0.000335,146.0,0.04,8.025,12.75,470.0,98.25,10.6
AN-RSN2034,0.0235,8.5,8.47,0.029,0.0003375,235.0,0.16,7.965,10.8,825.0,90.30000000000001,10.35
NW-88002496,0.283,1.6,1.59,0.02955,0.000845,139.0,0.061,7.145,10.8,657.5,63.349999999999994,7.1
TH-PCNR0039,0.015,9.149999999999999,9.135,0.018,0.00048,210.0,0.3155,8.07,12.45,799.5,94.2,9.98
NE-49105195,0.015,0.1,0.098,0.002,0.00026,69.5,0.005,8.09,9.25,163.0,102.15,11.350000000000001
AN-WITHA,0.041,8.9,8.87,0.0418,0.00072,220.0,0.19,8.175,10.899999999999999,891.0,100.9,11.5
NE-49400406,0.2,5.51,5.35,0.0698,0.002105,120.0,0.374,7.74,11.5,666.0,90.4,9.9
SW-RSN0455,0.015,1.8,1.8,0.0022,0.00015,72.0,0.02,7.8,10.1,257.0,99.0,11.5
AN-STRC1,0.087,4.15,4.085,0.0245,0.00129,315.0,0.059500000000000004,7.82,11.4,1286.0,79.35,8.985
SW-82540150,0.015,5.45,5.4,0.010450000000000001,0.00035,55.5,0.038,7.79,12.0,285.0,98.5,10.6
NE-49400428,0.015,0.66,0.653,0.002,0.000295,191.0,0.005,8.39,10.5,395.0,102.4,11.4
TH-PTAR0118,0.032,3.8,3.78,0.018,0.00048,280.0,0.16,8.085,12.850000000000001,724.0,92.94999999999999,9.870000000000001
NW-88000610,0.059,9.57,9.53,0.0418,0.00061,212.0,0.1,7.79,11.2,678.0,88.2,9.55
NE-49600457,0.015,6.3,6.28,0.0153,0.000325,254.0,0.036,8.25,9.0,745.5,98.65,11.55
NE-RSN2072,0.052500000000000005,9.649999999999999,9.59,0.052500000000000005,0.00066,270.0,0.0615,8.065,11.2,832.5,92.75,10.25
NW-88023109,0.015,0.25,0.246,0.002,1.5e-05,6.5,0.005050000000000001,7.140000000000001,9.2,49.0,102.19999999999999,11.55
TH-RSN0769,0.0235,11.0,10.95,0.042,0.00021250000000000002,255.0,0.19,7.675,12.7,807.5,80.25,8.49
MD-28147240,0.08399999999999999,0.64,0.465,0.008650000000000001,0.0008500000000000001,140.5,0.038,7.825,8.7,1204.5,98.15,10.7
NW-SSN1410,0.001,0.016,0.015,0.0005,5e-06,2.5,0.00165,6.675000000000001,8.850000000000001,44.0,98.95,11.399999999999999
NE-49000755,0.015,3.2,3.1950000000000003,0.0085,0.000325,180.0,0.037,8.030000000000001,10.1,601.5,99.55000000000001,11.3
SW-A2280148,0.054,4.585,4.555,0.03125,0.00075,266.0,0.2025,8.055,11.0,623.0,86.5,9.34
NE-SSN0081,0.015,11.0,11.0,0.012,0.000135,270.0,0.019,7.79,10.65,790.0,90.6,10.45
SW-50510120,0.015,3.755,3.745,0.0071,0.00031,241.0,0.1155,8.17,11.0,562.0,96.35,10.850000000000001
NE-49301388,0.181,8.649999999999999,8.59,0.08885,0.0027400000000000002,198.5,1.4849999999999999,7.885,12.149999999999999,1309.0,88.7,9.844999999999999
MD-61673900,0.122,2.33,2.3049999999999997,0.03515,0.001915,160.5,0.1255,8.0,10.149999999999999,598.0,92.9,10.850000000000001
NW-88003995,0.015,0.759,0.754,0.00405,0.00028,129.0,0.017,8.25,9.5,288.0,100.7,11.6
AN-48M55,0.035,6.17,5.98,0.0302,0.000185,296.0,0.038,7.49,8.15,808.5,42.0,5.165
AN-33M28,0.33,8.0,7.8,0.103,0.004235,242.0,0.078,7.82,10.4,779.0,72.9,8.37
SO-E0004851,0.075,0.1,0.169,0.0112,0.00049,169.0,0.0675,7.51,13.6,609.0,72.25,7.265
MD-08036030,0.015,11.0,11.0,0.021,0.000325,260.0,0.0665,8.114999999999998,9.95,791.0,95.0,10.649999999999999
MD-66529440,0.057999999999999996,5.19,5.12,0.027,0.0007999999999999999,197.0,0.18,7.94,9.6,1571.0,92.5,10.4
SW-E8000900,0.1385,1.48,1.385,0.02385,0.002005,267.5,0.174,7.91,12.0,775.0,84.25,9.44
SW-73060116,0.015,2.03,2.02,0.006,0.000145,36.0,0.038,7.7,11.4,150.0,98.0,10.9
NE-49600487,0.057,0.57,0.566,0.002,0.00063,53.0,0.0095,7.869999999999999,9.9,230.0,97.6,10.8
AN-37M08,0.49,5.55,5.355,0.125,0.00349,310.0,0.046,7.61,12.1,820.0,88.3,9.61
SW-RSN0771,0.024,1.2,1.19,0.00135,2e-05,13.0,0.0037,6.7,11.35,123.0,94.7,10.2
NW-88002014,0.1175,2.12,2.08,0.0421,0.0016650000000000002,174.0,0.27449999999999997,7.945,9.8,501.5,90.95,10.7
NW-88004544,0.015,0.51,0.506,0.002,0.00015999999999999999,25.0,0.015,7.61,10.8,85.0,100.2,11.350000000000001
NW-88003117,0.085,0.52,0.515,0.0162,0.00085,150.0,0.105,7.91,8.2,684.0,96.8,11.0
SW-73030110,0.015,1.8,1.79,0.00695,0.00021500000000000002,40.5,0.0505,7.75,10.149999999999999,248.0,96.3,11.05
AN-CDRF080D,0.37,19.85,19.45,0.21200000000000002,0.00309,172.0,2.87,7.49,14.5,1250.0,71.5,7.34
AN-BL1140,0.044,13.0,13.0,0.036,0.00078,240.0,1.5,7.97,11.2,834.0,75.1,8.96
NW-RSN1848,0.006,0.32,0.319,0.0019,0.00011,99.0,0.024,8.17,12.350000000000001,330.5,101.1,11.2
MD-72772480,0.077,2.705,2.67,0.031,0.00128,170.0,0.0625,7.93,11.0,725.0,85.0,9.33
NW-88005180,0.015,0.94,0.936,0.002,0.00025,57.0,0.005,8.04,10.8,195.0,106.1,12.2
SW-72932020,0.035,1.85,1.86,0.0077,0.000135,23.0,0.051,7.265,12.2,141.0,97.25,10.3
NW-88023206,0.015,0.1,0.098,0.002,0.000165,79.0,0.005,8.1,3.2,212.0,100.0,13.2
SW-RSN1243,0.016,3.0,3.0,0.0046,0.0001,24.0,0.019,7.34,12.95,171.5,98.9,10.3
MD-RSN0180,0.035500000000000004,7.7,7.67,0.0235,0.000465,170.0,0.058,8.02,9.4,832.0,93.55,10.600000000000001
SO-RSN0361,0.0155,8.649999999999999,8.635,0.013999999999999999,0.00026000000000000003,250.0,0.0305,7.88,11.850000000000001,622.0,95.19999999999999,11.0
MD-04833420,0.14350000000000002,2.4050000000000002,2.385,0.0251,0.002675,226.0,0.105,8.07,11.100000000000001,745.0,90.2,10.1
SW-A0340179,0.058499999999999996,5.49,5.44,0.0404,0.00143,256.0,0.271,8.1,12.45,799.5,94.4,9.780000000000001
NW-88006233,0.015,1.6,1.6,0.00535,0.0002875,97.0,0.0465,8.205,8.6,285.0,101.94999999999999,12.3
SW-RSN0423,0.0044,0.61,0.609,0.0005,2e-05,,0.0066,7.63,7.7,101.0,99.5,11.7
SO-G0003858,0.015,6.7,6.69,0.0176,0.000225,260.0,0.035,7.93,10.4,597.0,100.65,11.2
SW-SSN1296,1.9,0.017750000000000002,0.0114,0.00635,0.012,325.0,0.585,7.465,12.5,764.5,19.1,2.0700000000000003
MD-04769220,0.054,8.945,8.915,0.04285,0.001135,189.5,0.251,8.055,11.7,911.0,95.45,10.4
NW-88000858,0.057,1.7,1.67,0.0246,0.00109,179.0,0.161,8.12,11.7,837.0,88.8,9.8
NW-88002589,0.0255,1.58,1.565,0.007,0.00044249999999999997,189.5,0.1545,8.085,11.15,698.0,96.85,11.649999999999999
AN-03M10,0.015,9.02,9.02,0.0117,0.000235,245.0,0.03,7.94,8.0,774.0,98.2,10.5
TH-PMLR0038,0.062,9.6,9.53,0.049,0.00074,91.0,0.23,7.61,14.4,523.0,87.3,8.61
SW-Z1520104,0.0315,5.69,5.66,0.0191,0.00039999999999999996,262.5,0.156,7.965,10.9,706.5,87.55000000000001,9.5
SW-82115062,0.015,7.4,7.4,0.002,8.5e-05,31.0,0.037,7.43,11.6,310.0,98.9,10.6
SO-E0000551,0.093,3.1,3.01,0.04,0.0009,160.0,0.15,7.625,10.7,683.0,65.0,6.78
AN-ORBY2,0.058,0.69,0.669,0.0119,0.00077,291.0,0.038,8.27,11.35,2371.0,98.6,10.9
SW-60250408,0.1175,5.04,4.995,0.06205,0.002705,235.0,0.277,8.035,12.55,675.5,91.3,10.055
AN-30M04,0.015,16.0,15.9,0.0335,0.0003875,245.0,0.056499999999999995,8.08,10.5,783.5,90.65,9.780000000000001
SO-E0001788,0.015,2.01,2.01,0.007,0.00012,67.0,0.066,7.59,10.9,304.0,92.8,9.95
AN-GIP030,0.064,4.58,4.52,0.0354,0.00087,306.0,0.372,7.94,9.0,1000.0,88.8,10.1
SW-70501016,0.0475,4.62,4.59,0.027499999999999997,0.00093,108.0,0.1075,7.845,12.8,367.0,93.65,10.1
NW-88005667,0.0075,0.4,0.398,0.0018,7e-05,11.0,0.0047,7.64,9.2,63.0,102.4,11.7
SW-81281158,0.035,1.3,1.3,0.0044,0.00032,36.0,0.06,7.44,11.7,180.0,98.5,10.7
MD-78704020,0.083,1.9,1.87,0.0251,0.0012,157.0,0.029,8.02,11.399999999999999,611.5,98.3,10.85
SW-82311344,0.118,8.08,8.05,0.0334,0.0006050000000000001,35.5,1.085,7.29,12.35,396.5,96.6,10.45
MD-08023980,0.055,0.745,0.728,0.0135,0.0008,130.0,0.07400000000000001,8.065,11.8,376.0,90.65,9.965
TH-PTHR0014,0.031,3.5,3.49,0.0209,0.00034,190.0,0.11,7.779999999999999,11.899999999999999,642.0,81.05,8.665
AN-02M22,0.015,4.55,4.53,0.0165,0.00033,259.0,0.197,8.39,8.9,866.0,101.6,12.1
AN-SOUTHWCK,0.015,3.5,3.48,0.014,0.0002925,280.0,0.1,7.99,11.1,997.0,90.9,10.0
NE-49400449,0.2525,5.779999999999999,5.675000000000001,0.106,0.00292,100.0,0.515,7.74,12.0,696.5,94.15,10.1
SO-E0001425,0.015,5.635,5.59,0.013,0.000325,215.0,0.094,7.92,11.05,643.5,88.6,9.915
SW-82511704,0.015,7.65,7.645,0.00925,0.00019999999999999998,75.0,0.045,7.735,10.600000000000001,445.5,97.5,10.75
MD-30234380,0.184,4.4350000000000005,4.34,0.05085,0.001505,212.5,0.4615,7.66,9.35,591.0,79.05000000000001,8.85
NE-RSN2316,0.033,2.6,2.6,0.0098,0.00032,74.0,0.016,7.81,10.2,609.0,99.5,11.0
MD-07423020,0.015,5.18,5.16,0.0181,0.000445,209.0,0.163,8.15,12.0,619.0,96.1,10.45
SW-60041650,0.127,1.165,1.145,0.01535,0.00119,262.5,0.20500000000000002,7.795,11.5,749.0,74.19999999999999,8.32
SW-RSN0983,0.015,1.8,1.8,0.002,0.000165,60.0,0.033,7.77,10.5,219.0,97.7,10.7
NE-49301513,0.35750000000000004,6.585000000000001,6.445,0.1355,0.004595,202.5,0.5235,7.85,10.3,1087.5,79.65,9.66
TH-PMLR0039,0.0595,5.0649999999999995,5.04,0.0317,0.0008049999999999999,191.0,0.405,7.925,11.6,794.0,88.3,9.46
SW-Z1011102,0.015,2.83,2.83,0.0044,0.00029,234.0,0.024,8.26,10.2,599.0,97.6,11.0
SO-E0004857,0.136,4.39,4.37,0.0191,0.00098,145.0,0.105,7.71,6.3,6212.0,95.8,11.8
NE-49505158,0.0157,0.2,0.184,0.0005,1e-05,5.0,0.0074,7.02,8.45,58.5,101.25,11.649999999999999
MD-RSN0750,0.082,17.0,16.75,0.07200000000000001,0.00095,120.0,0.195,7.635,11.3,694.5,81.1,8.82
NW-88005536,0.00245,0.1785,0.1775,0.0005,1.7500000000000002e-05,7.0,0.0005,7.42,10.0,35.0,101.35,11.4
AN-STLGWYFB,0.033,6.3,6.74,0.056,0.00118,253.0,0.04,7.86,9.5,787.0,82.55000000000001,9.36
MD-45691150,0.1,1.7,1.68,0.024149999999999998,0.001245,250.0,0.0595,7.87,9.9,932.0,83.3,9.57
TH-PTAR0014,0.015,5.3,5.24,0.016,0.000295,250.0,0.14,7.93,10.7,788.0,80.4,8.53
NW-88019804,0.015,0.37,0.366,0.002,0.000215,41.0,0.005,7.99,9.3,125.0,101.2,11.5
SW-73030189,0.015,1.1,1.4,0.002,5.5e-05,26.0,0.023,7.295,9.3,124.5,99.9,
SW-RSN1043,0.0032500000000000003,0.078,0.07700000000000001,0.0005,5e-06,2.5,0.0021000000000000003,6.145,9.600000000000001,38.0,103.65,11.5
SO-E0007036,0.043,0.1,0.098,0.002,0.000455,338.0,0.125,8.1,13.7,2178.0,104.2,11.3
SW-63330106,0.015,6.4,6.39,0.0168,0.000305,265.0,0.12,8.13,10.7,683.0,93.2,11.1
NE-49300543,0.037,0.95,0.946,0.002,0.00023,15.0,0.015,7.79,5.1,108.0,95.3,12.0
NW-88005903,0.089,5.195,5.105,0.056900000000000006,0.00091,142.0,0.193,7.76,9.6,487.0,93.5,10.9
NE-49105186,0.066,9.8,9.76,0.0465,0.00076,268.0,0.052,7.8149999999999995,9.55,837.0,96.1,10.8
NE-RSN1100,0.0033,0.48,0.476,0.001,5e-05,91.0,0.0044,8.13,7.5,223.0,100.2,12.2
NE-49705001,0.0435,0.71,0.704,0.00605,0.001145,110.0,0.044,8.33,15.399999999999999,245.5,104.6,10.5
MD-37525190,0.42,29.0,28.5,0.27,0.00605,150.0,4.3,7.78,12.1,,76.4,8.2
NE-49905150,0.079,6.06,6.02,0.0358,0.0008,310.0,0.065,7.9,10.0,871.0,83.1,9.88
NW-88023117,0.015,0.79,0.784,0.0065,0.00031,198.0,0.014,8.3,10.0,456.0,105.6,12.0
NE-41000268,0.015,2.1,2.1,0.0059,0.000265,80.0,0.018,8.09,8.9,267.0,98.45,11.3
NW-88002870,0.107,4.91,4.81,0.0445,0.00116,163.0,0.116,7.79,9.2,672.0,91.0,10.9
TH-PUTR0023,0.031,4.605,4.59,0.0233,0.0004775,223.0,0.157,8.105,11.35,666.5,86.75,9.36
AN-BB0125,0.023,6.3,6.27,0.031,0.00041,210.0,0.21,8.02,11.6,681.0,88.9,9.85
AN-SLAD060F,0.032,4.85,4.8149999999999995,0.01635,0.00048,212.5,0.052,8.065000000000001,11.25,948.5,92.05,9.855
SW-70723020,0.0129,1.83,1.715,0.001435,0.00011,20.0,0.0082,7.81,9.4,104.0,99.0,11.3
NE-49700062,0.015,0.1,0.098,0.002,0.0001325,7.5,0.005,7.8500000000000005,6.9,114.75,97.9,11.95
AN-FALDBECK,0.041499999999999995,6.62,6.73,0.0195,0.00048499999999999997,270.0,0.0575,8.01,8.9,920.0,93.15,11.1
SW-50040749,0.015,1.89,1.88,0.0051,0.0003075,200.0,0.056,8.04,11.9,704.0,95.4,10.2
MD-53784050,0.159,5.99,5.43,0.077,0.00233,170.0,0.67,7.86,12.0,625.0,82.1,8.85
MD-54365670,0.015,3.57,3.56,0.018,0.00035,283.0,0.2,7.93,9.4,1197.0,91.6,10.1
AN-ST15,0.015,8.66,8.62,0.0369,0.00033,265.0,0.12,8.03,8.1,773.5,97.2,10.3
NW-88002089,0.035500000000000004,0.765,0.7495,0.00745,0.00054,64.5,0.07,7.9350000000000005,9.9,215.0,100.45,11.4
TH-PTAR0047,0.031,4.9,4.84,0.0216,0.0005,251.0,0.20500000000000002,7.96,13.2,808.0,81.05,8.42
SW-RSN1533,0.015,4.4,4.39,0.02,0.00047,220.0,0.22,7.94,13.1,593.0,92.6,10.2
SW-RSN0157,0.052,5.199999999999999,5.154999999999999,0.037,0.00068,200.0,0.19,7.71,12.7,625.0,77.0,8.58
NE-49100298,0.13,13.2,13.1,0.0926,0.00193,251.0,0.095,7.9,7.2,1105.0,89.7,9.77
SW-60250477,0.059,4.14,4.12,0.0419,0.00129,255.0,0.582,8.12,10.8,708.0,95.3,10.5
NW-88000779,0.057,3.66,3.62,0.033,0.00091,170.0,0.093,7.98,10.9,555.5,92.69999999999999,10.5
MD-28432380,0.048,7.87,7.82,0.0341,0.00063,190.0,0.19,7.89,9.4,638.0,80.5,8.77
SW-Z1470101,0.015,4.105,4.095000000000001,0.0102,0.00035749999999999996,260.0,0.03,8.094999999999999,11.4,728.0,92.55,10.09
SO-Y0004525,0.015,3.0,2.975,0.0075,0.00034,125.5,0.094,8.09,12.55,539.0,93.8,9.434999999999999
SW-73070130,0.015,1.09,1.09,0.002,0.0001,23.0,0.011,7.6,8.4,112.0,105.0,12.3
AN-53M09,0.061,2.37,2.34,0.0348,0.0011949999999999999,237.0,0.134,8.04,11.149999999999999,1426.0,88.80000000000001,10.7
MD-42253300,0.033,11.55,11.5,0.07064999999999999,0.0003525,242.0,0.8394999999999999,7.8,10.65,2317.5,93.05000000000001,10.4
SW-81918003,0.048299999999999996,3.34,3.33,0.0181,0.00029,140.0,0.06785,7.47,11.4,505.0,75.25,8.31
TH-RSN0018,0.038,7.2,7.18,0.021,0.00067,220.0,0.14,8.14,11.6,677.0,99.6,11.4
NE-49105187,0.0865,6.86,6.825,0.05455,0.00166,258.5,0.119,8.04,10.0,1233.0,92.2,10.9
MD-51705250,0.02595,3.14,3.14,0.0061,0.00025,179.5,0.04235,7.84,9.2,488.0,96.6,11.05
AN-14M12,0.015,9.95,9.9,0.028,0.000395,244.0,0.052000000000000005,8.094999999999999,10.350000000000001,781.0,93.4,10.3
MD-38367972,1.26,6.16,,0.0322,0.0029,206.0,0.005,7.18,7.2,1668.0,74.6,
TH-PCHR0014,0.015,7.13,7.12,0.01205,0.000335,216.0,0.17,7.985,10.5,677.0,88.65,9.575
NW-88004927,0.00385,0.1125,0.111,0.0005,7.500000000000001e-06,2.5,0.00085,6.9,9.5,29.0,100.6,11.4
SO-F0002083,0.041,5.8,5.77,0.025,0.00027,45.5,0.14,7.49,11.25,382.0,90.55,9.809999999999999
NW-88023120,0.11800000000000001,3.6,3.56,0.038650000000000004,0.00068,124.0,0.11249999999999999,7.61,7.65,428.0,89.5,10.75
MD-22733450,0.0235,5.815,5.88,0.025,0.0004175,94.5,0.165,7.970000000000001,12.05,464.0,93.9,9.945
SW-70570104,0.015,1.33,1.31,0.002,0.00019,31.0,0.018,7.8,10.05,127.0,100.05,11.45
NW-88023153,0.015,0.31,0.306,0.002,5e-06,2.5,0.005,6.08,3.2,37.0,99.8,13.3
AN-SCRVLSBY,0.015,12.5,12.5,0.014,0.0003,260.0,0.005,8.175,10.85,715.0,102.5,11.8
AN-SLEA5,0.1005,18.0,17.9,0.16,0.00135,207.0,0.36,7.72,11.4,1059.0,67.6,7.41
TH-PUTR0051,0.015,7.86,7.83,0.0227,0.0003225,230.5,0.1295,8.02,11.65,691.0,83.6,8.84
NW-88001916,0.07150000000000001,1.0050000000000001,0.984,0.012650000000000002,0.0010899999999999998,148.0,0.10300000000000001,8.015,11.3,413.0,95.1,10.685
MD-65901050,0.149,16.5,16.5,0.0854,0.00099,129.0,1.9,7.38,13.0,1020.0,73.0,8.36
NW-88002598,0.056,1.1,1.09,0.0104,0.00047,120.0,0.15,7.65,10.7,397.0,72.3,8.35
MD-RSN0374,0.046,7.8500000000000005,7.800000000000001,0.0315,0.000915,230.0,0.18,8.05,12.45,842.5,94.7,10.55
NW-RSN1060,0.0083,1.1,1.1,0.0028,8e-05,35.0,0.0098,7.775,12.5,121.0,100.65,11.0
TH-RSN2141,0.62,3.8,3.77,0.028,0.00217,94.0,0.052,7.4,10.1,522.0,87.2,9.8
NW-88006181,0.0168,1.0,0.992,0.00556,0.00038,216.0,0.018,8.44,9.5,424.0,110.0,12.5
NE-49505154,0.0373,0.64,0.635,0.00344,0.00028,32.0,0.0125,7.74,9.3,207.0,101.1,11.7
NW-88000589,0.107,9.92,9.86,0.0438,0.00099,201.0,0.494,7.81,9.3,795.0,90.3,9.99
MD-25029740,0.015,9.64,9.62,0.028,0.00031999999999999997,190.0,0.292,8.02,11.4,697.0,88.9,10.1
MD-47968200,0.107,5.575,5.475,0.07345,0.00222,272.0,0.2345,8.075,10.0,903.5,90.05,10.600000000000001
MD-23619190,0.089,3.87,3.84,0.0403,0.00148,178.0,0.123,8.0,10.05,734.5,90.4,10.25
AN-RSN0612,0.124,9.3,9.075,0.07500000000000001,0.001265,215.0,0.0885,7.87,13.7,778.5,61.65,6.3100000000000005
MD-SSN0689,0.015,3.1,3.09,0.0068,0.000265,130.0,0.017,7.65,9.5,456.0,94.7,11.5
NW-88003989,0.047,0.7050000000000001,0.6965,0.00615,0.000515,122.5,0.0365,7.8,8.15,298.5,98.9,11.75
NE-49705081,0.045,4.83,4.775,0.02965,0.00067,271.5,0.077,7.875,10.2,822.5,86.55000000000001,10.350000000000001
NE-49301461,0.06,6.13,6.07,0.0509,0.00152,201.0,0.34,8.1,9.7,1501.0,93.6,11.1
AN-BARN085B,1.155,15.600000000000001,15.2,0.22,0.01385,223.5,1.84,7.87,11.149999999999999,1028.0,64.55000000000001,7.4399999999999995
TH-PUTR0079,0.015,8.6,8.58,0.032,0.000325,240.0,0.057,8.1,11.2,713.0,92.6,9.98
AN-26M20,0.065,16.0,15.9,0.11,0.00082,202.5,0.455,7.775,12.1,1021.0,79.4,9.18
AN-BAINE,0.015,7.555,7.53,0.017750000000000002,0.000345,242.5,0.028,8.15,10.9,661.0,96.1,10.5
AN-BLY008,0.066,3.07,3.02,0.0291,0.00088,268.0,0.04,7.88,8.6,987.0,84.6,9.53
AN-REDBRNE,0.015,15.3,15.3,0.0066,0.000275,252.0,0.005,8.08,10.2,955.0,101.6,12.1
TH-RSN0146,0.031,1.3,1.29,0.012,0.00046,210.0,0.11,8.08,12.6,811.0,89.2,9.94
SW-72940136,0.015,1.2,1.19,0.002,8.5e-05,13.0,0.0435,7.404999999999999,10.85,112.5,100.0,10.95
MD-20792100,0.035500000000000004,6.300000000000001,6.29,0.013600000000000001,0.00025,115.0,0.14650000000000002,7.68,9.9,420.0,88.8,9.57
NW-88000672,0.152,4.71,4.7,0.0082,0.00173,177.0,0.074,7.79,10.3,746.0,88.2,9.66
AN-ALLB060C,0.038,9.3,9.27,0.017,0.00056,240.0,0.047,8.08,7.2,727.0,96.1,11.8
MD-H0000084,0.031,4.2,4.14,0.029,0.0006050000000000001,240.0,0.12,8.05,12.2,627.0,89.3,9.51
AN-35M24,0.048,9.5,9.38,0.0537,0.0009,250.0,0.11,7.95,12.1,989.0,89.7,9.72
SW-82511156,0.015,3.59,3.59,0.004,0.000125,39.0,0.027,7.51,11.0,224.0,99.4,10.9
NE-RSN1908,0.0097,1.3,1.3,0.0049,0.00013,210.0,0.021,8.3,9.7,554.0,102.3,11.2
NW-RSN1888,0.032,0.4,0.396,0.002,0.00028,32.0,0.025,7.41,10.649999999999999,132.5,90.30000000000001,10.0
AN-WAV100,0.0415,7.640000000000001,7.48,0.0362,0.00104,332.0,0.2005,8.1,10.4,937.0,90.0,10.5
SW-SSN0512,0.012,0.07,0.069,0.0005,1.9999999999999998e-05,20.5,0.0195,7.0,7.449999999999999,204.5,91.0,10.975
SW-50350160,0.015,8.27,8.26,0.0097,0.00027,226.0,0.015,8.01,11.6,580.0,95.4,10.7
SW-C0242100,0.015,5.85,5.84,0.014100000000000001,0.000305,210.0,0.093,8.085,11.05,541.5,99.94999999999999,10.9
SW-E3120500,0.015,3.385,3.375,0.010499999999999999,0.00030000000000000003,272.5,0.2295,8.085,11.0,681.5,88.85,10.3
SW-50341729,0.039,4.72,4.7,0.0207,0.00093,241.0,0.673,8.02,10.7,756.0,85.6,9.59
NW-88002497,0.27349999999999997,0.72,0.7045,0.01795,0.00446,178.5,0.008,7.855,9.45,1081.5,97.4,10.95
MD-46953033,0.053,7.95,7.92,0.0446,0.000845,300.0,0.5685,7.965,10.0,952.0,88.05000000000001,9.65
NW-88006427,0.015,1.7,1.69,0.0073,0.00038,96.5,0.023,8.05,9.7,259.0,101.1,11.8
SW-Z4170201,0.015,7.57,7.57,0.002,0.00013,261.0,0.071,7.630000000000001,10.3,669.5,90.1,10.2
SO-E0001131,0.072,2.19,2.18,0.0178,0.0006674999999999999,206.0,0.19,7.94,12.649999999999999,1377.5,83.1,9.08
NW-88010165,0.036500000000000005,0.6799999999999999,0.675,0.002,0.0002225,43.5,0.0335,7.609999999999999,9.7,127.0,98.44999999999999,11.2
MD-37219200,0.104,7.09,7.01,0.0502,0.00155,199.5,0.08499999999999999,7.665,11.25,1480.5,76.7,9.4
SW-73111212,0.015,1.38,1.37,0.0053,0.00021,45.0,0.033,7.8,9.6,170.0,98.0,11.1
NE-49500626,0.085,0.506,0.497,0.00566,0.00079,29.0,0.0159,7.825,10.55,180.5,98.94999999999999,11.399999999999999
NW-88022980,0.0935,1.2850000000000001,1.26,0.0271,0.0016150000000000001,182.5,0.16,7.94,9.55,536.5,93.80000000000001,10.95
NE-49400209,0.0485,1.605,1.59,0.01115,0.0005399999999999999,,0.0385,7.9,10.2,544.5,96.2,10.5
NE-41000401,0.015,5.29,5.285,0.0082,0.0002325,244.0,0.0395,8.254999999999999,7.1,727.5,98.25,11.649999999999999
SW-E7010200,0.015,4.5,4.5,0.004,0.000285,266.0,0.047,8.38,10.6,590.0,103.3,11.5
NE-49302001,0.015,1.1549999999999998,1.15,0.002,0.00027,79.0,0.023,8.114999999999998,9.8,339.0,100.05,11.350000000000001
NW-88003450,0.015,0.1,0.098,0.002,0.00017,17.0,0.005,7.82,8.9,74.0,102.0,11.9
NE-49300294,0.052,7.32,7.26,0.045,0.0007750000000000001,218.0,0.20450000000000002,7.87,11.4,1329.0,83.6,9.69
AN-BOYG1,0.015,10.2,10.2,0.02855,0.0004775,203.5,0.005,7.93,13.35,697.0,95.19999999999999,11.05
AN-WHIL025T,0.034,3.4,3.35,0.02,0.00047,200.0,0.23,8.01,10.4,721.0,91.7,10.1
MD-57202150,0.015,3.3,3.29,0.0091,0.00031,252.0,0.057,8.23,9.5,584.0,96.4,11.1
NW-88004016,0.015,0.7,0.696,0.002,0.00027,86.5,0.022,8.11,9.4,213.0,100.0,11.3
NW-88002701,0.26,6.5,6.29,0.0586,0.0024600000000000004,155.0,0.54,7.73,11.6,697.0,81.69999999999999,9.23
MD-54420750,0.015,6.4,6.39,0.019,0.0003925,300.0,0.11499999999999999,7.87,10.3,680.0,89.9,9.99
AN-SSN1353,0.015,3.3499999999999996,3.34,0.013,0.00027499999999999996,295.0,0.0645,8.055,9.95,866.0,90.65,10.5
NE-49400503,0.015,0.44,0.432,0.002,0.00028,161.0,0.018,8.35,8.7,345.0,103.0,11.4
NE-RSN1640,0.13,5.65,5.4,0.07100000000000001,0.00176,280.0,0.255,7.85,10.600000000000001,911.5,83.95,9.085
SW-50700516,0.015,7.0,7.0,0.002,0.00033,210.0,0.0345,8.16,11.350000000000001,539.0,98.5,10.8
NW-88023953,0.385,3.105,3.0549999999999997,0.048,0.0009449999999999999,227.5,0.1315,7.24,11.2,655.5,67.15,7.9350000000000005
AN-HOLR120H,0.562,8.79,7.92,0.226,0.00454,307.0,1.99,7.69,12.3,1737.0,62.3,6.94
NE-49400339,0.015,1.19,1.19,0.002,0.0003,220.0,0.005,8.34,10.5,447.0,101.4,11.3
NE-49000780,0.015,2.9,2.895,0.0052,0.000285,230.0,0.03,8.375,10.1,845.0,99.7,11.2
AN-SSN0025,0.015,5.1,5.075,0.0225,0.00045,220.0,0.095,8.14,11.7,982.5,95.8,10.55
TH-PLER0029,0.06,2.9,2.885,0.023,0.0008799999999999999,180.0,0.245,7.9350000000000005,10.95,753.5,86.1,9.405
NW-88015139,0.015,0.37,0.369,0.002,0.00019,93.0,0.005,8.27,8.9,232.0,101.6,11.8
AN-NENE250D,0.0405,12.0,12.0,0.042499999999999996,0.00051,170.0,0.11499999999999999,7.994999999999999,11.95,855.0,100.6,11.2
NW-88025785,0.051000000000000004,0.515,0.509,0.0060999999999999995,0.00041,24.0,0.10300000000000001,7.535,11.8,104.0,99.65,10.75
AN-29M04,0.031,9.1,9.08,0.030449999999999998,0.0006025,266.0,0.18,8.07,13.399999999999999,816.5,94.5,10.2
SW-81201444,0.041,1.91,1.9,0.014,0.00035,46.0,0.137,7.5,9.4,214.0,95.5,11.3
SW-Z9380202,0.067,5.98,5.93,0.046,0.00107,248.0,0.214,8.075,9.4,714.5,94.55,10.52
NE-49300619,0.023,5.875,5.855,0.0168,0.00031,117.5,0.0845,7.83,9.6,662.0,87.9,10.6
NW-88005619,0.015,0.1,0.098,0.002,9e-05,2.5,0.005,7.52,9.2,39.0,102.8,11.9
SO-F0002874,0.044,3.515,3.49,0.0186,0.00074,175.0,0.382,7.98,10.9,535.0,86.4,9.55
AN-BRN040,0.051,13.0,12.9,0.029,0.00051,230.0,0.229,7.7,10.7,785.0,90.45,10.1
NE-49100419,0.09,4.3,4.25,0.029,0.00108,120.0,0.192,7.88,10.1,525.0,89.0,10.2
SO-E0001640,0.0895,1.145,1.135,0.0102,0.00058,87.5,0.0235,7.4399999999999995,9.600000000000001,473.0,82.4,9.41
SW-91210261,0.03,1.4,1.39,0.0075,0.00018,33.0,0.035,7.46,11.3,158.0,95.2,10.3
SW-82111509,0.015,4.3,4.3,0.002,7.5e-05,12.0,0.005,7.21,12.3,206.0,100.0,10.8
AN-36M03,0.123,11.0,10.9,0.0627,0.00185,237.0,0.282,7.9350000000000005,12.9,934.5,86.55,10.3
NW-88005147,0.0065,0.37,0.369,0.0005,4e-05,19.0,0.0019,7.734999999999999,9.95,75.0,102.65,11.649999999999999
MD-30696755,0.015,2.52,2.52,0.0069,0.00037,112.0,0.032,8.1,10.3,306.5,98.4,10.6
AN-RSN1132,0.099,11.5,11.45,0.07150000000000001,0.00249,210.0,0.20500000000000002,7.975,12.4,907.5,90.55,9.754999999999999
MD-15785750,0.015,4.279999999999999,4.26,0.016,0.0003675,205.5,0.079,8.16,11.2,505.0,95.7,10.6
NW-RSN1648,0.0395,1.5,1.48,0.018000000000000002,0.0006850000000000001,165.0,0.185,8.34,11.850000000000001,407.0,99.9,11.75
AN-GRMSTHRP,0.033,5.4,5.36,0.018,0.00041,210.0,0.032,8.24,7.5,521.0,96.5,11.6
NW-88005137,0.015,0.825,0.822,0.002,0.000115,29.5,0.0095,7.56,10.8,109.0,99.7,11.45
SW-50311174,0.039,7.1,7.09,0.016,0.0004,250.0,0.144,7.71,11.3,624.0,97.9,10.6
AN-FYN020,0.1705,9.0,8.955,0.131,0.003065,290.5,0.211,7.995,10.1,937.0,80.6,8.91
SW-91251635,0.015,2.71,,0.0042,,21.0,0.051,7.45,7.2,141.1,102.9,
MD-03780020,0.068,2.54,2.5,0.0217,0.00092,190.0,0.094,7.91,8.4,539.0,88.1,10.1
NE-RSN1820,0.053,0.535,0.5255000000000001,0.0048000000000000004,0.00049,29.5,0.015,7.725,10.3,179.5,99.6,11.2
SW-50600278,0.015,7.98,7.98,0.0093,0.00037,223.0,0.048,8.17,11.0,615.0,101.2,11.0
NW-88006317,0.015,0.93,0.926,0.002,0.00029,99.0,0.0153,7.99,8.0,263.0,101.0,11.9
MD-04791460,0.038,11.0,11.0,0.043,0.00084,170.0,0.12,8.01,9.6,817.0,96.0,11.3
MD-53808080,0.0495,5.289999999999999,5.245,0.0379,0.0008849999999999999,236.0,0.7395,7.970000000000001,11.05,725.5,80.85,9.125
SW-70220602,0.015,2.9,2.895,0.009649999999999999,0.00039,92.5,0.064,8.045,11.45,333.0,99.75,11.0
NW-88006212,0.015,1.17,1.17,0.0048,0.000225,204.0,0.0247,8.28,9.899999999999999,469.5,103.0,12.0
NE-49700056,0.042,4.31,4.28,0.032,0.00056,170.0,0.071,7.96,10.0,617.5,92.69999999999999,10.85
MD-26951900,0.0645,10.75,10.7,0.0534,0.000675,196.5,0.317,7.78,9.399999999999999,709.0,86.55,9.735
AN-LUDO3,0.0225,10.399999999999999,10.399999999999999,0.0175,0.0005675,197.5,0.037500000000000006,8.21,9.25,646.5,104.5,11.95
MD-RSN0792,0.014,0.07,0.069,0.0005,7.500000000000001e-06,7.0,0.00265,6.765,10.350000000000001,82.0,100.0,11.0
NW-88001982,0.11,2.7,2.67,0.032,,46.0,0.14,7.37,9.1,240.0,101.3,11.7
AN-29M08,0.054,9.73,9.66,0.034,0.001,258.0,0.316,7.89,15.8,838.0,72.4,7.46
SW-73020255,0.015,2.22,2.21,0.0096,0.00022,47.0,0.043,7.8,10.0,241.0,99.0,11.2
MD-13310300,0.015,3.33,3.3049999999999997,0.009850000000000001,0.0003075,257.0,0.227,7.98,10.2,1093.0,88.25,9.715
SW-Z4170107,0.015,6.15,6.14,0.0052,0.00028,241.0,0.039,8.25,10.4,611.0,104.1,11.6
SW-C0304100,0.057999999999999996,3.1550000000000002,3.115,0.0334,0.0010500000000000002,133.0,0.2235,8.105,10.350000000000001,401.0,98.4,10.65
MD-58470100,0.015,7.3,7.29,0.0239,0.00039,210.0,0.154,7.99,10.25,893.5,89.35,9.72
SO-G0004047,0.015,5.86,5.84,0.011,0.00028,234.0,0.033,7.96,11.6,559.0,95.4,10.8
MD-61855310,0.8554999999999999,2.1100000000000003,1.8599999999999999,0.178,0.00908,189.5,0.2435,7.7,12.8,904.5,61.55,6.335
SW-RSN1915,0.005,0.75,0.747,0.0017499999999999998,2e-05,20.0,0.00655,7.404999999999999,12.25,122.5,98.85,10.8
NE-RSN1028,0.00465,0.28500000000000003,0.2835,0.0005,3.2500000000000004e-05,13.0,0.006699999999999999,7.75,11.3,86.0,100.3,11.0
SW-H1511748,0.015,4.0,3.995,0.007050000000000001,8.75e-05,27.5,0.028,7.4,11.4,192.0,97.85,10.5
SW-RSN0675,0.0275,3.55,3.535,0.0125,0.000105,23.0,0.0605,7.3,10.9,228.0,97.7,10.6
TH-PLER0073,0.015,6.6,6.58,0.024,0.00042,240.0,0.14,7.93,11.8,727.0,95.95,10.6
NW-88002561,0.14,4.65,4.625,0.025,0.002285,120.0,0.71,7.8149999999999995,11.8,409.0,97.25,10.600000000000001
SW-82115061,0.015,9.1,9.08,0.002,2e-05,23.0,0.017,6.81,11.5,310.0,96.1,10.4
SO-E0000995,0.28,13.5,13.3,0.12,0.00166,77.0,2.1,7.385,13.0,574.5,84.65,8.96
NW-88006176,0.015,1.2,1.2,0.0062,0.000435,280.0,0.023,8.36,9.1,525.0,102.5,12.149999999999999
AN-38M07,0.015,10.5,10.5,0.0213,0.00030000000000000003,259.0,0.043,8.02,11.4,778.0,101.2,11.3
MD-00038360,0.031,3.6500000000000004,3.635,0.016149999999999998,0.0004375,92.0,0.107,8.024999999999999,11.3,355.5,93.15,10.4
NW-SSN0005,0.010249999999999999,0.6950000000000001,0.6819999999999999,0.0017000000000000001,7.500000000000001e-05,,0.0064,7.61,10.8,96.0,99.3,11.05
AN-BDI030,0.035,10.4,10.4,0.03845,0.00046,265.0,0.149,7.81,10.7,1283.0,76.5,8.88
SW-Z1060103,0.04,1.52,1.51,0.0132,0.000495,279.5,0.127,8.215,9.65,695.0,96.55,11.149999999999999
AN-KETT1,0.05,8.2,8.13,0.056,0.00045,240.0,0.137,7.81,11.2,830.0,88.0,10.4
MD-RSN0262,0.015,3.7,3.68,0.0068,0.00033,240.0,0.062,8.29,10.7,507.0,98.9,10.8
NE-RSN0416,0.015,9.7,9.67,0.024,0.00038,170.0,0.11,8.0,14.0,617.0,88.9,9.18
MD-46713100,0.3,11.0,10.8,0.16,0.00405,150.0,0.82,7.9,10.8,,88.0,9.79
MD-42734500,0.0875,2.3,2.25,0.017,0.00131,210.0,0.216,7.99,14.8,730.0,85.75,9.07
NE-49600112,0.015,10.1,10.1,0.0141,0.00032,185.0,0.029,8.13,9.3,610.0,96.7,11.0
NE-49700150,0.0248,0.99,0.986,0.00548,0.00033,49.0,0.0166,7.970000000000001,10.5,204.0,97.75,10.9
MD-04464180,0.034,16.15,16.1,0.035449999999999995,0.000595,139.0,0.34299999999999997,7.985,13.25,901.0,92.75,10.2
SW-70232717,0.015,2.9,2.88,0.009850000000000001,0.00037,170.0,0.13,8.05,10.35,449.5,96.0,10.8
AN-NETB2,0.079,13.0,12.9,0.059,0.00146,250.0,0.17,8.09,11.0,880.0,94.2,10.5
SW-81281987,0.079,2.8,2.69,0.017,0.00036,32.5,0.17,7.255,10.9,198.5,94.1,10.03
AN-VICTORBR,0.015,7.805,7.965,0.0166,0.0003125,260.0,0.0125,8.06,11.600000000000001,811.5,97.1,10.95
SO-G0004076,0.015,8.12,8.105,0.011,0.00029,240.0,0.03,8.105,11.4,606.0,102.1,11.2
SW-RSN2018,0.05,6.0,5.975,0.025500000000000002,0.000785,250.0,0.063,8.045,10.3,620.5,98.44999999999999,10.8
MD-04831100,0.045,8.15,8.11,0.0545,0.00084,200.0,0.24,7.87,12.0,898.0,82.6,9.14
TH-PTHR0216,0.0575,9.25,9.21,0.0615,0.000785,280.0,0.975,7.745,12.0,838.5,64.80000000000001,6.79
SW-Z1020101,0.015,3.2350000000000003,3.225,0.00665,0.00030000000000000003,287.0,0.173,7.904999999999999,11.6,855.0,88.69999999999999,9.690000000000001
NW-88002691,0.11,4.470000000000001,4.445,0.03055,0.000355,63.5,0.07200000000000001,7.26,9.75,537.5,73.75,8.77
SO-F0017658,0.015,1.1,1.09,0.0053,0.000175,57.0,0.066,7.7,12.6,227.0,96.4,10.2
MD-42488950,0.043,3.9,3.78,0.029,0.00055,176.0,0.1235,7.86,8.2,725.0,85.9,10.2
NE-49100350,0.015,0.73,0.726,0.002,,,0.005,7.99,9.4,107.5,98.25,12.350000000000001
SO-G0003810,0.015,7.35,7.34,0.01105,0.0002175,250.0,0.025,7.91,11.0,587.0,95.6,10.7
NW-88024657,0.083,2.5,2.47,0.029,0.00091,119.0,0.148,8.07,8.5,337.0,95.7,10.4
AN-RSN1940,1.4,1.7,1.58,0.063,0.0122,300.0,1.1,7.69,11.2,958.0,38.6,4.07
NE-49105191,0.035,4.25,4.225,0.02465,0.000545,226.0,0.0715,8.16,10.399999999999999,675.0,93.0,10.6
SO-RSN1957,0.08399999999999999,0.925,0.9055,0.014499999999999999,0.000445,52.0,0.0165,7.43,10.45,291.5,92.8,10.35
AN-BUR100,0.032,2.12,2.1,0.0205,0.000505,213.0,0.017,7.98,10.55,789.0,94.6,10.35
AN-CA0321,0.154,6.01,5.87,0.0532,0.00259,315.0,0.051,8.07,10.6,891.0,90.5,10.1
MD-30653040,0.015,1.37,1.37,0.0055,0.00029,45.0,0.159,7.81,10.1,163.0,90.6,10.3
AN-DEB0111,0.039,12.0,11.9,0.063,0.00076,230.0,0.12,8.32,13.0,769.0,114.1,12.6
SW-70242023,0.015,1.9,1.895,0.00615,0.000285,79.0,0.089,7.985,10.2,266.5,98.45,11.1
SW-B3130407,0.041,4.06,4.02,0.0227,0.00083,230.0,0.23,8.23,11.6,645.0,97.8,10.9
NW-88002375,0.1165,9.545,9.489999999999998,0.05015,0.0015300000000000001,110.5,0.7685,7.8,11.4,609.5,94.25,10.2
NE-49000499,0.0512,0.643,0.624,0.0137,0.0003,35.0,0.0378,7.529999999999999,10.0,165.6,95.35,10.45
NE-RSN1232,0.00435,0.16999999999999998,0.16899999999999998,0.0005,5e-05,86.0,0.00465,8.129999999999999,9.600000000000001,211.5,101.7,11.55
MD-38367709,0.069,1.94,,0.0262,0.00032,202.0,0.005,7.49,7.1,904.0,76.5,
NE-49600461,0.0345,9.8,9.72,0.035350000000000006,0.0004525,209.5,0.0405,7.85,11.05,711.0,90.5,10.4
AN-RAT005,0.015,3.56,3.54,0.0149,0.00023,312.0,0.047,8.0,8.4,818.0,92.4,10.1
NW-88005782,0.015,1.4,1.3849999999999998,0.00305,0.00027,132.5,0.019,8.08,9.8,311.0,100.2,11.3
MD-37420400,0.11,9.25,9.165,0.0679,0.00144,209.5,0.296,7.7,10.9,1376.0,80.30000000000001,8.925
SW-50342011,0.175,1.85,1.81,0.0324,0.00084,212.0,0.283,7.7,10.9,664.0,74.0,8.3
SW-82520734,0.015,3.55,3.54,0.005,7.5e-05,29.0,0.0157,7.5,10.3,198.0,95.8,10.6
NW-88003169,0.0495,0.72,0.7105,0.01055,0.0009699999999999999,241.5,0.10650000000000001,8.13,11.0,671.0,97.1,11.05
AN-CRIG5,0.065,9.55,9.54,0.010499999999999999,0.0008950000000000001,145.0,0.0465,7.95,6.199999999999999,602.0,95.75,11.6
NE-RSN1840,0.1,7.35,7.29,0.041,0.00106,240.0,0.17,7.71,12.4,809.0,92.5,9.72
AN-RSN0046,0.015,12.0,11.95,0.004699999999999999,0.0001775,225.0,0.025500000000000002,8.055,7.550000000000001,696.0,91.5,11.75
MD-59714780,0.0455,7.96,7.8999999999999995,0.04325,0.0008600000000000001,197.5,0.2005,8.03,9.7,828.5,93.0,11.1
NW-88002602,0.19,3.95,3.88,0.0615,0.0021,125.0,0.365,7.855,7.95,459.5,91.30000000000001,11.1
MD-39683250,0.015,7.3,7.28,0.013,0.00025,320.0,0.021,8.02,11.0,1060.0,97.0,10.8
NW-88000830,0.086,4.1,4.07,0.043,0.00124,171.0,0.09,7.83,9.7,576.0,89.2,10.2
AN-59M13,0.13,3.9,3.88,0.024,0.00077,160.0,0.022,7.515,11.2,985.0,81.80000000000001,9.34
AN-SANDBECK,0.072,12.0,11.65,0.058,0.00102,250.0,0.066,8.03,9.7,978.0,86.3,10.0
MD-46713640,0.015,4.045,4.039999999999999,0.008549999999999999,0.000325,187.0,0.0965,8.31,10.7,689.0,99.25,11.1
NE-RSN0959,0.00585,1.4,1.4,0.00165,5e-05,59.5,0.0245,7.765,7.35,180.5,97.75,11.6
NW-88004567,0.015,0.56,0.556,0.002,0.00012,22.0,0.005,7.58,10.3,114.0,100.4,11.3
SW-73061202,0.015,2.085,2.085,0.00515,0.0001675,35.0,0.0285,7.7,10.2,179.5,96.75,10.95
AN-GL0158,0.015,5.7,5.69,0.015,0.00026,310.0,0.3,8.1,9.2,807.0,82.0,9.51
AN-66M01,0.015,12.9,12.9,0.018,0.0003,230.0,0.029,8.04,10.8,778.0,97.3,10.8
SW-73040211,0.015,2.505,2.485,0.00995,0.00021500000000000002,44.0,0.07450000000000001,7.7,9.9,204.0,94.4,10.6
MD-03709420,0.297,3.5,3.49,0.0573,0.00418,282.0,0.2,7.92,11.45,760.0,79.1,8.41
AN-FYN040,0.077,12.0,11.9,0.0798,0.00133,253.0,0.24,7.94,9.2,902.0,82.5,9.23
NW-88001975,0.2345,5.43,5.335,0.07365,0.00119,54.0,0.2445,7.41,11.2,341.0,90.7,10.2
TH-RSN0666,0.015,7.6,7.59,0.014,0.00023,270.0,0.029,7.94,9.4,656.0,78.7,8.99
NW-88024243,0.03,0.86,0.856,0.002,,64.0,0.043,7.88,9.8,220.0,100.6,
AN-28M04,0.015,13.7,13.55,0.019,0.0003475,260.0,0.53,7.955,12.1,836.5,92.65,10.25
SO-E0001589,0.04,8.02,8.295,0.022850000000000002,0.00019,62.0,0.13,7.26,12.2,448.0,85.8,9.09
MD-40015020,0.015,6.7,6.65,0.033100000000000004,0.00043500000000000006,159.5,0.023,8.375,10.1,621.5,113.9,12.649999999999999
AN-SSN1475,0.2,1.7,1.6400000000000001,0.029,0.00258,205.0,0.14500000000000002,7.84,11.9,661.0,84.0,9.015
NE-49300394,0.107,4.015,3.955,0.032850000000000004,0.000695,188.0,0.033,7.55,11.2,1033.5,88.6,9.940000000000001
SO-G0006579,0.058499999999999996,0.55,0.5385,0.01025,0.000445,74.0,0.10250000000000001,7.625,10.7,316.5,90.2,10.55
AN-BEL020,0.038,7.029999999999999,7.005,0.03185,0.00072,273.0,0.24,8.05,9.0,842.0,79.1,8.94
SW-81917204,0.06,3.08,3.06,0.0198,0.00095,202.0,0.287,8.14,12.2,624.0,98.8,10.5
AN-BRAM050L,0.031,10.0,9.95,0.025,0.00044249999999999997,191.0,0.173,8.1,10.7,722.0,94.9,10.7
SW-82115060,0.015,8.9,8.89,0.002,1e-05,22.0,0.019,6.54,11.8,312.0,92.5,9.98
MD-04833900,0.015,1.7850000000000001,1.76,0.00845,0.0003075,181.0,0.082,8.32,9.9,,95.0,10.7
SW-50340404,0.0335,4.755,4.745,0.02475,0.0005525,224.0,0.3155,8.024999999999999,11.85,622.0,91.4,10.2
MD-38367044,0.515,8.7,,0.0619,0.0017,161.0,0.005,7.34,7.0,1206.0,74.1,
SW-C0398000,0.031,4.97,4.94,0.0227,0.00038,219.0,0.09,8.07,9.6,572.0,91.7,10.5
NE-49000103,0.015,0.42,0.41600000000000004,0.002,0.00025,33.0,0.013,8.01,8.5,173.0,100.25,11.6
AN-THP020,0.0895,0.295,0.2765,0.0155,0.0006349999999999999,235.0,0.125,7.63,11.1,3060.5,52.9,6.245
MD-RSN0134,0.015,9.149999999999999,9.135,0.026,0.0002975,190.0,0.28,8.015,10.55,669.0,94.6,10.3
TH-PCNR0026,0.015,13.0,13.0,0.0161,0.00029,210.0,0.24,7.94,12.1,883.0,88.0,9.27
NE-49401021,0.046,0.555,0.55,0.00505,0.0006299999999999999,203.0,0.014499999999999999,8.205,9.8,420.0,104.05000000000001,11.850000000000001
NE-RSN0191,0.00385,0.20500000000000002,0.20400000000000001,0.0005,3e-05,55.5,0.0043,7.8,8.8,145.0,99.2,11.6
NE-49000701,0.33,4.8,4.75,0.069,0.00276,250.0,0.377,7.68,7.7,929.0,71.3,8.31
MD-00047820,0.032,4.0,3.98,0.017,0.00044,89.0,0.12,7.87,11.6,362.0,93.6,10.1
AN-LKS19,0.16,7.915,7.61,0.078,0.00094,230.0,0.5535,7.53,11.149999999999999,1084.0,79.4,9.9
NW-88025762,1.4,0.32,0.316,0.002,0.00914,63.0,1.3,7.5,11.5,218.0,97.8,
TH-PWRR0007,0.079,11.0,11.0,0.0305,0.0005449999999999999,215.5,0.432,7.52,12.15,831.0,76.25,8.280000000000001
NE-49302151,6.33,3.15,3.1,0.0475,0.00995,221.0,0.269,7.1,4.7,1450.0,76.0,9.75
MD-23416980,0.052,8.415,8.385,0.038650000000000004,0.0007,140.0,0.28,7.905,9.75,609.0,92.0,10.8
NW-88002689,0.1,1.9449999999999998,1.9049999999999998,0.0247,0.0012000000000000001,196.0,0.0735,7.9,9.2,873.5,88.4,10.3
NE-49105219,0.034,11.5,11.4,0.036,0.0005,301.0,0.29,8.21,10.2,1208.0,98.1,11.2
SO-E0001769,0.08199999999999999,3.5999999999999996,3.575,0.027,0.000325,82.5,0.064,7.425000000000001,9.95,405.5,89.1,9.985
AN-RISG200R,0.17,2.19,2.12,0.045,0.001935,372.5,0.18,8.03,11.8,2973.5,93.0,10.85
AN-GWSH320N,0.015,8.219999999999999,8.184999999999999,0.029,0.000405,220.0,0.156,8.12,10.3,789.0,88.4,9.73
NW-88024641,0.015,0.69,0.677,0.0128,0.00025,130.0,0.013,8.18,8.9,426.0,102.2,11.8
AN-13M06,0.041,9.35,9.31,0.0359,0.00065,249.0,0.09,8.01,10.7,793.0,92.8,10.1
NW-88020889,0.0091,0.419,0.418,0.00143,9.5e-05,40.0,0.0117,7.9,8.45,111.5,100.9,12.2
MD-38367821,0.449,8.9,,0.0673,0.00122,172.0,0.016,7.4,6.8,1189.0,72.9,
NW-88025783,0.015,0.5,0.494,0.002,0.0001775,28.0,0.048,7.705,11.7,113.5,99.69999999999999,10.8
SW-B3160107,0.042,3.7,3.69,0.023,0.00056,290.0,0.13,8.01,11.8,760.0,93.1,10.1
SO-E0007261,0.059,2.1,2.09,0.017,0.00074,60.0,0.06,7.71,13.149999999999999,254.0,90.1,8.87
NE-49301355,0.015,0.6105,0.607,0.00285,0.000165,21.5,0.018549999999999997,7.87,8.0,153.0,96.7,11.7
NW-88023155,0.015,0.88,0.876,0.002,0.00025,21.0,0.022,8.0,5.9,112.0,103.7,13.2
SW-60100220,0.015,6.25,6.22,0.0254,0.000435,128.0,0.112,8.0,10.8,380.0,96.2,10.6
SO-G0017179,0.015,0.99,0.986,0.002,0.000135,73.0,0.031,7.46,11.5,363.0,88.9,9.65
SO-F0002789,0.061,8.88,8.81,0.0403,0.00051,77.0,0.16,7.67,12.55,472.0,88.9,9.48
NW-88005875,0.124,4.625,4.575,0.0505,0.0014,133.5,0.14,7.88,9.7,437.0,95.80000000000001,11.1
NW-RSN1726,0.057499999999999996,5.4,5.37,0.0595,0.0009500000000000001,230.0,0.265,7.945,11.55,708.0,84.0,9.31
SW-70724140,0.015,0.2,0.196,0.002,1.5e-05,5.0,0.005,6.66,11.2,48.0,101.1,11.1
AN-PYTB030P,0.015,8.745000000000001,8.735,0.01205,0.000265,284.5,0.086,8.03,10.95,826.5,93.15,10.3
MD-58807990,0.015,4.1,4.085,0.0175,0.000375,190.0,0.155,8.05,12.3,674.0,94.4,10.05
AN-41M30,0.015,8.5,8.48,0.023,0.00031,260.0,0.11,7.96,10.4,800.0,92.4,10.3
SW-73031080,0.015,2.8,2.79,0.004750000000000001,8.5e-05,37.5,0.011,7.31,9.4,171.0,95.4,11.0
SW-SSN1300,0.032,1.3,1.29,0.0064,0.00026,55.0,0.0305,7.37,11.9,259.0,96.8,10.4
NW-SSN0106,0.11,2.1500000000000004,2.135,0.02,0.00045,72.0,0.07300000000000001,7.35,10.7,233.0,92.65,10.45
NW-88000897,0.189,2.055,2.01,0.043899999999999995,0.00224,180.0,0.224,7.86,9.8,622.5,81.4,9.325
SO-E0000919,0.081,17.0,17.0,0.0256,0.00075,75.0,4.45,7.635,12.15,697.5,96.05,9.91
SO-E0001690,0.037,2.7,2.68,0.0108,0.00033,150.0,0.125,7.825,11.4,588.0,91.5,10.2
SW-72940381,0.015,0.1,0.098,0.002,1.5000000000000002e-05,2.5,0.005,6.445,10.75,36.0,97.95,11.1
NW-88006288,0.015,1.795,1.78,0.0059,0.000295,95.0,0.018,8.01,10.0,258.0,98.95,11.45
NE-49600065,0.105,9.97,9.87,0.0342,0.00134,200.0,0.09,7.99,8.8,643.0,95.8,11.3
MD-RSN1682,0.069,4.25,4.21,0.0315,0.0010149999999999998,87.5,0.11,7.77,10.45,319.0,98.35,10.350000000000001
SW-72932016,0.015,1.62,1.6,0.0053,0.00025,19.0,0.035,7.7,10.2,134.0,95.0,11.1
MD-03959280,0.11249999999999999,2.415,2.355,0.02505,0.001755,,0.086,8.125,9.45,,98.30000000000001,11.2
NW-88002390,0.139,1.21,1.15,0.025,0.00181,93.0,0.061,7.82,9.2,392.0,95.0,11.0
NW-RSN2127,0.0021,0.25,0.249,0.0005,5e-06,25.0,0.002,7.38,3.0,72.0,99.6,13.4
SW-50260521,0.015,6.6,6.59,0.011,0.00026000000000000003,230.0,0.066,8.05,10.149999999999999,565.0,94.4,10.7
NW-88019870,0.0125,1.27,1.2650000000000001,0.00365,0.0002,71.0,0.01475,8.05,9.4,192.0,100.5,11.3
TH-PRVR0029,0.055,0.45,0.435,0.0153,0.0007,120.0,0.038,7.8,11.9,455.0,82.6,9.19
SW-70514620,1.9,1.9,1.92,0.073,0.0209,190.0,0.048,7.745,12.5,501.5,90.85,9.995000000000001
SW-60031125,0.136,2.91,2.865,0.039349999999999996,0.001965,240.0,0.186,7.845000000000001,11.5,678.5,78.0,8.485
MD-44205300,0.353,7.6,7.38,0.168,0.00461,306.0,0.226,7.87,10.5,1049.0,69.7,8.04
NW-88003473,0.015,0.4105,0.40800000000000003,0.002,0.0001875,47.0,0.014,7.965,8.2,140.0,100.05,11.9
SW-50900712,0.036,3.4,3.375,0.0168,0.00048,169.0,0.081,7.9,10.9,517.0,91.0,10.0
NW-88025764,0.015,0.58,0.576,0.002,3.5e-05,13.0,0.005,7.1,10.8,140.0,102.0,
NW-88025782,0.0345,1.01,1.0,0.00925,0.0002875,37.5,0.12,7.6899999999999995,11.899999999999999,144.5,99.1,10.7
SW-81290160,0.036500000000000005,1.5899999999999999,1.585,0.01205,0.00029,50.0,0.0555,7.6,11.3,216.0,97.05,11.350000000000001
NE-49000747,0.015,4.6,4.55,0.014,0.000335,250.0,0.16,8.18,11.4,1006.0,95.3,10.4
MD-10324230,0.0415,7.75,7.73,0.0252,0.0006850000000000001,230.0,0.21,7.945,12.05,1125.0,89.85,9.245000000000001
MD-38367889,0.277,10.5,,0.0579,0.00067,184.0,0.033,7.26,7.2,1134.0,54.3,
MD-37421950,0.051,10.0,9.85,0.0452,0.00065,230.0,0.145,7.8,10.7,1568.0,79.0,8.38
NW-88025758,0.095,2.25,2.2350000000000003,0.0175,0.000955,113.5,0.051500000000000004,7.87,5.1,316.0,98.8,12.55
NW-88003834,0.015,0.62,0.616,0.002,0.00023,15.0,0.005,8.04,7.6,67.0,96.8,11.6
SO-F0003252,0.066,2.6,2.59,0.026,0.00069,110.0,0.083,7.79,10.850000000000001,509.5,88.05,10.05
NW-88001850,0.0053,1.1,1.1,0.0014,2e-05,31.0,0.005,7.46,9.7,138.0,100.0,11.3
AN-WD08,0.03949999999999999,3.7,3.65,0.026,0.0007,210.0,0.2155,8.045,10.75,810.0,95.25,11.0
SO-E0001751,0.015,0.47,0.46599999999999997,0.002,0.000145,113.0,0.005,7.6850000000000005,11.3,815.0,92.3,9.945
NE-49500145,0.015,0.46499999999999997,0.461,0.002,0.00016,17.0,0.0139,7.73,9.3,113.0,100.5,11.4
NW-88022195,0.015,1.4,1.4,0.0055,0.00028,163.0,0.023,8.075,9.4,376.0,104.0,12.5
NW-88003526,0.058,1.52,1.51,0.014,0.00078,100.0,0.097,8.08,10.7,309.0,98.8,11.4
SW-70591508,0.015,6.475,6.46,0.01315,0.0002575,104.0,0.0685,7.88,9.8,362.5,97.44999999999999,11.15
MD-44925430,0.09250000000000001,0.9299999999999999,0.8625,0.01785,0.002925,260.0,0.279,8.215,13.45,715.5,96.35,11.15
AN-52M20,0.16,2.61,2.55,0.0617,0.00079,258.0,0.005,7.74,7.9,1232.0,78.9,8.07
AN-HD0035,0.137,6.96,6.86,0.0862,0.00242,196.0,0.242,7.94,11.7,1261.0,83.7,8.5
NW-88002434,0.058499999999999996,1.13,1.115,0.01055,0.0008,168.5,0.0515,7.915,8.45,635.0,91.1,10.95
SW-50260439,0.058,6.51,6.48,0.0297,0.0011,220.0,0.076,8.03,10.4,569.0,93.55,10.45
NW-88003881,0.2,2.75,2.67,0.059,0.00149,218.0,0.24,7.61,11.3,679.0,77.8,8.865
NW-88023122,0.037,0.69,0.686,0.0045,0.00037,105.0,0.04,7.95,9.9,352.0,100.3,11.4
NW-88000766,0.106,3.58,3.52,0.044050000000000006,0.0009350000000000001,81.5,0.0925,7.845,9.649999999999999,355.0,91.1,10.649999999999999
SW-50340121,0.039,6.5,6.45,0.0234,0.00075,225.0,0.2,7.99,11.1,607.0,94.7,11.1
AN-ALD004,0.015,1.3450000000000002,1.3250000000000002,0.01555,0.0002275,285.0,0.096,7.73,9.7,856.5,65.5,7.255
NW-88006218,0.015,0.1375,0.1365,0.002,0.0001125,24.5,0.0028,8.04,9.05,73.5,101.65,11.7
SW-70826089,0.015,0.1,0.098,0.002,1e-05,2.5,0.005,6.5,11.7,36.5,101.2,11.149999999999999
SW-70920116,0.015,1.39,1.39,0.002,0.00022,30.0,0.121,7.8,11.4,136.0,96.0,10.5
SW-82710129,0.0345,2.4050000000000002,2.4,0.00925,0.00042,86.0,0.045,7.845,10.95,364.0,97.0,10.6
NW-88002484,0.12,1.1,1.085,0.0265,0.00119,130.0,0.0165,7.63,11.1,588.0,93.1,10.2
AN-HUSBOSTA,0.073,1.7,,0.019,0.000585,,0.049,7.665,7.0,600.0,81.1,9.75
AN-RSN0670,0.015,4.1,4.06,0.02,0.000435,230.0,0.065,8.25,6.9,774.0,92.7,11.6
MD-10932840,0.041999999999999996,6.9,6.869999999999999,0.0245,0.00082,187.5,0.098,8.02,11.649999999999999,763.5,90.75,9.81
SW-60230007,0.098,3.8,,0.054,,210.0,0.19,8.0,12.75,670.0,78.6,
MD-13624310,0.015,3.4,3.39,0.0066,0.000225,100.0,0.034,7.82,11.0,295.0,96.15,10.4
SO-RSN1281,0.101,0.1,0.1905,0.00915,0.0006349999999999999,115.0,0.0625,7.43,11.7,331.0,85.3,9.11
SO-F0003142,0.111,2.65,2.62,0.0308,0.00097,60.0,0.053,7.67,10.1,286.0,91.3,10.4
MD-23538220,0.015,6.48,6.46,0.022949999999999998,0.0004075,224.0,0.10650000000000001,8.19,9.65,620.0,97.05000000000001,10.75
NW-88004529,0.0030499999999999998,0.20400000000000001,0.2015,0.0005,2e-05,8.0,0.0005,7.59,7.7,44.0,101.3,11.7
MD-61226020,0.11,8.6,8.54,0.054,0.00203,180.0,0.29,8.1,11.9,799.0,91.6,9.67
MD-04766100,0.07,9.485,9.42,0.045149999999999996,0.00118,188.0,0.401,8.024999999999999,11.100000000000001,926.5,87.6,10.0
NE-49905164,0.015,0.1,0.098,0.002,4.75e-05,12.0,0.005,7.395,8.95,50.0,100.80000000000001,11.4
SW-50341811,0.040999999999999995,6.15,6.13,0.02335,0.00068,244.0,1.1,8.155000000000001,11.35,801.5,90.0,9.870000000000001
NW-SSN0166,0.0023,0.048,0.047,0.0005,2.5e-05,25.0,0.0028,7.91,9.9,71.0,100.9,11.5
SW-50240184,0.009600000000000001,7.55,7.54,0.009649999999999999,0.000145,230.0,0.0305,7.9399999999999995,12.899999999999999,561.5,95.94999999999999,10.1
AN-PRIORLNE,0.015,17.0,17.0,0.00675,0.00026000000000000003,240.0,0.005,8.04,10.05,871.5,97.75,11.1
NW-88004403,0.035500000000000004,1.275,1.27,0.00365,0.000365,84.0,0.0205,7.755,11.0,207.0,98.0,11.55
NE-49301786,0.015,1.59,1.59,0.0053,0.00026,62.0,0.034,8.13,9.2,277.0,98.5,11.7
AN-33M23,0.0785,15.0,14.8,0.0988,0.001505,242.5,0.238,7.994999999999999,10.2,959.5,82.6,9.219999999999999
MD-23416120,0.049,4.84,4.82,0.035,0.0006850000000000001,150.0,0.26,7.915,12.6,584.0,88.9,8.975000000000001
MD-45216170,0.0915,12.3,12.2,0.07755,0.00111,160.0,0.4475,7.73,11.25,924.0,84.25,9.765
AN-TRUSTHRP,0.26,1.8,1.77,0.0305,0.003045,250.0,0.15,7.845,11.85,1323.5,71.6,8.205
NE-RSN1928,0.015,1.9500000000000002,1.94,0.01,0.00030000000000000003,275.0,0.0405,8.01,10.35,911.0,94.9,10.9
AN-MOWB2,0.2225,6.205,6.109999999999999,0.03395,0.002725,230.0,0.093,7.81,11.2,907.0,88.4,9.53
NW-88003830,0.015,0.94,0.936,0.002,0.000135,39.0,0.016,7.9,9.9,185.0,101.0,11.4
NW-88000584,0.091,5.9,5.84,0.0415,0.00109,190.0,0.139,7.705,9.6,576.5,88.25,9.825
MD-04782020,0.086,9.0,8.92,0.048,0.00157,180.0,0.16,7.98,11.9,831.0,95.2,10.4
TH-PWRR0035,0.015,7.025,7.02,0.005849999999999999,0.000315,220.0,0.005,8.094999999999999,11.8,545.0,101.4,11.350000000000001
NW-88022598,0.5,5.46,5.41,0.142,0.00422,262.0,0.38,7.895,8.45,1319.0,74.85,8.1
NW-88000832,0.093,3.775,3.75,0.0417,0.001135,151.5,0.055,7.67,9.8,566.0,86.75,10.004999999999999
SO-E0007265,0.036500000000000005,1.8,1.7850000000000001,0.0108,0.00032,130.0,0.075,7.76,13.5,487.5,89.05000000000001,9.405
TH-PTAR0045,0.0685,12.3,12.274999999999999,0.0375,0.00062,230.0,2.6050000000000004,7.73,8.35,744.5,70.9,7.890000000000001
NW-88004422,0.015,2.2,2.19,0.00635,0.00023,118.0,0.025,7.79,10.6,309.0,100.0,11.4
TH-PLER0116,0.07200000000000001,20.1,20.05,0.0472,0.000795,152.5,0.34550000000000003,7.525,16.25,1091.0,93.94999999999999,9.23
TH-RSN1586,0.015,6.45,6.4399999999999995,0.0099,0.000325,220.0,0.13,8.01,11.9,688.5,91.95,10.2
SW-81201612,0.023,1.295,1.29,0.0057,0.00017,41.5,0.047,7.515000000000001,8.5,174.5,98.15,11.45
AN-EYEB050T,0.015,5.9,5.88,0.011,0.0002,250.0,0.053,8.33,5.8,698.0,92.0,11.5
SW-E1004400,0.015,4.33,4.3,0.016,0.000295,149.0,0.069,7.97,10.8,403.0,96.6,10.9
SW-RSN1555,0.013999999999999999,1.5,1.495,0.0053,9.5e-05,38.0,0.023,7.49,11.3,191.5,96.35,10.45
SW-RSN0663,0.0075,0.89,0.887,0.0035,6e-05,34.0,0.016,7.61,8.2,153.0,97.0,10.9
SW-72811028,0.015,4.0,3.99,0.0079,0.000295,45.0,0.066,7.74,11.2,260.0,101.0,10.9
SO-G0006971,0.015,6.7,6.69,0.010499999999999999,0.0001625,270.0,0.025500000000000002,7.71,12.9,627.0,90.1,9.8
MD-RSN2271,0.0335,2.8499999999999996,2.835,0.016,0.00038500000000000003,155.0,0.13,8.045,10.0,380.5,100.5,11.5
SW-A3230103,0.015,5.795,5.79,0.01005,0.00029,255.5,0.20750000000000002,8.205,10.7,588.5,95.65,10.65
SW-60031210,0.0685,7.0,6.96,0.0401,0.00134,266.0,0.155,8.045,11.75,722.0,88.9,9.61
NE-49100596,0.12250000000000001,3.9,3.885,0.065,0.0014,240.0,0.0755,7.925000000000001,13.100000000000001,715.5,77.69999999999999,8.245000000000001
MD-52231140,0.015,0.89,0.886,0.0043,0.000105,45.0,0.025,7.5,9.9,217.0,99.0,11.0
NW-88003416,0.015,1.27,1.27,0.002,0.000175,154.0,0.017,8.0,7.1,401.0,98.0,12.8
NW-88003817,0.015,0.195,0.1935,0.002,3e-05,9.0,0.005,7.48,8.6,55.0,101.0,11.649999999999999
MD-11827020,0.077,3.56,3.535,0.02935,0.001365,180.5,0.139,8.0,11.3,652.5,88.5,9.65
TH-PWER0001,0.015,2.24,2.18,0.0128,0.00023,231.0,0.005,7.8,11.6,549.0,83.7,8.95
AN-BRAM070B,0.015,10.0,9.97,0.02,0.000275,180.0,0.064,8.16,9.5,648.0,95.4,11.0
NW-88023949,0.246,1.3,1.27,0.0353,0.00381,150.0,0.128,8.01,8.8,555.0,97.6,11.4
NE-49905207,0.16,3.8,3.76,0.053,0.0019,260.0,0.2,7.95,7.95,859.0,87.65,10.350000000000001
SW-Z8480238,0.015,4.529999999999999,4.529999999999999,0.002,0.0002825,302.5,0.0655,8.05,10.649999999999999,730.0,98.55000000000001,10.7
SW-60032880,0.015,4.9,4.88,0.0126,0.00046750000000000003,250.0,0.061,8.2,10.7,599.0,96.6,10.6
NW-88002519,0.2,9.035,8.89,0.12,0.00102,120.0,0.51,7.34,12.9,592.0,73.80000000000001,7.725
NW-88000763,0.152,7.455,7.385,0.0784,0.001385,160.0,0.066,7.74,9.8,574.0,89.4,10.25
SO-E0004859,0.069,5.71,5.67,0.0519,0.00119,218.0,0.169,8.08,9.850000000000001,956.0,85.4,9.629999999999999
SW-82713235,0.015,2.16,2.1550000000000002,0.002,0.00015000000000000001,35.0,0.031,7.7,10.3,222.0,101.6,11.1
NW-88005057,0.015,0.22,0.219,0.002,4.5e-05,12.0,0.0024,7.52,10.6,67.0,101.2,11.4
NW-RSN2016,0.295,0.385,0.38,0.0037,0.00067,215.0,0.0405,7.1,11.0,814.5,83.1,9.145
SW-81930920,0.038,3.01,,0.0049,,14.0,0.014,6.975,10.55,227.0,98.5,
NW-88003200,0.195,5.25,5.155,0.0574,0.00114,175.0,0.073,7.529999999999999,12.3,755.0,73.55000000000001,8.129999999999999
AN-GIP160,0.0665,6.359999999999999,6.324999999999999,0.05055,0.000865,290.5,0.219,7.95,10.0,1058.0,80.75,9.425
NW-88022196,0.015,0.63,0.626,0.002,0.00017,106.0,0.014,7.83,9.2,190.0,100.1,12.0
NW-88024649,0.015,0.34,0.336,0.002,4.5e-05,30.0,0.005,7.265,10.05,92.0,97.55000000000001,10.95
NE-49200306,0.015,10.0,10.0,0.0023,0.0001,220.0,0.011,7.63,8.3,646.0,89.4,10.5
SW-60220625,0.11,1.4,,0.019,,230.0,0.14,7.8,13.0,755.0,69.65,
SW-A3200201,0.015,5.55,5.54,0.015,0.0003375,270.0,0.1145,8.15,10.3,656.0,97.4,10.9
SW-B3130102,0.033,3.8499999999999996,3.83,0.02,0.00056,240.5,0.2525,8.13,11.1,677.0,93.5,10.6
AN-GLEN480B,0.015,5.1,5.1850000000000005,0.015,0.000165,250.0,0.01,7.755,10.25,788.0,83.7,9.53
SW-70240215,0.015,3.3,3.29,0.013,0.000445,130.0,0.092,8.14,12.3,435.0,101.85,11.350000000000001
NE-49105177,0.278,12.5,12.2,0.182,0.00337,239.0,0.397,7.82,10.9,945.0,81.8,9.53
SW-50830215,0.035500000000000004,1.7,1.69,0.00895,0.00065,230.0,0.057999999999999996,8.21,11.1,560.5,98.8,10.75
SW-RSN1893,0.1,2.1,2.08,0.022,0.000955,150.0,0.23,7.789999999999999,9.350000000000001,447.5,88.45,10.03
SW-E4002500,0.058,6.54,6.52,0.061,0.00121,260.0,0.187,8.03,12.75,746.0,85.4,9.1
NE-49105196,0.051,7.4,7.39,0.014,0.0006,170.0,0.047,8.22,5.2,548.0,96.2,12.3
TH-PTHR0008,0.11,9.61,9.59,0.0455,0.000865,223.0,0.1475,7.49,16.0,930.0,70.94999999999999,7.125
SO-G0004008,0.042,1.4,1.38,0.0204,0.00061,130.0,0.126,7.77,12.1,402.0,89.4,9.48
SW-82710441,0.015,2.0,2.0,0.004,0.000165,46.0,0.033,7.5,11.2,252.0,97.0,10.8
SW-60030367,0.0725,4.16,4.07,0.0434,0.001265,269.5,0.20850000000000002,8.27,12.899999999999999,705.0,96.69999999999999,11.25
SW-Z1530102,0.11249999999999999,5.05,5.025,0.0275,0.002005,231.0,0.065,7.85,10.55,611.5,91.0,10.3
SW-60030905,0.52,14.65,14.4,0.202,0.00291,181.0,0.357,7.81,13.6,797.0,84.9,9.19
NE-49302227,0.1245,1.0699999999999998,1.055,0.01295,0.00147,404.5,0.0115,7.99,9.9,1447.0,94.0,10.55
TH-PUTR0248,0.1,2.9,2.83,0.046,0.00124,260.0,1.94,7.69,12.6,918.0,78.9,8.03
MD-06274040,0.031,1.9,1.875,0.0116,0.00037,278.0,0.15,7.96,10.2,1791.0,89.0,9.9
TH-PWYR0041,0.015,5.8,5.8,0.0048,0.00019,260.0,0.02,7.82,11.7,599.0,91.1,9.74
NW-88009713,0.015,0.33999999999999997,0.33599999999999997,0.002,0.000295,15.5,0.005,8.16,12.05,77.5,101.35,11.055
MD-04788950,0.07200000000000001,8.45,8.39,0.052500000000000005,0.00102,160.0,0.195,8.02,9.2,728.0,95.7,11.4
SW-70522683,0.152,5.34,5.28,0.0626,0.001485,186.5,0.2985,7.67,9.55,583.0,86.8,9.875
NW-88004406,0.015,0.405,0.401,0.002,0.00018,29.5,0.005,7.765,7.699999999999999,155.0,101.19999999999999,12.25
NW-88009919,0.015,0.97,0.962,0.0081,0.000285,44.0,0.025,8.49,10.5,178.0,103.9,11.6
SW-E2091100,0.0305,3.5700000000000003,3.55,0.019799999999999998,0.000455,160.0,0.199,8.045,11.25,494.5,96.1,11.2
SW-RSN0151,0.012,3.9,3.89,0.0059,0.00015,88.0,0.012,7.94,11.1,335.0,97.3,10.9
AN-RSN2312,0.014499999999999999,12.5,12.5,0.0125,0.00021,190.0,0.0995,7.98,10.25,637.0,94.25,10.6
SO-F0002356,0.04,1.6,1.58,0.0093,0.00024,44.0,0.05,7.6,10.4,275.0,93.2,10.9
MD-23320580,0.10500000000000001,12.7,12.5,0.0769,0.00124,175.5,0.382,7.78,12.5,892.5,89.35,9.48
SW-81911144,0.015,5.2,5.2,0.002,6e-05,38.0,0.192,7.22,11.4,323.0,96.5,10.5
TH-RSN2113,0.12,9.4,9.37,0.044,0.00134,150.0,0.21,7.8,10.899999999999999,611.0,100.2,10.899999999999999
TH-RSN0786,0.012,6.0,6.0,0.0052,7e-05,260.0,0.018,7.5,12.9,608.0,91.8,9.47
TH-PUTR0108,0.032,4.0,3.98,0.019,0.000405,210.0,0.033,7.86,10.850000000000001,517.0,79.95,8.969999999999999
NW-88010389,0.439,5.67,5.42,0.245,0.00793,145.0,0.38,8.11,11.5,8364.0,102.4,11.5
AN-CH0276,0.015,5.805,5.795,0.013049999999999999,0.0003325,217.5,0.0455,8.055,11.6,769.0,95.35,11.1
AN-GIP002,0.015,1.505,1.505,0.0183,0.000335,,0.0235,8.135000000000002,10.7,,84.55000000000001,11.0
AN-SSN0501,0.033,4.2,4.2,0.013,0.00012,140.0,0.014,7.3,9.3,507.0,73.1,8.37
NW-88000877,0.54,4.9,4.84,0.091,0.0052,150.0,0.17,7.84,8.1,2291.0,88.4,10.6
MD-30219660,0.172,7.5,7.41,0.0711,0.00162,193.5,0.446,7.74,11.4,599.0,85.1,9.45
AN-GLEN560S,0.062,3.78,3.75,0.037,0.00187,200.0,0.033,8.04,11.1,830.0,92.6,11.3
MD-11296360,0.04,2.32,2.26,0.0136,0.00075,222.0,0.105,7.9,9.6,956.0,92.1,11.1
TH-PWAR0045,0.015,6.4,6.39,0.0107,0.000235,250.0,0.033,7.79,11.7,664.0,95.95,10.3
AN-RSN0286,0.0385,6.050000000000001,6.005,0.032,0.0005,230.0,0.057999999999999996,7.91,10.75,806.5,92.2,10.35
NW-88002222,0.00745,0.33699999999999997,0.33599999999999997,0.002,3.9999999999999996e-05,38.5,0.01185,7.75,10.75,162.0,98.94999999999999,11.5
AN-FOSVIKIN,0.045,10.05,9.86,0.054,0.00109,189.0,0.128,8.08,10.9,832.0,93.7,9.99
MD-37917080,0.1465,7.734999999999999,7.68,0.046700000000000005,0.002875,204.0,0.2165,8.1,10.1,982.0,100.0,11.1
SW-50590615,0.015,0.31,0.306,0.002,0.00017,40.0,0.013,7.73,11.2,264.5,89.2,10.004999999999999
NW-88003414,0.015,0.53,0.526,0.002,0.0003,173.0,0.005,8.45,11.3,356.0,101.6,10.8
MD-64780180,0.1,1.835,1.7850000000000001,0.033049999999999996,0.00122,131.5,0.20350000000000001,7.970000000000001,10.55,438.0,91.0,10.25
TH-PBNR0057,0.096,0.48,0.471,0.002,0.0006,54.0,0.005,7.53,10.6,392.0,88.1,9.98
AN-BL031080,0.015,11.95,11.95,0.01935,0.0002625,245.0,0.041999999999999996,7.9350000000000005,10.9,862.0,92.0,10.899999999999999
TH-RSN1806,0.0135,5.65,5.635,0.010499999999999999,0.00024,230.0,0.0325,8.03,10.6,556.0,102.9,11.5
NW-88004052,0.192,1.25,1.17,0.0402,0.00083,237.0,0.102,7.53,10.6,631.0,47.8,4.93
NE-49405130,0.0435,1.85,1.8399999999999999,0.013,0.0003,85.5,0.034,7.57,13.2,449.0,95.5,10.0
NW-88005710,0.015,1.6,1.6,0.0082,0.0003,220.0,0.055,8.16,10.4,503.0,99.5,11.1
AN-CUTQRD,0.12000000000000001,1.4749999999999999,1.4505000000000001,0.022,0.00134,285.0,0.101,7.7,12.6,1722.5,58.8,7.275
NW-88002272,0.0275,0.63,0.6245,0.0033,0.00029,36.5,0.0365,7.6899999999999995,9.75,154.0,98.69999999999999,11.05
NW-88003088,0.08449999999999999,3.465,3.425,0.0315,0.0011649999999999998,70.0,0.21,7.96,9.5,321.0,97.65,10.8
SO-G0004209,0.015,7.9,7.88,0.018,0.000325,250.0,0.047,7.96,10.5,602.0,95.2,10.7
SW-82521405,0.015,5.015000000000001,5.01,0.0049,0.000145,40.0,0.027,7.675,11.5,260.0,99.2,10.649999999999999
NE-49301789,0.015,0.29,0.286,0.00151,3e-05,9.0,0.0077,7.17,10.5,77.0,98.9,10.9
NE-49500722,0.0258,0.44,0.436,0.002,0.00046,25.0,0.0081,7.955,10.45,194.5,101.5,11.2
AN-YAR226,0.035500000000000004,3.015,2.99,0.024399999999999998,0.000255,242.5,0.1,7.640000000000001,10.5,829.0,68.1,7.779999999999999
SO-G0004031,0.129,2.3,2.28,0.036,0.00188,200.0,0.023,7.98,13.5,553.0,90.6,9.69
SO-G0003658,0.023,4.1,4.095,0.017,0.0006050000000000001,240.0,0.16,8.175,13.6,797.0,96.05,9.89
AN-RBRANTFA,0.015,6.55,6.535,0.013500000000000002,0.00028,210.0,0.095,8.195,8.35,861.5,93.5,11.1
AN-BRAM040D,0.015,9.3,9.28,0.012,0.0002875,170.0,0.035,8.03,9.3,700.0,93.7,10.4
AN-CH03,0.046,6.16,6.14,0.0409,0.00091,230.5,0.34,8.09,12.1,822.0,96.1,10.1
NW-88000859,0.17099999999999999,7.17,7.13,0.0565,0.0024349999999999997,201.0,0.17,8.135000000000002,10.15,780.5,97.25,10.9
MD-RSN0695,0.015,0.86,0.855,0.0023,0.0002475,51.0,0.0066500000000000005,7.885,9.9,152.0,98.95,10.600000000000001
AN-RSN1790,0.037,8.9,8.89,0.021,0.00055,94.0,0.045,7.93,10.6,507.0,95.3,11.2
SO-E0007286,0.041,2.1,2.08,0.015,0.0003475,220.0,0.0305,7.625,10.0,724.5,79.0,9.985
MD-60967900,0.0225,9.635,9.620000000000001,0.023,0.0003,121.5,0.0755,7.8,10.45,565.0,90.95,9.815000000000001
AN-49M05,0.015,17.0,17.0,0.0225,8.5e-05,230.0,0.0275,7.42,12.15,725.5,65.65,7.045
NW-88022534,0.008,0.1,0.098,0.001405,4.5e-05,26.0,0.00825,7.75,8.7,64.5,103.25,12.25
SW-A3190204,0.032,6.0649999999999995,6.029999999999999,0.0204,0.00053,260.0,0.25,8.11,11.5,694.0,96.2,10.4
SW-81930177,0.053,1.92,1.91,0.00863,0.0001125,16.0,0.0177,7.109999999999999,10.4,201.5,98.4,11.05
NE-49200089,0.057,9.58,9.55,0.0423,0.00089,200.0,0.061,7.93,10.3,607.0,94.3,10.5
NE-49300621,0.042499999999999996,2.435,2.425,0.01515,0.00052,189.0,0.056,7.9,9.9,1138.5,91.1,10.149999999999999
NE-49300672,0.077,3.09,3.075,0.027749999999999997,0.0006399999999999999,212.5,0.0665,7.705,10.4,991.5,86.5,10.085
NW-88010528,1.5,2.1500000000000004,1.92,0.18,0.0174,185.0,0.10350000000000001,7.74,11.6,798.5,72.5,8.21
TH-PUTR0013,0.015,4.43,4.425,0.0056500000000000005,0.00027749999999999997,202.0,0.022,8.18,10.2,511.0,93.5,10.4
MD-RSN2176,0.0074,0.935,0.9325,0.0021,0.00011999999999999999,65.0,0.0165,8.01,8.7,197.5,100.5,11.5
SW-70810128,0.015,4.22,4.21,0.0076,0.00021,73.0,0.036,7.9,10.8,277.0,95.0,10.8
SW-RSN2293,0.063,6.35,6.324999999999999,0.0245,0.000905,250.0,0.0345,7.970000000000001,10.850000000000001,722.5,95.3,10.649999999999999
NW-88023210,0.015,0.155,0.152,0.002,7.500000000000001e-05,31.5,0.005,7.335,9.05,105.5,99.5,11.65
NE-49100201,0.167,8.29,8.19,0.06305,0.001595,235.5,0.092,7.755,10.0,988.5,85.5,9.684999999999999
SW-A3240119,0.1045,7.25,7.195,0.048,0.0021349999999999997,270.0,0.091,8.13,11.3,671.0,95.9,10.3
SW-RSN2155,0.0081,3.7,3.7,0.00295,2.5e-05,17.0,0.032,7.1,13.399999999999999,222.5,100.30000000000001,10.5
NW-88024658,0.015,2.2,2.19,0.0056,0.000265,67.0,0.021,7.9,9.5,198.0,99.6,11.9
NW-88006368,0.167,3.825,3.785,0.03715,0.00222,179.0,0.241,7.85,7.7,612.0,95.7,11.0
NE-RSN0796,0.02,1.35,1.3399999999999999,0.0115,0.000305,53.0,0.044,8.04,10.75,226.0,100.65,11.2
AN-03M22,0.043,2.65,2.56,0.0145,0.00078,242.0,0.249,8.1,10.1,804.0,96.7,10.5
SW-72810110,0.015,1.76,1.76,0.002,0.00025,35.0,0.035,7.8,11.0,221.0,104.0,10.8
SW-73040132,0.033,3.85,3.84,0.0108,0.00032,79.0,0.093,7.82,9.9,310.5,95.7,10.850000000000001
MD-23475020,0.015,5.92,5.9,0.0145,0.00031,180.0,0.078,7.9,10.9,530.0,95.1,10.5
AN-11M37,0.031,14.7,14.6,0.0344,0.000355,187.0,1.26,7.99,9.0,843.0,92.4,10.6
SO-Y0004511,0.535,5.215,5.095000000000001,0.079,0.00375,200.0,0.0925,7.545,11.15,610.5,86.5,9.655000000000001
MD-RSN2126,0.0785,4.199999999999999,4.18,0.024,0.001215,205.0,0.14,7.92,10.850000000000001,760.5,91.1,10.45
MD-15787280,0.0535,4.265000000000001,4.25,0.014,0.00068,236.0,0.20900000000000002,8.055,9.7,560.0,93.25,10.75
SO-F0002082,0.044,3.29,3.27,0.0228,0.00023,53.0,0.093,7.5,10.5,339.0,92.8,9.97
TH-PTHR0048,0.214,17.95,17.8,0.154,0.00228,200.0,0.26,7.470000000000001,16.25,1015.5,71.4,7.08
SO-G0003680,0.392,2.05,2.03,0.0208,0.00168,160.0,0.048,7.24,12.5,2576.0,59.0,6.47
NE-49105182,0.35,2.74,2.69,0.0458,0.00493,250.0,0.14,7.89,11.0,7747.0,91.3,10.3
NE-49302178,0.08149999999999999,2.415,2.4050000000000002,0.01205,0.0005,126.5,0.0445,7.615,9.05,545.5,93.9,10.6
NE-49400282,0.385,5.96,6.1,0.188,0.00592,220.0,0.044,7.93,11.1,1219.0,92.65,10.3
SO-E0001005,0.015,4.87,4.85,0.012,0.00017,60.0,0.054,7.72,10.5,332.0,86.3,9.61
AN-NTBK140E,0.015,9.6,9.58,0.031,0.000325,220.0,0.026,7.97,10.2,701.0,94.6,10.5
NW-88004418,0.015,2.1,2.1,0.0051,0.000195,66.0,0.029,7.82,9.7,232.0,100.3,11.8
NW-88006474,0.10200000000000001,4.785,4.775,0.01315,0.000695,136.0,0.046,7.715,9.45,370.5,92.95,10.850000000000001
MD-46265950,0.074,7.65,7.65,0.062,0.00102,200.0,0.15,7.885,10.3,807.0,82.2,9.53
NE-49300101,0.033,3.58,3.57,0.009649999999999999,0.00048499999999999997,279.0,0.057999999999999996,8.24,10.0,965.0,90.1,10.6
SO-G0004098,0.015,7.1,7.09,0.00795,0.0001825,260.0,0.0285,7.79,11.05,622.0,91.9,10.2
AN-GOLB1,0.06,12.0,11.9,0.064,0.00122,250.0,0.96,8.08,8.9,841.0,92.4,10.9
MD-58551025,0.015,11.0,11.0,0.0262,0.00032,268.0,0.087,7.92,9.4,957.0,87.6,9.77
NW-88002518,0.27549999999999997,1.725,1.69,0.0302,0.0027,207.5,0.1215,7.665,8.55,730.5,78.6,9.530000000000001
SO-F0002110,0.032,0.775,0.77,0.002,0.0002725,54.5,0.026,7.67,10.4,298.0,91.1,10.2
NE-49100031,0.015,0.81,0.806,0.002,,,0.011,8.17,9.2,266.0,97.1,12.6
MD-11708880,0.047,4.59,4.53,0.03,0.0007,180.0,0.185,8.01,10.1,551.0,90.3,10.1
AN-RSN0277,0.0515,5.45,5.42,0.036000000000000004,0.00035,350.0,0.0635,7.67,9.1,1028.0,78.9,8.06
MD-64177850,0.036,2.74,2.72,0.0128,0.00047,124.0,0.067,8.1,9.3,481.0,92.0,10.4
AN-SOUB2,0.054,14.75,14.75,0.0508,0.000925,242.0,0.398,8.065000000000001,10.2,909.0,93.94999999999999,11.2
SW-SSN0720,0.0094,5.8,5.79,0.0051,0.00013,150.0,0.028,7.81,11.7,433.0,96.8,10.5
AN-CHIGN070,0.015,11.7,11.7,0.022,0.000325,250.0,0.097,8.03,11.4,842.0,92.0,10.2
SO-F0017616,0.015,1.05,1.04,0.0069,0.00017,47.0,0.022,7.7,8.3,184.0,94.0,11.3
AN-EVBK050E,0.015,3.5,3.49,0.009,0.00027,217.0,0.031,8.08,10.0,644.0,93.1,10.6
MD-01746020,0.015,3.6,3.59,0.0068,0.0003,200.0,0.02,8.25,10.5,528.0,99.2,11.0
SW-50550158,0.015,4.7,4.69,0.009399999999999999,0.0003025,226.5,0.068,8.2,11.149999999999999,526.5,99.35,11.3
AN-SFFT7,0.046,1.17,1.15,0.013,0.0007975,248.0,0.024,7.89,10.2,1481.0,89.4,9.66
TH-PUTR0249,0.015,5.5,5.49,0.005350000000000001,0.0002675,250.0,0.046,8.21,10.2,631.0,94.4,10.45
SW-70513830,0.015,3.42,3.41,0.0087,0.00042,128.0,0.047,8.1,11.8,331.0,102.3,11.3
NE-SSN0193,1.6,0.53,0.461,0.029,0.00396,195.0,0.28,7.13,6.7,764.5,45.8,4.8149999999999995
MD-37535300,0.20350000000000001,30.1,29.75,0.2915,0.002765,159.5,5.105,7.755,12.649999999999999,977.0,76.30000000000001,8.15
MD-20669300,0.0291,5.6,5.58,0.022,0.00029,132.0,0.0614,7.76,11.3,418.0,87.5,9.33
AN-26M06,0.0775,8.809999999999999,8.705,0.05845,0.001245,192.5,0.2145,8.065000000000001,8.4,905.5,98.5,11.45
AN-48M54,0.015,4.58,4.56,0.0216,0.0003575,301.0,0.054,7.85,11.149999999999999,814.0,73.80000000000001,8.280000000000001
SO-F0002081,0.035,3.11,3.09,0.0138,0.00029,58.0,0.063,7.73,10.7,331.0,93.5,10.1
AN-33M06,0.063,10.4,10.4,0.05,0.00133,250.0,0.325,8.05,10.8,840.5,92.75,9.89
AN-RISE050A,0.062,6.5,6.41,0.034,0.00112,160.0,0.44,8.06,8.5,634.0,95.6,11.3
NW-88002545,0.015,1.3599999999999999,1.4,0.002,0.000245,52.5,0.026,7.905,9.8,219.0,100.9,11.45
NW-88010526,0.095,0.87,0.844,0.019,0.00075,140.0,0.088,7.57,12.3,468.0,86.0,8.96
MD-66201480,0.22699999999999998,3.32,3.225,0.0738,0.003215,276.5,0.1065,7.9,10.9,1016.0,83.5,9.35
SW-Z7500103,0.015,6.9,6.88,0.032,0.00042,220.0,0.18,8.03,11.1,775.0,94.5,10.7
MD-50902050,0.015,1.95,1.95,0.002,0.00021,52.5,0.015,7.975,10.3,193.5,100.2,11.1
SO-F0002241,0.045,2.135,2.115,0.0157,0.00055,169.0,0.21,7.89,11.5,544.5,87.15,9.370000000000001
AN-SFFT4,0.052,5.24,5.035,0.0395,0.00088,244.0,0.062,8.07,12.4,1425.0,101.4,10.9
MD-22687780,0.015,3.7,3.65,0.01355,0.00047,105.0,0.118,8.17,11.5,412.0,93.6,10.1
AN-44M08,0.015,7.9,7.88,0.024,0.000265,260.0,0.065,7.81,12.1,809.0,81.3,8.91
MD-54510700,0.015,3.55,3.535,0.014499999999999999,0.0004575,180.0,0.069,8.19,12.2,583.0,97.0,10.4
SW-Z9370301,0.0225,6.605,6.5649999999999995,0.035750000000000004,0.00042,244.0,0.3165,8.16,9.5,671.0,95.0,10.4
AN-DUN020,0.042499999999999996,1.3,1.28,0.012,0.0001,140.0,0.0505,6.9350000000000005,14.05,525.0,42.7,4.77
MD-03959030,0.1155,2.21,2.1550000000000002,0.04145,0.0022199999999999998,,0.0885,8.015,10.85,,78.9,8.705
SW-82711471,0.032,2.3,2.28,0.0087,0.00034250000000000003,92.0,0.0775,7.765000000000001,10.1,346.0,96.8,10.75
NW-88025938,0.086,1.2000000000000002,1.19,0.009649999999999999,0.000925,200.0,0.057499999999999996,7.855,7.3,559.0,94.4,11.35
MD-RSN0966,0.032,2.2,2.18,0.016,0.00044,66.0,0.12,7.82,11.1,280.0,95.9,10.2
MD-10762280,0.044,8.3,8.26,0.03,0.00079,330.0,0.15,8.14,11.7,1033.0,95.6,10.7
TH-PBRR0094,0.248,3.5,3.34,0.11,0.00433,233.0,0.42,7.92,12.2,964.0,74.7,7.91
AN-SB0112,0.0385,3.565,3.5250000000000004,0.01855,0.000445,145.0,0.14250000000000002,7.890000000000001,10.05,677.0,91.45,10.45
AN-WILL170F,0.015,6.6,6.59,0.0211,0.00042750000000000004,240.0,0.123,8.145,11.6,1216.0,96.95,10.5
NW-88003419,0.015,0.94,0.936,0.002,0.00026,135.0,0.024,8.18,9.4,311.0,103.3,11.7
SW-70534704,0.015,2.05,2.0,0.0062,0.00024,46.0,0.0365,7.6,10.6,192.0,97.4,10.7
NE-49603069,0.064,6.4,6.37,0.035,0.00071,190.0,0.022,7.890000000000001,11.05,562.5,91.9,10.350000000000001
TH-PCNR0028,0.033,10.0,9.97,0.024,0.0006,210.0,0.22,7.91,13.3,802.0,82.7,8.26
NW-88023836,0.015,0.32999999999999996,0.32599999999999996,0.002,8.5e-05,22.5,0.005,7.15,9.75,83.0,83.3,9.55
NE-49105250,0.16,5.4,5.3149999999999995,0.056999999999999995,0.002455,240.0,0.2,7.8,12.8,889.5,87.35,9.23
NE-49600453,0.11,7.405,7.37,0.0379,0.00113,206.0,0.014,7.74,10.2,629.0,82.8,9.59
SW-70571096,0.014,1.16,1.16,0.0034,0.00017,26.0,0.0175,7.8,10.8,132.0,97.9,10.7
SW-82521521,0.015,3.6500000000000004,3.6500000000000004,0.002,0.00013749999999999998,30.5,0.0075,7.635,11.0,181.0,99.8,11.0
NE-49000482,0.015,0.674,0.671,0.002,0.00022,72.0,0.024,8.12,10.4,329.0,100.7,11.3
NW-88002506,0.142,6.09,6.03,0.0579,0.00113,117.0,0.185,7.6,11.1,661.0,84.6,9.95
AN-20M03,0.056,7.85,7.78,0.0511,0.00117,210.0,0.233,8.01,13.45,880.5,91.8,9.59
NE-49905145,0.0022500000000000003,0.08415,0.08315,0.0005,1.7500000000000002e-05,32.0,0.0049,7.859999999999999,8.15,107.0,91.05000000000001,11.25
AN-LKS18,0.015,7.03,7.0,0.0204,0.00026,260.0,0.019,7.76,10.6,1028.0,89.6,10.8
SW-50231604,0.046,5.355,5.33,0.02525,0.00083,280.5,0.40449999999999997,8.07,11.149999999999999,709.5,91.15,9.905000000000001
NW-RSN0475,0.028,0.94,0.934,0.00755,0.000295,43.5,0.017,7.8100000000000005,10.15,164.5,98.30000000000001,11.399999999999999
SO-F0017614,0.015,2.6500000000000004,2.625,0.0064,0.00038750000000000004,210.0,0.073,7.99,8.8,559.0,91.7,10.9
SO-RSN0821,0.015,1.15,1.135,0.0072,0.00026999999999999995,120.0,0.0245,7.945,11.0,410.5,92.19999999999999,9.765
NW-88003412,0.0048,0.244,0.2345,0.0005,7e-05,98.0,0.0049,8.17,8.9,210.0,102.0,11.95
NE-RSN1784,0.0945,9.3,9.23,0.059,0.0012599999999999998,270.0,0.046,8.04,12.899999999999999,927.0,93.35,10.95
SW-72933916,0.015,0.75,0.746,0.002,0.00010750000000000001,36.0,0.025500000000000002,7.48,11.6,175.0,95.9,10.350000000000001
AN-48M56,0.093,0.1,0.139,0.0038,0.00066,248.5,0.009999999999999998,7.65,12.2,699.0,70.0,8.97
TH-PTAR0191,0.125,7.65,7.57,0.0875,0.00204,280.0,0.28,8.11,7.9,719.5,90.1,10.65
TH-POCR0091,0.015,5.65,5.640000000000001,0.019,0.000335,245.0,0.155,8.024999999999999,6.6,726.0,87.80000000000001,10.55
SW-82010145,0.015,4.135,4.135,0.002,6e-05,14.0,0.0135,7.14,11.7,192.0,98.5,10.6
NW-88000604,0.094,5.95,5.88,0.0458,0.00069,186.0,0.208,7.74,10.5,565.0,82.7,9.14
SW-50320219,0.046,2.29,2.26,0.0198,0.00067,272.0,0.132,7.9,10.0,665.0,84.3,9.71
AN-RAT020,0.015,8.45,8.43,0.01905,0.000305,290.0,0.175,8.215,10.1,795.5,94.85,10.9
SO-E0000414,0.044,2.48,2.4699999999999998,0.01125,0.0003325,49.5,0.1735,7.710000000000001,9.350000000000001,259.0,90.3,10.149999999999999
MD-H0000005,0.015,0.69,0.686,0.002,0.00025,139.0,0.01,8.36,8.7,292.0,105.5,12.3
MD-59008980,0.14,12.0,11.850000000000001,0.09920000000000001,0.0013700000000000001,130.0,0.2645,7.585,13.45,806.5,87.4,9.095
NE-49900017,0.015,2.57,2.56,0.0074,0.00024,220.0,0.017,8.25,9.6,598.0,95.2,10.8
AN-53M07,0.0865,4.38,4.345,0.0369,0.0012100000000000001,203.5,0.036,7.915,11.8,1291.5,88.1,9.870000000000001
NW-RSN0795,0.04,0.1,0.098,0.002,0.00054,125.0,0.0405,7.925,14.100000000000001,688.0,103.9,11.850000000000001
SW-RSN0621,0.00855,7.95,7.9399999999999995,0.011,0.0002,230.0,0.044,8.085,10.55,574.5,100.19999999999999,11.0
SO-G0006583,0.011,0.071,0.07,0.0012,2e-05,13.0,0.0043,7.09,9.7,136.0,91.4,10.3
AN-52M23,0.529,9.08,8.98,0.102,0.00115,327.0,0.005,7.21,6.3,2641.0,78.3,9.62
SW-72923035,0.055,2.86,2.85,0.0152,0.00035,38.0,0.039,7.55,10.4,201.0,93.0,10.6
AN-LUDO2,0.015,11.0,11.0,0.015,0.0003025,210.0,0.03,8.1,10.0,664.0,100.1,11.4
SO-E0001135,0.041499999999999995,4.345,4.33,0.016050000000000002,0.000925,180.0,0.1135,8.225000000000001,12.05,667.5,93.55000000000001,10.1
SW-70822802,0.0049,0.119,0.118,0.0005,2e-05,2.5,0.0005,7.4,9.6,45.0,98.3,11.4
NW-88004899,3.56,3.745,3.705,0.03035,0.0128,313.0,0.008,7.255,10.0,781.5,30.35,3.4749999999999996
MD-11581220,0.04,6.1,6.075,0.024,0.00049,196.0,0.1015,7.83,10.6,656.0,91.0,10.2
NW-88024651,0.015,0.16999999999999998,0.16699999999999998,0.002,1.5e-05,11.5,0.005,6.7,9.15,65.5,100.75,11.4
SO-E0000664,0.015,18.950000000000003,18.950000000000003,0.0234,0.00014,73.0,5.82,7.43,13.0,761.0,78.3,8.3
MD-RSN1742,0.046,9.8,9.75,0.0315,0.000475,245.0,0.0845,7.755,10.05,1842.0,83.0,9.2
AN-BX0134,0.033,6.84,6.81,0.0279,0.00076,291.0,0.228,8.03,10.9,866.0,93.5,9.92
NE-49600168,0.16,6.85,6.8,0.0515,0.001575,220.0,0.07250000000000001,7.7,8.95,794.5,80.6,9.45
AN-RA0580,0.11499999999999999,15.5,15.4,0.06385,0.001425,185.0,0.1975,7.845000000000001,10.95,933.0,82.15,8.98
AN-41M05,0.015,7.1,7.09,0.019,0.0002,283.0,0.2,7.78,11.1,937.0,80.9,9.17
NE-49600491,0.015,0.4315,0.4285,0.002,0.00013499999999999997,22.0,0.00875,7.765000000000001,8.399999999999999,138.5,99.25,11.6
NW-88003217,0.5429999999999999,7.9,7.505,0.179,0.00299,180.5,1.1,7.535,10.45,891.5,64.65,7.300000000000001
NE-49900028,0.0395,3.0,2.99,0.016649999999999998,0.000625,180.0,0.0515,8.235,9.0,561.5,94.35,11.25
NE-49000781,0.015,2.55,2.55,0.002,0.000275,200.0,0.023,8.33,9.7,585.0,100.0,11.3
NW-88002415,0.826,3.04,2.84,0.196,,151.0,0.876,7.68,,537.0,51.0,
NW-88004417,0.015,1.67,1.67,0.006,0.00028,98.0,0.026,8.22,10.3,286.0,104.6,11.9
SW-RSN1843,0.0069,0.99,0.988,0.002,5e-05,33.0,0.0095,7.55,11.5,287.0,96.65,10.5
AN-SSN0667,0.015,4.85,4.835,0.018000000000000002,0.0003525,265.0,0.009500000000000001,7.99,13.399999999999999,793.0,94.5,10.43
NW-88021290,0.015,0.1,0.098,0.002,6.25e-05,7.5,0.005,7.385,11.35,53.5,97.19999999999999,10.75
NE-49905119,0.015,2.4,2.4,0.0112,0.0003,215.0,0.044,8.35,9.8,608.0,97.1,11.4
AN-DUN010,0.07,2.1,2.09,0.016,0.0005499999999999999,230.0,0.084,7.609999999999999,12.600000000000001,691.0,75.94999999999999,8.055
AN-BUR182,0.072,0.1,0.191,0.0048,0.0008,145.0,0.042,7.8,11.1,709.0,81.9,8.93
AN-30M15,0.015,12.3,12.3,0.02955,0.0003175,233.5,0.3685,7.99,11.399999999999999,762.5,87.35,9.575
AN-SWANDRNS,0.0225,11.45,11.4,0.018,0.00031999999999999997,286.5,0.0655,7.87,10.5,1060.5,82.1,9.295
AN-GWSH300B,0.121,8.89,8.85,0.0391,0.00176,220.0,0.22,8.12,8.2,810.0,82.3,9.7
NE-49400258,0.46799999999999997,6.515000000000001,6.275,0.168,0.003265,271.5,1.175,7.71,10.9,1279.0,70.1,8.1
NW-88022132,0.015,0.16999999999999998,0.16699999999999998,0.002,6.75e-05,8.0,0.005,7.43,8.25,42.5,101.05,11.95
SO-F0002102,0.06,2.49,2.455,0.0219,0.00041,99.0,0.524,7.53,11.05,472.0,72.44999999999999,7.915
NW-88003484,0.0191,1.16,1.15,0.0053,0.000345,71.0,0.025,8.035,9.85,220.5,101.30000000000001,11.65
SW-81420292,0.015,4.2,4.2,0.002,0.00012,33.0,0.021,7.485,12.3,181.0,98.6,10.6
NE-49600477,0.104,2.91,2.89,0.0279,0.000825,259.5,0.053000000000000005,7.79,10.45,792.0,85.19999999999999,9.525
MD-55004105,0.053,6.5,6.46,0.045,0.001,250.0,0.16,8.0,10.3,1204.0,92.3,10.2
TH-PUTR0116,0.058499999999999996,10.6,10.55,0.0599,0.000985,224.5,0.554,7.925,10.7,738.5,80.9,8.74
MD-RSN1748,0.14500000000000002,2.75,2.71,0.0335,0.00083,300.0,0.0076500000000000005,7.390000000000001,10.9,979.0,80.05,8.870000000000001
SO-F0002078,0.105,1.94,1.92,0.0157,0.00112,66.0,0.188,7.82,12.9,427.0,93.3,9.6
SW-82540735,0.0066,2.0,2.0,0.0005,5e-06,39.0,0.024,6.88,11.4,184.0,95.1,10.1
SW-Z9380101,0.0655,6.33,6.29,0.0464,0.001095,254.5,0.323,8.129999999999999,9.95,831.0,94.15,10.245000000000001
SO-G0003694,0.015,6.7,6.7,0.0085,0.00028,240.0,0.034,8.08,10.8,577.0,96.7,10.7
SO-F0003059,0.039,1.68,1.67,0.013,0.00023,73.0,0.072,7.57,12.1,280.0,76.7,8.21
SW-70232783,0.015,1.8,1.8,0.005,0.0003,160.0,0.061,8.1,9.9,440.0,97.0,10.7
MD-55103100,0.032,5.83,5.82,0.0332,0.00064,255.0,0.163,8.15,10.1,842.0,93.0,10.8
TH-PKER0340,0.015,8.8,8.88,0.00995,0.00019250000000000002,220.0,0.0445,7.779999999999999,10.05,570.0,91.75,10.25
NW-88022623,0.5495,2.1500000000000004,2.085,0.06939999999999999,0.00401,225.5,0.1895,7.635,10.149999999999999,685.0,74.3,8.68
NW-88025756,0.089,0.9650000000000001,0.9525,0.0123,0.0007199999999999999,120.0,0.048,7.8100000000000005,4.5,306.45,97.9,12.649999999999999
NW-88001852,0.015,1.4,1.4,0.00305,0.0002075,56.5,0.019,7.955,9.100000000000001,180.5,102.44999999999999,12.05
AN-11M52,0.015,0.1,0.098,0.002,0.000645,290.0,0.005,8.06,21.8,867.0,112.3,9.83
MD-07708170,0.05,7.64,7.61,0.0326,0.00084,247.0,0.596,8.02,9.7,864.0,89.69999999999999,10.45
AN-ANT180,0.056,0.36,0.338,0.011,0.00104,204.0,0.015,8.25,13.0,845.5,90.5,10.2
MD-47889180,0.015,5.83,5.8,0.024149999999999998,0.0003225,243.0,0.079,8.195,9.4,824.0,94.4,11.35
AN-TILL6,0.054,14.0,13.8,0.057,0.00065,210.0,0.2,8.02,9.3,882.0,96.1,11.7
NW-88004390,0.008,1.6,1.6,0.0023,0.00012,81.0,0.02,7.97,10.0,221.0,103.2,11.9
NE-49301788,0.153,0.9650000000000001,0.9630000000000001,0.00692,0.00067,26.0,0.1085,7.31,8.1,228.0,90.5,10.4
SW-70611114,0.033,4.74,4.71,0.014,0.00073,229.0,0.082,8.1,11.1,582.0,94.7,10.9
SO-E0001500,0.11,5.39,5.14,0.0547,0.00085,152.0,0.43,7.57,13.2,729.0,75.1,8.27
NW-88023952,0.446,2.86,2.77,0.0581,0.00132,233.0,0.126,7.33,11.7,661.0,69.9,7.75
MD-44071350,0.035500000000000004,7.699999999999999,7.625,0.055,0.00079,275.0,0.175,8.095,13.1,,90.55000000000001,9.18
SO-E0001571,0.11,1.9,1.875,0.02,0.00089,97.0,0.053500000000000006,7.904999999999999,12.5,2603.5,97.25,10.8
SW-RSN2139,0.009,1.3,1.3,0.0012,5e-05,13.0,0.0058,7.45,10.0,90.0,100.6,11.6
SW-B3130304,0.035,4.25,4.24,0.0199,0.00053,244.0,0.326,8.23,10.6,688.0,96.5,10.8
SW-E8320300,0.0575,3.0549999999999997,3.005,0.0274,0.00081,267.0,0.0965,7.945,11.350000000000001,809.5,84.2,9.254999999999999
TH-PTAR0113,0.031,8.6,8.56,0.032,0.00035,290.0,0.749,7.84,11.2,807.0,80.2,9.27
MD-48359455,0.064,6.31,6.28,0.0398,0.00133,180.0,0.311,8.055,12.1,775.0,97.5,10.5
NE-49000012,0.015,3.4,3.39,0.005,0.00027,210.0,0.024,8.37,9.6,705.0,100.0,11.4
MD-44510300,0.068,6.05,5.945,0.06,0.00157,160.0,0.008,8.59,13.2,528.0,100.6,10.8
NW-88022929,0.047,1.96,1.95,0.017,0.00066,153.0,0.048,7.94,10.350000000000001,506.5,91.1,10.350000000000001
SW-81201455,0.056,1.18,1.17,0.011,0.00025,56.0,0.0315,7.49,8.2,198.0,96.0,11.3
SW-RSN2091,0.0037,2.5,2.5,0.0005,2e-05,20.0,0.0022,7.32,11.3,146.0,99.2,10.9
SW-91221520,0.015,1.63,1.63,0.00475,0.0001125,42.5,0.0195,7.445,11.0,212.5,94.75,10.4
MD-59716950,0.101,4.56,4.51,0.054,0.00188,170.0,0.089,8.1,11.6,686.0,92.0,11.0
SW-91221760,0.059,1.15,1.145,0.00845,0.00022,41.5,0.032,7.135,10.65,219.0,93.05,10.2
NW-88000738,0.015,0.794,0.79,0.0035,0.00022,51.0,0.0131,7.86,7.9,240.0,99.5,11.9
AN-GREN030T,0.057,12.0,11.9,0.059,0.00071,255.0,0.77,7.89,10.5,885.0,84.3,9.61
MD-55860150,0.049,2.43,2.41,0.02255,0.000655,154.0,0.047,7.89,9.65,466.5,94.2,10.75
NW-88009838,0.395,0.99,0.9724999999999999,0.016,0.002245,81.0,0.03,7.4350000000000005,11.600000000000001,16351.0,95.9,10.75
SO-E0001309,0.015,6.6,6.58,0.0175,0.00039499999999999995,210.0,0.074,7.99,12.85,695.5,92.8,9.905
NW-88001872,0.0235,2.295,2.2649999999999997,0.02425,0.00040249999999999997,99.0,0.0725,8.15,9.149999999999999,355.0,99.6,11.55
MD-13627200,0.015,2.4,2.39,0.0049499999999999995,0.0002075,86.5,0.03,7.825,10.8,246.0,99.19999999999999,10.9
MD-39584220,0.046,10.4,10.4,0.0347,0.00052,328.0,0.053,7.8,10.5,1155.0,82.6,9.03
AN-01M08,0.015,5.975,5.965,0.008400000000000001,0.00026999999999999995,247.5,0.0185,8.059999999999999,10.100000000000001,696.5,92.65,10.45
SW-B3170603,0.015,2.48,2.48,0.002,0.000225,237.0,0.005,7.88,10.6,616.0,97.7,11.0
NW-88006374,0.0635,4.63,4.415,0.018000000000000002,0.0007750000000000001,184.0,0.1825,8.135,9.55,476.0,98.5,11.4
NW-88006359,0.015,1.95,1.93,0.0138,0.00036,224.0,0.05,8.3,9.9,472.0,104.2,12.0
NE-49301745,0.10450000000000001,2.3,2.28,0.024,0.001115,237.5,0.0915,7.83,10.7,1035.0,92.3,10.6
MD-44506300,0.2285,6.825,6.76,0.0547,0.0042450000000000005,252.0,0.0605,8.205,10.8,911.0,102.35,11.8
SW-E1152200,0.015,3.2,3.18,0.0131,0.000365,231.0,0.16,7.91,9.8,783.0,86.7,9.9
SW-E4000250,0.015,4.2,4.19,0.012,0.000235,300.0,0.059,8.12,7.9,662.0,87.3,10.4
SW-82112141,0.0066,3.575,3.575,0.0023350000000000003,2e-05,17.0,0.01735,7.2,13.05,231.0,99.6,10.25
AN-11M51,0.015,5.449999999999999,5.445,0.00685,0.000325,260.0,0.02,8.125,12.8,950.0,97.0,10.5
AN-TOFTNGS,0.015,11.0,10.850000000000001,0.028999999999999998,0.0003725,235.0,0.13,8.115,11.0,839.5,94.15,10.649999999999999
SW-81311020,0.067,3.55,3.5250000000000004,0.016,0.00031,26.0,0.3,7.2,13.2,166.0,97.7,10.0
SW-50341026,0.015,9.88,9.88,0.002,0.00029,223.0,0.04,8.1,10.9,579.0,100.4,11.1
SW-70920250,0.015,4.55,4.54,0.012,0.00024,87.0,0.18,7.6899999999999995,12.25,308.5,95.9,10.25
MD-38263220,0.015,4.5,4.48,0.018,0.00036,290.0,0.041,7.9,10.3,851.0,81.6,8.64
TH-RSN0882,0.015,7.0,6.984999999999999,0.012,0.0003225,225.0,0.22,8.06,11.9,773.0,86.95,9.46
NW-88000703,2.435,3.4400000000000004,3.18,0.2225,0.02085,233.5,0.247,7.61,11.4,1042.0,65.5,7.01
NE-49300797,0.015,0.47,0.448,0.0224,0.00042,108.0,0.073,8.89,15.8,585.0,112.2,11.8
AN-53M57,0.055,3.1,3.08,0.0313,0.00121,220.0,0.079,7.99,14.7,1624.0,86.4,8.53
AN-DPABUCK,0.015,6.2,6.19,0.0096,0.000305,230.0,0.02,8.05,9.4,719.0,94.1,11.0
TH-RSN1074,0.038,6.7,6.68,0.02,0.00056,220.0,0.12,8.1,14.7,656.0,101.4,10.6
NE-49100549,0.015,1.77,1.7650000000000001,0.0049,0.00026000000000000003,139.5,0.016,8.024999999999999,11.4,434.5,88.4,10.3
SW-81520450,0.015,1.725,1.7229999999999999,0.002,8.25e-05,14.0,0.012,7.425,10.25,104.0,97.55,10.95
NE-49300441,0.015,2.965,2.955,0.00845,0.0003625,245.0,0.035,8.18,10.0,956.0,92.3,10.5
AN-34M13,0.037,7.765000000000001,7.74,0.0379,0.00071,234.5,0.005,8.045,11.25,770.5,93.19999999999999,11.0
MD-13659920,0.035,5.17,5.16,0.0249,0.00059,288.0,0.399,8.1,10.5,987.0,87.0,9.77
SW-70581050,0.015,0.61,0.606,0.002,0.00021,13.0,0.005,7.7,11.0,75.0,100.0,10.9
SW-50050710,0.015,1.89,1.8849999999999998,0.00485,0.00038,78.0,0.057,7.975,10.35,299.0,97.05,10.8
NW-88003955,0.0029,0.1535,0.1525,0.0005,5e-05,25.0,0.0005,7.945,9.2,80.0,100.65,11.55
NE-49105172,0.036,6.64,6.61,0.024,0.00056,196.0,0.088,8.09,10.0,651.0,97.6,11.2
SW-60080010,0.0975,5.5,5.475,0.0395,0.00176,245.0,0.21,7.970000000000001,9.45,695.5,92.0,10.45
SW-82511119,0.015,4.775,4.77,0.009049999999999999,0.000135,50.0,0.3065,7.630000000000001,10.95,273.5,98.5,10.95
NW-SSN1426,0.00435,0.21,0.2085,0.0005,5.5e-05,27.0,0.0013,7.745,8.8,99.5,101.2,11.75
TH-PLER0107,0.037,4.9,4.86,0.0156,0.00071,274.0,0.373,7.92,15.0,827.0,86.2,8.6
SW-73024202,0.015,2.39,2.39,0.002,0.000205,30.0,0.025,7.8,8.1,164.0,98.1,11.3
NW-88006193,0.015,0.51,0.507,0.0029,0.00021,120.0,0.02,8.4,8.6,263.5,105.9,12.6
MD-61643350,0.031,5.35,5.32,0.026099999999999998,0.000455,150.0,0.16,7.91,12.9,650.0,90.55000000000001,9.42
NE-49800229,0.015,4.7,4.69,0.0106,0.000305,136.0,0.048,7.97,9.9,445.0,100.3,11.3
NW-88002648,0.107,1.51,1.49,0.0193,0.00073,162.0,0.096,7.53,9.6,510.0,74.1,8.84
NE-49600494,0.015,3.34,3.34,0.002,0.0002525,170.0,0.005,8.344999999999999,8.95,486.0,99.55000000000001,11.8
SW-82522505,0.015,1.72,1.72,0.002,8e-05,18.0,0.012,7.32,10.4,127.0,99.6,11.0
