site_id,n_observed,n_missing,eligible,exclusion_reason
AN-LISS1,12,0,True,eligible
SW-RSN0807,12,0,True,eligible
NW-88000728,12,0,True,eligible
SW-70720019,12,0,True,eligible
NW-88024607,12,0,True,eligible
NE-49000143,12,0,True,eligible
NE-49405120,12,0,True,eligible
AN-43M02,12,0,True,eligible
NE-49400074,12,0,True,eligible
SW-81201430,12,0,True,eligible
SW-SSN0100,12,0,True,eligible
MD-51147750,12,0,True,eligible
NW-88025769,11,1,True,eligible
SO-F0017505,12,0,True,eligible
SW-Z9370107,12,0,True,eligible
AN-06M08,12,0,True,eligible
NW-88006376,12,0,True,eligible
NW-88004896,12,0,True,eligible
NW-88022191,12,0,True,eligible
SW-60230005,9,3,True,eligible
AN-19M19,12,0,True,eligible
NW-88005891,12,0,True,eligible
NW-88010465,12,0,True,eligible
NE-49800232,12,0,True,eligible
MD-41514100,12,0,True,eligible
TH-PTHR0005,12,0,True,eligible
NW-88005816,12,0,True,eligible
TH-PTAR0087,12,0,True,eligible
TH-RSN0594,12,0,True,eligible
NE-RSN2036,12,0,True,eligible
SW-91251640,12,0,True,eligible
NW-88022504,3,9,False,fewer_than_9_observed
AN-30M36,12,0,True,eligible
NE-49302040,12,0,True,eligible
TH-PLER0060,12,0,True,eligible
SW-RSN0061,12,0,True,eligible
NE-RSN0756,12,0,True,eligible
NE-49905162,12,0,True,eligible
TH-PCNR0059,12,0,True,eligible
SO-E0004849,12,0,True,eligible
SO-E0001614,12,0,True,eligible
NW-88022586,10,2,True,eligible
NW-88024603,12,0,True,eligible
NW-RSN0408,12,0,True,eligible
NE-SSN1333,12,0,True,eligible
AN-RSN0689,12,0,True,eligible
SW-81201510,12,0,True,eligible
AN-MD0202,5,7,False,fewer_than_9_observed
SW-91211370,12,0,True,eligible
AN-BARE4,12,0,True,eligible
NW-SSN1434,12,0,True,eligible
AN-LADETRB1,3,9,False,fewer_than_9_observed
AN-RSN1506,12,0,True,eligible
SO-G0003989,12,0,True,eligible
SW-82221901,12,0,True,eligible
SW-RSN0141,12,0,True,eligible
SW-RSN1523,11,1,True,eligible
NE-49905126,12,0,True,eligible
AN-GLEN280B,12,0,True,eligible
SW-81231185,12,0,True,eligible
MD-53784688,12,0,True,eligible
NE-49100479,12,0,True,eligible
NE-49100024,12,0,True,eligible
MD-37557225,9,3,True,eligible
NE-49200305,12,0,True,eligible
TH-PEVR0080,12,0,True,eligible
MD-06111920,12,0,True,eligible
NW-88002704,12,0,True,eligible
TH-RSN1521,12,0,True,eligible
MD-13615980,12,0,True,eligible
NE-41000039,12,0,True,eligible
MD-45313180,5,7,False,fewer_than_9_observed
SW-60590144,12,0,True,eligible
SW-82112810,12,0,True,eligible
MD-20353500,12,0,True,eligible
SW-B3160105,12,0,True,eligible
TH-RSN0474,12,0,True,eligible
MD-28775020,12,0,True,eligible
MD-74357450,12,0,True,eligible
SW-Z9390102,12,0,True,eligible
NW-88005131,12,0,True,eligible
MD-RSN0678,12,0,True,eligible
SW-B3140101,12,0,True,eligible
SW-RSN2349,12,0,True,eligible
NW-88000848,12,0,True,eligible
NW-88025856,1,11,False,fewer_than_9_observed
SW-RSN0071,12,0,True,eligible
SW-70826005,12,0,True,eligible
NW-88002514,12,0,True,eligible
NE-49800097,12,0,True,eligible
MD-RSN2042,12,0,True,eligible
SW-E2160020,12,0,True,eligible
SW-RSN1829,12,0,True,eligible
NE-49302216,12,0,True,eligible
NE-49500662,12,0,True,eligible
TH-RSN2077,12,0,True,eligible
SW-81915129,12,0,True,eligible
MD-02852980,12,0,True,eligible
SO-SSN0487,12,0,True,eligible
MD-00374100,8,4,False,fewer_than_9_observed
MD-65986230,2,10,False,fewer_than_9_observed
SO-G0003764,12,0,True,eligible
NW-88023697,8,4,False,fewer_than_9_observed
NE-RSN0944,12,0,True,eligible
TH-PWER0038,12,0,True,eligible
MD-58248060,12,0,True,eligible
TH-PTHR0016,12,0,True,eligible
NW-88010493,12,0,True,eligible
SW-70232250,12,0,True,eligible
SW-82610110,4,8,False,fewer_than_9_observed
NW-88023954,12,0,True,eligible
NW-88004373,12,0,True,eligible
MD-37917820,11,1,True,eligible
NW-88002604,12,0,True,eligible
AN-SOME2,12,0,True,eligible
NW-88023707,12,0,True,eligible
NE-49301635,12,0,True,eligible
TH-PLER0067,12,0,True,eligible
TH-SSN0015,12,0,True,eligible
NE-49301263,12,0,True,eligible
AN-RISE010A,12,0,True,eligible
SW-81610317,12,0,True,eligible
SW-50280911,12,0,True,eligible
AN-20M13,12,0,True,eligible
AN-30M07,12,0,True,eligible
AN-23M08,12,0,True,eligible
TH-PLDR0002,12,0,True,eligible
SO-E0000135,12,0,True,eligible
AN-RA05,12,0,True,eligible
SW-63100150,12,0,True,eligible
MD-26475000,2,10,False,fewer_than_9_observed
NW-88003111,12,0,True,eligible
NW-88003570,12,0,True,eligible
AN-OAE047,12,0,True,eligible
MD-37536190,12,0,True,eligible
NE-49905198,8,4,False,fewer_than_9_observed
NE-RSN0520,11,1,True,eligible
NW-88000798,12,0,True,eligible
TH-PLER0057,12,0,True,eligible
TH-RSN1229,12,0,True,eligible
NW-88003490,12,0,True,eligible
NW-RSN0692,11,1,True,eligible
NW-88000792,12,0,True,eligible
NE-49500650,8,4,False,fewer_than_9_observed
AN-BUR137,12,0,True,eligible
SW-82110403,12,0,True,eligible
AN-WILN070D,12,0,True,eligible
MD-61041900,10,2,True,eligible
AN-24M13,12,0,True,eligible
MD-39926655,12,0,True,eligible
MD-08019230,12,0,True,eligible
SW-RSN1157,12,0,True,eligible
TH-SSN1359,12,0,True,eligible
SO-E0004771,12,0,True,eligible
NW-88003124,12,0,True,eligible
SW-81930914,12,0,True,eligible
NE-49301422,12,0,True,eligible
MD-04496180,12,0,True,eligible
SW-50280271,12,0,True,eligible
MD-60122050,12,0,True,eligible
AN-SB0106,12,0,True,eligible
NE-49600498,12,0,True,eligible
SO-RSN0921,12,0,True,eligible
SW-81710110,12,0,True,eligible
SW-RSN1675,12,0,True,eligible
NW-88005151,12,0,True,eligible
NW-88020176,12,0,True,eligible
SW-81950666,8,4,False,fewer_than_9_observed
AN-42M05,12,0,True,eligible
AN-53M14,12,0,True,eligible
AN-RSN0901,12,0,True,eligible
SW-70240223,12,0,True,eligible
NW-RSN0719,12,0,True,eligible
SW-81241155,12,0,True,eligible
SW-RSN0701,12,0,True,eligible
NW-88022506,8,4,False,fewer_than_9_observed
SW-82310160,12,0,True,eligible
AN-44M01,12,0,True,eligible
AN-MD02,12,0,True,eligible
NW-88023670,8,4,False,fewer_than_9_observed
TH-RSN0466,12,0,True,eligible
TH-PRTS0031,8,4,False,fewer_than_9_observed
MD-RSN2326,12,0,True,eligible
AN-BL0030,5,7,False,fewer_than_9_observed
TH-PLDR0018,12,0,True,eligible
NW-RSN2040,12,0,True,eligible
NE-49405136,12,0,True,eligible
TH-PTAR0002,12,0,True,eligible
NE-49105162,12,0,True,eligible
MD-70414705,12,0,True,eligible
MD-RSN1052,12,0,True,eligible
NE-49905202,12,0,True,eligible
TH-PCHR0055,12,0,True,eligible
NW-88006262,12,0,True,eligible
SO-F0002953,12,0,True,eligible
MD-02851740,12,0,True,eligible
AN-BUR175,9,3,True,eligible
SW-82513621,12,0,True,eligible
TH-RSN0425,12,0,True,eligible
MD-22833380,12,0,True,eligible
NW-88003455,12,0,True,eligible
SW-60033471,12,0,True,eligible
NW-SSN0006,12,0,True,eligible
MD-53785450,12,0,True,eligible
SW-70641129,12,0,True,eligible
AN-RSN1129,12,0,True,eligible
TH-PBNR0001,12,0,True,eligible
NE-49000771,12,0,True,eligible
SW-RSN1611,12,0,True,eligible
SO-E0000498,12,0,True,eligible
AN-GLV070,12,0,True,eligible
SW-81250144,12,0,True,eligible
MD-45414020,12,0,True,eligible
SW-91253464,8,4,False,fewer_than_9_observed
SW-81251242,1,11,False,fewer_than_9_observed
SW-73030156,12,0,True,eligible
AN-WOLD1,12,0,True,eligible
SW-82221905,1,11,False,fewer_than_9_observed
NE-49105249,12,0,True,eligible
MD-65922180,12,0,True,eligible
NW-88004551,12,0,True,eligible
NE-49300329,12,0,True,eligible
AN-53M24,10,2,True,eligible
MD-04805580,12,0,True,eligible
NE-49100136,12,0,True,eligible
MD-37568140,12,0,True,eligible
AN-RSN1104,12,0,True,eligible
SW-91253250,8,4,False,fewer_than_9_observed
SW-E7070400,12,0,True,eligible
TH-SSN1390,12,0,True,eligible
NW-88010527,1,11,False,fewer_than_9_observed
NW-88006163,12,0,True,eligible
AN-52M14,12,0,True,eligible
SW-81261439,12,0,True,eligible
MD-39324570,12,0,True,eligible
NE-41000446,12,0,True,eligible
SW-64200240,12,0,True,eligible
NW-88004096,12,0,True,eligible
MD-47517980,12,0,True,eligible
AN-34M10,12,0,True,eligible
SW-60060006,1,11,False,fewer_than_9_observed
NW-88022259,1,11,False,fewer_than_9_observed
MD-70263990,12,0,True,eligible
NE-49800075,12,0,True,eligible
NE-RSN1268,12,0,True,eligible
NE-49600496,12,0,True,eligible
AN-52M04,12,0,True,eligible
AN-MIN020,12,0,True,eligible
SW-A1310101,12,0,True,eligible
SW-82110170,9,3,True,eligible
NW-RSN1176,12,0,True,eligible
AN-13M24,12,0,True,eligible
MD-50306110,1,11,False,fewer_than_9_observed
NW-SSN0722,12,0,True,eligible
NW-88001870,12,0,True,eligible
SW-RSN0413,12,0,True,eligible
SW-50370272,12,0,True,eligible
NE-RSN0992,12,0,True,eligible
MD-41821250,12,0,True,eligible
MD-RSN0344,12,0,True,eligible
NW-88002584,12,0,True,eligible
MD-02659340,12,0,True,eligible
MD-23966180,12,0,True,eligible
AN-STON050T,12,0,True,eligible
NE-49302342,12,0,True,eligible
SW-91241709,12,0,True,eligible
SW-81223650,1,11,False,fewer_than_9_observed
SW-81611033,12,0,True,eligible
MD-04064050,12,0,True,eligible
NE-RSN1584,12,0,True,eligible
TH-PCRR0020,12,0,True,eligible
SW-RSN0023,12,0,True,eligible
MD-SSN1320,12,0,True,eligible
NE-49000382,12,0,True,eligible
NW-SSN0502,12,0,True,eligible
MD-37421000,12,0,True,eligible
SW-72940404,12,0,True,eligible
SW-RSN0765,12,0,True,eligible
NE-49800228,12,0,True,eligible
MD-57407350,12,0,True,eligible
MD-12036180,12,0,True,eligible
SW-70630288,12,0,True,eligible
AN-GIP146,12,0,True,eligible
MD-57404850,1,11,False,fewer_than_9_observed
AN-DSOLDSMB,12,0,True,eligible
MD-74358180,12,0,True,eligible
SW-RSN0007,12,0,True,eligible
AN-SSN1499,12,0,True,eligible
NE-SSN1382,12,0,True,eligible
SW-70541602,12,0,True,eligible
MD-46250980,12,0,True,eligible
SW-82310176,8,4,False,fewer_than_9_observed
NW-SSN0714,12,0,True,eligible
NW-88025802,12,0,True,eligible
MD-07957180,12,0,True,eligible
SO-F0003014,12,0,True,eligible
NW-88000873,12,0,True,eligible
SW-81201470,12,0,True,eligible
NW-RSN0728,12,0,True,eligible
NE-49905219,4,8,False,fewer_than_9_observed
SO-RSN1617,12,0,True,eligible
NE-49302117,10,2,True,eligible
NE-49000778,12,0,True,eligible
SO-G0003918,12,0,True,eligible
SW-73040102,12,0,True,eligible
SW-82111503,12,0,True,eligible
SW-RSN1267,12,0,True,eligible
SW-RSN2221,12,0,True,eligible
MD-RSN1516,12,0,True,eligible
TH-RSN0545,12,0,True,eligible
SW-50281619,12,0,True,eligible
NE-SSN1313,12,0,True,eligible
MD-15479040,1,11,False,fewer_than_9_observed
NW-88000662,12,0,True,eligible
NW-88002113,12,0,True,eligible
NW-88002056,12,0,True,eligible
AN-44M06,12,0,True,eligible
NW-RSN1684,12,0,True,eligible
NW-88003949,12,0,True,eligible
AN-12M03,12,0,True,eligible
MD-SSN0488,12,0,True,eligible
NE-49302349,12,0,True,eligible
NW-88005124,12,0,True,eligible
MD-47519500,12,0,True,eligible
SW-T1000068,12,0,True,eligible
MD-28570210,12,0,True,eligible
NE-49301456,12,0,True,eligible
SW-82312304,12,0,True,eligible
AN-37M14,12,0,True,eligible
NW-88004587,12,0,True,eligible
SW-82110151,8,4,False,fewer_than_9_observed
NE-SSN0485,12,0,True,eligible
TH-PCHR0271,12,0,True,eligible
AN-EYEB070A,12,0,True,eligible
SW-50820104,12,0,True,eligible
SW-81310293,8,4,False,fewer_than_9_observed
SW-RSN0563,12,0,True,eligible
AN-CHK060,12,0,True,eligible
MD-11740030,12,0,True,eligible
MD-04796980,12,0,True,eligible
AN-48M52,12,0,True,eligible
SW-73020127,12,0,True,eligible
SW-91253460,8,4,False,fewer_than_9_observed
SW-50830205,12,0,True,eligible
NW-88002065,12,0,True,eligible
NE-49200137,12,0,True,eligible
SW-RSN0467,12,0,True,eligible
SW-81930150,9,3,True,eligible
NE-49500292,12,0,True,eligible
SW-81916017,12,0,True,eligible
SO-SSN0414,12,0,True,eligible
SW-73063264,9,3,True,eligible
NW-88024184,9,3,True,eligible
TH-PBRR0011,12,0,True,eligible
NW-88002367,12,0,True,eligible
NE-49800249,12,0,True,eligible
SO-E0004847,12,0,True,eligible
NE-SSN0021,12,0,True,eligible
MD-29614590,10,2,True,eligible
AN-WOOT060H,12,0,True,eligible
SW-81940468,9,3,True,eligible
SW-81940411,12,0,True,eligible
SW-81810719,3,9,False,fewer_than_9_observed
MD-08017220,12,0,True,eligible
NW-RSN1300,12,0,True,eligible
AN-STON040T,12,0,True,eligible
MD-09882890,12,0,True,eligible
SW-RSN2253,12,0,True,eligible
AN-MD01,12,0,True,eligible
NE-RSN2196,12,0,True,eligible
MD-24239300,12,0,True,eligible
AN-CASTLEDK,12,0,True,eligible
SW-81223351,8,4,False,fewer_than_9_observed
SW-60030149,7,5,False,fewer_than_9_observed
NW-88003435,12,0,True,eligible
AN-BROCK1,12,0,True,eligible
NW-88005850,12,0,True,eligible
SW-81121431,12,0,True,eligible
NW-88002279,12,0,True,eligible
MD-49401050,12,0,True,eligible
MD-61676550,12,0,True,eligible
SW-60030150,7,5,False,fewer_than_9_observed
SW-RSN0019,12,0,True,eligible
SW-81940420,9,3,True,eligible
NE-49100163,12,0,True,eligible
MD-29992580,12,0,True,eligible
MD-53119300,12,0,True,eligible
NW-SSN0082,12,0,True,eligible
SO-F0002534,12,0,True,eligible
SO-F0017657,12,0,True,eligible
MD-10416140,12,0,True,eligible
MD-50305850,12,0,True,eligible
AN-RSN0980,12,0,True,eligible
SW-70811778,12,0,True,eligible
AN-BEL060,12,0,True,eligible
NE-RSN0511,12,0,True,eligible
NW-RSN0523,12,0,True,eligible
MD-57795620,0,12,False,zero_observed_features
AN-YAR220,12,0,True,eligible
MD-C0000030,12,0,True,eligible
SW-Z1010706,12,0,True,eligible
TH-PRGR0032,12,0,True,eligible
SW-73020110,12,0,True,eligible
AN-NENE030D,12,0,True,eligible
NW-RSN0136,12,0,True,eligible
TH-PUTR0086,12,0,True,eligible
AN-CREB100C,12,0,True,eligible
MD-50901380,1,11,False,fewer_than_9_observed
MD-RSN0526,12,0,True,eligible
NW-88003536,12,0,True,eligible
TH-PWER0027,12,0,True,eligible
NE-49301577,12,0,True,eligible
MD-71204190,12,0,True,eligible
MD-22932250,12,0,True,eligible
MD-58807200,12,0,True,eligible
MD-39481620,12,0,True,eligible
SW-50342808,12,0,True,eligible
AN-TUD070,12,0,True,eligible
MD-25749650,8,4,False,fewer_than_9_observed
SW-82010140,12,0,True,eligible
TH-RSN0505,12,0,True,eligible
SO-Y0004402,12,0,True,eligible
NE-49301133,12,0,True,eligible
MD-RSN0318,12,0,True,eligible
NW-SSN0730,12,0,True,eligible
MD-83852117,11,1,True,eligible
MD-41296200,12,0,True,eligible
AN-HUNHILRB,2,10,False,fewer_than_9_observed
NW-88002872,12,0,True,eligible
NW-88022382,12,0,True,eligible
NW-88023150,12,0,True,eligible
AN-RSN0721,12,0,True,eligible
AN-STON030M,12,0,True,eligible
SW-82210980,1,11,False,fewer_than_9_observed
NW-88002360,12,0,True,eligible
MD-48426095,1,11,False,fewer_than_9_observed
AN-04M05,12,0,True,eligible
SW-Z4170101,12,0,True,eligible
SW-81950899,8,4,False,fewer_than_9_observed
SO-G0006987,12,0,True,eligible
NW-88006479,12,0,True,eligible
MD-RSN0830,12,0,True,eligible
SO-RSN0809,12,0,True,eligible
SW-RSN0147,11,1,True,eligible
SW-SSN0724,12,0,True,eligible
NE-49700382,12,0,True,eligible
AN-CROOKEDB,12,0,True,eligible
MD-RSN0122,12,0,True,eligible
MD-00259340,12,0,True,eligible
AN-HOGD110R,12,0,True,eligible
AN-02M25,12,0,True,eligible
NE-SSN0045,12,0,True,eligible
SW-Z9390201,12,0,True,eligible
AN-RISE180G,12,0,True,eligible
NW-88005588,12,0,True,eligible
NW-88006306,12,0,True,eligible
SW-SSN0508,11,1,True,eligible
SW-82510102,12,0,True,eligible
NE-49100630,12,0,True,eligible
TH-RSN0962,12,0,True,eligible
NW-88003438,12,0,True,eligible
NE-49500726,12,0,True,eligible
SO-RSN1213,12,0,True,eligible
NW-SSN1418,12,0,True,eligible
NE-49400311,12,0,True,eligible
MD-12178180,12,0,True,eligible
MD-58496180,12,0,True,eligible
SO-G0006963,12,0,True,eligible
SW-E3160500,12,0,True,eligible
SW-RSN0346,12,0,True,eligible
NW-88024183,12,0,True,eligible
AN-WERR200I,12,0,True,eligible
MD-46388580,12,0,True,eligible
SW-50361118,12,0,True,eligible
NW-88004073,12,0,True,eligible
MD-37267600,12,0,True,eligible
NE-49100544,12,0,True,eligible
AN-BL10,12,0,True,eligible
AN-36M07,12,0,True,eligible
SW-72937708,12,0,True,eligible
AN-48M51,12,0,True,eligible
MD-64496050,12,0,True,eligible
SO-E0001260,12,0,True,eligible
NE-49400826,12,0,True,eligible
TH-PLER0123,12,0,True,eligible
NE-49900196,12,0,True,eligible
MD-04778460,12,0,True,eligible
MD-37849950,12,0,True,eligible
TH-PWRR0021,12,0,True,eligible
TH-PLDR0019,12,0,True,eligible
SW-50350235,12,0,True,eligible
MD-25749100,8,4,False,fewer_than_9_observed
NW-88015476,12,0,True,eligible
NE-49000063,12,0,True,eligible
MD-45646150,12,0,True,eligible
MD-48942750,12,0,True,eligible
SW-82210130,12,0,True,eligible
NW-88002094,12,0,True,eligible
NW-88006482,6,6,False,fewer_than_9_observed
NW-88023773,12,0,True,eligible
AN-FBRO100F,12,0,True,eligible
MD-05348020,12,0,True,eligible
NW-88002852,12,0,True,eligible
NW-88006393,12,0,True,eligible
SO-E0000959,12,0,True,eligible
SW-81950704,1,11,False,fewer_than_9_observed
AN-SPRA060S,12,0,True,eligible
MD-RSN0518,12,0,True,eligible
SO-F0002506,12,0,True,eligible
AN-HD0120,12,0,True,eligible
NW-88002751,12,0,True,eligible
AN-06M29,1,11,False,fewer_than_9_observed
SW-RSN0941,12,0,True,eligible
SO-SSN0715,12,0,True,eligible
SW-81281105,12,0,True,eligible
SW-91253450,8,4,False,fewer_than_9_observed
AN-DEB090,12,0,True,eligible
SW-Z1010501,12,0,True,eligible
NE-RSN1744,12,0,True,eligible
NE-49905045,12,0,True,eligible
SW-RSN1293,12,0,True,eligible
SO-E0001262,12,0,True,eligible
MD-SSN1292,12,0,True,eligible
MD-61079610,12,0,True,eligible
SO-G0003669,12,0,True,eligible
MD-48883180,12,0,True,eligible
MD-79440290,8,4,False,fewer_than_9_observed
MD-49712380,12,0,True,eligible
AN-RSN1565,12,0,True,eligible
AN-DEB085,12,0,True,eligible
SW-81202020,12,0,True,eligible
SW-RSN2175,12,0,True,eligible
NW-88006313,12,0,True,eligible
MD-10461800,12,0,True,eligible
NW-88002672,12,0,True,eligible
NW-RSN1999,11,1,True,eligible
SO-F0017549,12,0,True,eligible
SW-50901590,12,0,True,eligible
TH-RSN0858,12,0,True,eligible
NW-88002324,12,0,True,eligible
AN-HOLL100C,12,0,True,eligible
AN-03M04,12,0,True,eligible
AN-SSN0126,12,0,True,eligible
AN-RSN0450,12,0,True,eligible
TH-PRTS0065,12,0,True,eligible
MD-SSN0652,12,0,True,eligible
AN-RSN0049,12,0,True,eligible
NW-88025761,12,0,True,eligible
SW-91252515,8,4,False,fewer_than_9_observed
MD-50900495,12,0,True,eligible
TH-RSN0274,12,0,True,eligible
SW-RSN2045,12,0,True,eligible
MD-RSN0326,12,0,True,eligible
SO-E0000629,12,0,True,eligible
MD-25332325,8,4,False,fewer_than_9_observed
SW-70240270,12,0,True,eligible
SW-81010640,6,6,False,fewer_than_9_observed
AN-DIGFNBIL,12,0,True,eligible
SO-G0003761,12,0,True,eligible
TH-PRTS0662,12,0,True,eligible
SW-82410782,4,8,False,fewer_than_9_observed
NW-88022581,9,3,True,eligible
NW-88002568,12,0,True,eligible
MD-46713440,12,0,True,eligible
AN-CD0148,12,0,True,eligible
MD-12813020,12,0,True,eligible
NE-49900183,12,0,True,eligible
NW-88000754,12,0,True,eligible
AN-MOUL080M,12,0,True,eligible
TH-PTHR0038,12,0,True,eligible
SW-50340920,12,0,True,eligible
SO-E0000909,12,0,True,eligible
SW-60031280,12,0,True,eligible
MD-RSN1762,12,0,True,eligible
NW-RSN1700,12,0,True,eligible
NE-49405138,12,0,True,eligible
MD-24747580,12,0,True,eligible
NW-88001879,12,0,True,eligible
NE-49400701,4,8,False,fewer_than_9_observed
MD-60387900,12,0,True,eligible
NW-RSN0472,12,0,True,eligible
SO-F0017546,12,0,True,eligible
NE-49300217,12,0,True,eligible
SW-60140325,12,0,True,eligible
SW-50310190,12,0,True,eligible
MD-36732370,12,0,True,eligible
AN-GIP180,12,0,True,eligible
SW-82311938,8,4,False,fewer_than_9_observed
AN-CHAT100U,12,0,True,eligible
TH-PTAR0022,12,0,True,eligible
NE-49900184,12,0,True,eligible
MD-63081350,12,0,True,eligible
NE-RSN0196,12,0,True,eligible
MD-55724900,12,0,True,eligible
NE-49600480,12,0,True,eligible
SW-82311733,1,11,False,fewer_than_9_observed
NE-49905221,4,8,False,fewer_than_9_observed
SO-G0003890,12,0,True,eligible
NW-88002001,12,0,True,eligible
AN-RUNFURWS,12,0,True,eligible
SW-81520348,12,0,True,eligible
NW-88003441,12,0,True,eligible
AN-RSN1609,12,0,True,eligible
SW-81610221,12,0,True,eligible
SO-G0004188,12,0,True,eligible
NW-88003452,12,0,True,eligible
SO-E0000851,12,0,True,eligible
SO-G0006983,12,0,True,eligible
NW-88000629,12,0,True,eligible
SW-RSN2251,12,0,True,eligible
SW-81950522,12,0,True,eligible
NW-RSN1127,12,0,True,eligible
MD-47233820,12,0,True,eligible
NW-88004011,12,0,True,eligible
MD-37572590,9,3,True,eligible
SW-70230174,12,0,True,eligible
SW-A2270401,12,0,True,eligible
SW-70501840,12,0,True,eligible
SW-E1390400,12,0,True,eligible
TH-PWER0015,12,0,True,eligible
NE-49301683,12,0,True,eligible
NW-88023686,12,0,True,eligible
NE-49705126,4,8,False,fewer_than_9_observed
MD-10932140,12,0,True,eligible
NE-49105169,12,0,True,eligible
AN-NENE170B,12,0,True,eligible
SW-73110903,12,0,True,eligible
SW-82530105,12,0,True,eligible
AN-SSN0483,12,0,True,eligible
SO-E0007346,12,0,True,eligible
NW-88000875,12,0,True,eligible
NW-88004995,12,0,True,eligible
SO-G0006946,12,0,True,eligible
NW-88003485,12,0,True,eligible
TH-SSN1491,12,0,True,eligible
NE-49700247,12,0,True,eligible
AN-TIF070,12,0,True,eligible
NW-RSN0299,12,0,True,eligible
NE-49100400,12,0,True,eligible
SO-G0004021,12,0,True,eligible
NE-49401025,12,0,True,eligible
TH-RSN0289,12,0,True,eligible
MD-06110900,9,3,True,eligible
NW-88005012,12,0,True,eligible
MD-RSN1810,12,0,True,eligible
SO-E0000695,12,0,True,eligible
TH-PWER0026,12,0,True,eligible
AN-26M34,12,0,True,eligible
MD-00052182,12,0,True,eligible
TH-RSN0097,12,0,True,eligible
NE-49300684,12,0,True,eligible
SO-G0003947,12,0,True,eligible
AN-GLEBE005,4,8,False,fewer_than_9_observed
MD-03015120,12,0,True,eligible
AN-FRES5A,12,0,True,eligible
SW-70220119,12,0,True,eligible
AN-METHRGAM,12,0,True,eligible
NE-49900003,12,0,True,eligible
AN-BT0125,12,0,True,eligible
AN-RSN2033,12,0,True,eligible
MD-28071200,12,0,True,eligible
AN-NEWDIKE,12,0,True,eligible
AN-51M01,12,0,True,eligible
SW-70231940,12,0,True,eligible
SW-91221750,12,0,True,eligible
NW-88024210,12,0,True,eligible
NW-RSN1251,11,1,True,eligible
NE-RSN1632,12,0,True,eligible
SO-E0004843,12,0,True,eligible
NW-88000616,12,0,True,eligible
AN-HOBD6,12,0,True,eligible
NE-RSN0764,12,0,True,eligible
SO-E0000478,12,0,True,eligible
SW-73060230,12,0,True,eligible
AN-WAV118,12,0,True,eligible
SW-82011025,12,0,True,eligible
NE-49600137,12,0,True,eligible
NW-88002631,12,0,True,eligible
NE-49500037,12,0,True,eligible
NW-88004930,12,0,True,eligible
SW-82111612,12,0,True,eligible
MD-08100050,12,0,True,eligible
SW-91241171,12,0,True,eligible
TH-PRTS0038,12,0,True,eligible
MD-28468300,12,0,True,eligible
MD-45379020,12,0,True,eligible
MD-28388360,12,0,True,eligible
SW-81310288,12,0,True,eligible
TH-PTHR0032,12,0,True,eligible
SW-81522305,1,11,False,fewer_than_9_observed
TH-PCHR0157,12,0,True,eligible
AN-HARR070C,12,0,True,eligible
MD-19235200,9,3,True,eligible
AN-59M15,12,0,True,eligible
TH-RSN0977,12,0,True,eligible
NW-88002523,12,0,True,eligible
SW-50210705,12,0,True,eligible
MD-46986050,12,0,True,eligible
AN-34M02,12,0,True,eligible
NE-41000038,12,0,True,eligible
SO-Y0004370,12,0,True,eligible
NW-88002007,12,0,True,eligible
NW-88000708,12,0,True,eligible
SO-RSN0501,12,0,True,eligible
MD-37267170,12,0,True,eligible
AN-RSN1772,12,0,True,eligible
NE-49700224,12,0,True,eligible
AN-37M15,12,0,True,eligible
AN-CHAT020L,3,9,False,fewer_than_9_observed
NW-88000820,12,0,True,eligible
NW-88004024,12,0,True,eligible
AN-RSN0206,12,0,True,eligible
NW-RSN2292,12,0,True,eligible
TH-PUTR0117,12,0,True,eligible
AN-CL0851,12,0,True,eligible
MD-59006100,12,0,True,eligible
NE-49705107,12,0,True,eligible
NE-RSN0900,12,0,True,eligible
MD-58470770,12,0,True,eligible
NE-SSN0517,12,0,True,eligible
SO-RSN1729,12,0,True,eligible
MD-54364800,12,0,True,eligible
SW-70221203,12,0,True,eligible
AN-NENE110N,12,0,True,eligible
MD-04851780,12,0,True,eligible
SW-Z1160102,12,0,True,eligible
NW-88006396,12,0,True,eligible
NW-88006402,12,0,True,eligible
NE-49301948,6,6,False,fewer_than_9_observed
AN-BAINUSDB,12,0,True,eligible
MD-RSN1982,12,0,True,eligible
SW-50230145,12,0,True,eligible
TH-PTAR0107,12,0,True,eligible
NW-88002513,12,0,True,eligible
NW-88000653,12,0,True,eligible
SW-73040178,12,0,True,eligible
SW-RSN0131,12,0,True,eligible
SW-50350414,12,0,True,eligible
NE-49100373,12,0,True,eligible
MD-51700150,12,0,True,eligible
TH-PRVR0030,12,0,True,eligible
MD-14137880,12,0,True,eligible
AN-ANCOC,12,0,True,eligible
MD-70257580,12,0,True,eligible
AN-THUR050T,12,0,True,eligible
NE-SSN0661,12,0,True,eligible
SO-RSN0217,12,0,True,eligible
NW-88004023,12,0,True,eligible
AN-CL08,12,0,True,eligible
NE-49700169,12,0,True,eligible
TH-PCHR0160,12,0,True,eligible
NE-49301476,12,0,True,eligible
NW-88001992,12,0,True,eligible
AN-BT0164,12,0,True,eligible
NE-49300539,12,0,True,eligible
MD-51657015,10,2,True,eligible
TH-PMLR0232,12,0,True,eligible
NW-88009907,12,0,True,eligible
AN-WOOT500K,12,0,True,eligible
TH-PCHR0051,12,0,True,eligible
NE-49000137,12,0,True,eligible
AN-DEB070,12,0,True,eligible
SW-50210316,12,0,True,eligible
NW-88001946,12,0,True,eligible
MD-27300203,12,0,True,eligible
SW-50350104,12,0,True,eligible
NE-49905165,12,0,True,eligible
MD-39324200,8,4,False,fewer_than_9_observed
NE-49800132,12,0,True,eligible
TH-PBNR0005,4,8,False,fewer_than_9_observed
SW-60010144,12,0,True,eligible
NW-88005673,12,0,True,eligible
MD-50896620,12,0,True,eligible
TH-PKER0014,6,6,False,fewer_than_9_observed
AN-RSN0357,12,0,True,eligible
SW-81211236,12,0,True,eligible
AN-SSN1379,12,0,True,eligible
NW-88023119,12,0,True,eligible
SO-G0003935,12,0,True,eligible
NW-RSN0107,12,0,True,eligible
MD-51524050,9,3,True,eligible
MD-60387650,12,0,True,eligible
AN-EST010,12,0,True,eligible
SW-70641065,12,0,True,eligible
MD-45223180,12,0,True,eligible
SW-Z1012004,12,0,True,eligible
NE-49500282,12,0,True,eligible
NW-88024656,12,0,True,eligible
AN-FODD9,12,0,True,eligible
SW-50280585,12,0,True,eligible
MD-RSN0116,12,0,True,eligible
SW-RSN0583,12,0,True,eligible
SW-RSN0611,12,0,True,eligible
SW-81210103,4,8,False,fewer_than_9_observed
NW-88002867,12,0,True,eligible
TH-PMLR0022,12,0,True,eligible
MD-54141150,12,0,True,eligible
AN-35M37,12,0,True,eligible
SW-70410301,0,12,False,zero_observed_features
NW-88000860,12,0,True,eligible
AN-SSN0196,12,0,True,eligible
TH-PCRR0067,12,0,True,eligible
MD-39067500,12,0,True,eligible
TH-PWER0126,12,0,True,eligible
NE-RSN0112,12,0,True,eligible
SW-60100005,12,0,True,eligible
AN-BUR070,12,0,True,eligible
SO-E0007347,12,0,True,eligible
NE-49800101,12,0,True,eligible
AN-ORE040,12,0,True,eligible
AN-27M06,12,0,True,eligible
NW-88006238,12,0,True,eligible
SO-E0007035,12,0,True,eligible
MD-52788150,8,4,False,fewer_than_9_observed
NE-49600123,12,0,True,eligible
NE-49900186,12,0,True,eligible
AN-CL0870,12,0,True,eligible
NE-49200136,12,0,True,eligible
NW-88002344,12,0,True,eligible
NW-88002249,12,0,True,eligible
SO-E0000881,12,0,True,eligible
NW-88002296,12,0,True,eligible
TH-PUTR0361,12,0,True,eligible
NE-41000032,12,0,True,eligible
MD-56015100,12,0,True,eligible
NE-49700084,12,0,True,eligible
SO-G0003851,12,0,True,eligible
SW-72920121,12,0,True,eligible
SW-72940327,1,11,False,fewer_than_9_observed
NE-41000376,12,0,True,eligible
NE-49603067,12,0,True,eligible
SW-60270733,12,0,True,eligible
NE-49301961,12,0,True,eligible
NE-49100548,12,0,True,eligible
NW-88022625,12,0,True,eligible
SW-70231462,12,0,True,eligible
NW-SSN1414,12,0,True,eligible
TH-PLER0117,12,0,True,eligible
MD-61674850,12,0,True,eligible
NE-49500600,12,0,True,eligible
NE-49705106,12,0,True,eligible
AN-RH0210,12,0,True,eligible
NE-SSN1509,12,0,True,eligible
MD-78121120,8,4,False,fewer_than_9_observed
AN-WADINBCK,12,0,True,eligible
NW-88003869,12,0,True,eligible
SW-70420261,12,0,True,eligible
SW-70630113,12,0,True,eligible
NW-88000755,12,0,True,eligible
NE-49200049,12,0,True,eligible
NE-RSN2324,12,0,True,eligible
SO-RSN2285,12,0,True,eligible
MD-47515180,12,0,True,eligible
SW-Z2040109,12,0,True,eligible
SW-SSN1380,12,0,True,eligible
NW-88001818,12,0,True,eligible
SW-RSN1195,12,0,True,eligible
MD-00055460,12,0,True,eligible
AN-RR0108,12,0,True,eligible
AN-RSN0453,12,0,True,eligible
SW-RSN1643,11,1,True,eligible
NE-49700268,12,0,True,eligible
AN-SBDTET,12,0,True,eligible
SO-F0003107,12,0,True,eligible
TH-SSN1403,12,0,True,eligible
SO-Y0004418,12,0,True,eligible
NW-88025697,3,9,False,fewer_than_9_observed
TH-PTHR0186,12,0,True,eligible
SW-81811108,12,0,True,eligible
AN-45M02A,12,0,True,eligible
SW-SSN1328,12,0,True,eligible
AN-WITH13,12,0,True,eligible
NW-88000614,12,0,True,eligible
SW-RSN0167,12,0,True,eligible
SW-50830166,12,0,True,eligible
AN-HUSBOWE1,10,2,True,eligible
MD-26950820,12,0,True,eligible
AN-WOLD3,12,0,True,eligible
SW-81940837,12,0,True,eligible
SW-82610558,12,0,True,eligible
MD-46265220,12,0,True,eligible
NE-49302159,12,0,True,eligible
SW-E3181450,12,0,True,eligible
SW-82611150,12,0,True,eligible
SW-82211945,1,11,False,fewer_than_9_observed
NW-88001841,12,0,True,eligible
SW-81710121,8,4,False,fewer_than_9_observed
AN-YAR266D,12,0,True,eligible
AN-04M13,11,1,True,eligible
MD-37156018,1,11,False,fewer_than_9_observed
AN-RSN1692,12,0,True,eligible
NE-RSN0092,12,0,True,eligible
SW-70633212,4,8,False,fewer_than_9_observed
MD-46252580,12,0,True,eligible
NE-49905170,4,8,False,fewer_than_9_observed
SW-91241749,12,0,True,eligible
MD-28431400,12,0,True,eligible
AN-12M27,12,0,True,eligible
NW-88023671,8,4,False,fewer_than_9_observed
SW-72930250,12,0,True,eligible
AN-BRAM080B,12,0,True,eligible
MD-28064500,8,4,False,fewer_than_9_observed
MD-37256600,12,0,True,eligible
AN-HYKEROAD,12,0,True,eligible
TH-PCNR0072,12,0,True,eligible
MD-RSN0308,12,0,True,eligible
SW-RSN0659,12,0,True,eligible
MD-65796185,12,0,True,eligible
SO-F0002493,12,0,True,eligible
MD-11562180,12,0,True,eligible
AN-58M03,12,0,True,eligible
MD-04465640,12,0,True,eligible
NE-RSN0276,12,0,True,eligible
MD-00024062,12,0,True,eligible
MD-38475950,12,0,True,eligible
MD-45214350,12,0,True,eligible
AN-CHAT130F,12,0,True,eligible
NE-49800251,9,3,True,eligible
SW-70920142,12,0,True,eligible
NW-RSN0984,12,0,True,eligible
NE-RSN1080,12,0,True,eligible
AN-HELPREAU,12,0,True,eligible
NE-49705098,12,0,True,eligible
NW-88006367,12,0,True,eligible
SW-70591079,12,0,True,eligible
MD-37422780,12,0,True,eligible
AN-RSN0852,12,0,True,eligible
SW-RSN1691,11,1,True,eligible
SW-70630270,12,0,True,eligible
MD-46986400,12,0,True,eligible
NE-49500621,12,0,True,eligible
MD-36735800,12,0,True,eligible
NW-88006362,12,0,True,eligible
NE-49105009,5,7,False,fewer_than_9_observed
MD-51314020,12,0,True,eligible
MD-RSN0906,12,0,True,eligible
SO-Y0004483,12,0,True,eligible
AN-DSOLDBGK,12,0,True,eligible
SW-81950594,12,0,True,eligible
MD-23596120,12,0,True,eligible
AN-RSN1785,12,0,True,eligible
SW-70501104,12,0,True,eligible
NW-88003492,12,0,True,eligible
MD-78716190,8,4,False,fewer_than_9_observed
SW-60030166,12,0,True,eligible
MD-14208020,12,0,True,eligible
SO-RSN0421,12,0,True,eligible
NE-49600470,12,0,True,eligible
NE-49700385,12,0,True,eligible
SW-82528005,11,1,True,eligible
MD-37737180,11,1,True,eligible
NE-49400245,12,0,True,eligible
SO-G0003766,12,0,True,eligible
SW-81281161,12,0,True,eligible
MD-RSN0968,12,0,True,eligible
NE-49505157,12,0,True,eligible
AN-SFFT5,12,0,True,eligible
MD-29577380,12,0,True,eligible
SO-E0001551,12,0,True,eligible
MD-RSN0970,12,0,True,eligible
NE-SSN0405,12,0,True,eligible
TH-PRTS0661,12,0,True,eligible
MD-53963150,12,0,True,eligible
NW-88003542,12,0,True,eligible
AN-SLEA8,12,0,True,eligible
SW-81950886,12,0,True,eligible
SW-60590407,12,0,True,eligible
SW-70591215,12,0,True,eligible
MD-53175781,1,11,False,fewer_than_9_observed
AN-37M04,12,0,True,eligible
NW-88004371,12,0,True,eligible
SW-RSN0237,12,0,True,eligible
AN-LUDO9,12,0,True,eligible
AN-NLMD001C,12,0,True,eligible
SW-91253453,8,4,False,fewer_than_9_observed
MD-41105220,12,0,True,eligible
SO-G0003647,12,0,True,eligible
MD-10927160,12,0,True,eligible
NW-88003818,12,0,True,eligible
MD-45646395,12,0,True,eligible
AN-11M31,12,0,True,eligible
SW-91221108,12,0,True,eligible
NW-88003872,12,0,True,eligible
TH-RSN1522,12,0,True,eligible
NE-49301717,12,0,True,eligible
MD-RSN1651,12,0,True,eligible
MD-19236450,4,8,False,fewer_than_9_observed
MD-26947700,12,0,True,eligible
MD-08018640,12,0,True,eligible
MD-46678660,12,0,True,eligible
SO-E0007355,8,4,False,fewer_than_9_observed
AN-37M30,1,11,False,fewer_than_9_observed
NW-88000594,12,0,True,eligible
SW-50590188,12,0,True,eligible
AN-USBCOGLE,12,0,True,eligible
SO-E0000818,12,0,True,eligible
MD-H0000072,12,0,True,eligible
MD-39683020,12,0,True,eligible
MD-61471060,12,0,True,eligible
AN-FRO020,12,0,True,eligible
TH-RSN2010,12,0,True,eligible
MD-12616850,12,0,True,eligible
SW-Z1460136,12,0,True,eligible
NW-88006316,12,0,True,eligible
NW-88015585,0,12,False,zero_observed_features
TH-PUTR0081,12,0,True,eligible
SW-91221755,12,0,True,eligible
NE-49500577,12,0,True,eligible
SW-RSN0909,12,0,True,eligible
NE-49400718,12,0,True,eligible
SO-E0000906,12,0,True,eligible
SW-70561005,12,0,True,eligible
MD-37118020,12,0,True,eligible
MD-39322060,12,0,True,eligible
MD-54085180,12,0,True,eligible
NE-45600137,1,11,False,fewer_than_9_observed
MD-48426050,12,0,True,eligible
NW-88023170,7,5,False,fewer_than_9_observed
TH-RSN0562,12,0,True,eligible
MD-64496820,12,0,True,eligible
SW-50904444,10,2,True,eligible
TH-PTHR0107,12,0,True,eligible
SW-81121470,2,10,False,fewer_than_9_observed
NE-49800065,12,0,True,eligible
NW-88023152,12,0,True,eligible
MD-29577500,12,0,True,eligible
MD-36745280,12,0,True,eligible
AN-FLTTNSPR,12,0,True,eligible
AN-RSN1969,12,0,True,eligible
SW-70723535,12,0,True,eligible
NW-RSN0156,12,0,True,eligible
AN-GAYTONDS,12,0,True,eligible
TH-PUTR0250,12,0,True,eligible
NW-88006319,12,0,True,eligible
NE-49105228,12,0,True,eligible
SW-81610186,12,0,True,eligible
AN-SHIREDYK,10,2,True,eligible
SO-E0000540,12,0,True,eligible
TH-PCHR0031,12,0,True,eligible
AN-LUD01,12,0,True,eligible
MD-67620110,12,0,True,eligible
NE-49600174,12,0,True,eligible
SO-F0002238,12,0,True,eligible
SW-RSN0483,12,0,True,eligible
AN-23M01,12,0,True,eligible
NW-88022772,11,1,True,eligible
AN-STF030,5,7,False,fewer_than_9_observed
TH-PLDR0020,12,0,True,eligible
MD-46289020,12,0,True,eligible
NW-SSN0010,12,0,True,eligible
AN-34M12,12,0,True,eligible
SW-81250180,12,0,True,eligible
NW-88002520,12,0,True,eligible
SW-81112220,1,11,False,fewer_than_9_observed
SW-RSN0409,12,0,True,eligible
SW-82310577,12,0,True,eligible
MD-45220500,12,0,True,eligible
AN-RSN0037,12,0,True,eligible
SW-E4330900,12,0,True,eligible
NW-88025748,12,0,True,eligible
MD-60864380,12,0,True,eligible
NW-88005841,12,0,True,eligible
MD-56090950,12,0,True,eligible
NW-88004613,12,0,True,eligible
AN-BL06,12,0,True,eligible
AN-NLMD010T,12,0,True,eligible
NW-88002735,12,0,True,eligible
NE-49400102,12,0,True,eligible
SW-50210770,12,0,True,eligible
SW-RSN0359,12,0,True,eligible
NW-88002072,12,0,True,eligible
SO-F0002167,12,0,True,eligible
MD-51707350,10,2,True,eligible
SW-70571910,9,3,True,eligible
NE-RSN0688,12,0,True,eligible
SW-70551205,12,0,True,eligible
MD-29007320,12,0,True,eligible
NW-88005844,12,0,True,eligible
NW-88002071,12,0,True,eligible
NW-88001923,12,0,True,eligible
SO-SSN0186,12,0,True,eligible
SW-RSN0471,12,0,True,eligible
SW-RSN2323,11,1,True,eligible
SW-E1382600,12,0,True,eligible
AN-RSN0704,12,0,True,eligible
NE-49305364,12,0,True,eligible
SW-82221837,4,8,False,fewer_than_9_observed
NW-88002010,12,0,True,eligible
NE-49100488,12,0,True,eligible
AN-LUDO6,12,0,True,eligible
AN-RSN0192,12,0,True,eligible
SW-81251510,8,4,False,fewer_than_9_observed
NE-49900203,12,0,True,eligible
SW-RSN1987,12,0,True,eligible
AN-CA03,12,0,True,eligible
NE-49302140,9,3,True,eligible
MD-15785620,12,0,True,eligible
SW-Z1460101,12,0,True,eligible
TH-RSN0781,12,0,True,eligible
SW-73060704,12,0,True,eligible
MD-09072100,12,0,True,eligible
NE-SSN0677,12,0,True,eligible
NW-88013781,2,10,False,fewer_than_9_observed
AN-RSN0213,12,0,True,eligible
SW-E2031200,12,0,True,eligible
AN-50M02,12,0,True,eligible
TH-RSN0297,12,0,True,eligible
AN-RSN1766,12,0,True,eligible
MD-38481980,12,0,True,eligible
SW-82312340,9,3,True,eligible
MD-SSN0719,12,0,True,eligible
SW-70512009,12,0,True,eligible
SW-81610320,4,8,False,fewer_than_9_observed
NE-49105200,12,0,True,eligible
SW-SSN0112,12,0,True,eligible
NW-88003464,12,0,True,eligible
SW-82410633,12,0,True,eligible
AN-16M06,12,0,True,eligible
TH-POCR0011,12,0,True,eligible
MD-28272300,12,0,True,eligible
AN-52M05,12,0,True,eligible
NW-88021071,12,0,True,eligible
AN-RSN2137,12,0,True,eligible
MD-67808020,12,0,True,eligible
NE-49700392,12,0,True,eligible
MD-39371130,12,0,True,eligible
NE-49100401,12,0,True,eligible
SO-RSN0649,12,0,True,eligible
SO-F0002151,12,0,True,eligible
AN-TIF050,12,0,True,eligible
SW-81223346,8,4,False,fewer_than_9_observed
NW-88023732,11,1,True,eligible
NW-88010048,12,0,True,eligible
NW-RSN1280,12,0,True,eligible
MD-52821150,12,0,True,eligible
SO-G0006947,12,0,True,eligible
SW-82528098,12,0,True,eligible
SW-E4004200,12,0,True,eligible
SW-82311939,12,0,True,eligible
NE-49000686,9,3,True,eligible
SW-72910721,12,0,True,eligible
AN-MAINDRN,12,0,True,eligible
TH-PLDR0001,12,0,True,eligible
NW-RSN0476,12,0,True,eligible
MD-11108140,12,0,True,eligible
SO-E0000900,12,0,True,eligible
AN-EYEB030G,12,0,True,eligible
SO-G0004148,12,0,True,eligible
AN-SB01,12,0,True,eligible
SW-60400146,12,0,True,eligible
NW-88004549,12,0,True,eligible
NE-49100395,12,0,True,eligible
TH-PKER0337,12,0,True,eligible
NE-49905229,4,8,False,fewer_than_9_observed
AN-16M16,12,0,True,eligible
MD-58785260,12,0,True,eligible
NE-49301628,12,0,True,eligible
MD-29742230,12,0,True,eligible
SW-50221210,12,0,True,eligible
AN-TRIBRAM,12,0,True,eligible
NE-49500517,8,4,False,fewer_than_9_observed
AN-CROS040S,11,1,True,eligible
TH-PTHR0152,5,7,False,fewer_than_9_observed
SW-A3210101,12,0,True,eligible
NE-41000040,12,0,True,eligible
SW-50350521,12,0,True,eligible
MD-RSN0718,12,0,True,eligible
MD-64780550,12,0,True,eligible
TH-PLDR0010,12,0,True,eligible
SW-60010836,12,0,True,eligible
AN-STNFLDEA,12,0,True,eligible
NW-88002218,12,0,True,eligible
SW-Z1150101,12,0,True,eligible
SW-50231010,12,0,True,eligible
NW-88003822,12,0,True,eligible
SW-91251605,12,0,True,eligible
MD-36787820,12,0,True,eligible
AN-BUR050,12,0,True,eligible
MD-08019580,12,0,True,eligible
SO-F0002162,12,0,True,eligible
NE-49400175,12,0,True,eligible
SW-Z8490120,12,0,True,eligible
MD-56878180,12,0,True,eligible
AN-HELPBJ02,5,7,False,fewer_than_9_observed
SW-60260105,12,0,True,eligible
NW-88010550,12,0,True,eligible
MD-44924250,12,0,True,eligible
SW-82211948,10,2,True,eligible
AN-STF040,12,0,True,eligible
AN-19M07,12,0,True,eligible
SW-82220303,12,0,True,eligible
MD-00030850,12,0,True,eligible
AN-12M05,12,0,True,eligible
MD-48827980,12,0,True,eligible
MD-39012420,12,0,True,eligible
AN-SIND2,12,0,True,eligible
AN-RSN2240,12,0,True,eligible
TH-PMLR0033,12,0,True,eligible
SW-91253904,12,0,True,eligible
SW-82110936,1,11,False,fewer_than_9_observed
NE-49905148,12,0,True,eligible
TH-PWRR0005,12,0,True,eligible
NE-49905223,4,8,False,fewer_than_9_observed
MD-49697380,12,0,True,eligible
AN-DSROPSLY,12,0,True,eligible
MD-02166595,12,0,True,eligible
SW-50550130,12,0,True,eligible
SW-91251668,8,4,False,fewer_than_9_observed
NE-49603070,12,0,True,eligible
AN-WD01,12,0,True,eligible
MD-RSN0230,12,0,True,eligible
AN-NETB1,12,0,True,eligible
AN-MT2405,12,0,True,eligible
SW-Z8480243,12,0,True,eligible
NE-49905161,12,0,True,eligible
AN-THCDSD,12,0,True,eligible
MD-30305180,12,0,True,eligible
MD-64525830,12,0,True,eligible
SW-A4070403,1,11,False,fewer_than_9_observed
NE-RSN2244,12,0,True,eligible
AN-07M09,12,0,True,eligible
TH-PCNR0093,12,0,True,eligible
MD-48392820,12,0,True,eligible
NE-49600047,12,0,True,eligible
TH-PEVR0020,12,0,True,eligible
SW-60030459,3,9,False,fewer_than_9_observed
AN-SSN0519,12,0,True,eligible
MD-56423610,12,0,True,eligible
NE-49905149,12,0,True,eligible
SW-91241191,12,0,True,eligible
AN-17M09,12,0,True,eligible
TH-PLER0063,12,0,True,eligible
SW-RSN1147,12,0,True,eligible
MD-51524035,10,2,True,eligible
NW-88023648,12,0,True,eligible
SW-82521243,1,11,False,fewer_than_9_observed
NE-RSN0252,12,0,True,eligible
AN-26M49,12,0,True,eligible
NW-88023236,12,0,True,eligible
SW-82110935,4,8,False,fewer_than_9_observed
NE-49300953,12,0,True,eligible
AN-CR0140,12,0,True,eligible
NE-49300353,12,0,True,eligible
AN-RSN0094,12,0,True,eligible
MD-45915180,12,0,True,eligible
NE-49600466,12,0,True,eligible
SW-82528110,12,0,True,eligible
NW-88000726,12,0,True,eligible
NW-88002348,12,0,True,eligible
NW-RSN0572,10,2,True,eligible
MD-15903500,12,0,True,eligible
MD-47601580,11,1,True,eligible
SW-SSN1312,12,0,True,eligible
TH-RSN1258,12,0,True,eligible
TH-RSN0610,12,0,True,eligible
SW-81271593,12,0,True,eligible
SW-60600161,4,8,False,fewer_than_9_observed
SW-70724308,12,0,True,eligible
MD-29266460,12,0,True,eligible
NW-88025864,1,11,False,fewer_than_9_observed
AN-LARM090N,12,0,True,eligible
MD-59010850,12,0,True,eligible
AN-MAXCUT01,12,0,True,eligible
MD-59024150,12,0,True,eligible
MD-20034650,10,2,True,eligible
MD-10707180,1,11,False,fewer_than_9_observed
NW-88003521,12,0,True,eligible
NW-88006185,12,0,True,eligible
MD-75576400,12,0,True,eligible
AN-59M02,12,0,True,eligible
MD-24500020,12,0,True,eligible
SW-82511710,12,0,True,eligible
AN-NENE200W,12,0,True,eligible
SO-F0017552,12,0,True,eligible
MD-29991100,12,0,True,eligible
SW-81950503,8,4,False,fewer_than_9_observed
NW-88004515,12,0,True,eligible
MD-11561050,12,0,True,eligible
MD-01348710,12,0,True,eligible
MD-36789400,12,0,True,eligible
MD-42171020,12,0,True,eligible
NE-49905147,12,0,True,eligible
AN-SKRTHDRN,9,3,True,eligible
TH-PCNR0046,12,0,True,eligible
TH-PKER0063,12,0,True,eligible
SW-60230006,9,3,True,eligible
SW-50250551,12,0,True,eligible
AN-DEB042,5,7,False,fewer_than_9_observed
AN-RSN1841,12,0,True,eligible
SW-B3130504,12,0,True,eligible
MD-36791880,12,0,True,eligible
TH-PLDR0045,12,0,True,eligible
NW-88023520,12,0,True,eligible
SW-SSN0096,12,0,True,eligible
MD-51707320,8,4,False,fewer_than_9_observed
NE-SSN1381,12,0,True,eligible
MD-61485070,12,0,True,eligible
SW-RSN0397,12,0,True,eligible
SW-81241146,12,0,True,eligible
SO-F0017521,12,0,True,eligible
SW-RSN1247,12,0,True,eligible
SW-73210005,12,0,True,eligible
SW-50331119,12,0,True,eligible
MD-RSN0710,12,0,True,eligible
TH-PKER0013,12,0,True,eligible
SW-70593405,12,0,True,eligible
SW-73023505,12,0,True,eligible
SW-C0706000,12,0,True,eligible
NE-41000059,12,0,True,eligible
SW-81310292,8,4,False,fewer_than_9_observed
SW-72937262,12,0,True,eligible
NW-SSN0498,11,1,True,eligible
AN-19M13,12,0,True,eligible
SW-91252514,8,4,False,fewer_than_9_observed
MD-37107000,12,0,True,eligible
SO-E0007053,12,0,True,eligible
AN-WNG020,12,0,True,eligible
TH-PRGR0027,12,0,True,eligible
MD-39370252,12,0,True,eligible
SW-73010851,12,0,True,eligible
SW-70581171,12,0,True,eligible
AN-RSN2201,12,0,True,eligible
MD-38688580,12,0,True,eligible
MD-42168900,12,0,True,eligible
MD-RSN0974,12,0,True,eligible
NE-41000052,12,0,True,eligible
SO-RSN0041,12,0,True,eligible
NE-49301827,9,3,True,eligible
NE-SSN0114,12,0,True,eligible
AN-CH1080,12,0,True,eligible
SO-F0002867,12,0,True,eligible
NW-88024646,12,0,True,eligible
SO-F0001968,12,0,True,eligible
SW-RSN2005,12,0,True,eligible
SO-F0002234,12,0,True,eligible
NW-88002002,12,0,True,eligible
AN-DORDKDRN,12,0,True,eligible
AN-FISH1682,12,0,True,eligible
NW-88003944,12,0,True,eligible
NW-88003411,12,0,True,eligible
SW-81950898,8,4,False,fewer_than_9_observed
NE-49600469,12,0,True,eligible
AN-WITH3,12,0,True,eligible
AN-YAR120,12,0,True,eligible
SW-70423244,12,0,True,eligible
MD-13604700,12,0,True,eligible
MD-58808400,12,0,True,eligible
TH-PRTS0545,4,8,False,fewer_than_9_observed
MD-SSN1322,12,0,True,eligible
NW-88002675,12,0,True,eligible
MD-52008040,11,1,True,eligible
TH-PUTR0196,12,0,True,eligible
MD-28232700,8,4,False,fewer_than_9_observed
AN-BAIN7,12,0,True,eligible
MD-26269380,12,0,True,eligible
AN-YAR266F,9,3,True,eligible
SW-Z5550105,12,0,True,eligible
SO-E0000631,12,0,True,eligible
AN-BENB080C,12,0,True,eligible
NE-49500503,5,7,False,fewer_than_9_observed
SW-RSN1191,12,0,True,eligible
MD-28065090,8,4,False,fewer_than_9_observed
SW-81201143,12,0,True,eligible
NW-88022792,9,3,True,eligible
TH-PEVR0011,12,0,True,eligible
NW-SSN1362,12,0,True,eligible
SO-E0001462,12,0,True,eligible
MD-78214500,1,11,False,fewer_than_9_observed
MD-38289020,12,0,True,eligible
AN-GWSH180E,12,0,True,eligible
MD-29578980,0,12,False,zero_observed_features
NW-88006466,12,0,True,eligible
NE-49700322,12,0,True,eligible
AN-41M01,12,0,True,eligible
AN-29M06,12,0,True,eligible
NW-88006160,12,0,True,eligible
NE-49100018,12,0,True,eligible
NE-49301815,12,0,True,eligible
TH-PWER0034,12,0,True,eligible
SW-RSN2171,12,0,True,eligible
MD-29757100,12,0,True,eligible
TH-PRTS0035,12,0,True,eligible
TH-PLER0143,12,0,True,eligible
AN-CH09,12,0,True,eligible
NW-88021254,1,11,False,fewer_than_9_observed
AN-HAMM4,12,0,True,eligible
AN-RSN1561,12,0,True,eligible
TH-PCHR0155,12,0,True,eligible
SO-RSN1509,12,0,True,eligible
SW-60270117,12,0,True,eligible
SW-91241183,12,0,True,eligible
NE-49905222,4,8,False,fewer_than_9_observed
MD-58887190,12,0,True,eligible
SW-81310315,1,11,False,fewer_than_9_observed
AN-STHHYKE,12,0,True,eligible
AN-45M10,8,4,False,fewer_than_9_observed
SO-E0007343,12,0,True,eligible
NW-88002605,12,0,True,eligible
NW-RSN0552,12,0,True,eligible
SW-RSN0279,12,0,True,eligible
SO-E0004846,12,0,True,eligible
SO-G0003994,12,0,True,eligible
MD-71363900,12,0,True,eligible
MD-65539050,12,0,True,eligible
AN-WD0150,12,0,True,eligible
SW-70722271,12,0,True,eligible
SW-81251507,12,0,True,eligible
SW-RSN1819,12,0,True,eligible
NE-RSN0076,12,0,True,eligible
MD-SSN1482,12,0,True,eligible
NW-88002883,12,0,True,eligible
NE-49905187,8,4,False,fewer_than_9_observed
SO-F0017558,1,11,False,fewer_than_9_observed
AN-21M01,12,0,True,eligible
MD-79440020,12,0,True,eligible
MD-RSN1823,12,0,True,eligible
MD-40950450,12,0,True,eligible
MD-45220980,12,0,True,eligible
SW-50580180,12,0,True,eligible
NW-88022232,6,6,False,fewer_than_9_observed
SW-E7001400,12,0,True,eligible
NW-88023702,10,2,True,eligible
SW-50040755,12,0,True,eligible
NW-88003568,12,0,True,eligible
AN-RSN2062,12,0,True,eligible
AN-THR025,6,6,False,fewer_than_9_observed
NW-88005728,12,0,True,eligible
NW-88003446,12,0,True,eligible
NE-RSN0396,12,0,True,eligible
NW-88002566,12,0,True,eligible
AN-52M25,12,0,True,eligible
MD-28079145,8,4,False,fewer_than_9_observed
NW-88000734,12,0,True,eligible
NE-49400263,12,0,True,eligible
NW-88000735,12,0,True,eligible
MD-37645580,12,0,True,eligible
NW-88006186,12,0,True,eligible
TH-PKER0338,12,0,True,eligible
NE-RSN0767,12,0,True,eligible
NE-49400989,12,0,True,eligible
NE-49700250,12,0,True,eligible
AN-44M18,12,0,True,eligible
AN-RSN0197,12,0,True,eligible
SW-50240461,12,0,True,eligible
TH-PRTS0429,4,8,False,fewer_than_9_observed
AN-16M19,12,0,True,eligible
NW-88002384,12,0,True,eligible
MD-49708100,3,9,False,fewer_than_9_observed
AN-SHIREDR1,12,0,True,eligible
NW-88000857,12,0,True,eligible
MD-RSN2194,12,0,True,eligible
MD-38485180,12,0,True,eligible
SW-Z9370415,12,0,True,eligible
MD-20069100,4,8,False,fewer_than_9_observed
NE-49301929,9,3,True,eligible
TH-RSN1690,12,0,True,eligible
SO-G0006577,12,0,True,eligible
NW-88000612,12,0,True,eligible
AN-49M03,12,0,True,eligible
AN-ANT170A,12,0,True,eligible
NW-88006481,12,0,True,eligible
NE-RSN1824,12,0,True,eligible
AN-56M01,12,0,True,eligible
AN-TILLTRB2,12,0,True,eligible
TH-PTHR0223,12,0,True,eligible
TH-PWER0037,12,0,True,eligible
SW-Z2030216,12,0,True,eligible
MD-36776540,12,0,True,eligible
TH-POCR0018,12,0,True,eligible
TH-RSN2094,12,0,True,eligible
AN-TILL5,12,0,True,eligible
NE-49705097,12,0,True,eligible
SW-60030396,12,0,True,eligible
MD-76739210,12,0,True,eligible
SO-E0001575,12,0,True,eligible
NE-SSN1329,12,0,True,eligible
NW-88000790,12,0,True,eligible
NW-88002140,12,0,True,eligible
MD-SSN1503,12,0,True,eligible
SW-82110704,12,0,True,eligible
AN-MT1270,12,0,True,eligible
AN-RSN0542,12,0,True,eligible
AN-RSN1193,12,0,True,eligible
MD-78892625,8,4,False,fewer_than_9_observed
AN-DEB004,12,0,True,eligible
SW-50330370,12,0,True,eligible
NW-88025753,12,0,True,eligible
AN-WAV020,12,0,True,eligible
SW-81520166,12,0,True,eligible
SW-RSN0871,12,0,True,eligible
SW-RSN0387,11,1,True,eligible
SW-60010822,12,0,True,eligible
TH-PLER0149,12,0,True,eligible
MD-08366820,12,0,True,eligible
SW-81950892,8,4,False,fewer_than_9_observed
SO-RSN1529,12,0,True,eligible
NW-88000663,12,0,True,eligible
NW-88002481,12,0,True,eligible
NW-88003482,12,0,True,eligible
NW-RSN0936,12,0,True,eligible
NW-88022183,9,3,True,eligible
AN-HAMM5,4,8,False,fewer_than_9_observed
MD-13656700,12,0,True,eligible
SW-SSN1352,12,0,True,eligible
AN-GRAS2,3,9,False,fewer_than_9_observed
NW-88002043,12,0,True,eligible
SW-50280572,12,0,True,eligible
NW-SSN0673,12,0,True,eligible
NE-49600489,12,0,True,eligible
NW-88003547,12,0,True,eligible
SO-F0017522,12,0,True,eligible
NW-88023158,12,0,True,eligible
NW-88010525,12,0,True,eligible
SW-82312345,9,3,True,eligible
NW-RSN0380,12,0,True,eligible
MD-47030050,12,0,True,eligible
AN-BTIP4,3,9,False,fewer_than_9_observed
SO-RSN0749,12,0,True,eligible
AN-53M27,1,11,False,fewer_than_9_observed
AN-33M24,12,0,True,eligible
SW-E1007100,12,0,True,eligible
AN-SSN1305,12,0,True,eligible
MD-48392910,12,0,True,eligible
AN-26M02,3,9,False,fewer_than_9_observed
SW-50600251,12,0,True,eligible
NE-RSN0096,12,0,True,eligible
SW-RSN1939,12,0,True,eligible
SW-RSN1707,12,0,True,eligible
NE-49000478,12,0,True,eligible
AN-LANG020S,12,0,True,eligible
AN-RSN1686,12,0,True,eligible
NE-RSN0828,12,0,True,eligible
NE-49905239,4,8,False,fewer_than_9_observed
SW-RSN1899,12,0,True,eligible
NE-RTN0066,5,7,False,fewer_than_9_observed
SW-RSN0755,12,0,True,eligible
SW-50330227,12,0,True,eligible
NW-RSN1808,12,0,True,eligible
TH-PLER0091,12,0,True,eligible
NW-88002050,12,0,True,eligible
TH-RSN1241,12,0,True,eligible
SW-70633227,4,8,False,fewer_than_9_observed
SO-E0007051,12,0,True,eligible
MD-RSN1804,12,0,True,eligible
AN-DOCSLANE,12,0,True,eligible
NW-88005610,12,0,True,eligible
NE-49500105,12,0,True,eligible
SO-RSN0729,12,0,True,eligible
NW-RSN0556,12,0,True,eligible
AN-30M19,12,0,True,eligible
SW-RSN1950,12,0,True,eligible
SW-E1431500,12,0,True,eligible
NE-49500638,12,0,True,eligible
NE-49700381,12,0,True,eligible
SW-50340330,12,0,True,eligible
NE-49600142,12,0,True,eligible
NW-88003076,12,0,True,eligible
NW-88002062,12,0,True,eligible
NW-RSN2183,12,0,True,eligible
AN-BILLBORO,12,0,True,eligible
MD-04796740,12,0,True,eligible
SW-70512916,12,0,True,eligible
AN-56M08,12,0,True,eligible
MD-39771140,12,0,True,eligible
MD-27585100,12,0,True,eligible
SO-E0001770,12,0,True,eligible
MD-37366859,12,0,True,eligible
TH-RSN0042,12,0,True,eligible
SO-E0001296,12,0,True,eligible
AN-56M13,12,0,True,eligible
SW-RSN0647,12,0,True,eligible
MD-06112780,12,0,True,eligible
NE-41000374,12,0,True,eligible
MD-01148820,12,0,True,eligible
MD-36701530,1,11,False,fewer_than_9_observed
MD-77758020,12,0,True,eligible
NW-88003509,12,0,True,eligible
MD-53962650,12,0,True,eligible
MD-RSN1042,12,0,True,eligible
SW-70920104,12,0,True,eligible
MD-26275500,12,0,True,eligible
NW-88003497,12,0,True,eligible
MD-49715680,12,0,True,eligible
AN-GWSH310B,12,0,True,eligible
NE-49302048,12,0,True,eligible
SO-G0003757,12,0,True,eligible
AN-WAV080,3,9,False,fewer_than_9_observed
MD-56734700,12,0,True,eligible
NE-49300400,12,0,True,eligible
AN-BT0103,12,0,True,eligible
TH-PCHR0016,12,0,True,eligible
MD-47519900,12,0,True,eligible
SW-81111808,12,0,True,eligible
MD-10930720,12,0,True,eligible
TH-PLDR0011,12,0,True,eligible
SO-F0002870,12,0,True,eligible
SW-SSN0164,12,0,True,eligible
MD-52396150,12,0,True,eligible
SO-G0003786,12,0,True,eligible
NW-RSN0543,12,0,True,eligible
NW-88005554,12,0,True,eligible
MD-61678050,12,0,True,eligible
AN-RR0186,12,0,True,eligible
TH-PWRR0025,12,0,True,eligible
NE-RSN0652,12,0,True,eligible
TH-RSN1185,12,0,True,eligible
SW-82311574,1,11,False,fewer_than_9_observed
SW-Z2030218,12,0,True,eligible
MD-29266040,12,0,True,eligible
MD-21551949,12,0,True,eligible
NE-49500619,12,0,True,eligible
AN-12M44,12,0,True,eligible
SW-91251658,9,3,True,eligible
MD-58606050,12,0,True,eligible
TH-RSN0914,12,0,True,eligible
SO-G0006580,12,0,True,eligible
NE-49300191,12,0,True,eligible
SO-G0003706,12,0,True,eligible
NE-RSN1560,12,0,True,eligible
SO-F0001985,12,0,True,eligible
AN-BR01,12,0,True,eligible
MD-53185500,12,0,True,eligible
AN-BUR0395,12,0,True,eligible
TH-RSN0802,12,0,True,eligible
SW-81950609,1,11,False,fewer_than_9_observed
SW-B3130402,12,0,True,eligible
SW-81420288,12,0,True,eligible
TH-RSN2130,12,0,True,eligible
MD-RSN0918,12,0,True,eligible
SO-F0002003,12,0,True,eligible
SW-60030145,6,6,False,fewer_than_9_observed
AN-27M20,12,0,True,eligible
SO-E0001335,12,0,True,eligible
AN-WAV024,12,0,True,eligible
TH-PCNR0025,12,0,True,eligible
MD-00027540,12,0,True,eligible
NW-RSN0920,12,0,True,eligible
SW-60033333,4,8,False,fewer_than_9_observed
MD-06127140,12,0,True,eligible
NE-49500530,12,0,True,eligible
SW-72940220,12,0,True,eligible
NW-88006403,12,0,True,eligible
SO-F0017551,12,0,True,eligible
NW-88001979,12,0,True,eligible
NW-88002269,12,0,True,eligible
NW-88022535,12,0,True,eligible
NE-49905173,10,2,True,eligible
AN-RSN0113,12,0,True,eligible
SO-G0003814,12,0,True,eligible
NE-49905151,12,0,True,eligible
AN-GLEN250E,12,0,True,eligible
SO-F0017619,12,0,True,eligible
TH-PRTS0660,12,0,True,eligible
MD-H0000088,12,0,True,eligible
SO-Y0004415,12,0,True,eligible
AN-SWAN140B,12,0,True,eligible
NE-49905180,9,3,True,eligible
SW-60250640,12,0,True,eligible
MD-50852100,12,0,True,eligible
NE-RSN0272,12,0,True,eligible
MD-RSN1098,12,0,True,eligible
AN-WHDR1,12,0,True,eligible
NW-88022919,1,11,False,fewer_than_9_observed
MD-36756460,1,11,False,fewer_than_9_observed
NW-88002556,12,0,True,eligible
MD-42167030,12,0,True,eligible
SW-RSN0275,12,0,True,eligible
NE-49800213,12,0,True,eligible
NE-RSN0332,12,0,True,eligible
SW-82310471,8,4,False,fewer_than_9_observed
SW-81950610,12,0,True,eligible
AN-USRWSTN,12,0,True,eligible
AN-03M02,12,0,True,eligible
MD-RSN0910,12,0,True,eligible
SO-E0001685,12,0,True,eligible
SW-81223440,7,5,False,fewer_than_9_observed
SW-81950659,12,0,True,eligible
TH-PBRR0018,12,0,True,eligible
SW-70641805,12,0,True,eligible
MD-36785080,12,0,True,eligible
NW-88025766,11,1,True,eligible
NW-RSN1903,12,0,True,eligible
NW-88005545,12,0,True,eligible
MD-37556400,12,0,True,eligible
MD-38836050,12,0,True,eligible
SW-RSN0503,12,0,True,eligible
SO-G0006949,12,0,True,eligible
NW-88022814,9,3,True,eligible
AN-FLEETHV1,12,0,True,eligible
SW-RSN0925,12,0,True,eligible
NE-49700140,12,0,True,eligible
TH-PRTS0050,12,0,True,eligible
TH-PWYR0016,12,0,True,eligible
MD-20355250,12,0,True,eligible
MD-49692980,12,0,True,eligible
MD-67417370,12,0,True,eligible
MD-RSN0762,12,0,True,eligible
MD-11053180,12,0,True,eligible
AN-CL0185,12,0,True,eligible
SO-Y0004350,12,0,True,eligible
MD-RSN0458,12,0,True,eligible
MD-04800980,12,0,True,eligible
NE-49600452,12,0,True,eligible
SO-E0007342,12,0,True,eligible
TH-RSN0170,12,0,True,eligible
SO-F0001957,12,0,True,eligible
NE-49000045,12,0,True,eligible
MD-38688150,12,0,True,eligible
SW-73060314,12,0,True,eligible
SW-RSN2213,12,0,True,eligible
SW-A2290112,12,0,True,eligible
NE-49300789,12,0,True,eligible
SO-E0001006,3,9,False,fewer_than_9_observed
AN-02M13,12,0,True,eligible
NE-49400457,12,0,True,eligible
SW-E2221400,12,0,True,eligible
MD-C0000068,12,0,True,eligible
SW-E2042200,12,0,True,eligible
MD-25292180,12,0,True,eligible
TH-SSN0187,12,0,True,eligible
MD-20062100,8,4,False,fewer_than_9_observed
NE-49300923,12,0,True,eligible
MD-RSN0390,12,0,True,eligible
SW-RSN2278,11,1,True,eligible
SW-81223340,12,0,True,eligible
MD-26944690,12,0,True,eligible
SW-73110924,0,12,False,zero_observed_features
TH-RSN1850,12,0,True,eligible
AN-MBRUSWTW,12,0,True,eligible
SW-50280344,12,0,True,eligible
MD-56591520,12,0,True,eligible
AN-RSN2172,12,0,True,eligible
NW-88002148,12,0,True,eligible
MD-01349520,12,0,True,eligible
NW-88000605,12,0,True,eligible
NW-88002469,12,0,True,eligible
AN-RH0125,12,0,True,eligible
AN-MW4549,12,0,True,eligible
TH-RSN1282,12,0,True,eligible
SO-F0002980,12,0,True,eligible
SW-81913777,12,0,True,eligible
NW-88023211,12,0,True,eligible
SW-SSN0024,12,0,True,eligible
MD-12183510,12,0,True,eligible
NE-49700245,12,0,True,eligible
MD-RSN2102,12,0,True,eligible
SW-60250618,12,0,True,eligible
SW-70230177,12,0,True,eligible
TH-PRGR0011,12,0,True,eligible
NW-88000646,12,0,True,eligible
SW-60600244,12,0,True,eligible
NE-49500336,12,0,True,eligible
AN-CL0432A,12,0,True,eligible
MD-48404250,12,0,True,eligible
SO-E0001569,12,0,True,eligible
MD-RSN1215,12,0,True,eligible
MD-49099020,12,0,True,eligible
NW-88022717,12,0,True,eligible
SW-81917403,12,0,True,eligible
SO-E0000827,12,0,True,eligible
MD-06306180,12,0,True,eligible
MD-26957180,12,0,True,eligible
MD-56090180,12,0,True,eligible
NW-88022167,12,0,True,eligible
SW-70581170,12,0,True,eligible
NW-88004520,12,0,True,eligible
NE-41000377,12,0,True,eligible
SW-82310103,12,0,True,eligible
AN-YAR110,12,0,True,eligible
MD-64502340,12,0,True,eligible
SW-72930120,12,0,True,eligible
SW-Z2030432,12,0,True,eligible
MD-51314620,12,0,True,eligible
NW-RSN1923,11,1,True,eligible
SW-SSN1344,12,0,True,eligible
MD-20792155,12,0,True,eligible
NW-88000769,12,0,True,eligible
MD-01351880,12,0,True,eligible
SW-RSN1221,12,0,True,eligible
NW-88005134,12,0,True,eligible
SW-73060277,12,0,True,eligible
AN-THURPUMP,12,0,True,eligible
MD-09566780,12,0,True,eligible
MD-50582500,9,3,True,eligible
SW-50320533,12,0,True,eligible
MD-06368720,12,0,True,eligible
SW-E4140600,12,0,True,eligible
SW-RSN0365,12,0,True,eligible
AN-32M02,12,0,True,eligible
TH-PTHR0054,12,0,True,eligible
SW-E4170100,12,0,True,eligible
NE-RSN1228,12,0,True,eligible
AN-WEN040,12,0,True,eligible
AN-MORC090M,12,0,True,eligible
SW-72930380,12,0,True,eligible
SW-70240231,12,0,True,eligible
SW-RSN0787,12,0,True,eligible
TH-PMLR0031,12,0,True,eligible
AN-65M08,12,0,True,eligible
AN-BUCKNALL,12,0,True,eligible
SO-SSN1422,12,0,True,eligible
NW-88005616,12,0,True,eligible
AN-LIMBERRD,12,0,True,eligible
SW-E2050500,12,0,True,eligible
MD-30882220,12,0,True,eligible
MD-23527180,12,0,True,eligible
NW-88004895,12,0,True,eligible
NW-88000849,12,0,True,eligible
AN-BILL1,12,0,True,eligible
MD-03696020,12,0,True,eligible
NE-49905171,12,0,True,eligible
SW-81520205,12,0,True,eligible
SW-50260338,12,0,True,eligible
NW-88002205,12,0,True,eligible
NW-88001826,12,0,True,eligible
AN-01M26,12,0,True,eligible
NE-SSN0049,12,0,True,eligible
SO-F0002778,12,0,True,eligible
SW-70540224,12,0,True,eligible
SW-82310656,8,4,False,fewer_than_9_observed
SW-RSN2283,12,0,True,eligible
SO-E0000784,12,0,True,eligible
SW-81950880,12,0,True,eligible
MD-50039050,12,0,True,eligible
AN-30M35,10,2,True,eligible
NW-88002096,1,11,False,fewer_than_9_observed
AN-40M02,12,0,True,eligible
AN-HUSBOWE2,10,2,True,eligible
SW-60100313,12,0,True,eligible
AN-ALLB100W,12,0,True,eligible
SW-81261133,12,0,True,eligible
NE-49400587,12,0,True,eligible
AN-12M25,12,0,True,eligible
SW-82511157,12,0,True,eligible
SO-G0003768,6,6,False,fewer_than_9_observed
NE-49401002,5,7,False,fewer_than_9_observed
AN-THP006,5,7,False,fewer_than_9_observed
NE-49705092,12,0,True,eligible
TH-RSN0114,12,0,True,eligible
SW-82410276,12,0,True,eligible
MD-58807700,12,0,True,eligible
MD-75132290,12,0,True,eligible
AN-36M06,6,6,False,fewer_than_9_observed
SW-Z9370201,12,0,True,eligible
MD-47514350,12,0,True,eligible
MD-70483505,12,0,True,eligible
NW-88023701,12,0,True,eligible
AN-STNFLDWE,12,0,True,eligible
MD-57663050,1,11,False,fewer_than_9_observed
SO-E0001752,12,0,True,eligible
SW-70220527,12,0,True,eligible
SW-70531215,12,0,True,eligible
SW-RSN0813,12,0,True,eligible
AN-WELL100W,12,0,True,eligible
TH-RSN1698,12,0,True,eligible
MD-07688980,12,0,True,eligible
MD-09592050,12,0,True,eligible
MD-01502090,12,0,True,eligible
AN-26M31,12,0,True,eligible
MD-53185100,12,0,True,eligible
AN-ORE010,12,0,True,eligible
SW-70826055,12,0,True,eligible
NW-88004511,12,0,True,eligible
NW-RSN1932,12,0,True,eligible
AN-RSN0145,12,0,True,eligible
MD-18500250,12,0,True,eligible
NW-88022799,9,3,True,eligible
NW-88002846,12,0,True,eligible
NW-88006305,12,0,True,eligible
NE-49600139,12,0,True,eligible
SW-RSN1078,12,0,True,eligible
SW-81121473,12,0,True,eligible
MD-55726980,12,0,True,eligible
AN-SLEA3,12,0,True,eligible
AN-RSN2202,12,0,True,eligible
SO-G0006980,12,0,True,eligible
NW-RSN1904,12,0,True,eligible
MD-RSN0999,12,0,True,eligible
AN-01M14,12,0,True,eligible
SW-82312334,9,3,True,eligible
AN-NORG1,12,0,True,eligible
SW-81020137,12,0,True,eligible
AN-SSN1284,12,0,True,eligible
MD-RSN0234,12,0,True,eligible
MD-RSN0935,12,0,True,eligible
SO-E0000859,12,0,True,eligible
NW-88004886,12,0,True,eligible
NE-49905230,4,8,False,fewer_than_9_observed
SO-RSN0121,12,0,True,eligible
SO-E0000976,12,0,True,eligible
NW-RSN2232,12,0,True,eligible
AN-WAV110,12,0,True,eligible
NW-88001976,12,0,True,eligible
NW-88021261,12,0,True,eligible
NW-88002698,12,0,True,eligible
SW-82010201,6,6,False,fewer_than_9_observed
SW-50210411,12,0,True,eligible
SW-RSN1187,12,0,True,eligible
AN-FYN050,12,0,True,eligible
MD-04790980,12,0,True,eligible
NW-88003197,12,0,True,eligible
SW-RSN1527,12,0,True,eligible
MD-39540222,1,11,False,fewer_than_9_observed
TH-PMLR0322,10,2,True,eligible
SO-E0007365,0,12,False,zero_observed_features
MD-40307040,12,0,True,eligible
SO-G0004007,12,0,True,eligible
MD-29172960,12,0,True,eligible
NE-49905192,9,3,True,eligible
MD-SSN0028,12,0,True,eligible
AN-26M51,12,0,True,eligible
AN-MD05,12,0,True,eligible
SW-81950421,8,4,False,fewer_than_9_observed
MD-RSN1738,12,0,True,eligible
MD-50014900,12,0,True,eligible
AN-TAS110,12,0,True,eligible
TH-PCNR0055,12,0,True,eligible
TH-PPSR0007,12,0,True,eligible
NE-41000035,12,0,True,eligible
SW-81010825,12,0,True,eligible
SO-E0000584,4,8,False,fewer_than_9_observed
SW-73060181,12,0,True,eligible
AN-26M32,12,0,True,eligible
SO-RSN0201,12,0,True,eligible
AN-02M15,12,0,True,eligible
SW-81310290,8,4,False,fewer_than_9_observed
AN-14M17,1,11,False,fewer_than_9_observed
TH-PTAR0120,12,0,True,eligible
NW-88003520,12,0,True,eligible
MD-RSN2150,12,0,True,eligible
NE-RSN0028,12,0,True,eligible
NE-49302329,4,8,False,fewer_than_9_observed
SO-E0001366,12,0,True,eligible
SW-81223345,8,4,False,fewer_than_9_observed
MD-42206050,12,0,True,eligible
AN-RSN0737,12,0,True,eligible
MD-RSN0870,12,0,True,eligible
NW-88006329,12,0,True,eligible
NW-88005880,12,0,True,eligible
TH-PRTS0028,8,4,False,fewer_than_9_observed
SO-RSN2177,12,0,True,eligible
SW-70531310,12,0,True,eligible
MD-63377790,9,3,True,eligible
NW-RSN0540,12,0,True,eligible
NE-49905153,12,0,True,eligible
SW-73080442,12,0,True,eligible
SW-50220110,12,0,True,eligible
SW-81610138,12,0,True,eligible
MD-SSN1386,12,0,True,eligible
SW-50340488,12,0,True,eligible
NW-88003147,12,0,True,eligible
SO-E0001545,12,0,True,eligible
AN-CHEL040H,12,0,True,eligible
NW-88004481,12,0,True,eligible
MD-70260380,12,0,True,eligible
AN-RSN0064,12,0,True,eligible
NW-88004996,12,0,True,eligible
NE-RSN0352,12,0,True,eligible
NW-88023207,12,0,True,eligible
AN-THRNLEMR,12,0,True,eligible
AN-44M03,12,0,True,eligible
NE-RSN0816,12,0,True,eligible
NW-88002697,12,0,True,eligible
MD-04766040,12,0,True,eligible
SO-F0017460,12,0,True,eligible
NW-RSN0104,12,0,True,eligible
TH-PTHR0012,12,0,True,eligible
TH-RSN0626,12,0,True,eligible
SW-81951071,7,5,False,fewer_than_9_observed
MD-RSN0022,12,0,True,eligible
SW-81223442,1,11,False,fewer_than_9_observed
SW-81310299,1,11,False,fewer_than_9_observed
TH-PTHR0120,12,0,True,eligible
MD-28243170,8,4,False,fewer_than_9_observed
MD-36741880,12,0,True,eligible
TH-RSN0373,12,0,True,eligible
AN-04M08,12,0,True,eligible
NW-88002485,12,0,True,eligible
MD-29499450,12,0,True,eligible
MD-11828390,12,0,True,eligible
AN-30M24,12,0,True,eligible
AN-ST1391,12,0,True,eligible
SW-RTN0043,5,7,False,fewer_than_9_observed
TH-RSN0329,12,0,True,eligible
AN-04M11,12,0,True,eligible
AN-WAV00036,12,0,True,eligible
MD-61371500,12,0,True,eligible
SW-Z4170207,12,0,True,eligible
SW-64200210,12,0,True,eligible
AN-44M26,12,0,True,eligible
MD-10534250,12,0,True,eligible
AN-TAS020,12,0,True,eligible
SW-70221275,12,0,True,eligible
SO-Y0004518,12,0,True,eligible
NE-49000474,12,0,True,eligible
MD-49690300,12,0,True,eligible
TH-PTAR0017,12,0,True,eligible
AN-BARRBECK,12,0,True,eligible
SO-E0007264,12,0,True,eligible
SW-72923071,12,0,True,eligible
MD-29994140,12,0,True,eligible
SW-E2090600,12,0,True,eligible
MD-37574590,12,0,True,eligible
AN-STOD1,12,0,True,eligible
AN-WEN126,5,7,False,fewer_than_9_observed
NW-88003491,12,0,True,eligible
NW-88005566,12,0,True,eligible
SW-50211405,12,0,True,eligible
NW-SSN0182,12,0,True,eligible
SW-82110721,12,0,True,eligible
NW-RSN1892,12,0,True,eligible
NE-49700156,12,0,True,eligible
MD-C0000105,12,0,True,eligible
NW-88002849,12,0,True,eligible
MD-37181400,12,0,True,eligible
MD-38689180,12,0,True,eligible
TH-PCNR0068,12,0,True,eligible
MD-RSN1907,12,0,True,eligible
MD-36821020,12,0,True,eligible
NW-88002314,12,0,True,eligible
NW-88002594,12,0,True,eligible
MD-43994150,12,0,True,eligible
NE-49301804,12,0,True,eligible
AN-BRAN1,12,0,True,eligible
AN-WELL095G,12,0,True,eligible
NE-49405127,12,0,True,eligible
MD-12182180,12,0,True,eligible
NW-88002629,12,0,True,eligible
NW-88002263,12,0,True,eligible
NW-SSN0022,12,0,True,eligible
AN-RSN0596,12,0,True,eligible
MD-78705162,8,4,False,fewer_than_9_observed
NE-49301821,12,0,True,eligible
SW-RSN2243,12,0,True,eligible
NW-88024112,12,0,True,eligible
MD-61671530,12,0,True,eligible
AN-YAR200,12,0,True,eligible
MD-41515120,12,0,True,eligible
SW-SSN0420,12,0,True,eligible
NW-88000794,12,0,True,eligible
AN-SHMDTRB1,3,9,False,fewer_than_9_observed
SO-F0002327,12,0,True,eligible
NW-88000736,12,0,True,eligible
SW-73011002,12,0,True,eligible
SW-Z1012002,12,0,True,eligible
TH-PUTR0360,12,0,True,eligible
MD-60021300,12,0,True,eligible
NE-49300552,12,0,True,eligible
SW-Z1011103,12,0,True,eligible
MD-51703410,12,0,True,eligible
SO-G0004232,12,0,True,eligible
NW-88003479,12,0,True,eligible
AN-RSN1184,12,0,True,eligible
AN-RSN1149,12,0,True,eligible
AN-RUSB1,12,0,True,eligible
NW-88004369,12,0,True,eligible
NE-49600035,12,0,True,eligible
NW-88003167,12,0,True,eligible
AN-CAIC1,12,0,True,eligible
NW-88003422,12,0,True,eligible
SW-Z1430103,12,0,True,eligible
NE-49200295,12,0,True,eligible
NW-RSN1088,12,0,True,eligible
SW-82311805,12,0,True,eligible
NE-49905044,12,0,True,eligible
AN-WEN102,12,0,True,eligible
SW-81810130,12,0,True,eligible
MD-RSN2318,12,0,True,eligible
AN-STATROAD,12,0,True,eligible
SW-82513260,12,0,True,eligible
MD-13397040,12,0,True,eligible
NW-88024196,12,0,True,eligible
SW-50220329,12,0,True,eligible
AN-61M04,12,0,True,eligible
TH-PTAR0032,12,0,True,eligible
SW-A0340303,12,0,True,eligible
TH-PMLE0389,10,2,True,eligible
SW-E4003500,12,0,True,eligible
MD-38689260,12,0,True,eligible
AN-SKDR4,12,0,True,eligible
MD-50899450,12,0,True,eligible
SW-70581610,12,0,True,eligible
SO-G0003922,12,0,True,eligible
SW-70523514,12,0,True,eligible
NW-88003172,12,0,True,eligible
MD-RSN0823,12,0,True,eligible
NW-88000775,5,7,False,fewer_than_9_observed
AN-MOULTON1,12,0,True,eligible
SW-70920200,12,0,True,eligible
SW-SSN1340,12,0,True,eligible
SW-Z1012204,1,11,False,fewer_than_9_observed
NW-88006323,1,11,False,fewer_than_9_observed
TH-PTAR0103,12,0,True,eligible
SW-82710445,12,0,True,eligible
SW-81610134,12,0,True,eligible
SW-RSN2117,12,0,True,eligible
NW-88003540,12,0,True,eligible
SW-72922205,12,0,True,eligible
MD-26953660,12,0,True,eligible
NW-88004959,12,0,True,eligible
SW-RSN1501,12,0,True,eligible
AN-WOOT120R,12,0,True,eligible
AN-DSGLOSTW,12,0,True,eligible
SW-70810177,12,0,True,eligible
NW-88002015,12,0,True,eligible
AN-RR03,12,0,True,eligible
SW-81261132,12,0,True,eligible
NE-49300532,12,0,True,eligible
MD-46259100,12,0,True,eligible
NE-49300677,12,0,True,eligible
AN-08M09,12,0,True,eligible
SO-F0017527,12,0,True,eligible
MD-20062150,9,3,True,eligible
NE-49105198,12,0,True,eligible
AN-58M15,12,0,True,eligible
NW-RSN2080,12,0,True,eligible
SW-81201137,12,0,True,eligible
SW-60030188,12,0,True,eligible
AN-RSN1852,12,0,True,eligible
MD-39369700,12,0,True,eligible
SO-G0004225,12,0,True,eligible
NW-88025830,9,3,True,eligible
NW-88002144,11,1,True,eligible
TH-RSN2261,12,0,True,eligible
NE-49000487,12,0,True,eligible
SW-91210168,12,0,True,eligible
SW-SSN1508,12,0,True,eligible
AN-STF010,4,8,False,fewer_than_9_observed
MD-16479050,12,0,True,eligible
NW-88023948,12,0,True,eligible
TH-PKER0016,12,0,True,eligible
SW-60130004,9,3,True,eligible
SW-SSN0656,12,0,True,eligible
AN-GLEN370B,12,0,True,eligible
NE-49301624,12,0,True,eligible
MD-56447050,12,0,True,eligible
MD-20357100,12,0,True,eligible
MD-47043180,12,0,True,eligible
NE-49700239,12,0,True,eligible
AN-GLEN780H,12,0,True,eligible
TH-PTHR0015,12,0,True,eligible
SW-70812124,12,0,True,eligible
SW-60260025,12,0,True,eligible
NE-49100397,12,0,True,eligible
MD-19234150,12,0,True,eligible
AN-RH04,12,0,True,eligible
AN-CL0814,12,0,True,eligible
SW-82310608,8,4,False,fewer_than_9_observed
AN-RSN2249,12,0,True,eligible
SW-82311369,12,0,True,eligible
NE-49301545,12,0,True,eligible
SO-G0004024,12,0,True,eligible
SW-82521252,1,11,False,fewer_than_9_observed
NW-88005618,12,0,True,eligible
AN-ALGORESW,12,0,True,eligible
SW-Z1010324,12,0,True,eligible
NE-49100558,12,0,True,eligible
NE-RSN0956,12,0,True,eligible
NW-RSN0988,12,0,True,eligible
SO-G0004228,12,0,True,eligible
NW-88002167,12,0,True,eligible
SO-RSN0841,12,0,True,eligible
SO-G0004084,12,0,True,eligible
AN-WELL350T,12,0,True,eligible
SO-Y0004527,8,4,False,fewer_than_9_observed
AN-THR080,12,0,True,eligible
SW-82310411,12,0,True,eligible
MD-RSN0754,12,0,True,eligible
AN-46M09,12,0,True,eligible
MD-77939220,1,11,False,fewer_than_9_observed
SW-RSN0903,12,0,True,eligible
SO-G0003793,12,0,True,eligible
MD-56092780,12,0,True,eligible
MD-45002170,12,0,True,eligible
MD-39371210,9,3,True,eligible
AN-11M26,12,0,True,eligible
MD-RSN0778,12,0,True,eligible
SW-73070167,12,0,True,eligible
MD-36756680,12,0,True,eligible
NE-49905189,8,4,False,fewer_than_9_observed
AN-RISE220B,12,0,True,eligible
NE-49301818,12,0,True,eligible
MD-04772460,12,0,True,eligible
NE-RSN1024,12,0,True,eligible
NE-49301903,12,0,True,eligible
SO-RSN2309,12,0,True,eligible
NW-88019894,12,0,True,eligible
NW-88005076,12,0,True,eligible
AN-46M01,12,0,True,eligible
NW-88022810,8,4,False,fewer_than_9_observed
SW-50700109,12,0,True,eligible
SW-81950640,12,0,True,eligible
SO-F0002566,12,0,True,eligible
NW-88006483,12,0,True,eligible
MD-45223520,11,1,True,eligible
SW-50281314,12,0,True,eligible
NW-88006241,12,0,True,eligible
AN-52M06,12,0,True,eligible
MD-56590480,12,0,True,eligible
NW-RSN0152,12,0,True,eligible
SW-82540170,12,0,True,eligible
SW-RSN0653,12,0,True,eligible
SW-Z1060105,12,0,True,eligible
NE-49600172,12,0,True,eligible
NW-88003448,12,0,True,eligible
NW-88020376,12,0,True,eligible
SW-70620154,12,0,True,eligible
SO-E0007259,12,0,True,eligible
MD-27043020,4,8,False,fewer_than_9_observed
SW-81710119,8,4,False,fewer_than_9_observed
AN-RSN1938,12,0,True,eligible
AN-LYDB060L,12,0,True,eligible
SW-SSN0704,12,0,True,eligible
SO-F0017548,12,0,True,eligible
SW-91211368,12,0,True,eligible
NW-RSN0744,12,0,True,eligible
NE-RSN1660,12,0,True,eligible
SO-E0001583,12,0,True,eligible
TH-PRGR0028,12,0,True,eligible
MD-57403450,12,0,True,eligible
MD-28071850,8,4,False,fewer_than_9_observed
SW-70810633,12,0,True,eligible
SW-82211920,6,6,False,fewer_than_9_observed
MD-06701220,12,0,True,eligible
SW-Z1510101,12,0,True,eligible
TH-PBVR0004,12,0,True,eligible
SO-E0001261,1,11,False,fewer_than_9_observed
SO-E0000686,12,0,True,eligible
NE-49300319,12,0,True,eligible
MD-22409248,10,2,True,eligible
MD-39838020,12,0,True,eligible
MD-57202050,12,0,True,eligible
MD-00770750,12,0,True,eligible
NE-49705139,4,8,False,fewer_than_9_observed
SW-C0235000,12,0,True,eligible
MD-33322590,12,0,True,eligible
NE-49500699,12,0,True,eligible
SO-E0007356,8,4,False,fewer_than_9_observed
MD-25491500,12,0,True,eligible
SW-81291204,12,0,True,eligible
NW-RSN2095,12,0,True,eligible
NE-49000127,9,3,True,eligible
NW-88005561,12,0,True,eligible
MD-13464320,12,0,True,eligible
SW-73030120,12,0,True,eligible
NE-49905176,9,3,True,eligible
NW-RSN2215,12,0,True,eligible
NW-88000660,12,0,True,eligible
SW-81252104,12,0,True,eligible
NW-88010518,11,1,True,eligible
SW-Z1012601,12,0,True,eligible
MD-53771095,12,0,True,eligible
AN-WEN0155,12,0,True,eligible
NW-88005150,12,0,True,eligible
SW-82210105,12,0,True,eligible
SO-RSN0905,12,0,True,eligible
SW-81251425,1,11,False,fewer_than_9_observed
AN-GDBASTOG,1,11,False,fewer_than_9_observed
AN-ANDEBYDR,12,0,True,eligible
SO-E0000768,12,0,True,eligible
NW-88006465,12,0,True,eligible
NW-88006452,12,0,True,eligible
NW-88000876,12,0,True,eligible
NE-49500491,11,1,True,eligible
SW-A3240102,12,0,True,eligible
MD-SSN0481,12,0,True,eligible
SW-82311944,8,4,False,fewer_than_9_observed
SO-RSN1997,12,0,True,eligible
NW-SSN0086,11,1,True,eligible
NE-49400336,3,9,False,fewer_than_9_observed
NW-88006392,12,0,True,eligible
AN-37M31,12,0,True,eligible
MD-56082180,12,0,True,eligible
MD-59636820,12,0,True,eligible
SW-50230111,12,0,True,eligible
MD-SSN1327,12,0,True,eligible
AN-NORTHBK,12,0,True,eligible
NW-88024652,12,0,True,eligible
MD-48189390,12,0,True,eligible
NW-88003531,3,9,False,fewer_than_9_observed
SO-E0007103,12,0,True,eligible
SW-70721011,12,0,True,eligible
NW-RSN1216,12,0,True,eligible
SW-82311912,12,0,True,eligible
MD-29998810,12,0,True,eligible
MD-38263020,12,0,True,eligible
SW-70723712,12,0,True,eligible
SO-F0017457,12,0,True,eligible
MD-11562960,12,0,True,eligible
SW-81223343,12,0,True,eligible
MD-RSN0462,12,0,True,eligible
AN-CHAT160C,12,0,True,eligible
MD-44508180,12,0,True,eligible
NW-88004448,12,0,True,eligible
SO-E0001292,12,0,True,eligible
NW-88003417,12,0,True,eligible
TH-PCNR0075,12,0,True,eligible
SW-50320118,12,0,True,eligible
NW-88002012,12,0,True,eligible
MD-51025190,11,1,True,eligible
NE-RSN0016,12,0,True,eligible
NW-88003486,12,0,True,eligible
AN-HOLTCUMB,12,0,True,eligible
TH-RSN1973,12,0,True,eligible
MD-00043370,4,8,False,fewer_than_9_observed
NE-SSN0165,12,0,True,eligible
MD-37819100,12,0,True,eligible
SW-91231102,12,0,True,eligible
NW-88005808,12,0,True,eligible
NW-88003102,12,0,True,eligible
NE-49705099,12,0,True,eligible
NE-49101093,8,4,False,fewer_than_9_observed
SO-E0000157,12,0,True,eligible
TH-PCNR0063,12,0,True,eligible
AN-RSN1585,12,0,True,eligible
AN-WITHN,12,0,True,eligible
MD-RSN1626,12,0,True,eligible
MD-29499230,12,0,True,eligible
NW-88022815,10,2,True,eligible
NE-49400563,12,0,True,eligible
SO-RSN0589,12,0,True,eligible
SW-81020847,12,0,True,eligible
NE-49600467,12,0,True,eligible
SO-E0007352,8,4,False,fewer_than_9_observed
NW-88004977,12,0,True,eligible
SW-82112131,12,0,True,eligible
AN-23M12,12,0,True,eligible
NW-88025751,12,0,True,eligible
MD-39415050,12,0,True,eligible
MD-23416780,12,0,True,eligible
SO-G0003762,12,0,True,eligible
AN-RSN0654,12,0,True,eligible
SO-E0007236,12,0,True,eligible
NW-88000623,12,0,True,eligible
AN-WITH7,12,0,True,eligible
NE-49905159,12,0,True,eligible
AN-14M01,12,0,True,eligible
TH-PTAR0007,12,0,True,eligible
NW-88024242,10,2,True,eligible
NW-88023779,12,0,True,eligible
NW-88001898,12,0,True,eligible
SO-E0007359,8,4,False,fewer_than_9_observed
SW-81710125,8,4,False,fewer_than_9_observed
AN-EASEDRN,12,0,True,eligible
SW-70630127,2,10,False,fewer_than_9_observed
NE-RSN1096,12,0,True,eligible
SW-82220435,1,11,False,fewer_than_9_observed
NE-49905188,9,3,True,eligible
SO-Y0004316,12,0,True,eligible
SW-81522725,12,0,True,eligible
MD-22241840,12,0,True,eligible
SW-91251730,12,0,True,eligible
SW-A4070401,12,0,True,eligible
SW-A4070402,12,0,True,eligible
MD-46389020,12,0,True,eligible
AN-RSN0898,12,0,True,eligible
TH-SSN0203,12,0,True,eligible
SW-81201370,12,0,True,eligible
MD-H0000032,12,0,True,eligible
NW-88003495,12,0,True,eligible
NE-RSN1036,12,0,True,eligible
NE-49600134,12,0,True,eligible
NW-88025750,12,0,True,eligible
MD-07429100,12,0,True,eligible
NW-88006318,12,0,True,eligible
SW-70533913,12,0,True,eligible
SW-81251548,12,0,True,eligible
SW-82410610,12,0,True,eligible
MD-00260130,12,0,True,eligible
AN-RSN1552,12,0,True,eligible
SW-Z2030312,12,0,True,eligible
SW-50260291,1,11,False,fewer_than_9_observed
MD-RSN1920,12,0,True,eligible
SW-91253110,8,4,False,fewer_than_9_observed
SO-G0003848,12,0,True,eligible
SO-RSN0105,12,0,True,eligible
AN-WEN115,5,7,False,fewer_than_9_observed
SO-E0000544,12,0,True,eligible
SO-RSN1057,12,0,True,eligible
AN-RSN0832,12,0,True,eligible
TH-PTHR0004,12,0,True,eligible
TH-PTHR0088,12,0,True,eligible
SW-RSN1909,12,0,True,eligible
NW-88006232,12,0,True,eligible
SW-82010130,12,0,True,eligible
NW-88002354,12,0,True,eligible
SW-E1005520,12,0,True,eligible
NW-RSN2211,12,0,True,eligible
MD-36782880,12,0,True,eligible
NE-49400347,12,0,True,eligible
TH-PCHR0148,12,0,True,eligible
AN-BAIN5,12,0,True,eligible
TH-RSN0706,12,0,True,eligible
SW-RSN0211,12,0,True,eligible
SO-RSN1177,12,0,True,eligible
NW-88002500,12,0,True,eligible
MD-23647020,12,0,True,eligible
AN-RSN1912,12,0,True,eligible
AN-RISE150B,12,0,True,eligible
AN-RSN0325,12,0,True,eligible
TH-PRGR0119,12,0,True,eligible
AN-ST13,12,0,True,eligible
SW-50220170,12,0,True,eligible
NW-88003961,12,0,True,eligible
NE-49200008,5,7,False,fewer_than_9_observed
AN-SEGMOR,12,0,True,eligible
NW-88003106,12,0,True,eligible
MD-SSN0168,12,0,True,eligible
SW-70812130,12,0,True,eligible
NW-RSN0236,12,0,True,eligible
MD-77939420,1,11,False,fewer_than_9_observed
SW-81930903,12,0,True,eligible
NW-88020453,12,0,True,eligible
NW-88004566,12,0,True,eligible
NW-88000598,12,0,True,eligible
MD-08102060,12,0,True,eligible
AN-41M16,12,0,True,eligible
SW-82220575,1,11,False,fewer_than_9_observed
NW-RSN1111,12,0,True,eligible
NW-88022354,12,0,True,eligible
SW-81950570,12,0,True,eligible
TH-SSN0207,12,0,True,eligible
NE-RSN2044,12,0,True,eligible
NE-49600214,12,0,True,eligible
AN-12M08,12,0,True,eligible
TH-RSN0257,12,0,True,eligible
NW-88003957,12,0,True,eligible
NE-49500373,12,0,True,eligible
TH-RSN0513,12,0,True,eligible
AN-MD0517,12,0,True,eligible
SW-82311929,8,4,False,fewer_than_9_observed
SW-82010198,1,11,False,fewer_than_9_observed
AN-EVBK100E,12,0,True,eligible
AN-JORD040T,12,0,True,eligible
AN-RSN1985,12,0,True,eligible
NW-88003474,12,0,True,eligible
NE-49100497,12,0,True,eligible
NW-88005571,12,0,True,eligible
NW-88002045,12,0,True,eligible
NW-88000681,12,0,True,eligible
MD-48976020,12,0,True,eligible
SO-F0002990,12,0,True,eligible
AN-28M03,12,0,True,eligible
MD-RSN0166,12,0,True,eligible
NE-49100071,12,0,True,eligible
SO-G0004145,12,0,True,eligible
SO-G0006951,12,0,True,eligible
SW-A3200207,12,0,True,eligible
TH-PBRR0015,12,0,True,eligible
MD-48370100,12,0,True,eligible
AN-YAR230,12,0,True,eligible
SW-72937830,12,0,True,eligible
MD-RSN1290,12,0,True,eligible
AN-WELL380D,12,0,True,eligible
NW-88022829,1,11,False,fewer_than_9_observed
SW-70634104,12,0,True,eligible
SO-F0002537,12,0,True,eligible
NE-41000372,12,0,True,eligible
NW-RSN1639,12,0,True,eligible
TH-PCNR0042,12,0,True,eligible
NW-88003840,12,0,True,eligible
MD-49699721,10,2,True,eligible
NE-49105243,12,0,True,eligible
NW-88024207,12,0,True,eligible
SW-70420116,12,0,True,eligible
NE-49100601,12,0,True,eligible
SO-RSN1217,12,0,True,eligible
AN-WEN280,12,0,True,eligible
NW-RSN1607,12,0,True,eligible
SW-82410751,3,9,False,fewer_than_9_observed
SW-72930136,12,0,True,eligible
NE-RSN1548,12,0,True,eligible
TH-PLDR0013,12,0,True,eligible
AN-THR093,12,0,True,eligible
NW-88005630,12,0,True,eligible
NE-49300382,12,0,True,eligible
AN-DEB0113,12,0,True,eligible
SW-82528159,12,0,True,eligible
SW-50281905,12,0,True,eligible
MD-28087400,8,4,False,fewer_than_9_observed
TH-PLER0122,12,0,True,eligible
TH-PUTR0069,12,0,True,eligible
MD-53175581,4,8,False,fewer_than_9_observed
AN-DEB050,12,0,True,eligible
SO-Y0004529,12,0,True,eligible
TH-PRGR0030,12,0,True,eligible
MD-25877190,2,10,False,fewer_than_9_observed
NE-49600482,12,0,True,eligible
NE-49700256,12,0,True,eligible
MD-H0000004,12,0,True,eligible
NW-88022941,12,0,True,eligible
SW-72930937,12,0,True,eligible
SO-E0000568,12,0,True,eligible
NW-88006307,12,0,True,eligible
AN-BARLEAU,12,0,True,eligible
NE-RSN2104,12,0,True,eligible
SW-50370707,10,2,True,eligible
AN-BRN030,12,0,True,eligible
MD-47467620,11,1,True,eligible
MD-51705550,12,0,True,eligible
AN-SSN0083,12,0,True,eligible
AN-BUR140,12,0,True,eligible
TH-PLER0118,12,0,True,eligible
NW-88023695,12,0,True,eligible
NW-88023624,12,0,True,eligible
MD-48941980,12,0,True,eligible
SW-81522340,12,0,True,eligible
AN-SSN0411,12,0,True,eligible
AN-ST07,5,7,False,fewer_than_9_observed
MD-50304300,12,0,True,eligible
NE-49600141,12,0,True,eligible
SW-82310451,8,4,False,fewer_than_9_observed
NW-88006417,12,0,True,eligible
MD-C0000052,12,0,True,eligible
TH-PKER0082,12,0,True,eligible
SW-70630240,12,0,True,eligible
NW-88024071,2,10,False,fewer_than_9_observed
MD-13612980,12,0,True,eligible
NE-49905127,12,0,True,eligible
NW-88004563,12,0,True,eligible
AN-WEN020,12,0,True,eligible
SO-F0017656,12,0,True,eligible
NW-88000588,12,0,True,eligible
MD-39324040,9,3,True,eligible
SW-82528082,12,0,True,eligible
SW-81271803,12,0,True,eligible
SW-81281111,12,0,True,eligible
MD-41822150,12,0,True,eligible
NW-88006256,12,0,True,eligible
SW-91251650,9,3,True,eligible
MD-23327650,12,0,True,eligible
NE-49100231,12,0,True,eligible
TH-RSN2129,12,0,True,eligible
SW-82311311,12,0,True,eligible
MD-19337420,12,0,True,eligible
SW-70591717,12,0,True,eligible
SW-Z1011901,1,11,False,fewer_than_9_observed
TH-PWER0022,12,0,True,eligible
NE-49300798,12,0,True,eligible
NW-RSN0363,12,0,True,eligible
SW-81940425,9,3,True,eligible
MD-RSN1058,12,0,True,eligible
NE-SSN0709,12,0,True,eligible
AN-RISE310B,12,0,True,eligible
AN-RSN1244,12,0,True,eligible
SW-82528060,12,0,True,eligible
TH-PBRR0070,12,0,True,eligible
MD-44284560,12,0,True,eligible
NW-88003973,12,0,True,eligible
MD-20034700,0,12,False,zero_observed_features
NW-88003089,12,0,True,eligible
SO-E0000873,12,0,True,eligible
NW-88002383,12,0,True,eligible
AN-BB0136,12,0,True,eligible
NE-49301396,12,0,True,eligible
SW-RSN0957,12,0,True,eligible
AN-WEN223,12,0,True,eligible
AN-45M02,12,0,True,eligible
SO-E0007238,12,0,True,eligible
SW-81232708,12,0,True,eligible
AN-USWAFORD,12,0,True,eligible
SO-E0001410,12,0,True,eligible
MD-73239310,1,11,False,fewer_than_9_observed
SW-82710981,12,0,True,eligible
NW-88024628,12,0,True,eligible
TH-PWRR0009,12,0,True,eligible
SW-82517005,12,0,True,eligible
NE-49105167,12,0,True,eligible
AN-ANCN2,12,0,True,eligible
NE-49100245,12,0,True,eligible
SW-82310924,12,0,True,eligible
SW-E2041300,12,0,True,eligible
AN-BLACKDYK,12,0,True,eligible
NW-88006453,12,0,True,eligible
MD-48359880,12,0,True,eligible
MD-08177350,12,0,True,eligible
MD-RSN0314,12,0,True,eligible
SW-91212027,12,0,True,eligible
NW-88022311,12,0,True,eligible
SW-81610303,4,8,False,fewer_than_9_observed
AN-SOWS1,12,0,True,eligible
NE-49100532,12,0,True,eligible
AN-BUR120,12,0,True,eligible
SW-70557003,12,0,True,eligible
MD-13608780,12,0,True,eligible
NE-49600483,12,0,True,eligible
SO-E0001273,12,0,True,eligible
NE-49400739,12,0,True,eligible
SW-RSN1670,11,1,True,eligible
MD-RSN1246,12,0,True,eligible
AN-CR0237,12,0,True,eligible
TH-PTHR0124,12,0,True,eligible
NE-49300137,12,0,True,eligible
NE-49400266,12,0,True,eligible
SW-81950555,12,0,True,eligible
SW-RSN0723,12,0,True,eligible
SW-RSN0759,12,0,True,eligible
NW-RSN0216,12,0,True,eligible
NE-49401015,12,0,True,eligible
SW-A3190203,12,0,True,eligible
MD-30726120,12,0,True,eligible
NW-88000872,12,0,True,eligible
SW-E3120200,12,0,True,eligible
SW-RSN1931,12,0,True,eligible
SO-E0000400,12,0,True,eligible
SW-RSN0867,11,1,True,eligible
MD-11054980,12,0,True,eligible
SW-81231187,1,11,False,fewer_than_9_observed
SW-81020802,12,0,True,eligible
SW-A1310201,12,0,True,eligible
SW-70641818,12,0,True,eligible
SW-70633822,12,0,True,eligible
MD-25749600,8,4,False,fewer_than_9_observed
AN-52M26,12,0,True,eligible
SW-RSN1795,12,0,True,eligible
NW-88003108,12,0,True,eligible
NW-88005570,12,0,True,eligible
AN-RSN0529,12,0,True,eligible
MD-51941130,11,1,True,eligible
SO-F0002000,12,0,True,eligible
TH-PTAR0102,12,0,True,eligible
MD-47600050,12,0,True,eligible
MD-78373480,12,0,True,eligible
NW-RSN0488,12,0,True,eligible
AN-38M15,12,0,True,eligible
NE-RSN0268,12,0,True,eligible
MD-59535100,12,0,True,eligible
MD-10325060,12,0,True,eligible
MD-22147580,12,0,True,eligible
NE-49000699,12,0,True,eligible
NE-49100528,12,0,True,eligible
TH-PWER0029,12,0,True,eligible
NE-49105238,1,11,False,fewer_than_9_observed
NE-49900029,12,0,True,eligible
SW-81710203,8,4,False,fewer_than_9_observed
SW-Z1011609,12,0,True,eligible
NE-49500382,12,0,True,eligible
NW-88002316,12,0,True,eligible
AN-FOSC2,12,0,True,eligible
TH-PLER0053,12,0,True,eligible
SO-SSN1335,12,0,True,eligible
NW-RSN1264,12,0,True,eligible
NW-RSN1292,12,0,True,eligible
SW-81611075,12,0,True,eligible
TH-PKER0005,12,0,True,eligible
NE-49100555,12,0,True,eligible
AN-GLEN130C,12,0,True,eligible
MD-59395300,12,0,True,eligible
NW-88003988,12,0,True,eligible
MD-49694100,12,0,True,eligible
SW-82520705,12,0,True,eligible
AN-01M04,12,0,True,eligible
SO-G0004218,12,0,True,eligible
SW-A1260416,12,0,True,eligible
TH-PTHR0125,4,8,False,fewer_than_9_observed
NE-49105203,12,0,True,eligible
NE-49400308,12,0,True,eligible
AN-RSN1953,12,0,True,eligible
SW-Z1030105,12,0,True,eligible
AN-ANCO1,12,0,True,eligible
MD-10579020,12,0,True,eligible
AN-RSN0849,12,0,True,eligible
NE-49100423,12,0,True,eligible
TH-RSN0185,12,0,True,eligible
SW-SSN1460,12,0,True,eligible
AN-RAT070,12,0,True,eligible
AN-RSN0960,12,0,True,eligible
AN-06M03,12,0,True,eligible
AN-29M09,12,0,True,eligible
MD-H0000071,12,0,True,eligible
SO-E0007262,12,0,True,eligible
NW-88005199,12,0,True,eligible
NW-88025787,12,0,True,eligible
AN-WEN180,12,0,True,eligible
AN-YAR229,12,0,True,eligible
TH-PRTS0051,12,0,True,eligible
NW-88023148,12,0,True,eligible
SO-F0002173,12,0,True,eligible
SW-RSN1141,12,0,True,eligible
NW-88006332,12,0,True,eligible
MD-SSN0108,12,0,True,eligible
MD-49691360,12,0,True,eligible
NW-88022629,4,8,False,fewer_than_9_observed
SW-81523404,12,0,True,eligible
SW-70620133,12,0,True,eligible
SW-91253220,8,4,False,fewer_than_9_observed
NW-88005010,1,11,False,fewer_than_9_observed
TH-PLER0126,12,0,True,eligible
SO-F0003113,12,0,True,eligible
SO-E0001587,12,0,True,eligible
NW-88000780,12,0,True,eligible
NW-88023145,12,0,True,eligible
SW-82310144,8,4,False,fewer_than_9_observed
SW-Z6540101,12,0,True,eligible
NE-49500663,12,0,True,eligible
AN-TNG040,12,0,True,eligible
SW-Z1460102,12,0,True,eligible
NE-49405117,12,0,True,eligible
NE-49100349,12,0,True,eligible
MD-36754350,12,0,True,eligible
AN-RSN0613,12,0,True,eligible
AN-30M20,12,0,True,eligible
AN-42M06,12,0,True,eligible
SO-F0002075,12,0,True,eligible
NE-49705110,8,4,False,fewer_than_9_observed
SW-50240488,12,0,True,eligible
NW-88023221,12,0,True,eligible
SW-E3050300,12,0,True,eligible
TH-RSN0226,12,0,True,eligible
SW-81220015,12,0,True,eligible
AN-48M25,12,0,True,eligible
AN-DEB0044,12,0,True,eligible
MD-RSN2134,12,0,True,eligible
NE-49400424,12,0,True,eligible
MD-39369000,12,0,True,eligible
NW-RSN1123,12,0,True,eligible
SW-RSN1299,12,0,True,eligible
SW-81251514,4,8,False,fewer_than_9_observed
NE-49200118,12,0,True,eligible
SW-82110104,12,0,True,eligible
NE-49301734,12,0,True,eligible
NW-88003850,12,0,True,eligible
AN-01M07,12,0,True,eligible
SW-60500111,12,0,True,eligible
AN-38M06,12,0,True,eligible
MD-45221950,12,0,True,eligible
MD-29993380,12,0,True,eligible
NE-RSN1668,12,0,True,eligible
AN-20M11,12,0,True,eligible
SO-E0007332,6,6,False,fewer_than_9_observed
NE-49603072,12,0,True,eligible
NW-88000643,12,0,True,eligible
NE-49400409,12,0,True,eligible
SW-81231190,12,0,True,eligible
SW-RSN1755,12,0,True,eligible
SW-70561042,12,0,True,eligible
AN-FOSSDYK1,12,0,True,eligible
MD-59012815,12,0,True,eligible
NW-88003560,12,0,True,eligible
AN-13M31,12,0,True,eligible
SW-82311925,1,11,False,fewer_than_9_observed
NW-88023141,12,0,True,eligible
MD-61080250,12,0,True,eligible
SW-72930188,12,0,True,eligible
NE-49200047,12,0,True,eligible
MD-51147980,12,0,True,eligible
MD-19226180,12,0,True,eligible
NW-88006370,12,0,True,eligible
NE-RSN0224,12,0,True,eligible
AN-SSN0181,12,0,True,eligible
NE-49302200,1,11,False,fewer_than_9_observed
NW-88003440,12,0,True,eligible
MD-50901750,10,2,True,eligible
NW-88006187,12,0,True,eligible
NE-49400248,12,0,True,eligible
AN-23M02,12,0,True,eligible
SW-91241176,12,0,True,eligible
NE-49600460,12,0,True,eligible
MD-36770430,12,0,True,eligible
NE-49800259,4,8,False,fewer_than_9_observed
MD-27039220,12,0,True,eligible
AN-SIND4,12,0,True,eligible
SW-A3210104,12,0,True,eligible
SW-70522671,12,0,True,eligible
NW-RSN2063,12,0,True,eligible
MD-36698778,12,0,True,eligible
TH-PCNR0205,12,0,True,eligible
TH-PWAR0060,12,0,True,eligible
MD-26958780,12,0,True,eligible
MD-47634020,11,1,True,eligible
NE-49400555,6,6,False,fewer_than_9_observed
AN-RSN0805,12,0,True,eligible
NE-49100068,12,0,True,eligible
AN-LUDO7,12,0,True,eligible
AN-WAV056,12,0,True,eligible
NE-49401019,12,0,True,eligible
TH-PWER0089,12,0,True,eligible
SW-50370220,6,6,False,fewer_than_9_observed
SW-50250634,12,0,True,eligible
AN-RSN0128,12,0,True,eligible
AN-YAR013,12,0,True,eligible
AN-RSN0110,12,0,True,eligible
NE-49000685,9,3,True,eligible
SW-70420102,12,0,True,eligible
MD-41066040,12,0,True,eligible
AN-NENE640D,12,0,True,eligible
SO-G0006575,12,0,True,eligible
NW-88000609,12,0,True,eligible
NW-RSN0280,12,0,True,eligible
TH-PRGR0003,12,0,True,eligible
SW-A2270107,12,0,True,eligible
NW-88024605,12,0,True,eligible
SO-E0001734,12,0,True,eligible
SW-70633208,4,8,False,fewer_than_9_observed
SW-E4001200,12,0,True,eligible
SW-RSN0285,12,0,True,eligible
SO-G0004155,12,0,True,eligible
NW-88002667,12,0,True,eligible
SW-81915165,12,0,True,eligible
NW-RSN0415,12,0,True,eligible
AN-RSN1064,12,0,True,eligible
SO-E0001692,12,0,True,eligible
SW-70817602,12,0,True,eligible
SO-SSN1358,12,0,True,eligible
MD-49903370,12,0,True,eligible
AN-NENE240W,12,0,True,eligible
NE-SSN0109,12,0,True,eligible
NE-49301157,10,2,True,eligible
NW-88002752,12,0,True,eligible
SW-82221863,12,0,True,eligible
TH-PRTS0658,12,0,True,eligible
NW-88025780,12,0,True,eligible
NW-SSN0118,12,0,True,eligible
MD-54537900,12,0,True,eligible
MD-61371820,6,6,False,fewer_than_9_observed
SW-81522004,12,0,True,eligible
NW-88023677,12,0,True,eligible
AN-SSN0179,12,0,True,eligible
MD-54509300,12,0,True,eligible
MD-64499220,12,0,True,eligible
TH-RSN0410,12,0,True,eligible
SW-91253477,8,4,False,fewer_than_9_observed
NE-49300730,12,0,True,eligible
TH-PKER0039,12,0,True,eligible
NW-88002181,12,0,True,eligible
AN-WITHM,12,0,True,eligible
AN-RSN2121,12,0,True,eligible
NW-88025829,9,3,True,eligible
SW-60032022,12,0,True,eligible
TH-PLER0129,12,0,True,eligible
TH-RTN0006,5,7,False,fewer_than_9_observed
MD-42533380,12,0,True,eligible
AN-RSN0353,12,0,True,eligible
SW-50360511,12,0,True,eligible
SW-82112424,12,0,True,eligible
NW-88006451,12,0,True,eligible
NW-88004519,12,0,True,eligible
SW-70810529,12,0,True,eligible
AN-OWDR030B,12,0,True,eligible
SW-50220284,12,0,True,eligible
AN-LARM050L,12,0,True,eligible
AN-MIN035,12,0,True,eligible
TH-POCR0008,12,0,True,eligible
AN-DEB020,12,0,True,eligible
AN-WELL330U,12,0,True,eligible
SW-82221806,1,11,False,fewer_than_9_observed
TH-RSN1242,12,0,True,eligible
SW-82513920,12,0,True,eligible
MD-20255380,12,0,True,eligible
MD-RSN0266,12,0,True,eligible
NW-88020890,1,11,False,fewer_than_9_observed
SW-RSN0958,12,0,True,eligible
NE-49400092,3,9,False,fewer_than_9_observed
TH-PHMR0009,12,0,True,eligible
AN-STEP3,12,0,True,eligible
MD-38473020,12,0,True,eligible
AN-RSN0261,12,0,True,eligible
SW-50210469,12,0,True,eligible
MD-RSN1514,12,0,True,eligible
SW-91253215,8,4,False,fewer_than_9_observed
NE-49700078,12,0,True,eligible
SW-81940805,12,0,True,eligible
TH-PRVR0035,12,0,True,eligible
TH-PMLE0390,10,2,True,eligible
SW-91212023,12,0,True,eligible
MD-51703600,11,1,True,eligible
SO-RSN0089,12,0,True,eligible
TH-PRGR0021,12,0,True,eligible
MD-60866450,12,0,True,eligible
NW-88005051,12,0,True,eligible
TH-RSN0233,12,0,True,eligible
SW-60580103,2,10,False,fewer_than_9_observed
NW-88005845,12,0,True,eligible
SW-70550329,12,0,True,eligible
NE-49105136,12,0,True,eligible
SW-73063202,12,0,True,eligible
SO-F0002050,12,0,True,eligible
NE-49105199,12,0,True,eligible
NE-49905042,4,8,False,fewer_than_9_observed
AN-ANT190,12,0,True,eligible
MD-51963080,12,0,True,eligible
AN-56M06,12,0,True,eligible
SW-73110519,0,12,False,zero_observed_features
NE-49000003,12,0,True,eligible
AN-EST030,12,0,True,eligible
SW-70724103,12,0,True,eligible
NW-88024631,12,0,True,eligible
MD-56436020,12,0,True,eligible
NE-49905242,4,8,False,fewer_than_9_observed
NW-88024186,12,0,True,eligible
MD-RSN0422,12,0,True,eligible
AN-48M06,12,0,True,eligible
AN-WILL110K,12,0,True,eligible
MD-11294580,12,0,True,eligible
NE-49600143,12,0,True,eligible
AN-BARN080B,12,0,True,eligible
MD-50900410,12,0,True,eligible
NE-49700089,12,0,True,eligible
TH-PUTR0067,12,0,True,eligible
NW-88009690,12,0,True,eligible
AN-WITHG,12,0,True,eligible
NW-88000856,12,0,True,eligible
SO-Y0004530,12,0,True,eligible
SW-50280476,12,0,True,eligible
NW-88004395,12,0,True,eligible
NE-49600464,12,0,True,eligible
SW-60590405,12,0,True,eligible
SW-RSN1685,12,0,True,eligible
SW-82210904,6,6,False,fewer_than_9_observed
AN-RSN0929,12,0,True,eligible
MD-SSN0177,12,0,True,eligible
NW-RSN0040,12,0,True,eligible
MD-37737020,12,0,True,eligible
NW-RSN0360,12,0,True,eligible
SO-RTN0063,5,7,False,fewer_than_9_observed
AN-GOULCEBY,12,0,True,eligible
NE-49400462,12,0,True,eligible
NW-88007346,7,5,False,fewer_than_9_observed
SO-G0006952,12,0,True,eligible
TH-RSN0617,12,0,True,eligible
SW-70522640,6,6,False,fewer_than_9_observed
SW-81010811,12,0,True,eligible
AN-HOGD090R,12,0,True,eligible
SW-RSN1087,12,0,True,eligible
MD-09922450,12,0,True,eligible
NE-49700251,12,0,True,eligible
AN-WAV113,12,0,True,eligible
NE-49900012,12,0,True,eligible
MD-SSN0031,12,0,True,eligible
NE-RSN0460,12,0,True,eligible
AN-04M10,12,0,True,eligible
AN-CH0910,12,0,True,eligible
SW-Z8480236,12,0,True,eligible
MD-RSN0790,12,0,True,eligible
NW-88023189,12,0,True,eligible
NW-88022579,4,8,False,fewer_than_9_observed
NE-49100550,12,0,True,eligible
SW-82112121,12,0,True,eligible
NE-RSN0912,12,0,True,eligible
MD-61041500,10,2,True,eligible
MD-60867500,12,0,True,eligible
MD-44049100,12,0,True,eligible
SW-RSN0199,12,0,True,eligible
SW-RSN0894,12,0,True,eligible
MD-59014950,12,0,True,eligible
AN-SKIT1,12,0,True,eligible
SW-72911403,12,0,True,eligible
NW-SSN0406,12,0,True,eligible
NW-88022522,10,2,True,eligible
SW-C0110000,12,0,True,eligible
MD-49709870,12,0,True,eligible
SW-RSN0259,12,0,True,eligible
AN-WITB100T,12,0,True,eligible
NE-41000098,12,0,True,eligible
AN-RA0530,12,0,True,eligible
SW-RSN1635,12,0,True,eligible
MD-49710500,12,0,True,eligible
NW-88024204,12,0,True,eligible
NE-49105201,12,0,True,eligible
SW-81311024,12,0,True,eligible
NW-88009654,12,0,True,eligible
MD-RSN0375,12,0,True,eligible
SW-81917255,12,0,True,eligible
NE-49100644,12,0,True,eligible
NE-49700235,12,0,True,eligible
NE-49500377,12,0,True,eligible
AN-MD04,12,0,True,eligible
NW-88023649,12,0,True,eligible
TH-PRGR0018,12,0,True,eligible
SW-RSN0435,12,0,True,eligible
NW-88022197,12,0,True,eligible
MD-RSN1834,12,0,True,eligible
NW-88003461,12,0,True,eligible
TH-PMLR0013,12,0,True,eligible
SW-60250592,12,0,True,eligible
NW-88023232,10,2,True,eligible
AN-CRIG3,12,0,True,eligible
NE-49900204,12,0,True,eligible
SO-E0007052,12,0,True,eligible
NE-49905195,9,3,True,eligible
NW-88023208,12,0,True,eligible
SW-RSN0099,12,0,True,eligible
TH-PUTR0014,12,0,True,eligible
NW-88002573,12,0,True,eligible
MD-RSN1086,12,0,True,eligible
MD-57406050,12,0,True,eligible
NW-88021142,12,0,True,eligible
MD-SSN1432,12,0,True,eligible
NE-49301886,12,0,True,eligible
MD-74655180,12,0,True,eligible
SW-81610210,12,0,True,eligible
MD-78376100,12,0,True,eligible
AN-34M06,12,0,True,eligible
NE-49400287,12,0,True,eligible
AN-BLY016,12,0,True,eligible
TH-RSN1825,12,0,True,eligible
SO-G0004065,12,0,True,eligible
TH-PEVR0081,12,0,True,eligible
TH-PRTS0003,12,0,True,eligible
SW-A2290103,12,0,True,eligible
NE-49105224,12,0,True,eligible
AN-CR0215,12,0,True,eligible
AN-DOV090,12,0,True,eligible
MD-19335580,12,0,True,eligible
NE-49600468,12,0,True,eligible
NE-RTN0053,5,7,False,fewer_than_9_observed
SW-70540110,12,0,True,eligible
MD-00044720,12,0,True,eligible
NE-49000481,12,0,True,eligible
MD-12563511,12,0,True,eligible
MD-RSN1026,12,0,True,eligible
AN-DUDDINGT,12,0,True,eligible
AN-16M20,1,11,False,fewer_than_9_observed
SO-RSN1153,12,0,True,eligible
NW-88000679,12,0,True,eligible
NE-49301888,12,0,True,eligible
SO-F0002196,12,0,True,eligible
SO-G0003674,12,0,True,eligible
NE-49600185,12,0,True,eligible
NE-49905118,12,0,True,eligible
SO-RSN1053,12,0,True,eligible
MD-23778020,8,4,False,fewer_than_9_observed
NE-RSN0656,12,0,True,eligible
AN-GIP169,12,0,True,eligible
NE-49600151,12,0,True,eligible
NE-RSN1736,12,0,True,eligible
SW-Z7500122,12,0,True,eligible
NW-RSN1740,12,0,True,eligible
MD-44505050,12,0,True,eligible
AN-53M29,12,0,True,eligible
SW-RSN0919,12,0,True,eligible
MD-23538500,12,0,True,eligible
SW-82010131,12,0,True,eligible
NE-RSN2332,12,0,True,eligible
NE-49705093,12,0,True,eligible
SW-81120120,12,0,True,eligible
MD-51248440,11,1,True,eligible
SO-Y0004519,12,0,True,eligible
SW-82528011,12,0,True,eligible
SW-81913833,12,0,True,eligible
NE-49400279,12,0,True,eligible
NE-49302160,12,0,True,eligible
MD-02361880,1,11,False,fewer_than_9_observed
AN-BARE8,12,0,True,eligible
TH-PKER0137,12,0,True,eligible
TH-RSN1689,12,0,True,eligible
NW-88003895,12,0,True,eligible
SW-82110155,8,4,False,fewer_than_9_observed
TH-RSN1646,12,0,True,eligible
MD-07166220,12,0,True,eligible
SW-Z1012340,12,0,True,eligible
SO-RSN1037,12,0,True,eligible
MD-SSN1420,12,0,True,eligible
MD-38836400,12,0,True,eligible
MD-00395050,1,11,False,fewer_than_9_observed
SW-Z5012805,12,0,True,eligible
NE-49400759,12,0,True,eligible
MD-50936350,11,1,True,eligible
MD-29272820,12,0,True,eligible
MD-SSN1356,12,0,True,eligible
AN-27M41,12,0,True,eligible
MD-37423200,12,0,True,eligible
NE-49600495,12,0,True,eligible
SW-E2030800,12,0,True,eligible
MD-57464620,12,0,True,eligible
MD-10325540,12,0,True,eligible
MD-65793180,12,0,True,eligible
TH-PTHR0026,12,0,True,eligible
MD-00258470,8,4,False,fewer_than_9_observed
AN-RSN1257,12,0,True,eligible
NW-88004387,12,0,True,eligible
SO-G0003929,12,0,True,eligible
SW-82711801,0,12,False,zero_observed_features
AN-KYMEEAU,12,0,True,eligible
TH-PLDR0003,12,0,True,eligible
MD-RSN1612,12,0,True,eligible
NW-RSN1092,12,0,True,eligible
SW-81271225,12,0,True,eligible
NW-88004014,12,0,True,eligible
NW-88023708,12,0,True,eligible
SW-70522662,12,0,True,eligible
SW-70420286,12,0,True,eligible
AN-RSN0846,12,0,True,eligible
TH-RSN0922,12,0,True,eligible
MD-39325200,9,3,True,eligible
TH-PRTS0644,4,8,False,fewer_than_9_observed
MD-RSN1218,12,0,True,eligible
MD-SSN1375,12,0,True,eligible
SW-81930965,12,0,True,eligible
AN-BEL043,12,0,True,eligible
TH-PLER0077,12,0,True,eligible
NE-49905178,10,2,True,eligible
SO-E0001332,12,0,True,eligible
AN-YAX025,12,0,True,eligible
TH-PCHR0028,12,0,True,eligible
MD-39404200,12,0,True,eligible
NE-49600451,12,0,True,eligible
SW-Z9410101,12,0,True,eligible
AN-DUNSBYOB,12,0,True,eligible
AN-RSN0913,12,0,True,eligible
AN-SYWB040E,12,0,True,eligible
AN-CA030550,12,0,True,eligible
TH-PCNR0186,12,0,True,eligible
AN-BRANTGS,12,0,True,eligible
MD-12152080,12,0,True,eligible
NE-49500499,12,0,True,eligible
AN-CR0253,12,0,True,eligible
NE-49800093,12,0,True,eligible
TH-PEVR0019,12,0,True,eligible
SW-50330759,3,9,False,fewer_than_9_observed
MD-RSN0294,12,0,True,eligible
MD-48426580,12,0,True,eligible
MD-37683200,12,0,True,eligible
AN-CHAT070M,12,0,True,eligible
AN-WEN210,12,0,True,eligible
AN-41M17,12,0,True,eligible
NE-41000375,12,0,True,eligible
NW-88001848,12,0,True,eligible
NW-88002588,12,0,True,eligible
TH-RSN1789,12,0,True,eligible
MD-24239640,12,0,True,eligible
SW-SSN1339,12,0,True,eligible
NW-88022942,12,0,True,eligible
NE-49105204,12,0,True,eligible
SW-82110160,8,4,False,fewer_than_9_observed
SW-70630207,12,0,True,eligible
SW-RSN0035,12,0,True,eligible
NW-88009758,12,0,True,eligible
MD-RSN0242,12,0,True,eligible
NW-88006391,12,0,True,eligible
NW-88001972,12,0,True,eligible
SW-81310254,12,0,True,eligible
MD-30546120,12,0,True,eligible
SW-RSN1165,12,0,True,eligible
NE-RSN2024,12,0,True,eligible
SW-91251619,9,3,True,eligible
AN-LADE1,12,0,True,eligible
SW-50250326,12,0,True,eligible
NW-88023209,12,0,True,eligible
SO-E0000403,12,0,True,eligible
SO-F0002272,12,0,True,eligible
SW-E2033500,12,0,True,eligible
SW-82211932,9,3,True,eligible
MD-56546100,12,0,True,eligible
AN-27M38,10,2,True,eligible
MD-04806980,12,0,True,eligible
MD-H0000006,12,0,True,eligible
MD-22269560,12,0,True,eligible
SO-F0002322,12,0,True,eligible
MD-38477915,12,0,True,eligible
AN-CL0180,12,0,True,eligible
SW-81940715,12,0,True,eligible
SW-A3200404,12,0,True,eligible
NW-88000871,12,0,True,eligible
NW-RSN0284,12,0,True,eligible
SO-G0004207,12,0,True,eligible
SO-F0003416,12,0,True,eligible
SW-50370169,12,0,True,eligible
AN-GIP070,12,0,True,eligible
MD-23350240,4,8,False,fewer_than_9_observed
SW-64200205,12,0,True,eligible
SW-RSN0339,11,1,True,eligible
SW-81917411,12,0,True,eligible
AN-ANCN5,5,7,False,fewer_than_9_observed
MD-43534300,12,0,True,eligible
SW-73062502,12,0,True,eligible
SW-70110111,12,0,True,eligible
SW-RSN2267,12,0,True,eligible
MD-23657300,12,0,True,eligible
SO-F0002658,12,0,True,eligible
SW-91221117,12,0,True,eligible
AN-RSN0030,12,0,True,eligible
SO-G0003616,12,0,True,eligible
MD-58729100,12,0,True,eligible
NW-88004560,12,0,True,eligible
AN-TG215,12,0,True,eligible
NE-49301838,12,0,True,eligible
NW-88025698,3,9,False,fewer_than_9_observed
AN-LORDSDRN,12,0,True,eligible
AN-WAV060,12,0,True,eligible
MD-76420300,12,0,True,eligible
MD-48939020,12,0,True,eligible
SO-G0003652,12,0,True,eligible
MD-08103100,12,0,True,eligible
NW-88005839,12,0,True,eligible
MD-41319100,12,0,True,eligible
NW-88006203,12,0,True,eligible
MD-51755105,11,1,True,eligible
SW-70230141,12,0,True,eligible
SW-E2270800,12,0,True,eligible
TH-PBNR0003,12,0,True,eligible
SO-F0002601,12,0,True,eligible
SW-82110766,12,0,True,eligible
TH-PRTS0056,12,0,True,eligible
TH-PPSR0003,12,0,True,eligible
MD-51248190,11,1,True,eligible
MD-70476840,12,0,True,eligible
MD-28224200,12,0,True,eligible
MD-22241560,5,7,False,fewer_than_9_observed
AN-RSN1105,12,0,True,eligible
MD-58808780,12,0,True,eligible
MD-37366020,12,0,True,eligible
NW-88002724,12,0,True,eligible
NE-49600481,12,0,True,eligible
TH-PCRR0006,12,0,True,eligible
TH-RSN2282,12,0,True,eligible
TH-PUTR0072,12,0,True,eligible
MD-00203410,12,0,True,eligible
NW-88003880,12,0,True,eligible
TH-PCNR0019,12,0,True,eligible
MD-46679620,12,0,True,eligible
AN-GIP054,12,0,True,eligible
MD-56086680,12,0,True,eligible
AN-RSN2001,12,0,True,eligible
TH-PWER0047,12,0,True,eligible
NE-RSN0672,12,0,True,eligible
MD-47519100,11,1,True,eligible
AN-WOLD2,12,0,True,eligible
TH-PTHR0472,12,0,True,eligible
NE-SSN1281,12,0,True,eligible
NW-88023584,12,0,True,eligible
TH-PLDR0029,12,0,True,eligible
NW-88022712,9,3,True,eligible
NE-49000776,12,0,True,eligible
AN-RSN0418,12,0,True,eligible
MD-51705100,12,0,True,eligible
SW-Z1520101,10,2,True,eligible
TH-PLER0155,12,0,True,eligible
MD-28064110,8,4,False,fewer_than_9_observed
SW-82211935,12,0,True,eligible
NW-88024188,12,0,True,eligible
NW-88003969,12,0,True,eligible
SW-81201402,12,0,True,eligible
AN-CTWTRMLF,12,0,True,eligible
TH-PWRR0029,12,0,True,eligible
NE-49800045,12,0,True,eligible
TH-PTHR0079,1,11,False,fewer_than_9_observed
NW-88022212,12,0,True,eligible
NW-88000748,12,0,True,eligible
MD-29499400,12,0,True,eligible
NE-49500670,12,0,True,eligible
NE-RSN0560,12,0,True,eligible
NW-88002224,12,0,True,eligible
NE-49300851,12,0,True,eligible
SW-70910356,12,0,True,eligible
AN-GREN020S,12,0,True,eligible
SW-70720258,12,0,True,eligible
AN-STON060G,12,0,True,eligible
SW-50220806,6,6,False,fewer_than_9_observed
SW-82310183,9,3,True,eligible
SW-70230922,12,0,True,eligible
SW-81251512,4,8,False,fewer_than_9_observed
SW-RSN1695,11,1,True,eligible
NW-88023228,12,0,True,eligible
NE-49405137,12,0,True,eligible
SW-81810917,0,12,False,zero_observed_features
AN-WEN275,12,0,True,eligible
MD-33232850,12,0,True,eligible
NE-49700222,12,0,True,eligible
MD-RSN0118,12,0,True,eligible
SW-RSN0855,12,0,True,eligible
NW-88024215,12,0,True,eligible
NE-49905194,8,4,False,fewer_than_9_observed
NW-88025746,12,0,True,eligible
SW-70720287,12,0,True,eligible
NW-88003456,12,0,True,eligible
MD-37219900,12,0,True,eligible
SW-73040602,12,0,True,eligible
SW-50440119,12,0,True,eligible
NW-88005669,12,0,True,eligible
MD-42733050,12,0,True,eligible
NW-88005904,12,0,True,eligible
NW-88005734,12,0,True,eligible
SW-E2041100,12,0,True,eligible
MD-38471660,12,0,True,eligible
NE-49905174,9,3,True,eligible
NW-88023121,12,0,True,eligible
NE-RSN1816,12,0,True,eligible
AN-53M46,12,0,True,eligible
SO-E0001706,12,0,True,eligible
NW-88022135,4,8,False,fewer_than_9_observed
NE-SSN1317,12,0,True,eligible
SW-60031374,12,0,True,eligible
TH-RTN0032,5,7,False,fewer_than_9_observed
AN-WILSFORD,12,0,True,eligible
SW-82510154,12,0,True,eligible
AN-ANCO4,12,0,True,eligible
AN-BUR170,12,0,True,eligible
SW-70531612,12,0,True,eligible
AN-45M11,8,4,False,fewer_than_9_observed
SW-70630230,7,5,False,fewer_than_9_observed
AN-RSN0050,12,0,True,eligible
NE-49302469,12,0,True,eligible
NW-88020644,12,0,True,eligible
MD-38714350,12,0,True,eligible
MD-59014180,2,10,False,fewer_than_9_observed
SW-70635819,12,0,True,eligible
SW-SSN0648,12,0,True,eligible
SW-82513918,12,0,True,eligible
NE-RSN1664,12,0,True,eligible
SW-60030560,12,0,True,eligible
AN-28M07,12,0,True,eligible
SW-82110165,8,4,False,fewer_than_9_observed
MD-64177220,12,0,True,eligible
MD-36772580,12,0,True,eligible
MD-RSN0074,12,0,True,eligible
AN-BRN050,12,0,True,eligible
AN-RSN1204,12,0,True,eligible
NW-88005878,12,0,True,eligible
NE-49100523,12,0,True,eligible
SW-RSN2107,12,0,True,eligible
SW-91252111,6,6,False,fewer_than_9_observed
SW-RSN1502,12,0,True,eligible
TH-RSN1989,12,0,True,eligible
NE-SSN1361,12,0,True,eligible
AN-BILINGBK,12,0,True,eligible
AN-21M03,12,0,True,eligible
NW-88003824,12,0,True,eligible
AN-NENE060K,12,0,True,eligible
MD-16289754,11,1,True,eligible
AN-BT01,12,0,True,eligible
SW-60030144,7,5,False,fewer_than_9_observed
SW-Z4170214,12,0,True,eligible
SW-RSN0893,12,0,True,eligible
MD-25332630,8,4,False,fewer_than_9_observed
NW-RSN1196,12,0,True,eligible
NW-88006289,12,0,True,eligible
TH-PTAR0010,12,0,True,eligible
NE-49905168,12,0,True,eligible
MD-29757150,12,0,True,eligible
MD-06114120,12,0,True,eligible
NE-49600176,12,0,True,eligible
MD-54219180,12,0,True,eligible
NE-49200128,12,0,True,eligible
NE-49200120,12,0,True,eligible
SW-RSN1759,12,0,True,eligible
MD-10680080,12,0,True,eligible
SW-81271235,12,0,True,eligible
NW-88005055,12,0,True,eligible
NW-88000745,12,0,True,eligible
NW-88023951,12,0,True,eligible
SO-G0004167,12,0,True,eligible
AN-NENE220H,12,0,True,eligible
MD-RSN0650,12,0,True,eligible
AN-44M12,12,0,True,eligible
MD-SSN0671,12,0,True,eligible
NW-88023160,12,0,True,eligible
SW-70826082,12,0,True,eligible
MD-74380770,12,0,True,eligible
SW-70232411,12,0,True,eligible
NW-RSN0024,12,0,True,eligible
NW-88000715,12,0,True,eligible
SO-E0000637,12,0,True,eligible
AN-BR0316,12,0,True,eligible
MD-50306265,11,1,True,eligible
AN-GWSH235C,12,0,True,eligible
SW-73012702,12,0,True,eligible
MD-58808870,12,0,True,eligible
MD-04787610,12,0,True,eligible
SO-F0003006,12,0,True,eligible
TH-PTAR0051,12,0,True,eligible
NE-49400676,12,0,True,eligible
AN-ST0120,12,0,True,eligible
AN-RSN1084,12,0,True,eligible
MD-56590020,12,0,True,eligible
SW-A3240101,12,0,True,eligible
NW-88003430,12,0,True,eligible
AN-NETL8,12,0,True,eligible
SO-G0006616,0,12,False,zero_observed_features
AN-ANT120,12,0,True,eligible
SW-72920377,12,0,True,eligible
SW-60600186,4,8,False,fewer_than_9_observed
SO-G0006988,12,0,True,eligible
NW-88003524,12,0,True,eligible
MD-41820270,12,0,True,eligible
AN-REDBRIDG,12,0,True,eligible
NW-88002406,12,0,True,eligible
SO-F0002886,12,0,True,eligible
SO-RSN2057,12,0,True,eligible
SW-81511046,12,0,True,eligible
NW-88003423,12,0,True,eligible
MD-SSN0009,12,0,True,eligible
MD-03341300,12,0,True,eligible
MD-50913025,12,0,True,eligible
NE-49105202,12,0,True,eligible
AN-RSN0433,12,0,True,eligible
AN-01M15,12,0,True,eligible
NW-88023336,12,0,True,eligible
MD-42254020,12,0,True,eligible
SW-60260103,12,0,True,eligible
NW-RSN0607,12,0,True,eligible
AN-TAS092,12,0,True,eligible
NE-49600478,12,0,True,eligible
SO-F0002274,12,0,True,eligible
SW-70721066,12,0,True,eligible
SW-RSN1181,12,0,True,eligible
SW-82110803,3,9,False,fewer_than_9_observed
NE-49100552,12,0,True,eligible
SO-G0003900,12,0,True,eligible
NW-88003428,12,0,True,eligible
TH-PMLR0323,10,2,True,eligible
AN-CAAR100G,12,0,True,eligible
SO-E0007312,12,0,True,eligible
MD-RSN1070,12,0,True,eligible
NE-RSN0580,12,0,True,eligible
NW-88024632,12,0,True,eligible
MD-47511500,12,0,True,eligible
AN-FRO040,12,0,True,eligible
NW-88023028,12,0,True,eligible
MD-10929340,12,0,True,eligible
NW-SSN1398,12,0,True,eligible
NW-RSN1159,12,0,True,eligible
SW-72913412,12,0,True,eligible
MD-50896230,12,0,True,eligible
SW-81020103,12,0,True,eligible
SW-82211922,12,0,True,eligible
SW-RSN0711,12,0,True,eligible
SW-RSN0343,12,0,True,eligible
SW-RSN1115,11,1,True,eligible
MD-38419100,12,0,True,eligible
NE-49400689,12,0,True,eligible
SW-50280726,12,0,True,eligible
SW-RSN0515,12,0,True,eligible
SW-60090101,12,0,True,eligible
AN-MAFD1,12,0,True,eligible
SW-73030162,9,3,True,eligible
SO-G0006903,12,0,True,eligible
SW-RSN1119,12,0,True,eligible
MD-59636190,1,11,False,fewer_than_9_observed
NW-RSN0748,12,0,True,eligible
AN-PORTERSL,12,0,True,eligible
MD-61023500,12,0,True,eligible
MD-50013180,12,0,True,eligible
AN-SSN1321,11,1,True,eligible
SW-70630291,12,0,True,eligible
SW-91252645,8,4,False,fewer_than_9_observed
AN-GIP205,5,7,False,fewer_than_9_observed
MD-50896050,12,0,True,eligible
NW-88003154,12,0,True,eligible
TH-RSN0865,12,0,True,eligible
SW-70620509,12,0,True,eligible
MD-10325700,12,0,True,eligible
NE-49100522,12,0,True,eligible
NE-49301202,12,0,True,eligible
TH-PTHR0083,12,0,True,eligible
MD-H0000089,12,0,True,eligible
MD-48705170,12,0,True,eligible
SW-A3190201,12,0,True,eligible
SW-82311952,9,3,True,eligible
SW-81261152,12,0,True,eligible
NW-SSN1282,12,0,True,eligible
SW-91210131,12,0,True,eligible
NW-88003828,12,0,True,eligible
AN-27M44,12,0,True,eligible
SO-E0000362,12,0,True,eligible
NW-RSN1056,12,0,True,eligible
SW-81420269,12,0,True,eligible
SW-82310476,8,4,False,fewer_than_9_observed
NW-88006477,12,0,True,eligible
MD-56087700,12,0,True,eligible
SW-81611080,12,0,True,eligible
AN-BB0104,12,0,True,eligible
SW-70591040,12,0,True,eligible
NW-88021019,12,0,True,eligible
SW-82110190,8,4,False,fewer_than_9_observed
SO-F0002804,12,0,True,eligible
NE-49500343,12,0,True,eligible
SW-50210209,12,0,True,eligible
AN-WELL220W,12,0,True,eligible
MD-23446070,1,11,False,fewer_than_9_observed
SW-E3181400,12,0,True,eligible
MD-15779320,12,0,True,eligible
NW-88000758,12,0,True,eligible
AN-NENE490F,12,0,True,eligible
SO-RSN0457,12,0,True,eligible
NW-88003457,12,0,True,eligible
TH-PCNR0070,12,0,True,eligible
SW-81020186,12,0,True,eligible
NE-RSN0496,12,0,True,eligible
MD-02851310,4,8,False,fewer_than_9_observed
SW-81511737,12,0,True,eligible
SW-RSN0493,12,0,True,eligible
SW-Z5012902,3,9,False,fewer_than_9_observed
MD-RSN1094,12,0,True,eligible
AN-YAR31010,7,5,False,fewer_than_9_observed
AN-ESTBROOK,6,6,False,fewer_than_9_observed
SW-70813384,12,0,True,eligible
AN-ST1415,12,0,True,eligible
MD-42488110,12,0,True,eligible
AN-RSN0862,12,0,True,eligible
SO-E0007050,12,0,True,eligible
TH-PKER0043,12,0,True,eligible
AN-44M31,12,0,True,eligible
MD-37849100,12,0,True,eligible
AN-153606,1,11,False,fewer_than_9_observed
SW-91211365,12,0,True,eligible
SW-60270701,12,0,True,eligible
SW-RSN2035,12,0,True,eligible
SW-SSN1472,12,0,True,eligible
MD-01502150,12,0,True,eligible
SW-81121402,12,0,True,eligible
NW-88003575,0,12,False,zero_observed_features
NE-49000020,12,0,True,eligible
AN-53M53,12,0,True,eligible
NE-49905196,9,3,True,eligible
SW-60030333,12,0,True,eligible
SW-RSN0979,12,0,True,eligible
NW-RSN1044,12,0,True,eligible
MD-69768060,12,0,True,eligible
NW-88005020,12,0,True,eligible
SW-81940193,12,0,True,eligible
MD-22629020,12,0,True,eligible
MD-44509030,12,0,True,eligible
SO-Y0004395,12,0,True,eligible
AN-MD03,12,0,True,eligible
NW-88001836,8,4,False,fewer_than_9_observed
SW-81810104,12,0,True,eligible
MD-40719100,11,1,True,eligible
AN-48M08,12,0,True,eligible
NE-49301153,12,0,True,eligible
TH-RSN1802,12,0,True,eligible
NW-RSN0168,12,0,True,eligible
SW-82115065,12,0,True,eligible
MD-RTN0016,5,7,False,fewer_than_9_observed
TH-PRTS0025,9,3,True,eligible
SW-70630032,7,5,False,fewer_than_9_observed
MD-25072580,12,0,True,eligible
SO-E0001756,12,0,True,eligible
TH-RSN1225,12,0,True,eligible
SW-RSN0727,12,0,True,eligible
TH-SSN1348,12,0,True,eligible
SW-70725509,12,0,True,eligible
AN-HK1210,12,0,True,eligible
NE-RSN1112,12,0,True,eligible
SW-82312338,9,3,True,eligible
MD-RSN2338,12,0,True,eligible
TH-PEVR0016,12,0,True,eligible
MD-10818350,1,11,False,fewer_than_9_observed
MD-RSN2274,12,0,True,eligible
AN-BILL100L,12,0,True,eligible
SW-81261111,12,0,True,eligible
AN-WELL385,12,0,True,eligible
MD-38642360,12,0,True,eligible
NW-88005786,12,0,True,eligible
AN-37M23,12,0,True,eligible
MD-65795580,12,0,True,eligible
SW-82410255,12,0,True,eligible
MD-61674560,12,0,True,eligible
SW-E7080250,12,0,True,eligible
MD-49155050,12,0,True,eligible
NW-88001816,12,0,True,eligible
NW-88004397,12,0,True,eligible
NW-88022082,12,0,True,eligible
AN-48M01,12,0,True,eligible
AN-KINBYBCK,12,0,True,eligible
SW-RSN0605,12,0,True,eligible
NW-88005791,12,0,True,eligible
NE-49200308,12,0,True,eligible
NW-88000597,12,0,True,eligible
NE-49905157,12,0,True,eligible
MD-23792560,8,4,False,fewer_than_9_observed
TH-RSN2317,12,0,True,eligible
TH-PTHR0204,4,8,False,fewer_than_9_observed
MD-49700000,12,0,True,eligible
MD-23784020,12,0,True,eligible
NE-49000757,8,4,False,fewer_than_9_observed
NW-88024209,12,0,True,eligible
MD-06001080,12,0,True,eligible
SW-RSN1803B,12,0,True,eligible
NE-49500392,11,1,True,eligible
MD-37644380,11,1,True,eligible
SW-70534602,12,0,True,eligible
SW-82010156,12,0,True,eligible
SW-E4000400,12,0,True,eligible
SW-81251703,1,11,False,fewer_than_9_observed
AN-HAMMONDB,12,0,True,eligible
SW-A4070115,12,0,True,eligible
SW-RSN0407,12,0,True,eligible
AN-26M21,12,0,True,eligible
NE-49105165,5,7,False,fewer_than_9_observed
NE-49400709,12,0,True,eligible
AN-WITHC,12,0,True,eligible
SW-RSN0301,12,0,True,eligible
AN-WAV120,12,0,True,eligible
AN-LBFA070W,12,0,True,eligible
SO-RSN0245,12,0,True,eligible
SO-F0002374,12,0,True,eligible
TH-PCNR0027,12,0,True,eligible
TH-RSN0082,12,0,True,eligible
SW-72934683,12,0,True,eligible
NW-88023840,12,0,True,eligible
AN-TG2230,12,0,True,eligible
NE-49000485,12,0,True,eligible
NW-88006180,12,0,True,eligible
SO-RSN0985,12,0,True,eligible
TH-PKER0058,12,0,True,eligible
AN-SHIREDR4,12,0,True,eligible
SW-50410164,12,0,True,eligible
NE-49000486,12,0,True,eligible
MD-23326430,12,0,True,eligible
MD-25749710,8,4,False,fewer_than_9_observed
AN-30M45,12,0,True,eligible
AN-36M05,12,0,True,eligible
TH-RSN0309,12,0,True,eligible
SW-50440130,1,11,False,fewer_than_9_observed
TH-PKER0017,12,0,True,eligible
NE-49500159,12,0,True,eligible
NW-88005823,12,0,True,eligible
AN-36M22,12,0,True,eligible
MD-RSN0758,12,0,True,eligible
SW-RSN0947,12,0,True,eligible
SW-A1260105,12,0,True,eligible
MD-28079080,12,0,True,eligible
MD-09947100,12,0,True,eligible
SW-RSN0691,12,0,True,eligible
SW-RSN1539,12,0,True,eligible
AN-LANLAUBK,12,0,True,eligible
SW-RSN0039,12,0,True,eligible
MD-RSN0690,12,0,True,eligible
NW-88006375,12,0,True,eligible
SO-E0000960,12,0,True,eligible
SW-91221137,12,0,True,eligible
MD-29635600,0,12,False,zero_observed_features
SW-70230913,12,0,True,eligible
NE-49700386,12,0,True,eligible
SO-F0002557,12,0,True,eligible
SW-60140270,1,11,False,fewer_than_9_observed
SO-RSN0537,12,0,True,eligible
AN-STLODE05,12,0,True,eligible
TH-PUTR0175,12,0,True,eligible
MD-39926020,11,1,True,eligible
NW-88025900,12,0,True,eligible
SW-81281134,12,0,True,eligible
MD-H0000021,12,0,True,eligible
NW-88005798,12,0,True,eligible
SW-91253127,9,3,True,eligible
AN-WD0503,12,0,True,eligible
AN-HK0817,12,0,True,eligible
AN-52M16,12,0,True,eligible
NE-49302111,12,0,True,eligible
SW-82511720,12,0,True,eligible
NE-RSN2212,12,0,True,eligible
SW-70630284,12,0,True,eligible
NW-88003532,12,0,True,eligible
NW-88002877,12,0,True,eligible
SO-RSN2193,12,0,True,eligible
AN-BRIN070C,12,0,True,eligible
SW-82520970,4,8,False,fewer_than_9_observed
MD-RSN0826,12,0,True,eligible
SO-G0004067,12,0,True,eligible
SW-RSN0541,12,0,True,eligible
SO-Y0004522,12,0,True,eligible
NW-88023955,12,0,True,eligible
NW-RSN1944,12,0,True,eligible
SO-F0002916,12,0,True,eligible
MD-29579200,4,8,False,fewer_than_9_observed
AN-BEL050,12,0,True,eligible
AN-06M04,12,0,True,eligible
SW-RSN1803,12,0,True,eligible
SO-E0007357,8,4,False,fewer_than_9_observed
NW-88003539,12,0,True,eligible
NE-RSN0080,12,0,True,eligible
SW-60600133,12,0,True,eligible
NE-49301842,12,0,True,eligible
MD-08101500,12,0,True,eligible
SW-RSN1253,12,0,True,eligible
SO-E0001727,12,0,True,eligible
SW-Z1012401,12,0,True,eligible
NW-88005586,12,0,True,eligible
SW-81201133,6,6,False,fewer_than_9_observed
SW-E7070900,12,0,True,eligible
SW-RSN1733,12,0,True,eligible
NE-RSN1288,12,0,True,eligible
NW-88006338,12,0,True,eligible
SW-73080902,12,0,True,eligible
MD-13089600,12,0,True,eligible
AN-DEB089,12,0,True,eligible
AN-19M14,12,0,True,eligible
MD-10930240,12,0,True,eligible
NW-88002882,12,0,True,eligible
MD-30219160,12,0,True,eligible
SW-RSN1846,12,0,True,eligible
AN-WEN250,12,0,True,eligible
SW-91221749,12,0,True,eligible
NE-49305347,12,0,True,eligible
SO-E0001599,12,0,True,eligible
NE-49301762,12,0,True,eligible
SO-Y0004510,12,0,True,eligible
SW-70220164,12,0,True,eligible
AN-GBR080R,12,0,True,eligible
NW-88003548,12,0,True,eligible
SW-E7080600,12,0,True,eligible
MD-61672300,12,0,True,eligible
SO-E0001547,12,0,True,eligible
SW-RSN1890,12,0,True,eligible
SW-A1260117,12,0,True,eligible
MD-37574230,9,3,True,eligible
MD-37423570,12,0,True,eligible
AN-WAV085,12,0,True,eligible
SW-70630602,12,0,True,eligible
SW-82513924,12,0,True,eligible
SW-60250549,12,0,True,eligible
TH-PCHR0111,12,0,True,eligible
SW-72930805,12,0,True,eligible
NW-88022596,12,0,True,eligible
MD-59963150,12,0,True,eligible
SO-F0017469,12,0,True,eligible
MD-59399720,1,11,False,fewer_than_9_observed
MD-SSN1311,12,0,True,eligible
SW-82310704,12,0,True,eligible
SW-E3111000,12,0,True,eligible
SW-Z8480239,12,0,True,eligible
NW-88003990,12,0,True,eligible
SO-RSN2153,12,0,True,eligible
TH-PKER0041,12,0,True,eligible
AN-WILL025S,12,0,True,eligible
TH-PGUR0007,12,0,True,eligible
NW-88003968,12,0,True,eligible
AN-RSN2228,12,0,True,eligible
AN-CTCHWTRD,12,0,True,eligible
AN-22M02,12,0,True,eligible
TH-PWER0016,12,0,True,eligible
TH-RSN1133,12,0,True,eligible
SW-81610411,12,0,True,eligible
NW-88006192,12,0,True,eligible
SO-F0017503,12,0,True,eligible
AN-SSN1461,12,0,True,eligible
NE-49500614,12,0,True,eligible
AN-53M03,12,0,True,eligible
NW-RSN0232,12,0,True,eligible
NW-RSN2191,12,0,True,eligible
AN-35M02,12,0,True,eligible
AN-12M20,12,0,True,eligible
TH-PLDR0012,12,0,True,eligible
MD-RSN0406,12,0,True,eligible
NE-49400744,12,0,True,eligible
SW-Z9420101,12,0,True,eligible
NW-88000749,12,0,True,eligible
AN-CA0354,12,0,True,eligible
NW-88005250,12,0,True,eligible
NW-88004590,12,0,True,eligible
SW-81020118,12,0,True,eligible
SO-F0017663,12,0,True,eligible
AN-PITS020P,12,0,True,eligible
SO-E0007341,12,0,True,eligible
NW-88024659,12,0,True,eligible
NW-RSN0207,12,0,True,eligible
AN-SSN1283,12,0,True,eligible
AN-RSN2046,12,0,True,eligible
NE-49400999,12,0,True,eligible
SW-73031091,12,0,True,eligible
MD-RSN1055,12,0,True,eligible
MD-42485620,12,0,True,eligible
AN-23M09,12,0,True,eligible
MD-RSN2070,12,0,True,eligible
MD-36749220,12,0,True,eligible
NW-88000899,12,0,True,eligible
NW-RSN1732,12,0,True,eligible
MD-37525265,12,0,True,eligible
AN-BAINGSTA,12,0,True,eligible
AN-CARDKNOC,12,0,True,eligible
SO-E0000912,12,0,True,eligible
NW-88003079,12,0,True,eligible
NW-88024608,12,0,True,eligible
SW-50210456,12,0,True,eligible
AN-BL03,12,0,True,eligible
SW-82210940,12,0,True,eligible
MD-10948020,12,0,True,eligible
AN-TAS084,12,0,True,eligible
NW-88025767,11,1,True,eligible
NE-49300215,12,0,True,eligible
MD-RSN1990,12,0,True,eligible
NE-RSN0432,12,0,True,eligible
NW-88005005,9,3,True,eligible
SO-E0017064,12,0,True,eligible
MD-02898060,12,0,True,eligible
SW-82540124,12,0,True,eligible
TH-PLER0146,12,0,True,eligible
SW-82310732,1,11,False,fewer_than_9_observed
MD-RSN2235,12,0,True,eligible
TH-PKER0339,12,0,True,eligible
NW-88022686,12,0,True,eligible
MD-51524600,10,2,True,eligible
AN-RSN1737,12,0,True,eligible
NW-RSN2068,12,0,True,eligible
NE-41000447,12,0,True,eligible
SW-70531653,12,0,True,eligible
SW-81810304,12,0,True,eligible
SW-82512228,12,0,True,eligible
NW-88023724,12,0,True,eligible
SW-70240209,12,0,True,eligible
SW-50270104,12,0,True,eligible
SW-E4005600,12,0,True,eligible
AN-DEB133,12,0,True,eligible
MD-04132450,12,0,True,eligible
SW-E4360600,12,0,True,eligible
TH-PUTR0037,12,0,True,eligible
SW-81610329,4,8,False,fewer_than_9_observed
SO-F0002496,12,0,True,eligible
SW-73050110,12,0,True,eligible
SW-RSN2158,12,0,True,eligible
AN-VERN010J,12,0,True,eligible
MD-RSN0698,12,0,True,eligible
NW-RSN1980,12,0,True,eligible
MD-C0000119,1,11,False,fewer_than_9_observed
SO-SSN0183,12,0,True,eligible
SW-RSN0163,12,0,True,eligible
NE-49301910,12,0,True,eligible
SW-70531207,1,11,False,fewer_than_9_observed
NW-88005575,12,0,True,eligible
SW-82311800,1,11,False,fewer_than_9_observed
NE-49905067,12,0,True,eligible
NE-49200051,12,0,True,eligible
SW-SSN1404,12,0,True,eligible
MD-50582300,12,0,True,eligible
TH-PKER0150,12,0,True,eligible
MD-C0000077,9,3,True,eligible
AN-FRAM1,12,0,True,eligible
SO-G0006937,11,1,True,eligible
AN-13M30,12,0,True,eligible
MD-58952150,12,0,True,eligible
MD-14140260,3,9,False,fewer_than_9_observed
MD-58473850,12,0,True,eligible
SW-60140265,1,11,False,fewer_than_9_observed
SW-E8101100,0,12,False,zero_observed_features
NE-49905206,12,0,True,eligible
SW-50570251,12,0,True,eligible
MD-17362360,12,0,True,eligible
SW-70811779,12,0,True,eligible
TH-PCHR0161,12,0,True,eligible
SW-RSN0445,12,0,True,eligible
AN-WITHE,12,0,True,eligible
MD-58650180,12,0,True,eligible
TH-RSN0633,12,0,True,eligible
SO-RSN0137,12,0,True,eligible
MD-62763742,11,1,True,eligible
AN-58M09,12,0,True,eligible
SW-60580193,1,11,False,fewer_than_9_observed
TH-PLER0061,12,0,True,eligible
SW-RSN0963,12,0,True,eligible
SW-E1008100,12,0,True,eligible
NW-88006461,12,0,True,eligible
AN-30M22,12,0,True,eligible
SW-60031319,12,0,True,eligible
SW-RSN2219,12,0,True,eligible
AN-TE0183,10,2,True,eligible
SW-SSN0016,12,0,True,eligible
MD-29578780,12,0,True,eligible
MD-40719020,12,0,True,eligible
MD-RSN0487,12,0,True,eligible
SW-73040242,12,0,True,eligible
SW-82115063,12,0,True,eligible
SW-91241146,12,0,True,eligible
TH-RSN0930,12,0,True,eligible
SW-70570220,12,0,True,eligible
SW-82521241,1,11,False,fewer_than_9_observed
MD-13100020,12,0,True,eligible
MD-28049190,9,3,True,eligible
SW-82311935,12,0,True,eligible
TH-PMLR0289,5,7,False,fewer_than_9_observed
NW-88021243,12,0,True,eligible
AN-ANT005,12,0,True,eligible
SW-81223765,8,4,False,fewer_than_9_observed
SW-50281306,12,0,True,eligible
SW-81931011,8,4,False,fewer_than_9_observed
NE-49900035,12,0,True,eligible
SW-50610754,1,11,False,fewer_than_9_observed
MD-RSN1718,12,0,True,eligible
SW-E1001000,12,0,True,eligible
NE-49905120,12,0,True,eligible
NW-RSN1135,12,0,True,eligible
SW-73070503,12,0,True,eligible
NW-88002109,12,0,True,eligible
TH-PMLR0034,12,0,True,eligible
NW-88003852,12,0,True,eligible
MD-23528440,1,11,False,fewer_than_9_observed
NW-88002884,12,0,True,eligible
NW-88002845,12,0,True,eligible
NE-49600010,12,0,True,eligible
SO-E0007266,12,0,True,eligible
NW-88005740,12,0,True,eligible
AN-SKIT2,12,0,True,eligible
SW-82520958,4,8,False,fewer_than_9_observed
SW-70813150,12,0,True,eligible
SW-E4281100,12,0,True,eligible
NE-49705100,12,0,True,eligible
SW-RSN1107,12,0,True,eligible
AN-BAT070,12,0,True,eligible
MD-29272260,12,0,True,eligible
MD-46824230,12,0,True,eligible
MD-48646900,12,0,True,eligible
MD-51703080,10,2,True,eligible
MD-RSN0532,12,0,True,eligible
AN-WAV05330,12,0,True,eligible
AN-NKILLMD2,12,0,True,eligible
SO-SSN0651,12,0,True,eligible
AN-36M10,12,0,True,eligible
TH-RSN1629,12,0,True,eligible
NW-RSN0056,12,0,True,eligible
SW-70641868,12,0,True,eligible
NE-49500844,0,12,False,zero_observed_features
NE-RSN1536,12,0,True,eligible
NW-SSN1318,12,0,True,eligible
NW-88005872,12,0,True,eligible
AN-LEGSBCK1,12,0,True,eligible
MD-78090508,1,11,False,fewer_than_9_observed
NW-RSN0027,12,0,True,eligible
SW-60270173,12,0,True,eligible
NE-49500277,4,8,False,fewer_than_9_observed
AN-BT0169,12,0,True,eligible
NW-88006264,12,0,True,eligible
AN-GLEBE001,7,5,False,fewer_than_9_observed
AN-WILS020S,12,0,True,eligible
AN-16M08,12,0,True,eligible
NW-88001918,12,0,True,eligible
SW-81520521,12,0,True,eligible
NE-49900039,12,0,True,eligible
AN-GWASKNOS,12,0,True,eligible
SW-82110110,8,4,False,fewer_than_9_observed
MD-45217250,12,0,True,eligible
MD-RSN1910,12,0,True,eligible
SW-81020165,12,0,True,eligible
NW-88003183,12,0,True,eligible
AN-GWSH280R,12,0,True,eligible
AN-GREN050R,12,0,True,eligible
NW-88023149,12,0,True,eligible
SO-G0004146,12,0,True,eligible
NE-49301427,12,0,True,eligible
MD-54520250,12,0,True,eligible
AN-WEN160,6,6,False,fewer_than_9_observed
SO-F0002044,12,0,True,eligible
SW-72933607,12,0,True,eligible
NW-88022813,11,1,True,eligible
SW-70631802,12,0,True,eligible
MD-RSN0910B,12,0,True,eligible
MD-11238400,12,0,True,eligible
NE-49105245,12,0,True,eligible
SW-C0853500,12,0,True,eligible
TH-PUTR0141,12,0,True,eligible
TH-PCHR0013,12,0,True,eligible
AN-FODDZ4,12,0,True,eligible
NW-RSN0859,12,0,True,eligible
NW-RSN1120,11,1,True,eligible
MD-49698650,12,0,True,eligible
MD-48392200,12,0,True,eligible
NW-88001877,12,0,True,eligible
MD-RSN1134,12,0,True,eligible
SW-82311302,1,11,False,fewer_than_9_observed
TH-PCNR0004,12,0,True,eligible
MD-38367872,10,2,True,eligible
TH-PUTR0052,12,0,True,eligible
AN-NCUT1,12,0,True,eligible
NW-88001910,12,0,True,eligible
NW-88005688,12,0,True,eligible
NW-88022081,12,0,True,eligible
MD-43558100,12,0,True,eligible
MD-77589220,12,0,True,eligible
MD-42767080,12,0,True,eligible
MD-66133070,12,0,True,eligible
AN-36M19,12,0,True,eligible
MD-26955600,12,0,True,eligible
TH-PRTS0044,12,0,True,eligible
NE-49400577,12,0,True,eligible
NE-49302240,12,0,True,eligible
NE-49000785,12,0,True,eligible
AN-27M23,12,0,True,eligible
SW-RSN1701,12,0,True,eligible
AN-ANT097,12,0,True,eligible
NW-RSN0651,11,1,True,eligible
NW-88006563,12,0,True,eligible
NW-88025759,12,0,True,eligible
NE-SSN0725,12,0,True,eligible
MD-59002450,12,0,True,eligible
SW-82710620,12,0,True,eligible
SW-81940190,12,0,True,eligible
MD-23349950,12,0,True,eligible
SW-70531166,12,0,True,eligible
NW-88024660,12,0,True,eligible
SW-RSN2123,12,0,True,eligible
MD-11559060,12,0,True,eligible
SW-82520904,12,0,True,eligible
NW-88022901,12,0,True,eligible
SO-E0001617,12,0,True,eligible
TH-PCHR0095,12,0,True,eligible
NW-88022366,12,0,True,eligible
NW-88000695,12,0,True,eligible
MD-23416260,12,0,True,eligible
AN-02M07,10,2,True,eligible
SW-81931009,9,3,True,eligible
AN-RSN0292,12,0,True,eligible
SW-81810620,12,0,True,eligible
NW-SSN1330,12,0,True,eligible
AN-TIF080,12,0,True,eligible
NE-49705111,8,4,False,fewer_than_9_observed
SW-E2270405,12,0,True,eligible
SO-E0000150,12,0,True,eligible
MD-RSN0228,12,0,True,eligible
SW-70231410,12,0,True,eligible
SO-G0006969,12,0,True,eligible
NE-RSN0592,12,0,True,eligible
MD-26271500,12,0,True,eligible
SW-60140350,12,0,True,eligible
SW-RSN0195,12,0,True,eligible
AN-TIPS0881,12,0,True,eligible
TH-RSN0477,12,0,True,eligible
SW-81913508,4,8,False,fewer_than_9_observed
TH-PRGR0005,12,0,True,eligible
SO-RSN0525,12,0,True,eligible
MD-83652843,12,0,True,eligible
NW-88022523,10,2,True,eligible
SW-70721716,12,0,True,eligible
NW-88002461,12,0,True,eligible
AN-WHIL100W,12,0,True,eligible
NW-88005563,12,0,True,eligible
MD-51729450,12,0,True,eligible
NE-49500601,12,0,True,eligible
NE-RSN0740,12,0,True,eligible
MD-RSN1975,12,0,True,eligible
SO-RSN0345,12,0,True,eligible
AN-29M10,12,0,True,eligible
MD-51704300,12,0,True,eligible
AN-RSN0084,12,0,True,eligible
NW-88006268,12,0,True,eligible
NE-41000412,12,0,True,eligible
AN-HOBD7,12,0,True,eligible
MD-50166,12,0,True,eligible
NW-88023007,4,8,False,fewer_than_9_observed
SW-RSN2131,12,0,True,eligible
MD-66290180,1,11,False,fewer_than_9_observed
AN-ST0604,12,0,True,eligible
MD-49692250,12,0,True,eligible
NW-88006220,12,0,True,eligible
TH-RSN0546,12,0,True,eligible
SW-50320510,12,0,True,eligible
AN-GRENDNYH,3,9,False,fewer_than_9_observed
MD-38703250,9,3,True,eligible
MD-78894100,12,0,True,eligible
SO-RSN0153,12,0,True,eligible
NW-88023161,12,0,True,eligible
AN-ANCO3,12,0,True,eligible
TH-PLDR0034,12,0,True,eligible
NE-SSN0513,12,0,True,eligible
MD-00034302,12,0,True,eligible
MD-02850300,12,0,True,eligible
NW-88023302,12,0,True,eligible
MD-23528300,12,0,True,eligible
NW-88003418,12,0,True,eligible
SO-E0000951,12,0,True,eligible
AN-GIP210,12,0,True,eligible
MD-04809770,12,0,True,eligible
NE-SSN0129,12,0,True,eligible
NW-88023837,2,10,False,fewer_than_9_observed
TH-PLDR0028,12,0,True,eligible
AN-RR0346,12,0,True,eligible
AN-RSN0481,12,0,True,eligible
AN-JORD090M,12,0,True,eligible
AN-RSN2161,12,0,True,eligible
TH-PTAR0052,12,0,True,eligible
MD-59397650,12,0,True,eligible
SW-72940109,12,0,True,eligible
SW-81611085,12,0,True,eligible
NE-RSN2260,12,0,True,eligible
SW-81290128,12,0,True,eligible
SW-RSN1067,12,0,True,eligible
SW-SSN0048,12,0,True,eligible
AN-FYN070,12,0,True,eligible
AN-SHMD090S,5,7,False,fewer_than_9_observed
TH-PCHR0270,12,0,True,eligible
NE-49800253,12,0,True,eligible
NE-49301061,12,0,True,eligible
TH-PWYR0012,12,0,True,eligible
NE-49500612,12,0,True,eligible
AN-EYEB100S,12,0,True,eligible
SW-RSN1163,11,1,True,eligible
MD-50584720,3,9,False,fewer_than_9_observed
SW-82528026,1,11,False,fewer_than_9_observed
MD-48704100,12,0,True,eligible
SO-F0002283,12,0,True,eligible
TH-RSN1250,12,0,True,eligible
TH-PMLR0027,12,0,True,eligible
NE-49600031,12,0,True,eligible
TH-PCHR0156,12,0,True,eligible
MD-H0000090,12,0,True,eligible
NE-RSN1924,12,0,True,eligible
SW-70920802,12,0,True,eligible
NE-49302005,12,0,True,eligible
AN-05M16,12,0,True,eligible
SW-70501029,12,0,True,eligible
MD-SSN1308,12,0,True,eligible
NE-49705128,4,8,False,fewer_than_9_observed
AN-48M15,12,0,True,eligible
MD-60967300,12,0,True,eligible
AN-66M03,0,12,False,zero_observed_features
NE-49400597,12,0,True,eligible
SO-RSN0181,12,0,True,eligible
MD-10185000,12,0,True,eligible
TH-RSN1897,12,0,True,eligible
SW-60270770,12,0,True,eligible
AN-BL04,12,0,True,eligible
SW-SSN0736,12,0,True,eligible
NW-88002256,12,0,True,eligible
TH-PWRR0037,12,0,True,eligible
SW-82410708,12,0,True,eligible
NE-SSN0001,12,0,True,eligible
SW-70725203,12,0,True,eligible
SW-72937207,12,0,True,eligible
NW-RSN0892,12,0,True,eligible
NW-88023337,12,0,True,eligible
MD-SSN0092,12,0,True,eligible
NE-49300669,12,0,True,eligible
SO-E0007305,12,0,True,eligible
SW-81710127,8,4,False,fewer_than_9_observed
NW-RSN2004,12,0,True,eligible
NW-88005833,12,0,True,eligible
MD-RSN1546,12,0,True,eligible
NW-88023721,12,0,True,eligible
MD-04831840,12,0,True,eligible
SW-82410285,12,0,True,eligible
TH-PTHR0111,12,0,True,eligible
SW-RSN1151,12,0,True,eligible
MD-47230150,12,0,True,eligible
AN-MIDDLMSH,12,0,True,eligible
MD-54926020,12,0,True,eligible
TH-PEVR0010,12,0,True,eligible
NW-88023146,12,0,True,eligible
NW-88005695,12,0,True,eligible
TH-RSN1570,12,0,True,eligible
SO-E0007344,12,0,True,eligible
MD-RSN0712,12,0,True,eligible
NW-88023234,12,0,True,eligible
AN-ANT130,12,0,True,eligible
AN-CHK020,12,0,True,eligible
SW-E2031700,12,0,True,eligible
SO-RSN1001,12,0,True,eligible
SO-G0003796,12,0,True,eligible
MD-23315520,12,0,True,eligible
AN-27M09,12,0,True,eligible
SW-Z2050102,12,0,True,eligible
AN-TE01,12,0,True,eligible
AN-RSN1638,12,0,True,eligible
SW-RSN2187,12,0,True,eligible
AN-NHMD1,9,3,True,eligible
MD-70261360,12,0,True,eligible
AN-DT0125,12,0,True,eligible
NE-49603064,12,0,True,eligible
MD-00771100,12,0,True,eligible
AN-59M06,9,3,True,eligible
MD-13625300,12,0,True,eligible
NE-49400828,12,0,True,eligible
SW-60140327,12,0,True,eligible
SO-G0004095,12,0,True,eligible
NE-49000397,12,0,True,eligible
SW-RSN0243,12,0,True,eligible
SW-Z4170102,12,0,True,eligible
AN-RISE700S,1,11,False,fewer_than_9_observed
TH-PCNR0047,1,11,False,fewer_than_9_observed
MD-26272000,12,0,True,eligible
MD-54523050,12,0,True,eligible
AN-CARRDYK,12,0,True,eligible
MD-58809980,12,0,True,eligible
MD-50582630,12,0,True,eligible
MD-43534740,11,1,True,eligible
NW-88025897,12,0,True,eligible
NW-RSN0860,12,0,True,eligible
MD-C0000050,12,0,True,eligible
SO-RSN1649,12,0,True,eligible
MD-29272960,12,0,True,eligible
SW-E1273100,12,0,True,eligible
NW-88006190,12,0,True,eligible
SW-81271202,12,0,True,eligible
SW-81271526,12,0,True,eligible
NW-88005126,12,0,True,eligible
NW-88024205,12,0,True,eligible
SW-81950890,8,4,False,fewer_than_9_observed
SW-Z3110201,1,11,False,fewer_than_9_observed
AN-BEL030,12,0,True,eligible
AN-ST0173,12,0,True,eligible
TH-PEVR0013,12,0,True,eligible
NW-88025747,12,0,True,eligible
NW-RSN1731,12,0,True,eligible
TH-RSN0761,12,0,True,eligible
AN-LTH020,12,0,True,eligible
NE-SSN0401,12,0,True,eligible
SW-70220505,12,0,True,eligible
NE-49600152,12,0,True,eligible
SW-82522492,2,10,False,fewer_than_9_observed
SW-70550265,12,0,True,eligible
MD-58809550,12,0,True,eligible
AN-MUN040,12,0,True,eligible
SO-G0003792,12,0,True,eligible
SW-82311166,1,11,False,fewer_than_9_observed
SW-50906666,6,6,False,fewer_than_9_observed
NE-SSN0117,12,0,True,eligible
SW-82010208,12,0,True,eligible
NW-88025745,12,0,True,eligible
SW-81930284,12,0,True,eligible
SW-82611160,12,0,True,eligible
SW-73210209,12,0,True,eligible
SW-70571902,12,0,True,eligible
MD-23538090,12,0,True,eligible
NE-RSN0440,12,0,True,eligible
SW-82010152,12,0,True,eligible
MD-55725750,12,0,True,eligible
MD-23526180,12,0,True,eligible
TH-RSN1993,12,0,True,eligible
NW-88025858,1,11,False,fewer_than_9_observed
SO-F0017617,12,0,True,eligible
SW-70571003,12,0,True,eligible
NW-88005603,12,0,True,eligible
NW-88000795,12,0,True,eligible
AN-25M01,12,0,True,eligible
MD-09837420,12,0,True,eligible
TH-RSN1641,12,0,True,eligible
SW-82220505,12,0,True,eligible
MD-42167850,12,0,True,eligible
NE-49301416,11,1,True,eligible
MD-51774050,12,0,True,eligible
NE-SSN1365,12,0,True,eligible
SW-81310201,12,0,True,eligible
TH-PTHR0076,12,0,True,eligible
SO-F0002678,12,0,True,eligible
TH-PTHR0043,12,0,True,eligible
SW-RSN2069,12,0,True,eligible
SO-F0002928,12,0,True,eligible
MD-29578400,4,8,False,fewer_than_9_observed
MD-44307140,12,0,True,eligible
SW-82513925,12,0,True,eligible
TH-RSN1674,12,0,True,eligible
NW-88005550,12,0,True,eligible
SW-73020163,12,0,True,eligible
SW-82710176,12,0,True,eligible
SW-SSN1480,12,0,True,eligible
MD-09563180,12,0,True,eligible
AN-ANT060,12,0,True,eligible
MD-37499950,12,0,True,eligible
AN-STONEPIT,12,0,True,eligible
TH-PTAR0021,12,0,True,eligible
MD-26949580,12,0,True,eligible
MD-55566100,12,0,True,eligible
TH-PRTS0057,12,0,True,eligible
SW-72923004,12,0,True,eligible
NE-49400332,12,0,True,eligible
AN-SSN1297,12,0,True,eligible
MD-44071000,12,0,True,eligible
MD-51702850,12,0,True,eligible
AN-RSN0449,12,0,True,eligible
MD-66332150,12,0,True,eligible
NW-RSN0200,12,0,True,eligible
AN-50M03,12,0,True,eligible
SW-E3010200,12,0,True,eligible
SO-E0001373,12,0,True,eligible
AN-WAIB3,12,0,True,eligible
AN-ST1443,1,11,False,fewer_than_9_observed
MD-RSN0548,12,0,True,eligible
AN-INGM1,12,0,True,eligible
AN-WILN010R,12,0,True,eligible
MD-59016020,12,0,True,eligible
MD-10863900,12,0,True,eligible
NE-RSN0696,12,0,True,eligible
MD-04785300,1,11,False,fewer_than_9_observed
AN-BT0218,12,0,True,eligible
AN-RA1050,12,0,True,eligible
SW-81201632,1,11,False,fewer_than_9_observed
AN-HOLR180S,12,0,True,eligible
AN-56M36,1,11,False,fewer_than_9_observed
MD-RSN2098,12,0,True,eligible
MD-67472050,12,0,True,eligible
SW-50310813,12,0,True,eligible
SW-A1260103,12,0,True,eligible
MD-19236250,0,12,False,zero_observed_features
SO-E0001427,12,0,True,eligible
MD-55004380,12,0,True,eligible
MD-54364350,12,0,True,eligible
SW-RSN1530,12,0,True,eligible
MD-RSN1654,12,0,True,eligible
AN-ST0942,12,0,True,eligible
AN-WITHD,12,0,True,eligible
TH-PRTS0022,7,5,False,fewer_than_9_observed
SW-72910723,12,0,True,eligible
TH-PCRR0025,12,0,True,eligible
MD-40634750,12,0,True,eligible
MD-70256300,12,0,True,eligible
MD-65901350,12,0,True,eligible
AN-RSN1518,12,0,True,eligible
AN-CL06,3,9,False,fewer_than_9_observed
NE-49000383,12,0,True,eligible
AN-RSN0340,12,0,True,eligible
AN-WAIB050T,12,0,True,eligible
SW-81231166,12,0,True,eligible
SW-A3230150,12,0,True,eligible
TH-PCHR0163,12,0,True,eligible
MD-38367063,10,2,True,eligible
AN-RSN0990,12,0,True,eligible
AN-RSN0869,12,0,True,eligible
NE-RSN0952,12,0,True,eligible
AN-KNUS100A,12,0,True,eligible
NE-49700244,12,0,True,eligible
SW-RSN1723,12,0,True,eligible
AN-WITHK,12,0,True,eligible
MD-39370000,9,3,True,eligible
MD-08024730,12,0,True,eligible
NE-49400616,12,0,True,eligible
NW-SSN0646,12,0,True,eligible
NW-SSN0493,12,0,True,eligible
NW-88025857,1,11,False,fewer_than_9_observed
SW-70921002,12,0,True,eligible
SW-81232403,12,0,True,eligible
MD-02403160,12,0,True,eligible
MD-51706250,12,0,True,eligible
NW-88005897,12,0,True,eligible
SW-RSN1235,12,0,True,eligible
MD-RSN0934,12,0,True,eligible
NE-49000184,12,0,True,eligible
SW-72931847,12,0,True,eligible
MD-53841055,8,4,False,fewer_than_9_observed
AN-GIP190,5,7,False,fewer_than_9_observed
NW-88001242,12,0,True,eligible
NW-88000834,12,0,True,eligible
AN-WD0871,12,0,True,eligible
NW-88001951,12,0,True,eligible
NE-49301372,12,0,True,eligible
NW-88002170,12,0,True,eligible
TH-PKER0089,12,0,True,eligible
TH-SSN0007,12,0,True,eligible
MD-63377050,12,0,True,eligible
AN-RSN2089,12,0,True,eligible
AN-66M14,3,9,False,fewer_than_9_observed
TH-PMLR0014,12,0,True,eligible
AN-SANDBCK1,12,0,True,eligible
SW-Z9420103,12,0,True,eligible
MD-12777080,12,0,True,eligible
NE-49100398,12,0,True,eligible
NE-49600471,12,0,True,eligible
MD-C0000069,12,0,True,eligible
SW-70810124,12,0,True,eligible
AN-RSN0606,12,0,True,eligible
AN-CH0655,12,0,True,eligible
AN-GLEN770L,12,0,True,eligible
MD-SSN1441,12,0,True,eligible
MD-12179700,12,0,True,eligible
NE-49100351,12,0,True,eligible
AN-53M51,1,11,False,fewer_than_9_observed
MD-67015100,12,0,True,eligible
AN-RSN0478,12,0,True,eligible
NW-88023151,12,0,True,eligible
MD-RSN2310,12,0,True,eligible
NW-88005569,12,0,True,eligible
NW-88023767,12,0,True,eligible
AN-MOWBCK,12,0,True,eligible
MD-46591030,12,0,True,eligible
AN-CH0860,12,0,True,eligible
MD-SSN1512,12,0,True,eligible
AN-23M05,12,0,True,eligible
SO-G0006981,12,0,True,eligible
SO-Y0004528,12,0,True,eligible
MD-RSN0138,12,0,True,eligible
AN-MORTNTLN,12,0,True,eligible
AN-RSN2356,12,0,True,eligible
NW-88005585,12,0,True,eligible
AN-HARDWCK,12,0,True,eligible
SW-70422007,12,0,True,eligible
NE-49700246,12,0,True,eligible
NE-RSN1140,12,0,True,eligible
NE-49905060,12,0,True,eligible
AN-GIP010,12,0,True,eligible
AN-BT0146,12,0,True,eligible
MD-03883020,12,0,True,eligible
SO-F0002509,12,0,True,eligible
AN-RSN1900,12,0,True,eligible
SO-RSN1613,12,0,True,eligible
NE-49300352,12,0,True,eligible
SW-50230245,12,0,True,eligible
SO-E0000770,12,0,True,eligible
TH-PLER0005,12,0,True,eligible
NW-RSN0203,11,1,True,eligible
SO-F0017660,12,0,True,eligible
SW-81250239,12,0,True,eligible
SW-Z1011503,1,11,False,fewer_than_9_observed
AN-RH01,12,0,True,eligible
SW-RSN0766,12,0,True,eligible
AN-56M10,12,0,True,eligible
TH-PRGR0038,12,0,True,eligible
SW-82310658,8,4,False,fewer_than_9_observed
MD-59648480,2,10,False,fewer_than_9_observed
AN-RSN0657,12,0,True,eligible
SW-50361140,5,7,False,fewer_than_9_observed
MD-51707300,9,3,True,eligible
AN-RSN1158,12,0,True,eligible
SO-SSN1419,12,0,True,eligible
MD-RSN0126,12,0,True,eligible
NE-49100296,12,0,True,eligible
SO-E0000645,12,0,True,eligible
SW-60010149,12,0,True,eligible
NE-49301811,8,4,False,fewer_than_9_observed
AN-BRAM120B,12,0,True,eligible
TH-PRTS0045,12,0,True,eligible
SW-82010187,12,0,True,eligible
NE-49900208,12,0,True,eligible
SW-60032109,12,0,True,eligible
NE-RSN0716,12,0,True,eligible
TH-PCNR0014,12,0,True,eligible
SO-RSN1205,12,0,True,eligible
AN-48M48,12,0,True,eligible
NE-49600082,12,0,True,eligible
NE-49300795,9,3,True,eligible
AN-RSN0005,12,0,True,eligible
AN-RSN1754,12,0,True,eligible
SW-70720878,12,0,True,eligible
MD-26644390,12,0,True,eligible
NE-RSN0864,12,0,True,eligible
TH-PCNR0100,12,0,True,eligible
SW-60030277,12,0,True,eligible
NE-49700272,12,0,True,eligible
MD-40898020,12,0,True,eligible
SW-RSN1227,12,0,True,eligible
SW-81261402,12,0,True,eligible
SW-81010238,12,0,True,eligible
MD-39904650,2,10,False,fewer_than_9_observed
SW-A3190210,12,0,True,eligible
SO-E0000511,12,0,True,eligible
NW-88024655,12,0,True,eligible
SW-91221170,12,0,True,eligible
TH-PWER0008,12,0,True,eligible
NE-49301415,12,0,True,eligible
NW-88025723,12,0,True,eligible
MD-26948480,12,0,True,eligible
AN-04M02,12,0,True,eligible
SO-RSN1889,12,0,True,eligible
NE-RSN0088,12,0,True,eligible
TH-PLER0010,12,0,True,eligible
MD-46266780,12,0,True,eligible
AN-GLEN500K,12,0,True,eligible
NW-RSN0863,12,0,True,eligible
AN-RSN2342,12,0,True,eligible
SW-82312355,9,3,True,eligible
SW-RSN0519,12,0,True,eligible
MD-03959170,10,2,True,eligible
NE-49705096,12,0,True,eligible
SW-70501419,12,0,True,eligible
NW-88025768,11,1,True,eligible
AN-YAR234,12,0,True,eligible
NW-88024182,12,0,True,eligible
MD-10928150,12,0,True,eligible
MD-11238450,12,0,True,eligible
AN-04M01,10,2,True,eligible
SW-RSN0083,12,0,True,eligible
NW-88001908,12,0,True,eligible
NW-SSN1458,12,0,True,eligible
NW-88025799,12,0,True,eligible
AN-14M07,12,0,True,eligible
NE-49000497,12,0,True,eligible
SO-F0017618,12,0,True,eligible
SW-RSN0067,12,0,True,eligible
SW-73110907,0,12,False,zero_observed_features
SW-82520955,1,11,False,fewer_than_9_observed
SW-E8400500,12,0,True,eligible
SW-A1310207,12,0,True,eligible
MD-29600940,7,5,False,fewer_than_9_observed
AN-TAS028,12,0,True,eligible
MD-19235250,9,3,True,eligible
AN-66M28,0,12,False,zero_observed_features
MD-RSN2195,12,0,True,eligible
NW-88002198,12,0,True,eligible
SW-91210355,12,0,True,eligible
MD-RSN0904,12,0,True,eligible
SO-F0002783,12,0,True,eligible
NE-49500639,12,0,True,eligible
MD-09882040,12,0,True,eligible
NE-49800233,12,0,True,eligible
AN-ANT007,12,0,True,eligible
SO-F0002108,12,0,True,eligible
AN-CHAT175R,9,3,True,eligible
NE-49603071,12,0,True,eligible
NE-49800058,12,0,True,eligible
NE-49100139,12,0,True,eligible
MD-30696500,12,0,True,eligible
NW-88000611,12,0,True,eligible
SW-70711240,12,0,True,eligible
SW-SSN0116,12,0,True,eligible
AN-BARE1,12,0,True,eligible
SO-RSN0857,12,0,True,eligible
MD-54421300,12,0,True,eligible
MD-RSN0454,12,0,True,eligible
TH-PKER0025,12,0,True,eligible
SW-91252784,8,4,False,fewer_than_9_observed
NE-49105183,12,0,True,eligible
AN-CVF19,12,0,True,eligible
AN-LUDO5,12,0,True,eligible
MD-42172430,12,0,True,eligible
AN-34M31,12,0,True,eligible
SW-82611375,12,0,True,eligible
SW-91211328,12,0,True,eligible
NE-49505156,12,0,True,eligible
AN-TAS070,12,0,True,eligible
SW-E1273600,12,0,True,eligible
NE-49302045,12,0,True,eligible
AN-BURTONBR,12,0,True,eligible
MD-49258050,12,0,True,eligible
NE-RSN0176,12,0,True,eligible
SO-G0003969,12,0,True,eligible
AN-FALBKDRN,12,0,True,eligible
MD-11563460,12,0,True,eligible
AN-33M25,12,0,True,eligible
NE-49600121,12,0,True,eligible
MD-RSN1788,12,0,True,eligible
MD-50913020,11,1,True,eligible
AN-LEAU1,12,0,True,eligible
MD-58898040,12,0,True,eligible
SO-SSN0734,12,0,True,eligible
SW-91241193,12,0,True,eligible
AN-USROPLEY,12,0,True,eligible
NW-88003573,12,0,True,eligible
AN-WELL450I,12,0,True,eligible
MD-73387400,1,11,False,fewer_than_9_observed
MD-61326180,12,0,True,eligible
NW-88000658,12,0,True,eligible
AN-TAS082,12,0,True,eligible
NW-88000674,12,0,True,eligible
MD-59392220,12,0,True,eligible
SW-RTN0042,5,7,False,fewer_than_9_observed
SO-G0006418,12,0,True,eligible
MD-RSN0102,12,0,True,eligible
MD-RSN1666,12,0,True,eligible
MD-38701130,12,0,True,eligible
NW-88024126,11,1,True,eligible
MD-58472580,12,0,True,eligible
NW-RSN0875,12,0,True,eligible
SW-RSN0323,12,0,True,eligible
AN-UPPB020B,12,0,True,eligible
SW-81221550,12,0,True,eligible
NW-88002299,12,0,True,eligible
AN-OFLEETSL,12,0,True,eligible
NW-88003449,12,0,True,eligible
SW-70711753,12,0,True,eligible
SW-50540127,12,0,True,eligible
MD-46247300,12,0,True,eligible
SW-82311954,9,3,True,eligible
NE-49100426,12,0,True,eligible
TH-PCHR0158,12,0,True,eligible
SO-F0017601,12,0,True,eligible
AN-WOLD7,12,0,True,eligible
SW-70510162,2,10,False,fewer_than_9_observed
NW-88002879,12,0,True,eligible
NW-88003424,12,0,True,eligible
MD-27836280,12,0,True,eligible
SW-70220159,12,0,True,eligible
NW-88003447,12,0,True,eligible
NE-49500546,12,0,True,eligible
NW-88002850,12,0,True,eligible
TH-PLER0140,12,0,True,eligible
AN-08M04,12,0,True,eligible
MD-RSN0198,12,0,True,eligible
NE-49105176,12,0,True,eligible
NE-49301780,12,0,True,eligible
SW-60060005,12,0,True,eligible
MD-RSN2092,12,0,True,eligible
SO-F0017479,12,0,True,eligible
SW-82311922,8,4,False,fewer_than_9_observed
NE-49400851,12,0,True,eligible
SW-70810160,12,0,True,eligible
SW-E8100400,12,0,True,eligible
NW-88010452,6,6,False,fewer_than_9_observed
NE-49705090,12,0,True,eligible
MD-09835950,12,0,True,eligible
NW-88002208,12,0,True,eligible
SW-RSN0845,12,0,True,eligible
SO-F0017613,12,0,True,eligible
NE-49500388,12,0,True,eligible
SW-50281106,12,0,True,eligible
SW-82528154,12,0,True,eligible
NW-RSN2060,12,0,True,eligible
NE-49300239,9,3,True,eligible
SW-81261458,12,0,True,eligible
MD-RSN1564,12,0,True,eligible
MD-RSN0806,12,0,True,eligible
SW-50240116,12,0,True,eligible
NW-88005056,12,0,True,eligible
NE-49301603,12,0,True,eligible
MD-06363050,12,0,True,eligible
AN-WAV016,12,0,True,eligible
MD-RSN0942,12,0,True,eligible
NE-SSN0209,12,0,True,eligible
SW-50240465,7,5,False,fewer_than_9_observed
SW-RSN1011,12,0,True,eligible
SW-Z1010804,1,11,False,fewer_than_9_observed
NW-88003153,12,0,True,eligible
SW-82010125,6,6,False,fewer_than_9_observed
NE-49100079,12,0,True,eligible
NE-49305361,10,2,True,eligible
NW-88006340,12,0,True,eligible
MD-RSN0382,12,0,True,eligible
TH-PTAR0036,12,0,True,eligible
MD-29476200,12,0,True,eligible
SW-81231150,12,0,True,eligible
NW-88005670,12,0,True,eligible
MD-RSN0730,12,0,True,eligible
SW-70722902,12,0,True,eligible
NW-RSN0732,12,0,True,eligible
AN-RH0104,12,0,True,eligible
MD-77937100,12,0,True,eligible
AN-05M15,1,11,False,fewer_than_9_observed
NE-49705137,8,4,False,fewer_than_9_observed
TH-PWER0023,12,0,True,eligible
NE-RSN1656,12,0,True,eligible
NW-88005065,12,0,True,eligible
NE-49905197,9,3,True,eligible
NE-49900188,12,0,True,eligible
MD-RSN1942,12,0,True,eligible
SO-RSN1137,12,0,True,eligible
SO-E0007111,12,0,True,eligible
SW-50330730,12,0,True,eligible
SW-72943002,12,0,True,eligible
NE-49301799,12,0,True,eligible
SW-60030705,12,0,True,eligible
MD-04767100,12,0,True,eligible
SO-E0000582,12,0,True,eligible
SW-E8300710,12,0,True,eligible
AN-ST08,12,0,True,eligible
MD-37525450,9,3,True,eligible
AN-RISE200P,12,0,True,eligible
SW-72937110,12,0,True,eligible
SW-A2280120,12,0,True,eligible
AN-WAV027,12,0,True,eligible
SW-Z8480201,12,0,True,eligible
MD-03696620,12,0,True,eligible
NW-88000632,12,0,True,eligible
MD-49695250,12,0,True,eligible
NE-49100433,12,0,True,eligible
NW-88005620,12,0,True,eligible
AN-52M22,12,0,True,eligible
NW-88023156,12,0,True,eligible
NW-88015559,12,0,True,eligible
SW-70633611,12,0,True,eligible
NE-49400247,12,0,True,eligible
NE-49700186,12,0,True,eligible
SW-72931319,12,0,True,eligible
SO-E0000721,4,8,False,fewer_than_9_observed
NE-RSN2064,12,0,True,eligible
SW-82521205,12,0,True,eligible
MD-72770190,12,0,True,eligible
SW-82110934,4,8,False,fewer_than_9_observed
SW-70642141,12,0,True,eligible
MD-RSN0774,12,0,True,eligible
MD-57406610,1,11,False,fewer_than_9_observed
TH-PCHR0164,12,0,True,eligible
AN-TE0130,10,2,True,eligible
AN-56M35,12,0,True,eligible
NW-88003451,12,0,True,eligible
NW-SSN1490,12,0,True,eligible
MD-45525415,1,11,False,fewer_than_9_observed
MD-61471430,12,0,True,eligible
MD-46554260,12,0,True,eligible
NE-49800018,9,3,True,eligible
NW-88005121,12,0,True,eligible
NW-RSN2192,12,0,True,eligible
SO-E0001485,12,0,True,eligible
MD-42252020,11,1,True,eligible
SO-RSN1581,12,0,True,eligible
TH-PUTR0036,12,0,True,eligible
NW-88003080,12,0,True,eligible
NW-RSN1283,12,0,True,eligible
SW-91261128,12,0,True,eligible
SO-SSN1383,12,0,True,eligible
SW-91252591,8,4,False,fewer_than_9_observed
SW-RSN1679,11,1,True,eligible
NW-88025868,1,11,False,fewer_than_9_observed
SO-E0001255,12,0,True,eligible
SW-81710134,8,4,False,fewer_than_9_observed
AN-TAS054,12,0,True,eligible
SO-RSN1077,12,0,True,eligible
MD-59393340,12,0,True,eligible
SW-81201106,12,0,True,eligible
NW-88003107,12,0,True,eligible
AN-66M25,4,8,False,fewer_than_9_observed
AN-22M64,1,11,False,fewer_than_9_observed
NW-88024654,12,0,True,eligible
MD-70257450,12,0,True,eligible
SW-70514615,12,0,True,eligible
SW-70812861,12,0,True,eligible
MD-39322780,12,0,True,eligible
MD-49704500,12,0,True,eligible
SO-E0000791,12,0,True,eligible
AN-POULTON,12,0,True,eligible
NE-49500607,12,0,True,eligible
NW-RSN1976,12,0,True,eligible
NE-49705131,4,8,False,fewer_than_9_observed
NW-88000900,12,0,True,eligible
NE-49305362,12,0,True,eligible
NE-49500397,9,3,True,eligible
MD-39323380,12,0,True,eligible
NE-41000093,12,0,True,eligible
MD-38487025,12,0,True,eligible
AN-11M19,12,0,True,eligible
NE-49405123,12,0,True,eligible
AN-HONIBECK,12,0,True,eligible
SO-F0003359,12,0,True,eligible
NW-88009772,12,0,True,eligible
AN-RSN1033,12,0,True,eligible
NE-49600456,12,0,True,eligible
SO-F0017633,12,0,True,eligible
AN-RSN0533,12,0,True,eligible
TH-RSN1746,12,0,True,eligible
SO-E0001337,12,0,True,eligible
SW-81950670,12,0,True,eligible
MD-54758250,12,0,True,eligible
MD-33279140,12,0,True,eligible
NW-88006464,12,0,True,eligible
NE-49600463,12,0,True,eligible
NE-49905214,1,11,False,fewer_than_9_observed
AN-58M05,12,0,True,eligible
TH-PRTS0063,12,0,True,eligible
SO-E0004852,12,0,True,eligible
SW-91241149,12,0,True,eligible
AN-HD0117,12,0,True,eligible
AN-RASEA,12,0,True,eligible
SW-72930857,12,0,True,eligible
AN-27M03,12,0,True,eligible
SO-E0000642,12,0,True,eligible
SO-E0000854,12,0,True,eligible
TH-POCR0013,12,0,True,eligible
MD-29172180,12,0,True,eligible
SW-81610190,12,0,True,eligible
SW-Z9380237,12,0,True,eligible
NE-49301141,12,0,True,eligible
SW-E3050600,12,0,True,eligible
TH-RSN1201,12,0,True,eligible
MD-38482980,12,0,True,eligible
SW-70531610,12,0,True,eligible
AN-ST0130,5,7,False,fewer_than_9_observed
MD-RSN2206,12,0,True,eligible
AN-WHDR3,12,0,True,eligible
MD-40608020,12,0,True,eligible
AN-NSEA150U,12,0,True,eligible
NW-88023163,12,0,True,eligible
SW-81811452,4,8,False,fewer_than_9_observed
SW-91241113,12,0,True,eligible
AN-WD0180,12,0,True,eligible
SW-70240302,12,0,True,eligible
AN-HARLBDS,1,11,False,fewer_than_9_observed
MD-RSN0434,12,0,True,eligible
TH-PKER0007,12,0,True,eligible
TH-PLDR0145,12,0,True,eligible
SO-G0004242,12,0,True,eligible
SW-70531014,12,0,True,eligible
MD-59010550,12,0,True,eligible
SO-E0001561,12,0,True,eligible
SW-91211497,12,0,True,eligible
SW-81231119,12,0,True,eligible
SW-A1260201,12,0,True,eligible
SW-A2270106,12,0,True,eligible
NE-49600146,12,0,True,eligible
AN-ENGINEDR,12,0,True,eligible
SO-F0002290,12,0,True,eligible
SW-70621702,12,0,True,eligible
SW-81930152,1,11,False,fewer_than_9_observed
SW-SSN0404,12,0,True,eligible
NW-88022981,12,0,True,eligible
NW-88002351,12,0,True,eligible
MD-57463560,12,0,True,eligible
SW-E1072000,12,0,True,eligible
AN-BUR110,12,0,True,eligible
NW-88024633,12,0,True,eligible
SW-81951546,12,0,True,eligible
AN-SFFTTRB1,3,9,False,fewer_than_9_observed
AN-SB0135,12,0,True,eligible
NW-88000826,12,0,True,eligible
SW-C0474000,12,0,True,eligible
AN-DOV030,12,0,True,eligible
SW-50360117,12,0,True,eligible
SW-Z1020114,12,0,True,eligible
MD-53165580,11,1,True,eligible
SW-50341105,12,0,True,eligible
NW-88004421,12,0,True,eligible
NW-88003177,12,0,True,eligible
MD-47511900,10,2,True,eligible
NW-88003855,12,0,True,eligible
MD-12386880,12,0,True,eligible
TH-PTAR0089,12,0,True,eligible
NE-49100568,12,0,True,eligible
SO-SSN0695,12,0,True,eligible
NE-49400359,5,7,False,fewer_than_9_observed
MD-39484200,7,5,False,fewer_than_9_observed
SW-91211363,12,0,True,eligible
MD-38471380,12,0,True,eligible
MD-29949160,12,0,True,eligible
NW-88004085,12,0,True,eligible
NE-49905213,1,11,False,fewer_than_9_observed
SO-RSN2149,12,0,True,eligible
SW-RSN2227,12,0,True,eligible
SW-RSN0173,12,0,True,eligible
NE-49500672,12,0,True,eligible
SO-G0003823,6,6,False,fewer_than_9_observed
NW-88001948,12,0,True,eligible
NE-49000754,0,12,False,zero_observed_features
SW-70513805,12,0,True,eligible
NE-41000266,12,0,True,eligible
NE-RSN0880,12,0,True,eligible
TH-PMLR0011,12,0,True,eligible
MD-37081030,12,0,True,eligible
AN-RSN0834,12,0,True,eligible
NE-49100547,12,0,True,eligible
NE-49800103,12,0,True,eligible
SO-F0002932,12,0,True,eligible
AN-ST1522,12,0,True,eligible
NW-88000822,12,0,True,eligible
NW-88003836,12,0,True,eligible
SO-Y0004347,12,0,True,eligible
NE-49000756,8,4,False,fewer_than_9_observed
SW-70230157,12,0,True,eligible
MD-56082020,12,0,True,eligible
NW-88023338,12,0,True,eligible
MD-36787480,1,11,False,fewer_than_9_observed
NW-88004392,12,0,True,eligible
MD-11570720,12,0,True,eligible
MD-13598380,12,0,True,eligible
MD-46679100,12,0,True,eligible
AN-15M01,1,11,False,fewer_than_9_observed
MD-64632060,12,0,True,eligible
MD-RSN0574,12,0,True,eligible
NW-88003842,12,0,True,eligible
AN-CAUSEWAY,12,0,True,eligible
SW-82511149,12,0,True,eligible
SW-E8300900,12,0,True,eligible
AN-03M17,12,0,True,eligible
SW-70611134,12,0,True,eligible
SO-RSN2245,12,0,True,eligible
NW-88025755,12,0,True,eligible
NE-RSN1704,12,0,True,eligible
AN-SSN1481,12,0,True,eligible
NW-88002842,12,0,True,eligible
SO-E0001651,12,0,True,eligible
NW-88006424,12,0,True,eligible
NE-49200034,12,0,True,eligible
SO-E0001158,12,0,True,eligible
AN-BARNWLUS,12,0,True,eligible
SW-70310701,12,0,True,eligible
MD-37118930,12,0,True,eligible
NW-88024606,12,0,True,eligible
SW-82510160,3,9,False,fewer_than_9_observed
NW-88003919,12,0,True,eligible
NW-88003574,12,0,True,eligible
NE-49301047,12,0,True,eligible
SO-E0007237,12,0,True,eligible
MD-38924000,1,11,False,fewer_than_9_observed
NW-88005090,12,0,True,eligible
SO-E0000677,12,0,True,eligible
AN-CHT010,12,0,True,eligible
AN-RSN1049,12,0,True,eligible
AN-RR0358,12,0,True,eligible
TH-PRTS0054,12,0,True,eligible
NE-RSN0304,12,0,True,eligible
MD-50897770,12,0,True,eligible
NW-88003501,12,0,True,eligible
NE-49100650,12,0,True,eligible
NW-88004568,12,0,True,eligible
NE-41000079,12,0,True,eligible
SO-E0000936,12,0,True,eligible
NW-88022164,12,0,True,eligible
SW-73013168,0,12,False,zero_observed_features
SW-91212030,12,0,True,eligible
AN-37M09,12,0,True,eligible
SO-E0007345,12,0,True,eligible
TH-PLDR0015,12,0,True,eligible
SW-81811103,4,8,False,fewer_than_9_observed
SW-82311798,1,11,False,fewer_than_9_observed
NW-88024187,12,0,True,eligible
NW-88003974,12,0,True,eligible
SO-E0007281,4,8,False,fewer_than_9_observed
SO-E0000874,3,9,False,fewer_than_9_observed
TH-PUTR0077,12,0,True,eligible
NE-RSN2108,12,0,True,eligible
SO-Y0004377,12,0,True,eligible
SW-72937211,12,0,True,eligible
MD-RSN2124,12,0,True,eligible
MD-13623190,12,0,True,eligible
SW-E8180100,1,11,False,fewer_than_9_observed
NW-88003819,12,0,True,eligible
SW-82511104,12,0,True,eligible
MD-19828380,12,0,True,eligible
NE-49400729,12,0,True,eligible
NW-88004066,12,0,True,eligible
SW-81511584,12,0,True,eligible
SW-A4070301,12,0,True,eligible
MD-72591982,7,5,False,fewer_than_9_observed
MD-54517000,12,0,True,eligible
SW-81930144,12,0,True,eligible
SW-82211977,1,11,False,fewer_than_9_observed
SW-82210144,12,0,True,eligible
SW-60031819,12,0,True,eligible
NW-RSN0060,12,0,True,eligible
SO-E0001159,4,8,False,fewer_than_9_observed
NE-49905224,1,11,False,fewer_than_9_observed
NE-49405131,12,0,True,eligible
NW-88022117,12,0,True,eligible
SW-81310289,8,4,False,fewer_than_9_observed
SW-RSN0371,12,0,True,eligible
MD-05217160,12,0,True,eligible
SW-RSN0851,11,1,True,eligible
NW-88025754,12,0,True,eligible
AN-RSN0386,12,0,True,eligible
SO-E0004591,12,0,True,eligible
SW-50530197,12,0,True,eligible
MD-65539570,1,11,False,fewer_than_9_observed
NE-49301877,6,6,False,fewer_than_9_observed
MD-37421800,12,0,True,eligible
SW-Z8490102,12,0,True,eligible
NE-RSN1624,12,0,True,eligible
MD-43903250,12,0,True,eligible
NW-88023118,12,0,True,eligible
SW-63040020,12,0,True,eligible
NW-88002736,12,0,True,eligible
NW-88022821,9,3,True,eligible
SW-82511715,12,0,True,eligible
TH-PLER0076,12,0,True,eligible
NW-88002538,12,0,True,eligible
NE-49500571,12,0,True,eligible
MD-20351630,12,0,True,eligible
NE-49700101,12,0,True,eligible
NW-88005611,12,0,True,eligible
AN-CH08,12,0,True,eligible
SW-70511012,4,8,False,fewer_than_9_observed
SW-RSN1813,12,0,True,eligible
NW-88002267,12,0,True,eligible
AN-RSN0256,12,0,True,eligible
SW-Z9370209,12,0,True,eligible
MD-36768280,12,0,True,eligible
NE-49900178,12,0,True,eligible
SW-81201420,12,0,True,eligible
MD-RTN0022,5,7,False,fewer_than_9_observed
NE-49305353,12,0,True,eligible
AN-SOWS2,12,0,True,eligible
NW-88022690,12,0,True,eligible
AN-61M13A,12,0,True,eligible
AN-RSN1724,12,0,True,eligible
AN-LYMN2,12,0,True,eligible
NE-49800100,12,0,True,eligible
TH-PWER0030,12,0,True,eligible
TH-RSN1274,12,0,True,eligible
MD-04851160,12,0,True,eligible
SW-70422062,12,0,True,eligible
SW-C0623000,12,0,True,eligible
NW-88022182,4,8,False,fewer_than_9_observed
SW-50330113,12,0,True,eligible
SW-81310246,12,0,True,eligible
MD-48356160,12,0,True,eligible
NE-49800137,12,0,True,eligible
NW-88005856,12,0,True,eligible
MD-39480850,12,0,True,eligible
MD-RSN0964,12,0,True,eligible
SW-50810122,12,0,True,eligible
TH-PTAR0062,12,0,True,eligible
SW-SSN0128,12,0,True,eligible
SW-60250666,12,0,True,eligible
NE-49301128,12,0,True,eligible
NE-49000700,12,0,True,eligible
NW-88019805,12,0,True,eligible
AN-BUR060,12,0,True,eligible
SO-F0002277,12,0,True,eligible
MD-13088360,12,0,True,eligible
SW-E2241200,12,0,True,eligible
SW-81951044,12,0,True,eligible
TH-PTAR0065,12,0,True,eligible
NE-49100525,12,0,True,eligible
AN-WELL260C,12,0,True,eligible
NW-88003557,12,0,True,eligible
NW-88002197,12,0,True,eligible
NW-88009773,12,0,True,eligible
MD-30769060,12,0,True,eligible
NW-88023133,12,0,True,eligible
SW-Z1020124,12,0,True,eligible
NE-49301890,12,0,True,eligible
SW-E5006300,12,0,True,eligible
SW-81111865,12,0,True,eligible
SW-RSN1206,12,0,True,eligible
SO-SSN0506,12,0,True,eligible
SW-70522623,12,0,True,eligible
MD-07716050,12,0,True,eligible
NW-88002537,12,0,True,eligible
SO-E0007258,12,0,True,eligible
AN-STDR050D,12,0,True,eligible
TH-PRGR0013,12,0,True,eligible
AN-GLEN360H,12,0,True,eligible
NE-49400438,12,0,True,eligible
NE-49301068,9,3,True,eligible
SO-G0004186,12,0,True,eligible
NW-RSN1807,12,0,True,eligible
AN-USGLOSTW,12,0,True,eligible
NW-88009739,12,0,True,eligible
SW-RSN0451,12,0,True,eligible
NE-RSN1844,12,0,True,eligible
MD-60587950,12,0,True,eligible
SW-81913603,0,12,False,zero_observed_features
SW-50210212,12,0,True,eligible
AN-WAIR1,12,0,True,eligible
NW-88000719,12,0,True,eligible
NW-88005071,12,0,True,eligible
AN-BRAN2,12,0,True,eligible
MD-46264180,12,0,True,eligible
MD-13661300,12,0,True,eligible
SW-70630190,8,4,False,fewer_than_9_observed
NE-49905235,4,8,False,fewer_than_9_observed
AN-52M13,12,0,True,eligible
NE-49905186,8,4,False,fewer_than_9_observed
NW-88000720,12,0,True,eligible
NW-RSN1519,12,0,True,eligible
NW-88003829,12,0,True,eligible
SO-E0001313,12,0,True,eligible
MD-53830050,12,0,True,eligible
MD-22240160,12,0,True,eligible
MD-28233350,8,4,False,fewer_than_9_observed
AN-RSN0578,12,0,True,eligible
MD-65161080,12,0,True,eligible
MD-46589020,12,0,True,eligible
SW-70570226,12,0,True,eligible
MD-C0000091,1,11,False,fewer_than_9_observed
SO-RSN2097,12,0,True,eligible
AN-BLY046,12,0,True,eligible
NE-RSN2052,12,0,True,eligible
SW-70630296,12,0,True,eligible
SW-SSN1288,12,0,True,eligible
TH-PLER0050,12,0,True,eligible
SW-70420033,12,0,True,eligible
SO-E0001735,12,0,True,eligible
NW-RSN0095,12,0,True,eligible
NW-88002076,12,0,True,eligible
NW-88003580,12,0,True,eligible
TH-PUTR0070,12,0,True,eligible
NW-88002671,12,0,True,eligible
NW-RSN2087,12,0,True,eligible
NW-SSN0034,12,0,True,eligible
MD-49692300,4,8,False,fewer_than_9_observed
TH-RSN2026,12,0,True,eligible
SW-50590907,12,0,True,eligible
SO-E0000406,12,0,True,eligible
SW-RSN0810,12,0,True,eligible
MD-55727900,12,0,True,eligible
AN-15M05,12,0,True,eligible
SW-50951049,12,0,True,eligible
MD-44922100,12,0,True,eligible
NW-88024185,12,0,True,eligible
NW-RSN0219,11,1,True,eligible
SW-81950644,8,4,False,fewer_than_9_observed
MD-RSN2084,12,0,True,eligible
SW-91252510,8,4,False,fewer_than_9_observed
SO-E0001517,3,9,False,fewer_than_9_observed
SW-Z6540102,12,0,True,eligible
SW-81121455,12,0,True,eligible
AN-GIP130,12,0,True,eligible
SW-82111903,0,12,False,zero_observed_features
MD-08023080,12,0,True,eligible
AN-CL0736,12,0,True,eligible
AN-DOV005,12,0,True,eligible
TH-POCR0021,12,0,True,eligible
AN-BUR112,12,0,True,eligible
MD-53175582,4,8,False,fewer_than_9_observed
AN-DEB040,12,0,True,eligible
MD-45213020,10,2,True,eligible
SW-91252593,8,4,False,fewer_than_9_observed
AN-ASHLEYGS,3,9,False,fewer_than_9_observed
MD-28327420,1,11,False,fewer_than_9_observed
NE-RSN0160,12,0,True,eligible
TH-PKER0079,12,0,True,eligible
NW-88004537,12,0,True,eligible
NE-RSN1896,12,0,True,eligible
MD-36774540,1,11,False,fewer_than_9_observed
SW-91253137,8,4,False,fewer_than_9_observed
TH-RSN0178,12,0,True,eligible
NW-88006387,12,0,True,eligible
MD-SSN1496,12,0,True,eligible
NE-49500371,12,0,True,eligible
SW-Z4170202,12,0,True,eligible
SW-E7000900,12,0,True,eligible
NE-49400144,12,0,True,eligible
SO-RSN2301,12,0,True,eligible
SO-E0000701,12,0,True,eligible
AN-USLEASIN,12,0,True,eligible
TH-PTAR0063,12,0,True,eligible
MD-39826180,12,0,True,eligible
SO-F0003395,12,0,True,eligible
NW-88003110,12,0,True,eligible
NW-88000651,12,0,True,eligible
NW-SSN0518,12,0,True,eligible
NW-88002112,12,0,True,eligible
MD-RSN0014,12,0,True,eligible
MD-53175681,1,11,False,fewer_than_9_observed
SO-RSN2233,12,0,True,eligible
NW-88002642,12,0,True,eligible
SW-RSN0029,12,0,True,eligible
TH-PWER0024,12,0,True,eligible
SO-SSN1291,12,0,True,eligible
MD-RSN0231,12,0,True,eligible
NW-88006261,12,0,True,eligible
NE-49500846,12,0,True,eligible
SW-E4332000,12,0,True,eligible
MD-29578000,4,8,False,fewer_than_9_observed
AN-RSN1798,12,0,True,eligible
NW-88001961,12,0,True,eligible
NE-49301568,12,0,True,eligible
NW-RSN0348,12,0,True,eligible
SW-E1006000,12,0,True,eligible
SW-73030169,8,4,False,fewer_than_9_observed
SO-RSN0713,12,0,True,eligible
AN-32M05,3,9,False,fewer_than_9_observed
NW-RSN2056,12,0,True,eligible
NW-SSN1370,12,0,True,eligible
MD-28512680,12,0,True,eligible
MD-41296850,12,0,True,eligible
AN-BLY017,5,7,False,fewer_than_9_observed
NW-88004588,12,0,True,eligible
TH-RSN0441,12,0,True,eligible
SO-E0000596,12,0,True,eligible
AN-MIN006,12,0,True,eligible
TH-PUTR0061,12,0,True,eligible
NW-88005186,12,0,True,eligible
SW-RSN0499,12,0,True,eligible
NE-RSN0140,12,0,True,eligible
AN-WEN260,12,0,True,eligible
MD-23619030,12,0,True,eligible
NE-RSN2184,12,0,True,eligible
AN-SSN1289,12,0,True,eligible
NE-49105178,12,0,True,eligible
SO-G0006970,12,0,True,eligible
SW-70811815,12,0,True,eligible
NE-49505170,12,0,True,eligible
SO-RSN0933,12,0,True,eligible
AN-GLEBE003,4,8,False,fewer_than_9_observed
SW-70812860,12,0,True,eligible
SW-Z7500104,12,0,True,eligible
NW-88022812,11,1,True,eligible
MD-37644330,12,0,True,eligible
MD-RSN0342,12,0,True,eligible
SW-60030140,7,5,False,fewer_than_9_observed
NE-49301069,12,0,True,eligible
AN-LUDO1,12,0,True,eligible
TH-PMLR0017,12,0,True,eligible
SW-B3170501,12,0,True,eligible
NW-88005062,12,0,True,eligible
NW-RSN2223,12,0,True,eligible
SW-50951085,12,0,True,eligible
MD-04196080,12,0,True,eligible
MD-50913110,10,2,True,eligible
NW-88002490,12,0,True,eligible
SW-70630018,4,8,False,fewer_than_9_observed
AN-PIKEDRN,12,0,True,eligible
NE-49105237,1,11,False,fewer_than_9_observed
SW-81223600,8,4,False,fewer_than_9_observed
NW-RSN1531,12,0,True,eligible
MD-43389500,12,0,True,eligible
NW-88006473,12,0,True,eligible
NW-88005171,12,0,True,eligible
NW-88023157,12,0,True,eligible
SW-81310271,12,0,True,eligible
NW-88002254,12,0,True,eligible
MD-22145580,12,0,True,eligible
AN-ST0436,12,0,True,eligible
NW-88024181,12,0,True,eligible
MD-58865085,12,0,True,eligible
MD-23323700,12,0,True,eligible
NW-88005220,12,0,True,eligible
SW-82710165,12,0,True,eligible
AN-44M24,12,0,True,eligible
NW-88019811,2,10,False,fewer_than_9_observed
MD-58471100,12,0,True,eligible
NE-49400738,12,0,True,eligible
SW-60560160,12,0,True,eligible
MD-28271842,12,0,True,eligible
NE-49500644,12,0,True,eligible
MD-RSN0996,12,0,True,eligible
AN-MW5050,12,0,True,eligible
MD-46554030,12,0,True,eligible
AN-29M03,12,0,True,eligible
SW-50030118,12,0,True,eligible
MD-07687380,12,0,True,eligible
NE-49302173,12,0,True,eligible
MD-RSN0038,12,0,True,eligible
MD-67425900,12,0,True,eligible
MD-51707340,10,2,True,eligible
TH-PCNR0086,12,0,True,eligible
MD-RSN0202,12,0,True,eligible
SW-E4005100,12,0,True,eligible
SW-91253216,9,3,True,eligible
NW-88003523,12,0,True,eligible
SW-RSN0106,12,0,True,eligible
SW-73111211,12,0,True,eligible
SW-81201480,12,0,True,eligible
SO-E0000397,12,0,True,eligible
TH-PLDR0032,12,0,True,eligible
NE-49500363,12,0,True,eligible
TH-PLDR0124,12,0,True,eligible
NW-88000850,12,0,True,eligible
SW-50330300,12,0,True,eligible
NW-RSN0312,12,0,True,eligible
SO-RSN2093,12,0,True,eligible
AN-CVF07,3,9,False,fewer_than_9_observed
MD-58595200,12,0,True,eligible
NE-49200296,12,0,True,eligible
AN-26M12,12,0,True,eligible
MD-25827260,12,0,True,eligible
TH-RSN1706,12,0,True,eligible
TH-PCHR0042,12,0,True,eligible
SO-F0003063,12,0,True,eligible
SO-F0002958,12,0,True,eligible
SW-81940711,12,0,True,eligible
NW-88005597,12,0,True,eligible
SW-E7001100,12,0,True,eligible
MD-SSN1433,12,0,True,eligible
SW-81420261,12,0,True,eligible
SW-SSN0088,12,0,True,eligible
MD-05350780,12,0,True,eligible
AN-MOORDRFE,10,2,True,eligible
MD-04797750,2,10,False,fewer_than_9_observed
AN-09M06,12,0,True,eligible
MD-13612690,12,0,True,eligible
AN-ANCOB,12,0,True,eligible
NW-88019808,4,8,False,fewer_than_9_observed
MD-45379965,4,8,False,fewer_than_9_observed
NE-49600486,12,0,True,eligible
SW-82221881,4,8,False,fewer_than_9_observed
NW-88000722,12,0,True,eligible
NE-RSN0244,12,0,True,eligible
SO-RSN1805,12,0,True,eligible
SW-81522326,12,0,True,eligible
MD-41296320,11,1,True,eligible
MD-23323300,8,4,False,fewer_than_9_observed
MD-39325070,11,1,True,eligible
SO-F0002811,12,0,True,eligible
SW-82010126,6,6,False,fewer_than_9_observed
NW-88002844,12,0,True,eligible
NW-RSN0492,12,0,True,eligible
NE-49100409,12,0,True,eligible
SW-Z1150102,12,0,True,eligible
AN-WD0275,12,0,True,eligible
TH-PHMR0010,12,0,True,eligible
NE-49301400,12,0,True,eligible
SO-RSN1569,12,0,True,eligible
MD-47467140,12,0,True,eligible
AN-NORTHBKD,12,0,True,eligible
AN-RSN2160,12,0,True,eligible
SW-81931005,12,0,True,eligible
NW-88006210,12,0,True,eligible
MD-44284750,12,0,True,eligible
MD-RTN0026,5,7,False,fewer_than_9_observed
AN-COWBANK,12,0,True,eligible
SW-50240529,12,0,True,eligible
MD-RSN2110,12,0,True,eligible
MD-59017780,12,0,True,eligible
NW-RSN0604,11,1,True,eligible
NW-RSN0139,12,0,True,eligible
NE-RSN2156,12,0,True,eligible
TH-POCR0034,12,0,True,eligible
SW-Z1010450,12,0,True,eligible
SW-SSN1376,12,0,True,eligible
NW-88025757,12,0,True,eligible
NE-49800255,9,3,True,eligible
SW-70522906,12,0,True,eligible
NW-88025855,1,11,False,fewer_than_9_observed
NW-88003942,12,0,True,eligible
AN-37M02,12,0,True,eligible
MD-RSN1002,12,0,True,eligible
SW-73062946,12,0,True,eligible
SW-82528047,12,0,True,eligible
SO-E0001607,12,0,True,eligible
NE-49301472,12,0,True,eligible
SO-Y0004526,12,0,True,eligible
TH-PMLR0324,12,0,True,eligible
NE-49101089,8,4,False,fewer_than_9_observed
SW-82220433,12,0,True,eligible
MD-C0000107,12,0,True,eligible
TH-PKER0009,12,0,True,eligible
NW-88005832,12,0,True,eligible
MD-67429600,9,3,True,eligible
TH-PWER0004,12,0,True,eligible
NE-49200291,12,0,True,eligible
TH-PTHR0221,12,0,True,eligible
AN-HALTBECK,12,0,True,eligible
NE-49600147,12,0,True,eligible
NE-49905179,9,3,True,eligible
TH-PEVR0018,12,0,True,eligible
SW-81710142,1,11,False,fewer_than_9_observed
AN-GLEBE002,4,8,False,fewer_than_9_observed
SW-72930877,12,0,True,eligible
SW-91253242,8,4,False,fewer_than_9_observed
MD-51170050,12,0,True,eligible
TH-PCHR0029,6,6,False,fewer_than_9_observed
TH-PTHR0080,12,0,True,eligible
MD-38643380,12,0,True,eligible
SW-81940830,12,0,True,eligible
MD-08805080,12,0,True,eligible
TH-PCHR0052,12,0,True,eligible
SW-E4320500,12,0,True,eligible
SO-RSN1821,12,0,True,eligible
SW-RSN0355,12,0,True,eligible
SW-Z1011701,12,0,True,eligible
SW-Z9390221,12,0,True,eligible
MD-04802820,12,0,True,eligible
SO-E0000986,12,0,True,eligible
AN-BAING,12,0,True,eligible
SW-E2241100,12,0,True,eligible
SW-73060254,12,0,True,eligible
SO-E0000934,12,0,True,eligible
TH-PTHR0128,12,0,True,eligible
MD-44206090,11,1,True,eligible
TH-PTHR0470,1,11,False,fewer_than_9_observed
SW-82310969,1,11,False,fewer_than_9_observed
NE-49300114,12,0,True,eligible
NW-88009756,12,0,True,eligible
SO-RSN0473,12,0,True,eligible
AN-26M14,12,0,True,eligible
MD-RSN0498,12,0,True,eligible
TH-PKER0053,12,0,True,eligible
SW-RSN0877,12,0,True,eligible
MD-28208180,12,0,True,eligible
NW-88000747,12,0,True,eligible
SW-70531093,12,0,True,eligible
MD-50936250,12,0,True,eligible
AN-STANLODG,12,0,True,eligible
SW-72910447,12,0,True,eligible
NW-88023736,12,0,True,eligible
MD-60867650,12,0,True,eligible
AN-35M25,12,0,True,eligible
SO-E0004588,12,0,True,eligible
SW-60121007,12,0,True,eligible
NW-88022824,4,8,False,fewer_than_9_observed
SW-60220410,4,8,False,fewer_than_9_observed
MD-RSN1814,12,0,True,eligible
AN-GLV005,9,3,True,eligible
NW-88003854,12,0,True,eligible
SW-Z8490124,12,0,True,eligible
NE-49000682,9,3,True,eligible
NW-88004940,12,0,True,eligible
AN-NKELSEGS,12,0,True,eligible
TH-PMLR0012,12,0,True,eligible
SW-70571010,12,0,True,eligible
SW-60260020,12,0,True,eligible
SW-RSN2190,12,0,True,eligible
AN-MEDB080B,12,0,True,eligible
SW-70633503,12,0,True,eligible
MD-SSN0040,12,0,True,eligible
TH-PLDR0017,12,0,True,eligible
SW-82010347,12,0,True,eligible
NE-49905226,4,8,False,fewer_than_9_observed
SW-RSN1507,12,0,True,eligible
NW-RSN0847,12,0,True,eligible
NW-88025854,1,11,False,fewer_than_9_observed
AN-06M14,12,0,True,eligible
SW-70720104,12,0,True,eligible
NW-88002083,12,0,True,eligible
NW-88000825,12,0,True,eligible
AN-CA02,12,0,True,eligible
MD-72771630,12,0,True,eligible
NW-88002549,12,0,True,eligible
SW-Z8480103,12,0,True,eligible
MD-28064505,8,4,False,fewer_than_9_observed
NE-49500035,12,0,True,eligible
MD-73946100,2,10,False,fewer_than_9_observed
AN-TIF061,5,7,False,fewer_than_9_observed
MD-43902300,12,0,True,eligible
MD-51546420,11,1,True,eligible
MD-79440460,12,0,True,eligible
MD-59394920,12,0,True,eligible
AN-WAV023,12,0,True,eligible
NE-49301618,12,0,True,eligible
NW-RSN1004,12,0,True,eligible
TH-PTAR0043,12,0,True,eligible
SO-RSN1761,12,0,True,eligible
AN-HOBDTRB1,3,9,False,fewer_than_9_observed
AN-GIP005,12,0,True,eligible
SW-RSN1963,12,0,True,eligible
MD-43902780,12,0,True,eligible
MD-26492160,12,0,True,eligible
NW-88002075,12,0,True,eligible
SO-G0006938,11,1,True,eligible
NE-49700055,12,0,True,eligible
NE-49100526,12,0,True,eligible
AN-DOV040,12,0,True,eligible
MD-SSN0111,12,0,True,eligible
NW-RSN0331,12,0,True,eligible
MD-67420660,12,0,True,eligible
NW-RSN2287,12,0,True,eligible
AN-04M18,12,0,True,eligible
MD-28433600,12,0,True,eligible
MD-57022560,12,0,True,eligible
AN-DEB022,12,0,True,eligible
NE-49200302,12,0,True,eligible
NE-RSN2152,12,0,True,eligible
SW-81020105,12,0,True,eligible
NE-41000088,12,0,True,eligible
NE-49301060,12,0,True,eligible
AN-ST0862,12,0,True,eligible
SW-RSN0510,11,1,True,eligible
SW-60031870,12,0,True,eligible
SW-82521240,9,3,True,eligible
MD-20349700,12,0,True,eligible
NE-RSN1160,12,0,True,eligible
AN-12M12,12,0,True,eligible
MD-07708180,12,0,True,eligible
SW-RSN1125,12,0,True,eligible
NE-49400433,12,0,True,eligible
AN-NENE420L,12,0,True,eligible
SW-RSN1061,12,0,True,eligible
AN-48M45,12,0,True,eligible
AN-DEB006,6,6,False,fewer_than_9_observed
SW-E2031000,12,0,True,eligible
AN-RSN0932,12,0,True,eligible
AN-CTWEASTK,12,0,True,eligible
MD-46257100,12,0,True,eligible
TH-RSN2138,12,0,True,eligible
NW-88024602,12,0,True,eligible
NW-88002180,12,0,True,eligible
SW-82110180,8,4,False,fewer_than_9_observed
TH-PCNR0191,12,0,True,eligible
SW-E7001300,12,0,True,eligible
SW-50220136,12,0,True,eligible
NE-RSN1720,12,0,True,eligible
SW-50211468,12,0,True,eligible
AN-RIPRUNDK,12,0,True,eligible
MD-50039700,12,0,True,eligible
NW-RSN1767,12,0,True,eligible
TH-PWRR0020,12,0,True,eligible
NW-88003499,12,0,True,eligible
NW-88003442,12,0,True,eligible
SW-Z7500101,12,0,True,eligible
MD-RSN0916,12,0,True,eligible
NW-88006369,12,0,True,eligible
SW-82311941,8,4,False,fewer_than_9_observed
MD-29600620,4,8,False,fewer_than_9_observed
SW-81931010,8,4,False,fewer_than_9_observed
SW-82310186,9,3,True,eligible
AN-BUR134,12,0,True,eligible
MD-78705160,8,4,False,fewer_than_9_observed
NE-49600475,12,0,True,eligible
NW-88023696,12,0,True,eligible
SW-50440158,1,11,False,fewer_than_9_observed
NW-88004974,12,0,True,eligible
SO-E0000523,12,0,True,eligible
SW-50590127,12,0,True,eligible
NW-88025816,0,12,False,zero_observed_features
AN-WAV150,12,0,True,eligible
SW-70630275,12,0,True,eligible
MD-RSN2284,12,0,True,eligible
NE-49105194,12,0,True,eligible
SW-RSN1142,12,0,True,eligible
SW-82311932,12,0,True,eligible
AN-BLY030,12,0,True,eligible
NW-88003420,12,0,True,eligible
MD-51974020,12,0,True,eligible
SW-73210805,12,0,True,eligible
SW-91241119,12,0,True,eligible
AN-RSN1793,12,0,True,eligible
NW-88024647,12,0,True,eligible
MD-09318900,2,10,False,fewer_than_9_observed
MD-RSN2014,12,0,True,eligible
MD-27300202,12,0,True,eligible
NW-88002580,12,0,True,eligible
NW-88001915,12,0,True,eligible
AN-HONINGTN,12,0,True,eligible
AN-STLODET2,12,0,True,eligible
AN-HK0909,12,0,True,eligible
SW-72811040,12,0,True,eligible
MD-25827980,12,0,True,eligible
NW-RSN0812,12,0,True,eligible
NW-88022192,12,0,True,eligible
SW-RSN0551,12,0,True,eligible
AN-GEAU2,12,0,True,eligible
SW-91253210,8,4,False,fewer_than_9_observed
MD-02942160,12,0,True,eligible
SO-E0000719,12,0,True,eligible
TH-PKER0045,12,0,True,eligible
AN-11M21,12,0,True,eligible
SO-F0001989,12,0,True,eligible
NE-49905240,4,8,False,fewer_than_9_observed
SO-E0004858,12,0,True,eligible
SW-81223450,7,5,False,fewer_than_9_observed
NW-88024617,12,0,True,eligible
MD-27044180,12,0,True,eligible
MD-19227500,12,0,True,eligible
AN-RSN0798,12,0,True,eligible
SO-F0002548,12,0,True,eligible
MD-38870190,11,1,True,eligible
NE-49105218,12,0,True,eligible
AN-GLV050,12,0,True,eligible
SW-82711476,12,0,True,eligible
SW-70423703,12,0,True,eligible
SO-Y0004517,12,0,True,eligible
NE-49400522,12,0,True,eligible
MD-03696680,12,0,True,eligible
SW-73110911,0,12,False,zero_observed_features
NW-RSN0424,12,0,True,eligible
MD-29270780,12,0,True,eligible
SW-70571101,12,0,True,eligible
AN-04M15,12,0,True,eligible
MD-RSN0746,12,0,True,eligible
AN-WELL030L,12,0,True,eligible
MD-25468580,12,0,True,eligible
AN-SSN1479,12,0,True,eligible
NW-88000866,12,0,True,eligible
SW-50220926,12,0,True,eligible
NE-49105185,12,0,True,eligible
NE-41000358,10,2,True,eligible
NE-49600044,12,0,True,eligible
AN-NENE460O,12,0,True,eligible
AN-RASE4,12,0,True,eligible
SO-F0001940,12,0,True,eligible
SO-E0000546,12,0,True,eligible
SW-91253145,8,4,False,fewer_than_9_observed
AN-USOSBNBY,12,0,True,eligible
SW-Z4180103,4,8,False,fewer_than_9_observed
NW-88003476,12,0,True,eligible
SO-F0002793,12,0,True,eligible
MD-RSN1118,12,0,True,eligible
AN-CRIGBK,12,0,True,eligible
NE-49400645,12,0,True,eligible
SW-RSN0093,12,0,True,eligible
NE-49000475,12,0,True,eligible
AN-CHT004,12,0,True,eligible
NE-49301070,12,0,True,eligible
SO-E0000470,12,0,True,eligible
NW-88001888,8,4,False,fewer_than_9_observed
NW-88002241,12,0,True,eligible
SW-82310477,8,4,False,fewer_than_9_observed
NE-RSN1020,12,0,True,eligible
MD-36739500,4,8,False,fewer_than_9_observed
TH-PUTR0189,12,0,True,eligible
NW-88021698,12,0,True,eligible
NE-SSN0721,12,0,True,eligible
AN-52M02,1,11,False,fewer_than_9_observed
AN-WEN235,12,0,True,eligible
MD-49065200,12,0,True,eligible
MD-47532180,12,0,True,eligible
SO-E0000579,12,0,True,eligible
SW-81410102,4,8,False,fewer_than_9_observed
SW-70812665,12,0,True,eligible
SO-E0000534,12,0,True,eligible
NW-88002266,12,0,True,eligible
AN-FOLL060P,5,7,False,fewer_than_9_observed
NW-88003518,12,0,True,eligible
NE-RSN0008,12,0,True,eligible
NE-49600502,12,0,True,eligible
NW-88024626,12,0,True,eligible
AN-GLD060,12,0,True,eligible
NW-88007350,7,5,False,fewer_than_9_observed
MD-C0000120,8,4,False,fewer_than_9_observed
SO-E0007349,7,5,False,fewer_than_9_observed
SW-RSN1595,12,0,True,eligible
AN-HUSBOFIR,10,2,True,eligible
TH-PUTR0093,12,0,True,eligible
SO-E0000772,12,0,True,eligible
SW-73070186,12,0,True,eligible
SW-Z1012304,12,0,True,eligible
NE-RSN2268,12,0,True,eligible
NW-88006458,12,0,True,eligible
NW-88005652,12,0,True,eligible
MD-RSN0820,12,0,True,eligible
TH-PTHR0082,12,0,True,eligible
MD-RSN0490,12,0,True,eligible
MD-RSN0494,12,0,True,eligible
TH-SSN0014,12,0,True,eligible
MD-48356850,12,0,True,eligible
AN-RSN1625,12,0,True,eligible
MD-61642420,12,0,True,eligible
TH-PTHR0265,12,0,True,eligible
MD-01104650,12,0,True,eligible
MD-00021202,12,0,True,eligible
SW-91221145,12,0,True,eligible
AN-52M21,12,0,True,eligible
MD-04465220,12,0,True,eligible
SW-81810608,12,0,True,eligible
NW-88002379,12,0,True,eligible
SW-81951318,12,0,True,eligible
AN-MORC100S,12,0,True,eligible
MD-45246020,11,1,True,eligible
NE-49200045,12,0,True,eligible
MD-57022100,12,0,True,eligible
AN-STF006,12,0,True,eligible
NW-RSN0584,12,0,True,eligible
AN-BUCKDSKR,12,0,True,eligible
SW-73111266,12,0,True,eligible
SO-E0004844,12,0,True,eligible
NE-SSN0489,12,0,True,eligible
SO-F0002997,12,0,True,eligible
SW-A4070409,12,0,True,eligible
SW-81930985,12,0,True,eligible
NW-88024195,12,0,True,eligible
SO-E0000380,12,0,True,eligible
SO-E0000378,12,0,True,eligible
MD-13619900,12,0,True,eligible
NW-88002309,12,0,True,eligible
NW-88006419,12,0,True,eligible
SO-F0002644,12,0,True,eligible
NW-88002678,12,0,True,eligible
SO-G0003610,12,0,True,eligible
NE-49905158,12,0,True,eligible
AN-BARE2,12,0,True,eligible
MD-58650020,12,0,True,eligible
SW-RSN0931,12,0,True,eligible
AN-BARE3,12,0,True,eligible
TH-RSN0290,12,0,True,eligible
AN-48M36,12,0,True,eligible
NE-49105130,12,0,True,eligible
SW-82311879,1,11,False,fewer_than_9_observed
NW-88001881,12,0,True,eligible
SW-70571103,12,0,True,eligible
AN-TUD060,12,0,True,eligible
NE-SSN0657,12,0,True,eligible
SW-50330162,12,0,True,eligible
NE-49800098,12,0,True,eligible
TH-PWER0127,12,0,True,eligible
SW-A4100101,12,0,True,eligible
MD-29268970,9,3,True,eligible
MD-38638380,12,0,True,eligible
AN-YAR080,12,0,True,eligible
NW-88005677,12,0,True,eligible
NW-88003950,12,0,True,eligible
MD-00195400,12,0,True,eligible
MD-51963270,1,11,False,fewer_than_9_observed
SW-70110104,2,10,False,fewer_than_9_observed
NW-88003816,12,0,True,eligible
AN-LANG070G,12,0,True,eligible
SO-F0003350,12,0,True,eligible
MD-46880150,12,0,True,eligible
SW-82410232,12,0,True,eligible
NE-49600382,12,0,True,eligible
AN-34M08,1,11,False,fewer_than_9_observed
AN-WHIL060W,12,0,True,eligible
SW-81310238,4,8,False,fewer_than_9_observed
AN-HUN040,12,0,True,eligible
NW-88003958,12,0,True,eligible
MD-71363300,12,0,True,eligible
SW-72921406,12,0,True,eligible
SW-RSN1925,12,0,True,eligible
NE-49500479,12,0,True,eligible
AN-48M14,12,0,True,eligible
TH-RSN2165,12,0,True,eligible
NE-49302181,12,0,True,eligible
NW-88002524,12,0,True,eligible
MD-43824020,12,0,True,eligible
AN-DOV080,12,0,True,eligible
MD-28064000,8,4,False,fewer_than_9_observed
SO-G0006936,11,1,True,eligible
NW-88003559,12,0,True,eligible
NW-88002060,12,0,True,eligible
SW-82311943,8,4,False,fewer_than_9_observed
NW-RSN1248,12,0,True,eligible
SW-50810139,12,0,True,eligible
NE-49100614,4,8,False,fewer_than_9_observed
SW-60032074,12,0,True,eligible
SW-70811912,12,0,True,eligible
SW-RSN1855,12,0,True,eligible
TH-PUTR0252,12,0,True,eligible
NE-49600503,12,0,True,eligible
MD-SSN0161,12,0,True,eligible
AN-EYEB130C,12,0,True,eligible
SW-60080105,12,0,True,eligible
MD-00825100,12,0,True,eligible
SW-RSN0090,12,0,True,eligible
MD-04076050,12,0,True,eligible
SW-50231202,12,0,True,eligible
SW-82410291,12,0,True,eligible
MD-40950960,12,0,True,eligible
NE-49505172,12,0,True,eligible
SW-SSN0192,12,0,True,eligible
NE-49500602,12,0,True,eligible
SW-50450129,12,0,True,eligible
MD-46266590,12,0,True,eligible
AN-LISS2,12,0,True,eligible
SW-E1201500,12,0,True,eligible
TH-PCHR0048,12,0,True,eligible
NE-49500020,12,0,True,eligible
SW-Z1010538,12,0,True,eligible
AN-27M25,12,0,True,eligible
SW-81281177,12,0,True,eligible
AN-FIELDBEC,2,10,False,fewer_than_9_observed
MD-78917020,8,4,False,fewer_than_9_observed
AN-GIP140,5,7,False,fewer_than_9_observed
NW-88002743,7,5,False,fewer_than_9_observed
NE-49500853,11,1,True,eligible
MD-RSN2086,12,0,True,eligible
SW-RSN0638,12,0,True,eligible
AN-WEST1,9,3,True,eligible
SO-E0000411,12,0,True,eligible
SO-E0001311,12,0,True,eligible
SW-SSN1428,12,0,True,eligible
MD-RSN0950,12,0,True,eligible
SO-G0006986,12,0,True,eligible
AN-FRO030,12,0,True,eligible
SW-RSN0327,12,0,True,eligible
NE-49800257,4,8,False,fewer_than_9_observed
NE-49600497,12,0,True,eligible
SO-G0006982,12,0,True,eligible
SW-70230167,12,0,True,eligible
MD-58282220,1,11,False,fewer_than_9_observed
AN-POINLODE,12,0,True,eligible
NE-49300665,12,0,True,eligible
MD-29600050,9,3,True,eligible
AN-05M17,12,0,True,eligible
SW-70531616,12,0,True,eligible
AN-BAINA,12,0,True,eligible
SW-82611103,12,0,True,eligible
SW-RSN0011,11,1,True,eligible
MD-08022000,12,0,True,eligible
SW-82312347,9,3,True,eligible
NE-49800080,12,0,True,eligible
NW-SSN0170,12,0,True,eligible
SW-81942260,9,3,True,eligible
NW-88005544,12,0,True,eligible
SO-E0007348,8,4,False,fewer_than_9_observed
MD-42229265,1,11,False,fewer_than_9_observed
NW-88004411,12,0,True,eligible
SW-91251630,12,0,True,eligible
NE-49300220,9,3,True,eligible
NW-RSN0043,12,0,True,eligible
AN-22M71A,5,7,False,fewer_than_9_observed
SW-81611111,12,0,True,eligible
SW-73110932,0,12,False,zero_observed_features
SW-73021607,12,0,True,eligible
SW-81202015,12,0,True,eligible
AN-FRAM4,12,0,True,eligible
MD-00399400,8,4,False,fewer_than_9_observed
MD-RSN1150,12,0,True,eligible
SW-72922004,12,0,True,eligible
NW-88022818,10,2,True,eligible
NW-RSN0587,11,1,True,eligible
AN-02M54,12,0,True,eligible
MD-55393900,12,0,True,eligible
MD-RSN0686,12,0,True,eligible
AN-SIND5,12,0,True,eligible
AN-RSN1885,12,0,True,eligible
MD-59717900,12,0,True,eligible
MD-RSN0062,12,0,True,eligible
SW-E1008300,12,0,True,eligible
NW-88006382,12,0,True,eligible
MD-23525180,12,0,True,eligible
SW-82010185,4,8,False,fewer_than_9_observed
TH-PCNR0013,12,0,True,eligible
AN-RSN0222,12,0,True,eligible
MD-07797050,12,0,True,eligible
NE-41000033,12,0,True,eligible
NE-49600081,12,0,True,eligible
SW-70230103,12,0,True,eligible
MD-SSN1484,12,0,True,eligible
SO-Y0004520,12,0,True,eligible
SO-E0001559,12,0,True,eligible
SW-82513722,12,0,True,eligible
SO-E0007057,12,0,True,eligible
SW-60100118,12,0,True,eligible
TH-PLER0083,12,0,True,eligible
NE-RSN1836,12,0,True,eligible
NE-49400520,12,0,True,eligible
MD-39539600,12,0,True,eligible
NW-88001897,12,0,True,eligible
NE-49301620,12,0,True,eligible
SW-50907777,6,6,False,fewer_than_9_observed
SW-SSN0110,12,0,True,eligible
MD-69280180,12,0,True,eligible
MD-43267100,11,1,True,eligible
MD-09834100,12,0,True,eligible
MD-44756020,12,0,True,eligible
SO-F0017661,12,0,True,eligible
AN-WAV043,5,7,False,fewer_than_9_observed
MD-54521950,12,0,True,eligible
NE-49905154,12,0,True,eligible
NW-88024245,10,2,True,eligible
AN-41M09,12,0,True,eligible
AN-MIL020,12,0,True,eligible
NW-SSN1354,12,0,True,eligible
NW-RSN0808,12,0,True,eligible
NW-88003444,12,0,True,eligible
NW-RSN1812,12,0,True,eligible
NE-49600507,12,0,True,eligible
MD-44711100,12,0,True,eligible
AN-THR051,5,7,False,fewer_than_9_observed
AN-LORDDRN1,12,0,True,eligible
SW-50550310,12,0,True,eligible
SO-SSN1447,12,0,True,eligible
MD-49701620,12,0,True,eligible
NW-88024648,12,0,True,eligible
NE-49300783,12,0,True,eligible
SW-E4331300,12,0,True,eligible
AN-RSN2006,12,0,True,eligible
SW-50340520,12,0,True,eligible
SW-91221705,12,0,True,eligible
NW-88000633,12,0,True,eligible
AN-HAMM3,9,3,True,eligible
NW-88000816,12,0,True,eligible
SW-70512720,12,0,True,eligible
MD-11055720,12,0,True,eligible
MD-51795109,11,1,True,eligible
SW-72940121,12,0,True,eligible
NE-49400398,12,0,True,eligible
MD-53495265,12,0,True,eligible
AN-BRN020,12,0,True,eligible
SW-RSN2207,12,0,True,eligible
NE-RSN1948,12,0,True,eligible
AN-30M05,12,0,True,eligible
SW-RSN1835,12,0,True,eligible
NE-49905182,9,3,True,eligible
MD-48883750,12,0,True,eligible
MD-42900950,12,0,True,eligible
MD-08102620,12,0,True,eligible
MD-RSN1014,12,0,True,eligible
NE-49300662,12,0,True,eligible
AN-SWATONEA,12,0,True,eligible
NE-SSN0645,12,0,True,eligible
NE-49100297,12,0,True,eligible
NE-RSN1503,12,0,True,eligible
SO-Y0004333,12,0,True,eligible
NE-49301407,12,0,True,eligible
SW-70711736,12,0,True,eligible
SO-E0000415,12,0,True,eligible
MD-RSN1778,12,0,True,eligible
MD-65161040,12,0,True,eligible
NE-49305363,12,0,True,eligible
AN-GLV020,12,0,True,eligible
NE-49400581,12,0,True,eligible
TH-PMLE0391,10,2,True,eligible
SW-RSN0429,12,0,True,eligible
SW-RSN1933,12,0,True,eligible
SW-82310570,12,0,True,eligible
NE-RSN0576,12,0,True,eligible
NW-88025763,11,1,True,eligible
SW-82510114,0,12,False,zero_observed_features
AN-41M29,1,11,False,fewer_than_9_observed
SW-60020005,12,0,True,eligible
TH-PLDR0008,12,0,True,eligible
AN-SHMD060C,12,0,True,eligible
SW-50340432,12,0,True,eligible
SW-82522304,12,0,True,eligible
NE-49200304,12,0,True,eligible
MD-C0000106,12,0,True,eligible
AN-WAV114,12,0,True,eligible
NW-88002874,12,0,True,eligible
NE-RSN0528,12,0,True,eligible
SW-50350137,12,0,True,eligible
SW-RSN1771,12,0,True,eligible
NW-88022958,12,0,True,eligible
SW-81811205,8,4,False,fewer_than_9_observed
SO-F0002304,12,0,True,eligible
MD-01870280,12,0,True,eligible
AN-NENE185G,12,0,True,eligible
AN-33M29,12,0,True,eligible
SO-G0006978,12,0,True,eligible
NE-49600490,12,0,True,eligible
AN-BAIN9,12,0,True,eligible
MD-28625020,12,0,True,eligible
AN-THR060,12,0,True,eligible
TH-RSN2330,12,0,True,eligible
SW-A0360101,12,0,True,eligible
NE-49600462,12,0,True,eligible
NW-88005050,12,0,True,eligible
MD-29635100,4,8,False,fewer_than_9_observed
NE-49800088,12,0,True,eligible
TH-RTN0035,5,7,False,fewer_than_9_observed
SO-RSN1069,12,0,True,eligible
SW-82517015,0,12,False,zero_observed_features
SW-81915135,12,0,True,eligible
MD-04064620,12,0,True,eligible
MD-08105100,12,0,True,eligible
SW-50040711,12,0,True,eligible
SW-81310252,12,0,True,eligible
AN-RSN0593,12,0,True,eligible
AN-06M20,12,0,True,eligible
AN-STF020,12,0,True,eligible
NE-49000698,12,0,True,eligible
TH-PKER0099,10,2,True,eligible
NW-RSN2096,12,0,True,eligible
AN-01M05,12,0,True,eligible
SW-82410637,1,11,False,fewer_than_9_observed
TH-RSN0402,12,0,True,eligible
MD-12028240,12,0,True,eligible
NW-88006265,12,0,True,eligible
SW-RSN1587,12,0,True,eligible
MD-SSN1377,12,0,True,eligible
NW-88004434,12,0,True,eligible
SW-50260464,12,0,True,eligible
AN-CH02,12,0,True,eligible
SW-50210619,12,0,True,eligible
MD-78716220,8,4,False,fewer_than_9_observed
SW-81611182,12,0,True,eligible
AN-OAE045,12,0,True,eligible
TH-PUTR0009,12,0,True,eligible
MD-SSN1388,12,0,True,eligible
NW-88002579,12,0,True,eligible
TH-PBRR0007,12,0,True,eligible
TH-PCRR0084,12,0,True,eligible
SO-RSN0953,12,0,True,eligible
NW-88022962,12,0,True,eligible
TH-SSN0499,12,0,True,eligible
TH-RSN0978,12,0,True,eligible
TH-PLDR0007,12,0,True,eligible
SW-A2300111,12,0,True,eligible
TH-PUTR0039,12,0,True,eligible
TH-PMLR0016,12,0,True,eligible
MD-23249180,12,0,True,eligible
NW-88022913,12,0,True,eligible
MD-RSN1708,12,0,True,eligible
MD-28064155,8,4,False,fewer_than_9_observed
MD-25705100,8,4,False,fewer_than_9_observed
NW-88003550,12,0,True,eligible
MD-77670130,1,11,False,fewer_than_9_observed
MD-59636580,8,4,False,fewer_than_9_observed
MD-RSN2234,12,0,True,eligible
AN-BT0175,12,0,True,eligible
AN-THORSWAY,12,0,True,eligible
NW-88003912,12,0,True,eligible
AN-BCAR050B,12,0,True,eligible
SW-60140260,1,11,False,fewer_than_9_observed
MD-04799980,12,0,True,eligible
SW-E8101000,12,0,True,eligible
NE-49302120,4,8,False,fewer_than_9_observed
MD-C0000080,9,3,True,eligible
NW-88002843,12,0,True,eligible
NW-88004372,12,0,True,eligible
SW-81010221,12,0,True,eligible
MD-09667070,12,0,True,eligible
MD-48123095,12,0,True,eligible
AN-BROCKLES,12,0,True,eligible
TH-PLER0130,12,0,True,eligible
SW-60033104,12,0,True,eligible
AN-BUGB250N,12,0,True,eligible
SW-70620569,9,3,True,eligible
NE-49505160,12,0,True,eligible
SW-E1201400,12,0,True,eligible
AN-SSN1319,12,0,True,eligible
AN-21M19,12,0,True,eligible
SW-81811127,12,0,True,eligible
TH-PLDR0033,12,0,True,eligible
MD-RSN2038,12,0,True,eligible
NW-88006213,12,0,True,eligible
SW-A0350132,12,0,True,eligible
NE-49100565,12,0,True,eligible
AN-SSN0511,12,0,True,eligible
AN-RSN0590,12,0,True,eligible
SW-91241199,12,0,True,eligible
SW-RSN1197,12,0,True,eligible
NW-88000787,12,0,True,eligible
NW-RSN0843,11,1,True,eligible
SO-RTN0059,5,7,False,fewer_than_9_observed
AN-TIF090,12,0,True,eligible
SW-81940158,12,0,True,eligible
SO-RSN1653,12,0,True,eligible
SW-81810610,12,0,True,eligible
SO-F0002156,12,0,True,eligible
SW-72940185,12,0,True,eligible
NW-88000874,12,0,True,eligible
MD-38644170,12,0,True,eligible
TH-PUTR0238,12,0,True,eligible
SW-A2280103,12,0,True,eligible
TH-PLER0039,12,0,True,eligible
SW-A3200410,12,0,True,eligible
SW-81611044,12,0,True,eligible
MD-18873190,12,0,True,eligible
MD-RSN1152,12,0,True,eligible
MD-58919035,12,0,True,eligible
MD-SSN0012,12,0,True,eligible
AN-FINE100D,12,0,True,eligible
AN-NENE610P,12,0,True,eligible
SO-G0006948,12,0,True,eligible
NW-88005879,12,0,True,eligible
SW-RSN1563,11,1,True,eligible
SW-70826019,12,0,True,eligible
SW-64200215,12,0,True,eligible
MD-51113480,11,1,True,eligible
MD-RSN1108,12,0,True,eligible
NW-88025760,12,0,True,eligible
TH-PKER0024,12,0,True,eligible
SO-G0006977,12,0,True,eligible
NW-88002006,5,7,False,fewer_than_9_observed
SW-81940215,12,0,True,eligible
SW-91252571,8,4,False,fewer_than_9_observed
MD-23325540,12,0,True,eligible
MD-24492020,12,0,True,eligible
NW-88004591,12,0,True,eligible
SW-SSN1360,12,0,True,eligible
TH-PTHR0126,12,0,True,eligible
SW-63100100,12,0,True,eligible
AN-HOLR190S,12,0,True,eligible
NE-RSN0736,12,0,True,eligible
AN-WITTB200,12,0,True,eligible
NW-88000835,12,0,True,eligible
SW-81950702,12,0,True,eligible
MD-26947330,2,10,False,fewer_than_9_observed
MD-38367267,10,2,True,eligible
MD-59023160,12,0,True,eligible
AN-RSN0734,12,0,True,eligible
SW-RSN1285,12,0,True,eligible
MD-06611280,12,0,True,eligible
SW-RSN0685,12,0,True,eligible
MD-28065115,8,4,False,fewer_than_9_observed
MD-38315200,12,0,True,eligible
MD-RSN0838,12,0,True,eligible
NE-49905167,12,0,True,eligible
NW-88025843,12,0,True,eligible
NW-88002356,12,0,True,eligible
SO-E0007334,6,6,False,fewer_than_9_observed
AN-ST0318,12,0,True,eligible
SW-72934611,12,0,True,eligible
NE-49200029,12,0,True,eligible
AN-TIF100,12,0,True,eligible
TH-PKER0052,12,0,True,eligible
NE-49105188,12,0,True,eligible
MD-39371010,6,6,False,fewer_than_9_observed
AN-TILLTRB1,12,0,True,eligible
AN-BUCK1,12,0,True,eligible
AN-HARP200A,12,0,True,eligible
SW-70591051,12,0,True,eligible
AN-59M04,12,0,True,eligible
NW-88023099,12,0,True,eligible
MD-61045300,8,4,False,fewer_than_9_observed
AN-18M01,12,0,True,eligible
SW-81251517,4,8,False,fewer_than_9_observed
NE-49905155,12,0,True,eligible
SW-50270280,12,0,True,eligible
NW-88002101,12,0,True,eligible
AN-FYN045,9,3,True,eligible
AN-BL0370,12,0,True,eligible
NW-88004063,12,0,True,eligible
NE-49300690,12,0,True,eligible
MD-04412220,12,0,True,eligible
NW-88002634,12,0,True,eligible
SW-82010189,10,2,True,eligible
NE-49301311,12,0,True,eligible
TH-PEVR0006,12,0,True,eligible
NW-88003549,12,0,True,eligible
MD-55723050,12,0,True,eligible
NE-49800049,12,0,True,eligible
SW-73051213,12,0,True,eligible
SW-81223500,8,4,False,fewer_than_9_observed
SO-E0004726,12,0,True,eligible
MD-23525980,12,0,True,eligible
SO-E0004855,12,0,True,eligible
SW-60250424,12,0,True,eligible
SW-Z1530101,12,0,True,eligible
SW-81290191,12,0,True,eligible
NW-RSN0811,12,0,True,eligible
NE-49100430,12,0,True,eligible
SW-E2020100,12,0,True,eligible
TH-RSN1710,12,0,True,eligible
SW-E8000400,12,0,True,eligible
NW-88006348,12,0,True,eligible
MD-30696580,12,0,True,eligible
MD-SSN0684,12,0,True,eligible
NW-88003109,12,0,True,eligible
AN-RSN1753,12,0,True,eligible
NE-49800230,12,0,True,eligible
SW-50320520,12,0,True,eligible
SW-81201180,12,0,True,eligible
SW-SSN0484,12,0,True,eligible
SO-E0001604,12,0,True,eligible
AN-22M25,12,0,True,eligible
NW-88024627,12,0,True,eligible
AN-DSTETFRD,12,0,True,eligible
SW-70722202,12,0,True,eligible
SW-82010138,1,11,False,fewer_than_9_observed
AN-CL0230,12,0,True,eligible
MD-51729020,12,0,True,eligible
TH-RSN2185,12,0,True,eligible
SO-F0003056,12,0,True,eligible
MD-22686360,12,0,True,eligible
AN-DOV04020,5,7,False,fewer_than_9_observed
NW-RSN1776,12,0,True,eligible
SW-81310296,9,3,True,eligible
NE-49705101,12,0,True,eligible
TH-PWRR0023,12,0,True,eligible
MD-23314180,12,0,True,eligible
NW-88004467,12,0,True,eligible
AN-CALD5,12,0,True,eligible
MD-70479750,12,0,True,eligible
MD-18506530,12,0,True,eligible
MD-77940800,8,4,False,fewer_than_9_observed
NE-49301299,12,0,True,eligible
NE-49000498,12,0,True,eligible
AN-PASE1,12,0,True,eligible
AN-SPRA090S,12,0,True,eligible
NE-49905193,8,4,False,fewer_than_9_observed
SW-RSN1663,12,0,True,eligible
SW-81950814,12,0,True,eligible
SW-RSN0791,12,0,True,eligible
SW-70813312,12,0,True,eligible
SW-RSN1291,11,1,True,eligible
MD-39827325,1,11,False,fewer_than_9_observed
NW-88006290,12,0,True,eligible
MD-51214030,12,0,True,eligible
NW-SSN0738,12,0,True,eligible
SW-RSN1015,12,0,True,eligible
MD-39067750,12,0,True,eligible
AN-GTHORPBR,12,0,True,eligible
NE-49500136,12,0,True,eligible
SW-81610447,12,0,True,eligible
SW-Z3110110,12,0,True,eligible
AN-WAITHBCK,12,0,True,eligible
AN-GREN040G,12,0,True,eligible
MD-38639980,11,1,True,eligible
SW-RSN0263,12,0,True,eligible
MD-56423140,12,0,True,eligible
SW-RSN0835,12,0,True,eligible
MD-46678100,12,0,True,eligible
MD-09443030,12,0,True,eligible
SW-RSN1605,12,0,True,eligible
NW-88003823,12,0,True,eligible
NW-88003084,12,0,True,eligible
MD-24588380,12,0,True,eligible
SW-81930961,9,3,True,eligible
MD-23901180,12,0,True,eligible
SW-60270239,12,0,True,eligible
MD-47679360,12,0,True,eligible
SW-50588888,10,2,True,eligible
NW-88002169,12,0,True,eligible
MD-RSN1138,12,0,True,eligible
SW-82010192,12,0,True,eligible
NE-49105135,12,0,True,eligible
SW-82518180,12,0,True,eligible
MD-59715620,12,0,True,eligible
SO-G0003983,12,0,True,eligible
TH-RSN0850,12,0,True,eligible
NE-49200303,12,0,True,eligible
NW-RSN1271,11,1,True,eligible
SW-72930819,12,0,True,eligible
SW-70813904,0,12,False,zero_observed_features
MD-RTN0014,5,7,False,fewer_than_9_observed
AN-37M20,2,10,False,fewer_than_9_observed
SW-70534660,1,11,False,fewer_than_9_observed
NW-88010172,12,0,True,eligible
NW-88000770,12,0,True,eligible
AN-37M29,10,2,True,eligible
AN-RSN1574,12,0,True,eligible
SW-RSN0915,11,1,True,eligible
NW-RSN1699,12,0,True,eligible
AN-GLEN140S,12,0,True,eligible
NE-41000391,12,0,True,eligible
SW-82110801,9,3,True,eligible
SW-SSN1304,12,0,True,eligible
TH-PTAR0030,12,0,True,eligible
AN-42M24,12,0,True,eligible
MD-56091300,12,0,True,eligible
SO-RSN1261,12,0,True,eligible
NW-88006214,12,0,True,eligible
NE-49300174,12,0,True,eligible
SW-81512108,12,0,True,eligible
SW-RSN0679,12,0,True,eligible
NW-88023205,12,0,True,eligible
NW-RSN2047,12,0,True,eligible
AN-58M02,12,0,True,eligible
SW-E8300550,3,9,False,fewer_than_9_observed
NE-49600493,12,0,True,eligible
NW-88000854,12,0,True,eligible
MD-16375060,12,0,True,eligible
MD-48646180,12,0,True,eligible
MD-RSN1650,12,0,True,eligible
NW-88025862,1,11,False,fewer_than_9_observed
NE-49301340,12,0,True,eligible
TH-PCNR0023,12,0,True,eligible
SW-82410249,12,0,True,eligible
SW-91210127,12,0,True,eligible
SW-70523330,12,0,True,eligible
SW-70531507,12,0,True,eligible
MD-47588050,12,0,True,eligible
MD-38702007,12,0,True,eligible
NE-49301589,12,0,True,eligible
NE-49401003,12,0,True,eligible
NE-RSN2276,12,0,True,eligible
AN-WITH2,12,0,True,eligible
AN-17M02,12,0,True,eligible
AN-BT0112,12,0,True,eligible
SW-81211237,12,0,True,eligible
NE-49400411,12,0,True,eligible
SW-81271502,12,0,True,eligible
NW-88000705,12,0,True,eligible
SW-82712765,12,0,True,eligible
MD-11559580,12,0,True,eligible
SW-81950514,12,0,True,eligible
AN-RSN0069,12,0,True,eligible
MD-RSN0119,12,0,True,eligible
AN-BX0126,12,0,True,eligible
SW-A1260305,12,0,True,eligible
NW-88003561,12,0,True,eligible
SW-60010055,12,0,True,eligible
NW-88002563,12,0,True,eligible
MD-RSN0378,12,0,True,eligible
MD-RSN2142,12,0,True,eligible
MD-59714150,12,0,True,eligible
SW-70722402,12,0,True,eligible
NW-88003952,9,3,True,eligible
SW-73020802,12,0,True,eligible
AN-RSN1917,12,0,True,eligible
MD-H0000047,3,9,False,fewer_than_9_observed
SW-81522703,12,0,True,eligible
NE-49600021,12,0,True,eligible
NE-49301657,12,0,True,eligible
NE-49905160,12,0,True,eligible
MD-42310155,12,0,True,eligible
AN-WD0840,12,0,True,eligible
NE-49600472,12,0,True,eligible
AN-15M03,12,0,True,eligible
NW-RSN1927,12,0,True,eligible
NE-SSN0486,12,0,True,eligible
MD-20062290,0,12,False,zero_observed_features
SO-E0001382,12,0,True,eligible
SW-RSN1567,12,0,True,eligible
NW-88002457,12,0,True,eligible
SO-RSN1269,12,0,True,eligible
MD-RSN0724,12,0,True,eligible
AN-NENE550W,12,0,True,eligible
TH-PTHR0029,12,0,True,eligible
SO-F0017554,12,0,True,eligible
MD-10929790,12,0,True,eligible
MD-RSN1212,12,0,True,eligible
MD-RSN1588,12,0,True,eligible
AN-SABR100A,12,0,True,eligible
AN-WEN175,10,2,True,eligible
SO-SSN0503,12,0,True,eligible
MD-SSN1455,12,0,True,eligible
TH-RSN1665,12,0,True,eligible
SW-60030152,2,10,False,fewer_than_9_observed
MD-42980429,1,11,False,fewer_than_9_observed
TH-PUTR0002,12,0,True,eligible
NW-88005003,12,0,True,eligible
SW-60110147,12,0,True,eligible
TH-PLER0152,12,0,True,eligible
AN-RSN0597,12,0,True,eligible
NE-RSN2336,12,0,True,eligible
AN-61M02,12,0,True,eligible
AN-SHMDTRB4,3,9,False,fewer_than_9_observed
NW-SSN0666,12,0,True,eligible
SW-82010149,4,8,False,fewer_than_9_observed
SW-82010139,12,0,True,eligible
MD-28064300,8,4,False,fewer_than_9_observed
SO-E0000815,12,0,True,eligible
MD-SSN1464,12,0,True,eligible
NW-88022924,1,11,False,fewer_than_9_observed
MD-50913080,10,2,True,eligible
MD-25029400,12,0,True,eligible
NE-49200288,12,0,True,eligible
SW-82710970,12,0,True,eligible
AN-WFCW1,12,0,True,eligible
TH-RSN0482,12,0,True,eligible
SW-60580150,12,0,True,eligible
SO-RSN1777,12,0,True,eligible
NW-88022537,12,0,True,eligible
NW-88025861,4,8,False,fewer_than_9_observed
SW-E1002900,12,0,True,eligible
AN-DSBRIGG,12,0,True,eligible
SO-Y0004512,12,0,True,eligible
AN-THAM200L,12,0,True,eligible
NE-49300799,12,0,True,eligible
AN-17M05,12,0,True,eligible
AN-RSN1593,12,0,True,eligible
SW-E4061800,12,0,True,eligible
MD-50306820,12,0,True,eligible
TH-RSN0514,12,0,True,eligible
MD-RSN0682,12,0,True,eligible
MD-58248700,12,0,True,eligible
AN-HUN022,12,0,True,eligible
NE-49400426,12,0,True,eligible
NE-49700161,12,0,True,eligible
MD-49706690,12,0,True,eligible
SW-60030706,12,0,True,eligible
MD-36753920,12,0,True,eligible
NE-SSN0685,12,0,True,eligible
NW-88022067,12,0,True,eligible
NW-88005800,12,0,True,eligible
SW-50810173,8,4,False,fewer_than_9_observed
NE-49905166,12,0,True,eligible
NW-88004468,12,0,True,eligible
SW-81261180,12,0,True,eligible
AN-WHIL010P,12,0,True,eligible
AN-ST14,12,0,True,eligible
NE-49500042,12,0,True,eligible
NW-88023950,12,0,True,eligible
MD-03342560,12,0,True,eligible
SO-F0002911,12,0,True,eligible
AN-ALD020,12,0,True,eligible
NE-49100259,12,0,True,eligible
SW-82221891,12,0,True,eligible
SW-81522330,4,8,False,fewer_than_9_observed
MD-03933100,12,0,True,eligible
NW-88001949,12,0,True,eligible
NE-49600485,12,0,True,eligible
SW-60010710,12,0,True,eligible
NE-49505155,12,0,True,eligible
AN-USSWLBY,12,0,True,eligible
AN-RSN1504,12,0,True,eligible
AN-GEAU7,12,0,True,eligible
TH-PWYR0015,12,0,True,eligible
SO-RSN2189,12,0,True,eligible
TH-RSN1994,12,0,True,eligible
AN-LTH030,12,0,True,eligible
MD-54515140,12,0,True,eligible
NW-RSN2247,11,1,True,eligible
NE-49301229,12,0,True,eligible
NW-88000667,12,0,True,eligible
AN-WYVILLE,12,0,True,eligible
TH-PBVR0003,12,0,True,eligible
SW-70240265,12,0,True,eligible
NE-49105207,12,0,True,eligible
SW-82112177,12,0,True,eligible
NW-88003085,12,0,True,eligible
NE-49301483,12,0,True,eligible
SW-81211235,12,0,True,eligible
AN-02M04,12,0,True,eligible
NE-49401031,12,0,True,eligible
TH-POCR0006,12,0,True,eligible
SW-82211975,4,8,False,fewer_than_9_observed
NW-88003870,12,0,True,eligible
NW-26345,12,0,True,eligible
NW-88024271,12,0,True,eligible
AN-BL0949,5,7,False,fewer_than_9_observed
NW-88004582,12,0,True,eligible
NE-49302261,12,0,True,eligible
MD-60587380,12,0,True,eligible
NW-88004530,12,0,True,eligible
SW-70642153,9,3,True,eligible
SW-A1260204,12,0,True,eligible
AN-WAV050,12,0,True,eligible
MD-59009850,12,0,True,eligible
AN-RSN1966,12,0,True,eligible
SW-E3061100,12,0,True,eligible
SW-81810168,12,0,True,eligible
MD-36731820,12,0,True,eligible
SW-70621805,12,0,True,eligible
SW-50240226,7,5,False,fewer_than_9_observed
NE-49302347,12,0,True,eligible
SW-72930813,12,0,True,eligible
MD-03959430,12,0,True,eligible
SW-81951564,12,0,True,eligible
AN-ECTON2,12,0,True,eligible
MD-46260200,10,2,True,eligible
MD-04793640,12,0,True,eligible
SW-RSN1858,12,0,True,eligible
NW-88003503,12,0,True,eligible
SW-81810151,7,5,False,fewer_than_9_observed
NE-49905181,9,3,True,eligible
AN-32M04,12,0,True,eligible
MD-25032420,12,0,True,eligible
SW-60031100,12,0,True,eligible
SO-G0003625,12,0,True,eligible
NW-88002656,12,0,True,eligible
MD-47934440,12,0,True,eligible
MD-49121100,12,0,True,eligible
NW-88003498,12,0,True,eligible
SO-Y0004320,12,0,True,eligible
NE-49000684,9,3,True,eligible
AN-TRIBLUD,12,0,True,eligible
AN-MD0260,12,0,True,eligible
SW-82410783,4,8,False,fewer_than_9_observed
AN-SSN1371,12,0,True,eligible
SW-50350275,1,11,False,fewer_than_9_observed
AN-RSN0369,12,0,True,eligible
AN-GEAU1,12,0,True,eligible
NW-88002551,12,0,True,eligible
SW-82211501,0,12,False,zero_observed_features
NE-49705094,12,0,True,eligible
SW-70523364,12,0,True,eligible
SW-RSN0707,12,0,True,eligible
NE-49302053,12,0,True,eligible
SW-82312348,1,11,False,fewer_than_9_observed
NW-88004084,12,0,True,eligible
SW-60030232,2,10,False,fewer_than_9_observed
AN-WEN219,12,0,True,eligible
MD-44205010,12,0,True,eligible
MD-RSN2066,12,0,True,eligible
NW-88002380,12,0,True,eligible
SO-E0001250,12,0,True,eligible
NE-49505169,12,0,True,eligible
NW-RSN0779,12,0,True,eligible
SW-70531279,12,0,True,eligible
NW-88005621,12,0,True,eligible
SW-Z4170234,12,0,True,eligible
SW-70811777,12,0,True,eligible
AN-NENE020N,12,0,True,eligible
AN-YAR050,12,0,True,eligible
SO-G0017493,12,0,True,eligible
MD-24239020,1,11,False,fewer_than_9_observed
AN-RSN1914,12,0,True,eligible
NW-88022181,4,8,False,fewer_than_9_observed
MD-28250180,8,4,False,fewer_than_9_observed
SW-70570190,12,0,True,eligible
AN-35M16,12,0,True,eligible
SW-60041500,6,6,False,fewer_than_9_observed
NW-88000600,12,0,True,eligible
SO-G0003926,6,6,False,fewer_than_9_observed
AN-FOSC1,12,0,True,eligible
NW-88002455,12,0,True,eligible
NE-49400710,12,0,True,eligible
SW-81521708,0,12,False,zero_observed_features
MD-59396900,12,0,True,eligible
SW-70424011,12,0,True,eligible
MD-40415330,12,0,True,eligible
NE-49301894,12,0,True,eligible
MD-43533250,12,0,True,eligible
SW-70631859,0,12,False,zero_observed_features
AN-ST1440,12,0,True,eligible
MD-36787260,12,0,True,eligible
SW-81110335,12,0,True,eligible
SW-50231121,12,0,True,eligible
AN-SLAD120P,12,0,True,eligible
MD-58662210,12,0,True,eligible
AN-RSN0558,12,0,True,eligible
SW-RSN1637,12,0,True,eligible
SO-E0001784,12,0,True,eligible
AN-GWSH030K,12,0,True,eligible
MD-C0000085,12,0,True,eligible
SO-G0006979,12,0,True,eligible
SW-81916020,12,0,True,eligible
NW-88005835,12,0,True,eligible
MD-60049806,7,5,False,fewer_than_9_observed
TH-POCR0001,12,0,True,eligible
SO-E0001681,12,0,True,eligible
TH-PCNR0246,12,0,True,eligible
MD-36899020,11,1,True,eligible
NE-49105208,12,0,True,eligible
AN-33M09,12,0,True,eligible
NE-49500622,12,0,True,eligible
MD-RSN2266,12,0,True,eligible
NE-49300732,12,0,True,eligible
MD-47679040,12,0,True,eligible
SO-F0003326,12,0,True,eligible
NW-88024637,12,0,True,eligible
AN-NTBK115H,12,0,True,eligible
MD-RSN0714,12,0,True,eligible
MD-39827430,12,0,True,eligible
SW-E4003200,12,0,True,eligible
MD-46301150,12,0,True,eligible
SW-73210606,12,0,True,eligible
AN-MILLHOUS,12,0,True,eligible
SO-E0001379,12,0,True,eligible
NW-88001849,12,0,True,eligible
NE-RSN1048,12,0,True,eligible
SO-RSN2109,12,0,True,eligible
NW-88002591,12,0,True,eligible
MD-RSN0586,12,0,True,eligible
SW-60030135,7,5,False,fewer_than_9_observed
NW-88003508,12,0,True,eligible
NW-88004435,12,0,True,eligible
SW-81020826,12,0,True,eligible
MD-44206000,12,0,True,eligible
NW-88025770,11,1,True,eligible
AN-48M07,12,0,True,eligible
NE-49405122,12,0,True,eligible
NW-88000744,10,2,True,eligible
NE-49905185,10,2,True,eligible
SO-E0007232,12,0,True,eligible
TH-PRTS0055,7,5,False,fewer_than_9_observed
TH-PLER0051,12,0,True,eligible
MD-77938820,12,0,True,eligible
SW-72930270,12,0,True,eligible
SW-72911944,12,0,True,eligible
MD-24265200,12,0,True,eligible
MD-03696450,12,0,True,eligible
SW-91241172,12,0,True,eligible
MD-RSN0330,12,0,True,eligible
MD-00041180,12,0,True,eligible
TH-PUTR0080,12,0,True,eligible
MD-70263400,12,0,True,eligible
NW-88003480,12,0,True,eligible
NE-49500656,12,0,True,eligible
SW-E7010125,1,11,False,fewer_than_9_observed
SW-Z2040103,12,0,True,eligible
NE-49700248,12,0,True,eligible
SO-E0000592,1,11,False,fewer_than_9_observed
AN-TG305,0,12,False,zero_observed_features
NE-49000683,9,3,True,eligible
NW-88023957,12,0,True,eligible
NW-RSN0220,12,0,True,eligible
NE-49400334,12,0,True,eligible
NW-88024629,12,0,True,eligible
SW-60226800,12,0,True,eligible
SW-Z1012323,12,0,True,eligible
NW-88003971,9,3,True,eligible
SW-70581085,12,0,True,eligible
NE-49301634,12,0,True,eligible
AN-DEB026,12,0,True,eligible
AN-RSN1926,12,0,True,eligible
SW-82520915,4,8,False,fewer_than_9_observed
MD-50048,12,0,True,eligible
MD-RTN0068,5,7,False,fewer_than_9_observed
NW-88022952,4,8,False,fewer_than_9_observed
NW-88003529,12,0,True,eligible
SW-70220169,12,0,True,eligible
NW-88010151,12,0,True,eligible
AN-DOV060,12,0,True,eligible
SW-70570115,12,0,True,eligible
AN-WELL080G,12,0,True,eligible
NW-88023164,12,0,True,eligible
NW-SSN1286,12,0,True,eligible
NE-49400624,12,0,True,eligible
MD-05348780,12,0,True,eligible
SO-F0017550,12,0,True,eligible
NW-RSN0911,12,0,True,eligible
MD-59008500,12,0,True,eligible
NE-49000021,12,0,True,eligible
NE-49300581,5,7,False,fewer_than_9_observed
SW-81810602,12,0,True,eligible
NW-88006266,12,0,True,eligible
AN-10M01,12,0,True,eligible
SW-70720238,12,0,True,eligible
AN-WILL050B,12,0,True,eligible
NW-88023720,12,0,True,eligible
SW-RSN0317,12,0,True,eligible
MD-11973120,12,0,True,eligible
NW-88002581,12,0,True,eligible
TH-PTAR0003,12,0,True,eligible
SW-81310217,12,0,True,eligible
NW-88002491,12,0,True,eligible
MD-39480020,12,0,True,eligible
SW-60031962,12,0,True,eligible
SW-RSN0669,12,0,True,eligible
SW-60270624,12,0,True,eligible
AN-BUR020,12,0,True,eligible
SW-91253230,8,4,False,fewer_than_9_observed
MD-07252100,12,0,True,eligible
NW-RSN2218,12,0,True,eligible
AN-08M18,1,11,False,fewer_than_9_observed
TH-SSN0655,12,0,True,eligible
SO-E0001645,12,0,True,eligible
MD-02847960,12,0,True,eligible
NE-49000488,12,0,True,eligible
MD-RSN1214,12,0,True,eligible
MD-56091580,12,0,True,eligible
NE-49000501,12,0,True,eligible
AN-BEAU030O,1,11,False,fewer_than_9_observed
NW-88002228,12,0,True,eligible
SW-50570145,12,0,True,eligible
MD-SSN1505,12,0,True,eligible
AN-01M02,12,0,True,eligible
SO-G0006945,12,0,True,eligible
AN-ANT080,12,0,True,eligible
MD-39370330,1,11,False,fewer_than_9_observed
NE-SSN1453,12,0,True,eligible
SW-73110918,0,12,False,zero_observed_features
NW-88005653,12,0,True,eligible
SO-SSN1326,12,0,True,eligible
NW-88025771,11,1,True,eligible
MD-25332700,8,4,False,fewer_than_9_observed
NE-RSN1272,12,0,True,eligible
AN-ST1370,12,0,True,eligible
SW-RSN2055,12,0,True,eligible
NW-88005790,12,0,True,eligible
AN-08M31,1,11,False,fewer_than_9_observed
TH-POCR0010,12,0,True,eligible
SW-50540108,12,0,True,eligible
SO-G0006273,12,0,True,eligible
NW-88006339,12,0,True,eligible
SW-50020113,12,0,True,eligible
MD-20670900,12,0,True,eligible
SW-70571461,12,0,True,eligible
AN-45M03,12,0,True,eligible
MD-54519100,12,0,True,eligible
SW-81120275,12,0,True,eligible
AN-44M02,12,0,True,eligible
AN-MOORDRSH,10,2,True,eligible
NW-88005627,12,0,True,eligible
NE-49302155,12,0,True,eligible
NE-49303000,1,11,False,fewer_than_9_observed
MD-12037080,1,11,False,fewer_than_9_observed
NE-49200281,12,0,True,eligible
SW-82010111,12,0,True,eligible
MD-00035910,1,11,False,fewer_than_9_observed
SW-82520931,4,8,False,fewer_than_9_observed
AN-41M08,12,0,True,eligible
AN-WELL400D,12,0,True,eligible
SW-81940908,12,0,True,eligible
SW-81913502,0,12,False,zero_observed_features
AN-ST05,12,0,True,eligible
SW-A0340317,12,0,True,eligible
TH-PCNR0184,12,0,True,eligible
MD-66201700,1,11,False,fewer_than_9_observed
SW-81020144,1,11,False,fewer_than_9_observed
TH-PTAR0020,12,0,True,eligible
AN-03M23,12,0,True,eligible
NE-49000467,8,4,False,fewer_than_9_observed
TH-RTN0005,5,7,False,fewer_than_9_observed
SW-E4004500,12,0,True,eligible
SW-50310289,12,0,True,eligible
NW-88001912,12,0,True,eligible
SW-81231702,12,0,True,eligible
MD-RSN1822,12,0,True,eligible
MD-29992100,8,4,False,fewer_than_9_observed
NE-49301715,12,0,True,eligible
SW-70420229,12,0,True,eligible
SW-82311940,8,4,False,fewer_than_9_observed
NE-49400722,12,0,True,eligible
MD-13321140,12,0,True,eligible
AN-52M19,12,0,True,eligible
AN-SEATONBK,12,0,True,eligible
TH-PRTS0037,7,5,False,fewer_than_9_observed
SW-50580145,12,0,True,eligible
SW-60500203,12,0,True,eligible
NE-49600019,12,0,True,eligible
NW-88025790,12,0,True,eligible
MD-37644930,12,0,True,eligible
SW-E1111800,12,0,True,eligible
NW-88023030,12,0,True,eligible
SW-RSN0531,12,0,True,eligible
AN-WEN200,12,0,True,eligible
SW-82310520,12,0,True,eligible
MD-44590020,12,0,True,eligible
MD-36791050,12,0,True,eligible
AN-FRES4,12,0,True,eligible
TH-PMLR0030,1,11,False,fewer_than_9_observed
SW-72932015,12,0,True,eligible
NW-88022587,4,8,False,fewer_than_9_observed
SW-81930101,12,0,True,eligible
SW-SSN1364,12,0,True,eligible
MD-28291180,12,0,True,eligible
SW-81223750,8,4,False,fewer_than_9_observed
AN-SHIREDR3,12,0,True,eligible
NW-88004595,12,0,True,eligible
NE-49800044,12,0,True,eligible
SW-72932053,12,0,True,eligible
AN-HD01,12,0,True,eligible
AN-NKILLMDD,12,0,True,eligible
NE-RSN0500,11,1,True,eligible
MD-36951020,12,0,True,eligible
SW-60032810,12,0,True,eligible
NE-49600175,12,0,True,eligible
NE-49305352,12,0,True,eligible
AN-LTH008,12,0,True,eligible
AN-BAIN3,12,0,True,eligible
SW-82410525,12,0,True,eligible
NE-49600122,12,0,True,eligible
SO-F0002024,12,0,True,eligible
NW-88001857,12,0,True,eligible
MD-RSN0468,12,0,True,eligible
AN-13M03,12,0,True,eligible
SO-Y0004521,12,0,True,eligible
SW-70720277,12,0,True,eligible
MD-30895240,12,0,True,eligible
TH-PUTR0144,12,0,True,eligible
SW-82010191,12,0,True,eligible
AN-DSLITCBR,3,9,False,fewer_than_9_observed
SW-70557413,12,0,True,eligible
SO-F0002028,12,0,True,eligible
SW-RSN0267,12,0,True,eligible
NE-49600492,12,0,True,eligible
NE-49800095,12,0,True,eligible
SW-RSN0967,12,0,True,eligible
SW-81940415,9,3,True,eligible
NW-88023165,12,0,True,eligible
MD-58248430,12,0,True,eligible
MD-43558260,12,0,True,eligible
SW-E1200700,12,0,True,eligible
AN-BRN005,12,0,True,eligible
SW-81241110,12,0,True,eligible
NW-RSN1620,12,0,True,eligible
SW-70231937,12,0,True,eligible
SO-F0002067,12,0,True,eligible
MD-04796150,12,0,True,eligible
NE-49505167,12,0,True,eligible
AN-BLY009,12,0,True,eligible
MD-48940560,12,0,True,eligible
SW-Z9400101,12,0,True,eligible
MD-06508480,12,0,True,eligible
SW-73031005,12,0,True,eligible
SW-RSN0026,12,0,True,eligible
AN-TILL4,12,0,True,eligible
NE-49600449,12,0,True,eligible
AN-BR0150,12,0,True,eligible
SW-82110120,8,4,False,fewer_than_9_observed
SW-70920131,12,0,True,eligible
SO-Y0004390,12,0,True,eligible
NE-RSN1156,12,0,True,eligible
SW-Z2030401,12,0,True,eligible
TH-RTN0007,5,7,False,fewer_than_9_observed
AN-04M17,12,0,True,eligible
SW-91212509,12,0,True,eligible
SW-RSN1027,12,0,True,eligible
MD-07424580,12,0,True,eligible
MD-51314420,12,0,True,eligible
NW-88000673,12,0,True,eligible
SW-70110110,0,12,False,zero_observed_features
SW-SSN1492,11,1,True,eligible
AN-RSN2257,12,0,True,eligible
AN-16M15,12,0,True,eligible
NW-88024211,12,0,True,eligible
NE-49700003,12,0,True,eligible
NW-RSN1559,11,1,True,eligible
MD-64501800,12,0,True,eligible
TH-PUTR0040,12,0,True,eligible
TH-PWER0006,12,0,True,eligible
SW-70581021,12,0,True,eligible
SW-60270327,12,0,True,eligible
SW-82010181,4,8,False,fewer_than_9_observed
AN-WOOT100M,12,0,True,eligible
NE-49301486,12,0,True,eligible
AN-LUDO4,12,0,True,eligible
SW-82110924,12,0,True,eligible
SW-70811914,0,12,False,zero_observed_features
NE-49300013,12,0,True,eligible
MD-24585380,12,0,True,eligible
NW-88003533,12,0,True,eligible
AN-GLEBE009,4,8,False,fewer_than_9_observed
NW-88021288,1,11,False,fewer_than_9_observed
NE-49300585,12,0,True,eligible
SO-E0001760,12,0,True,eligible
NE-49200003,12,0,True,eligible
SO-G0004243,12,0,True,eligible
SW-SSN0500,12,0,True,eligible
NW-88002110,12,0,True,eligible
AN-RSN1198,12,0,True,eligible
NW-88025765,11,1,True,eligible
NW-88001964,12,0,True,eligible
SW-RSN1035,12,0,True,eligible
AN-WAV040,12,0,True,eligible
MD-36777880,12,0,True,eligible
NW-88023694,12,0,True,eligible
MD-12385020,12,0,True,eligible
MD-61644950,12,0,True,eligible
SO-SSN1399,12,0,True,eligible
SW-SSN0712,12,0,True,eligible
SW-81281991,12,0,True,eligible
MD-18505180,12,0,True,eligible
MD-42733780,3,9,False,fewer_than_9_observed
MD-59010410,12,0,True,eligible
TH-PLER0081,12,0,True,eligible
AN-YAR070,12,0,True,eligible
SW-SSN0200,12,0,True,eligible
AN-CRIG4,12,0,True,eligible
SW-50220854,12,0,True,eligible
MD-43532250,12,0,True,eligible
MD-25925300,12,0,True,eligible
AN-BILC050C,12,0,True,eligible
MD-25293700,8,4,False,fewer_than_9_observed
AN-21M06,12,0,True,eligible
NE-49301705,11,1,True,eligible
NW-88002540,12,0,True,eligible
NE-49300011,12,0,True,eligible
MD-58472140,12,0,True,eligible
NE-RSN1128,12,0,True,eligible
SO-E0000556,12,0,True,eligible
NE-49905169,12,0,True,eligible
SW-E4180700,12,0,True,eligible
SW-82312337,9,3,True,eligible
NW-RSN0459,11,1,True,eligible
AN-BT0300,12,0,True,eligible
MD-59015550,12,0,True,eligible
AN-WILS070D,12,0,True,eligible
TH-PTAR0028,12,0,True,eligible
AN-WAV070,3,9,False,fewer_than_9_observed
MD-59000500,12,0,True,eligible
TH-PUTR0096,12,0,True,eligible
AN-THR010,6,6,False,fewer_than_9_observed
SW-82211940,12,0,True,eligible
NE-49400992,12,0,True,eligible
NW-88024214,12,0,True,eligible
AN-04M06,12,0,True,eligible
TH-PLDR0004,12,0,True,eligible
MD-48939750,12,0,True,eligible
SO-E0001555,12,0,True,eligible
SW-91221702,12,0,True,eligible
MD-11581920,12,0,True,eligible
SW-RSN1659,12,0,True,eligible
TH-PRGR0001,12,0,True,eligible
NW-88023187,12,0,True,eligible
MD-36761800,12,0,True,eligible
MD-C0000049,12,0,True,eligible
SW-E2032200,12,0,True,eligible
NE-49705112,0,12,False,zero_observed_features
NW-88003985,12,0,True,eligible
SW-81916610,12,0,True,eligible
AN-MOUL100M,12,0,True,eligible
SW-Z6540110,12,0,True,eligible
AN-37M35,1,11,False,fewer_than_9_observed
AN-33M11,12,0,True,eligible
SW-81950622,12,0,True,eligible
NE-49100406,12,0,True,eligible
AN-STF070,12,0,True,eligible
AN-WILL130A,12,0,True,eligible
MD-53175583,1,11,False,fewer_than_9_observed
SW-E3170200,12,0,True,eligible
NE-49301640,12,0,True,eligible
NW-88002873,12,0,True,eligible
AN-NENE080D,12,0,True,eligible
NE-49600029,12,0,True,eligible
SW-RSN1683,12,0,True,eligible
NE-SSN0726,12,0,True,eligible
TH-PTAR0058,12,0,True,eligible
SW-SSN1440,12,0,True,eligible
MD-11053760,12,0,True,eligible
TH-PUTR0104,12,0,True,eligible
NW-88000641,12,0,True,eligible
MD-59729350,12,0,True,eligible
NW-88006467,12,0,True,eligible
SW-E8301300,12,0,True,eligible
MD-43847350,12,0,True,eligible
SO-F0017547,12,0,True,eligible
SW-82010200,12,0,True,eligible
NW-88005837,12,0,True,eligible
MD-20368540,12,0,True,eligible
NW-88024206,12,0,True,eligible
SW-82210112,12,0,True,eligible
SW-60040450,1,11,False,fewer_than_9_observed
NW-88006296,12,0,True,eligible
NW-88000696,12,0,True,eligible
MD-46942600,1,11,False,fewer_than_9_observed
SW-70230122,12,0,True,eligible
MD-C0000067,12,0,True,eligible
SO-SSN1438,12,0,True,eligible
NW-RSN0923,11,1,True,eligible
MD-62975170,1,11,False,fewer_than_9_observed
SW-82520952,4,8,False,fewer_than_9_observed
MD-52219100,12,0,True,eligible
SW-50250291,12,0,True,eligible
SW-E1382300,12,0,True,eligible
MD-55632050,12,0,True,eligible
AN-DORRDYKE,12,0,True,eligible
NW-88003465,12,0,True,eligible
SO-Y0004344,12,0,True,eligible
SW-Z5012850,12,0,True,eligible
SW-72940158,12,0,True,eligible
AN-DEB010,12,0,True,eligible
MD-11570240,12,0,True,eligible
MD-RSN1644,12,0,True,eligible
TH-PRTS0650,12,0,True,eligible
SO-G0006904,12,0,True,eligible
SW-Z4180101,12,0,True,eligible
NE-49600476,12,0,True,eligible
NE-49105248,12,0,True,eligible
NW-88002880,1,11,False,fewer_than_9_observed
SW-82710806,12,0,True,eligible
NW-88004577,12,0,True,eligible
NE-RSN1972,12,0,True,eligible
SW-70540155,12,0,True,eligible
NW-88002855,12,0,True,eligible
NW-88022118,9,3,True,eligible
SW-RSN0003,12,0,True,eligible
AN-RAAR060S,12,0,True,eligible
MD-12616020,12,0,True,eligible
AN-45M04,12,0,True,eligible
TH-PCHR0098,12,0,True,eligible
MD-49221140,12,0,True,eligible
AN-30M02,12,0,True,eligible
MD-51214395,12,0,True,eligible
MD-48865100,12,0,True,eligible
NW-RSN0715,12,0,True,eligible
NW-88003137,12,0,True,eligible
NW-88003991,12,0,True,eligible
AN-METHBKDS,12,0,True,eligible
SO-E0000616,12,0,True,eligible
SW-70581172,12,0,True,eligible
SO-E0001581,12,0,True,eligible
SW-81950636,12,0,True,eligible
NW-88003849,12,0,True,eligible
AN-26M63,1,11,False,fewer_than_9_observed
SW-81223341,7,5,False,fewer_than_9_observed
MD-36701570,12,0,True,eligible
MD-18990850,12,0,True,eligible
SW-81410131,4,8,False,fewer_than_9_observed
SW-81251516,4,8,False,fewer_than_9_observed
NE-49400277,12,0,True,eligible
MD-36751680,10,2,True,eligible
AN-WATA100A,12,0,True,eligible
NW-RSN1964,12,0,True,eligible
SO-E0007370,0,12,False,zero_observed_features
NW-88002239,12,0,True,eligible
AN-48M03,12,0,True,eligible
NW-RSN1231,12,0,True,eligible
MD-28571000,12,0,True,eligible
MD-RTN0048,5,7,False,fewer_than_9_observed
AN-NETL5,9,3,True,eligible
TH-PTAR0034,12,0,True,eligible
SW-E1491200,12,0,True,eligible
NW-88000675,12,0,True,eligible
MD-03696180,12,0,True,eligible
MD-06114240,12,0,True,eligible
SW-72940612,12,0,True,eligible
AN-53M04,12,0,True,eligible
TH-PRTS0008,8,4,False,fewer_than_9_observed
MD-29995950,12,0,True,eligible
NE-49302300,8,4,False,fewer_than_9_observed
TH-PRTS0652,12,0,True,eligible
SW-81251802,1,11,False,fewer_than_9_observed
AN-37M11,12,0,True,eligible
MD-61473180,12,0,True,eligible
NW-SSN1349,12,0,True,eligible
SW-RSN1627,12,0,True,eligible
NW-88010534,12,0,True,eligible
NE-49000489,12,0,True,eligible
TH-PWRR0019,2,10,False,fewer_than_9_observed
SO-E0000531,12,0,True,eligible
MD-51214950,12,0,True,eligible
SW-82521250,9,3,True,eligible
SW-82410752,4,8,False,fewer_than_9_observed
SO-RTN0061,5,7,False,fewer_than_9_observed
TH-RSN0321,12,0,True,eligible
NW-88003427,12,0,True,eligible
MD-29007200,12,0,True,eligible
SW-81411404,12,0,True,eligible
SW-60251400,12,0,True,eligible
AN-LEAU3,12,0,True,eligible
TH-PLER0151,12,0,True,eligible
NE-49800247,12,0,True,eligible
MD-41516360,12,0,True,eligible
SW-SSN0740,12,0,True,eligible
SW-RSN0554,12,0,True,eligible
SO-G0006935,11,1,True,eligible
NW-88005573,12,0,True,eligible
AN-WEN140,12,0,True,eligible
NW-88019829,12,0,True,eligible
NW-88023033,1,11,False,fewer_than_9_observed
SO-E0000811,12,0,True,eligible
TH-PWER0018,12,0,True,eligible
AN-FILLBECK,12,0,True,eligible
AN-GL0110,12,0,True,eligible
MD-19235190,4,8,False,fewer_than_9_observed
MD-46125480,1,11,False,fewer_than_9_observed
SW-82510139,12,0,True,eligible
MD-00026230,12,0,True,eligible
NW-RSN1511,12,0,True,eligible
AN-27M26,11,1,True,eligible
NW-88000793,12,0,True,eligible
NW-88025866,1,11,False,fewer_than_9_observed
MD-37525590,9,3,True,eligible
NE-49700166,12,0,True,eligible
SO-E0000779,12,0,True,eligible
AN-ORE030,12,0,True,eligible
SO-E0001479,12,0,True,eligible
SO-G0006527,12,0,True,eligible
MD-01502050,12,0,True,eligible
SO-E0000940,12,0,True,eligible
MD-73281210,1,11,False,fewer_than_9_observed
AN-OAKINDES,1,11,False,fewer_than_9_observed
MD-73957350,12,0,True,eligible
SO-E0001339,12,0,True,eligible
NW-88004949,6,6,False,fewer_than_9_observed
SO-RSN1189,12,0,True,eligible
SW-E1007700,12,0,True,eligible
AN-INGMDR01,12,0,True,eligible
NW-88002574,12,0,True,eligible
SW-E7001200,1,11,False,fewer_than_9_observed
MD-25741200,8,4,False,fewer_than_9_observed
AN-USTICKNY,12,0,True,eligible
NW-88025805,12,0,True,eligible
SO-F0003181,12,0,True,eligible
MD-23729100,8,4,False,fewer_than_9_observed
AN-RSN0814,12,0,True,eligible
AN-ALD030,12,0,True,eligible
SW-81251204,1,11,False,fewer_than_9_observed
SO-F0002585,12,0,True,eligible
SW-82111139,6,6,False,fewer_than_9_observed
SW-81021792,6,6,False,fewer_than_9_observed
TH-PKER0081,12,0,True,eligible
SW-SSN0180,12,0,True,eligible
AN-65M02,12,0,True,eligible
NW-88023678,12,0,True,eligible
TH-SSN1427,12,0,True,eligible
MD-25088745,12,0,True,eligible
MD-SSN0044,12,0,True,eligible
MD-19358420,12,0,True,eligible
NW-88024604,12,0,True,eligible
SW-81510151,7,5,False,fewer_than_9_observed
AN-RSN1934,12,0,True,eligible
SW-82210145,12,0,True,eligible
SW-91251654,8,4,False,fewer_than_9_observed
SO-G0003943,12,0,True,eligible
NE-49400595,12,0,True,eligible
SW-Z2030310,12,0,True,eligible
SO-RSN1545,12,0,True,eligible
SW-50341150,12,0,True,eligible
AN-27M29,12,0,True,eligible
SO-G0003996,12,0,True,eligible
SW-50580114,12,0,True,eligible
AN-ECTON1,12,0,True,eligible
SW-82221838,1,11,False,fewer_than_9_observed
AN-BRAM060B,12,0,True,eligible
SW-81201350,12,0,True,eligible
NW-88005081,12,0,True,eligible
MD-25070020,12,0,True,eligible
TH-PUTR0097,12,0,True,eligible
MD-43972250,11,1,True,eligible
MD-11238740,12,0,True,eligible
SW-E4141700,12,0,True,eligible
MD-RSN2002,12,0,True,eligible
NE-49905243,9,3,True,eligible
SW-70613303,0,12,False,zero_observed_features
MD-23325640,8,4,False,fewer_than_9_observed
SW-72934639,12,0,True,eligible
AN-20M24,12,0,True,eligible
TH-PTAR0100,12,0,True,eligible
SO-F0002899,12,0,True,eligible
SW-82311175,1,11,False,fewer_than_9_observed
SW-E4061400,12,0,True,eligible
SW-82111204,0,12,False,zero_observed_features
SW-Z1012008,12,0,True,eligible
AN-CL07,12,0,True,eligible
NE-41000383,12,0,True,eligible
NW-88004552,12,0,True,eligible
MD-46388050,12,0,True,eligible
AN-SLEA2,12,0,True,eligible
NE-41000051,12,0,True,eligible
SO-F0003019,12,0,True,eligible
MD-06109220,12,0,True,eligible
AN-SCOT03,12,0,True,eligible
AN-STLODET1,12,0,True,eligible
NW-RSN1615,11,1,True,eligible
NE-49500510,12,0,True,eligible
SO-F0002568,12,0,True,eligible
AN-TUD010,12,0,True,eligible
TH-PWER0014,12,0,True,eligible
SW-A4070201,12,0,True,eligible
NE-49000784,12,0,True,eligible
AN-WILS040W,12,0,True,eligible
TH-PKER0020,12,0,True,eligible
NW-88023113,12,0,True,eligible
MD-46048020,12,0,True,eligible
NW-88010167,12,0,True,eligible
MD-17600084,8,4,False,fewer_than_9_observed
SW-60270787,12,0,True,eligible
MD-52762070,12,0,True,eligible
MD-45781020,12,0,True,eligible
NW-88000626,12,0,True,eligible
SW-50240260,7,5,False,fewer_than_9_observed
AN-WEN1905,12,0,True,eligible
AN-USSTOKAL,12,0,True,eligible
SW-60010872,12,0,True,eligible
NE-49200033,12,0,True,eligible
TH-PEVR0033,12,0,True,eligible
AN-WAV185,12,0,True,eligible
MD-12828010,12,0,True,eligible
AN-FARR1,12,0,True,eligible
MD-SSN0687,12,0,True,eligible
MD-50584150,12,0,True,eligible
AN-37M07,12,0,True,eligible
NW-88022597,12,0,True,eligible
MD-RSN0174,12,0,True,eligible
SW-RSN2259,12,0,True,eligible
MD-63292160,12,0,True,eligible
SW-70591774,12,0,True,eligible
NW-88000664,12,0,True,eligible
MD-RSN0100,12,0,True,eligible
AN-RSN0868,12,0,True,eligible
AN-HARP140B,12,0,True,eligible
AN-CD0125,12,0,True,eligible
NW-88004374,12,0,True,eligible
NE-49700405,12,0,True,eligible
SW-81611105,12,0,True,eligible
NE-49101090,8,4,False,fewer_than_9_observed
NE-41000256,6,6,False,fewer_than_9_observed
SW-50050551,12,0,True,eligible
SW-E8400700,12,0,True,eligible
NE-49000502,12,0,True,eligible
SW-Z1530105,12,0,True,eligible
SW-82221813,12,0,True,eligible
SW-A1260101,2,10,False,fewer_than_9_observed
NE-49600458,12,0,True,eligible
AN-12M23,12,0,True,eligible
SW-60130005,12,0,True,eligible
MD-46824450,6,6,False,fewer_than_9_observed
NE-49300398,12,0,True,eligible
TH-RSN0065,12,0,True,eligible
SO-E0001673,12,0,True,eligible
AN-WELL280T,12,0,True,eligible
MD-11829620,12,0,True,eligible
NW-RSN2208,12,0,True,eligible
NE-49000783,12,0,True,eligible
SW-81950703,1,11,False,fewer_than_9_observed
MD-13088020,12,0,True,eligible
SW-Z1130102,3,9,False,fewer_than_9_observed
SW-A1260412,12,0,True,eligible
SW-Z9370428,12,0,True,eligible
NE-49603066,12,0,True,eligible
MD-28512180,12,0,True,eligible
MD-30101980,11,1,True,eligible
NW-88002775,12,0,True,eligible
NW-88005179,12,0,True,eligible
AN-08M01,12,0,True,eligible
AN-WEN256A,12,0,True,eligible
SW-Z3120106,12,0,True,eligible
SW-70531646,12,0,True,eligible
MD-40782150,12,0,True,eligible
MD-11054620,12,0,True,eligible
NW-88006314,12,0,True,eligible
NE-49400545,12,0,True,eligible
MD-51775107,11,1,True,eligible
SW-50450320,12,0,True,eligible
NE-49301600,12,0,True,eligible
NE-SSN1285,12,0,True,eligible
MD-59921439,6,6,False,fewer_than_9_observed
AN-35M35,1,11,False,fewer_than_9_observed
SW-70512058,12,0,True,eligible
NW-88002586,12,0,True,eligible
AN-NRTHCAR,12,0,True,eligible
SO-E0000618,4,8,False,fewer_than_9_observed
SO-E0000638,12,0,True,eligible
NE-49400343,12,0,True,eligible
MD-78892030,12,0,True,eligible
NE-49600479,12,0,True,eligible
AN-SHMD110T,12,0,True,eligible
NE-49100285,12,0,True,eligible
AN-WEN010,12,0,True,eligible
SW-70622002,12,0,True,eligible
MD-38485600,12,0,True,eligible
SW-82712204,12,0,True,eligible
SW-RSN1599,12,0,True,eligible
SO-E0000737,12,0,True,eligible
NE-49905216,8,4,False,fewer_than_9_observed
SW-82310530,8,4,False,fewer_than_9_observed
NW-88010350,12,0,True,eligible
MD-SSN0175,12,0,True,eligible
NE-RSN0588,12,0,True,eligible
MD-09693110,12,0,True,eligible
SW-Z1011604,5,7,False,fewer_than_9_observed
AN-58M44,12,0,True,eligible
MD-14860360,12,0,True,eligible
MD-07689420,12,0,True,eligible
NW-RSN1719,11,1,True,eligible
MD-29579300,4,8,False,fewer_than_9_observed
MD-11054320,12,0,True,eligible
SW-RSN1573,12,0,True,eligible
MD-C0000038,5,7,False,fewer_than_9_observed
NE-49800237,12,0,True,eligible
MD-28913240,12,0,True,eligible
AN-LEGSBECK,12,0,True,eligible
AN-RSN0158,12,0,True,eligible
MD-28209580,12,0,True,eligible
SO-E0000460,12,0,True,eligible
TH-PWER0129,12,0,True,eligible
MD-29742140,12,0,True,eligible
NE-49300099,12,0,True,eligible
NW-88024244,10,2,True,eligible
MD-51147050,12,0,True,eligible
NW-88003093,12,0,True,eligible
AN-GLEBE004,4,8,False,fewer_than_9_observed
SW-82211960,4,8,False,fewer_than_9_observed
SO-E0004848,12,0,True,eligible
TH-PLER0125,12,0,True,eligible
SW-SSN0676,12,0,True,eligible
AN-WEN123,12,0,True,eligible
TH-PTAR0038,12,0,True,eligible
MD-64498240,12,0,True,eligible
NW-88003445,12,0,True,eligible
TH-PCHR0046,12,0,True,eligible
TH-RSN1614,12,0,True,eligible
SW-70641037,12,0,True,eligible
SO-F0002716,12,0,True,eligible
SW-A4070102,12,0,True,eligible
MD-48772210,2,10,False,fewer_than_9_observed
MD-51546180,12,0,True,eligible
NW-88004624,12,0,True,eligible
AN-NENE330U,12,0,True,eligible
SO-G0004128,12,0,True,eligible
SW-82110805,3,9,False,fewer_than_9_observed
TH-PCHR0070,12,0,True,eligible
TH-POCR0019,12,0,True,eligible
SO-RSN1021,12,0,True,eligible
SO-RSN0997,12,0,True,eligible
MD-23529780,12,0,True,eligible
MD-RSN1558,12,0,True,eligible
SW-RSN0403,12,0,True,eligible
SW-SSN0668,12,0,True,eligible
TH-PUTR0227,12,0,True,eligible
NW-88006202,12,0,True,eligible
MD-66332580,12,0,True,eligible
SW-81201460,12,0,True,eligible
SW-81522746,12,0,True,eligible
AN-MIN010,12,0,True,eligible
MD-38979050,12,0,True,eligible
MD-39324800,1,11,False,fewer_than_9_observed
SW-Z1440101,12,0,True,eligible
MD-12386140,12,0,True,eligible
TH-PLDR0055,12,0,True,eligible
SW-RSN0643,12,0,True,eligible
MD-23649420,12,0,True,eligible
SW-81231155,12,0,True,eligible
SW-70220535,12,0,True,eligible
AN-SSN1331,12,0,True,eligible
SW-50830105,12,0,True,eligible
MD-43757100,11,1,True,eligible
SO-F0017659,12,0,True,eligible
SW-Z8480235,12,0,True,eligible
AN-14M05,12,0,True,eligible
NE-49105193,12,0,True,eligible
NE-RSN2224,12,0,True,eligible
AN-SSN1315,12,0,True,eligible
AN-GIP020,12,0,True,eligible
SW-82610526,12,0,True,eligible
NE-49200031,12,0,True,eligible
AN-BUR150,9,3,True,eligible
AN-53M39,12,0,True,eligible
SW-RSN0883,12,0,True,eligible
AN-THR007,5,7,False,fewer_than_9_observed
MD-61646060,12,0,True,eligible
NW-88003558,12,0,True,eligible
AN-MIDR100D,12,0,True,eligible
SW-61400270,12,0,True,eligible
MD-RSN0938,12,0,True,eligible
NE-49400230,12,0,True,eligible
SW-91241720,12,0,True,eligible
MD-20034800,2,10,False,fewer_than_9_observed
SW-82710406,0,12,False,zero_observed_features
SW-81930147,9,3,True,eligible
AN-30M21,12,0,True,eligible
AN-59M08,12,0,True,eligible
SW-82221844,8,4,False,fewer_than_9_observed
AN-SSN1363,12,0,True,eligible
NE-49100429,12,0,True,eligible
MD-36747940,12,0,True,eligible
MD-RSN1946,12,0,True,eligible
NE-49905208,4,8,False,fewer_than_9_observed
SW-RSN0599,12,0,True,eligible
MD-25329180,12,0,True,eligible
NW-88002848,12,0,True,eligible
NW-88025749,12,0,True,eligible
NW-88004022,12,0,True,eligible
SW-82111401,0,12,False,zero_observed_features
SO-F0001981,12,0,True,eligible
MD-RSN0426,12,0,True,eligible
SW-50250102,12,0,True,eligible
MD-39482260,12,0,True,eligible
NW-88004034,0,12,False,zero_observed_features
SO-RSN1749,12,0,True,eligible
MD-00597150,12,0,True,eligible
SW-70534628,12,0,True,eligible
MD-19229900,12,0,True,eligible
SO-F0002889,12,0,True,eligible
NE-RSN0480,12,0,True,eligible
NE-49905211,4,8,False,fewer_than_9_observed
AN-RSN1657,12,0,True,eligible
TH-RSN1770,12,0,True,eligible
SW-70631820,1,11,False,fewer_than_9_observed
MD-51997100,11,1,True,eligible
MD-52718120,1,11,False,fewer_than_9_observed
MD-30015185,12,0,True,eligible
NW-88003555,12,0,True,eligible
MD-70264520,12,0,True,eligible
NW-88002459,12,0,True,eligible
TH-PCHR0269,12,0,True,eligible
NW-88002201,12,0,True,eligible
AN-THR065,12,0,True,eligible
MD-37500280,1,11,False,fewer_than_9_observed
SO-F0017553,12,0,True,eligible
SW-70591016,12,0,True,eligible
NW-88006456,12,0,True,eligible
MD-37848560,12,0,True,eligible
SW-RSN1621,12,0,True,eligible
AN-17M13,12,0,True,eligible
AN-PIKEDR,12,0,True,eligible
SW-Z1012302,12,0,True,eligible
SW-82010188,12,0,True,eligible
TH-PRTS0659,12,0,True,eligible
SO-E0000494,12,0,True,eligible
TH-RTN0008,5,7,False,fewer_than_9_observed
SW-82310660,8,4,False,fewer_than_9_observed
NW-RSN0300,12,0,True,eligible
MD-52597070,12,0,True,eligible
NW-88002503,12,0,True,eligible
NW-88005557,12,0,True,eligible
MD-05217080,12,0,True,eligible
SW-70531633,12,0,True,eligible
NE-49400395,12,0,True,eligible
TH-PLER0023,12,0,True,eligible
NW-88003839,12,0,True,eligible
AN-TG1400,12,0,True,eligible
NE-41000444,12,0,True,eligible
AN-UPPB100U,12,0,True,eligible
SW-81520350,12,0,True,eligible
NW-88002542,12,0,True,eligible
SW-82711985,0,12,False,zero_observed_features
MD-27047320,12,0,True,eligible
MD-47087250,12,0,True,eligible
SW-82210140,12,0,True,eligible
MD-09253100,12,0,True,eligible
SO-F0002155,12,0,True,eligible
MD-48045100,12,0,True,eligible
NE-49301720,12,0,True,eligible
MD-RSN0052,12,0,True,eligible
SO-G0004053,12,0,True,eligible
SO-E0001597,12,0,True,eligible
MD-17662160,12,0,True,eligible
NW-88002363,12,0,True,eligible
SW-81930151,1,11,False,fewer_than_9_observed
MD-19234410,4,8,False,fewer_than_9_observed
NE-RSN2348,12,0,True,eligible
AN-DOV027,12,0,True,eligible
NW-88000764,12,0,True,eligible
MD-29577040,12,0,True,eligible
TH-PWRR0008,12,0,True,eligible
NW-88001832,12,0,True,eligible
AN-WEN070,12,0,True,eligible
NE-SSN0101,12,0,True,eligible
NW-88000638,12,0,True,eligible
NE-49905205,12,0,True,eligible
MD-27230380,12,0,True,eligible
MD-51785108,11,1,True,eligible
SO-E0007230,12,0,True,eligible
SW-50360548,1,11,False,fewer_than_9_observed
TH-PRTS0046,12,0,True,eligible
NW-88024079,12,0,True,eligible
SW-SSN1436,12,0,True,eligible
SW-RSN0179,12,0,True,eligible
MD-28219517,2,10,False,fewer_than_9_observed
NW-88001974,12,0,True,eligible
AN-WAIB1,12,0,True,eligible
MD-40745780,3,9,False,fewer_than_9_observed
MD-RSN1270,12,0,True,eligible
SO-E0000903,12,0,True,eligible
SW-82110938,4,8,False,fewer_than_9_observed
NE-49300149,12,0,True,eligible
SW-81610172,12,0,True,eligible
MD-00259850,1,11,False,fewer_than_9_observed
MD-00056710,12,0,True,eligible
AN-TE0152,12,0,True,eligible
AN-EFENCTW,12,0,True,eligible
AN-22M68,5,7,False,fewer_than_9_observed
SW-81232721,1,11,False,fewer_than_9_observed
SW-A4070090,1,11,False,fewer_than_9_observed
MD-53771455,12,0,True,eligible
SW-50580183,12,0,True,eligible
NE-49000065,12,0,True,eligible
TH-POCR0033,12,0,True,eligible
SW-81231161,12,0,True,eligible
MD-04776040,12,0,True,eligible
AN-NWDR010C,12,0,True,eligible
NW-88002750,12,0,True,eligible
MD-25292970,8,4,False,fewer_than_9_observed
SW-82210965,1,11,False,fewer_than_9_observed
AN-48M09,12,0,True,eligible
SW-81930120,12,0,True,eligible
SW-Z8480204,12,0,True,eligible
MD-49703460,12,0,True,eligible
NW-88003538,12,0,True,eligible
NE-41000371,12,0,True,eligible
AN-THOR060T,12,0,True,eligible
NW-88024638,12,0,True,eligible
SW-61200100,12,0,True,eligible
NE-RSN0844,12,0,True,eligible
SW-82310901,3,9,False,fewer_than_9_observed
MD-04131820,12,0,True,eligible
AN-CHAT140S,12,0,True,eligible
NE-49100241,9,3,True,eligible
NW-88025772,12,0,True,eligible
NE-49705124,4,8,False,fewer_than_9_observed
AN-DORR3,12,0,True,eligible
AN-RSN0881,12,0,True,eligible
AN-FOURTOWN,12,0,True,eligible
AN-64M10,12,0,True,eligible
SW-70613210,0,12,False,zero_observed_features
NE-49000183,12,0,True,eligible
SW-82210132,12,0,True,eligible
AN-SSN1367,12,0,True,eligible
MD-52762850,12,0,True,eligible
SW-81201166,12,0,True,eligible
AN-PTRIBI,12,0,True,eligible
SW-RSN1182,11,1,True,eligible
AN-HARP030P,1,11,False,fewer_than_9_observed
SW-81290141,12,0,True,eligible
NW-RSN0667,12,0,True,eligible
MD-00025312,9,3,True,eligible
MD-11707580,12,0,True,eligible
TH-PMLR0018,12,0,True,eligible
AN-WELL150R,12,0,True,eligible
NE-49100344,12,0,True,eligible
MD-RSN2114,12,0,True,eligible
NE-49301121,12,0,True,eligible
SW-73070207,12,0,True,eligible
MD-11707020,12,0,True,eligible
TH-RSN1713,12,0,True,eligible
MD-29499050,12,0,True,eligible
SW-82510232,4,8,False,fewer_than_9_observed
NW-88000723,12,0,True,eligible
MD-RSN1618,12,0,True,eligible
SO-RSN1837,12,0,True,eligible
MD-30702200,12,0,True,eligible
MD-15782410,12,0,True,eligible
NW-RSN0075,11,1,True,eligible
SW-72934659,12,0,True,eligible
TH-PWRR0002,12,0,True,eligible
SW-RSN0739,12,0,True,eligible
NW-88006211,12,0,True,eligible
TH-PTHR0110,1,11,False,fewer_than_9_observed
SW-81271217,12,0,True,eligible
AN-YAR190,12,0,True,eligible
NW-88002165,12,0,True,eligible
AN-SSN0407,12,0,True,eligible
SW-91221524,12,0,True,eligible
NE-RSN1240,12,0,True,eligible
NE-49600459,12,0,True,eligible
SO-E0004616,12,0,True,eligible
SW-81271510,12,0,True,eligible
NW-88004545,12,0,True,eligible
AN-YAR003,12,0,True,eligible
NE-49405171,12,0,True,eligible
MD-45380360,12,0,True,eligible
AN-RR0140,12,0,True,eligible
NW-88024650,12,0,True,eligible
NE-49000500,12,0,True,eligible
SW-RSN1955,12,0,True,eligible
NE-49700306,12,0,True,eligible
SW-E7000500,12,0,True,eligible
AN-ST0952,12,0,True,eligible
TH-PUTR0048,12,0,True,eligible
NE-49400979,12,0,True,eligible
NW-88022317,12,0,True,eligible
MD-C0000104,12,0,True,eligible
AN-RSN1705,12,0,True,eligible
MD-RSN1062,12,0,True,eligible
MD-RTN0049,5,7,False,fewer_than_9_observed
SW-70550133,12,0,True,eligible
MD-62933100,12,0,True,eligible
SW-70501902,12,0,True,eligible
SW-RSN2067,12,0,True,eligible
TH-PCHR0019,1,11,False,fewer_than_9_observed
NW-88002407,12,0,True,eligible
NE-49800090,12,0,True,eligible
NE-49305359,12,0,True,eligible
MD-02899010,12,0,True,eligible
NW-88023162,12,0,True,eligible
SO-F0017662,12,0,True,eligible
SO-F0002654,12,0,True,eligible
SW-RSN0579,12,0,True,eligible
AN-08M30,12,0,True,eligible
SW-82110167,8,4,False,fewer_than_9_observed
NW-88003846,12,0,True,eligible
AN-WAV154,5,7,False,fewer_than_9_observed
NE-49600455,12,0,True,eligible
AN-23M11,12,0,True,eligible
SW-RSN1747,12,0,True,eligible
MD-02851100,12,0,True,eligible
AN-WLPSSMRB,12,0,True,eligible
MD-58661180,12,0,True,eligible
MD-47588380,12,0,True,eligible
NE-RSN0376,12,0,True,eligible
AN-NILL1,12,0,True,eligible
MD-11091180,12,0,True,eligible
MD-28272180,12,0,True,eligible
NW-88019824,12,0,True,eligible
AN-FRES2,12,0,True,eligible
SW-81241115,12,0,True,eligible
SO-E0007084,12,0,True,eligible
AN-HOBDTRB2,3,9,False,fewer_than_9_observed
MD-39770040,12,0,True,eligible
SO-E0007287,12,0,True,eligible
SW-70641830,12,0,True,eligible
NW-88003897,12,0,True,eligible
SW-70531790,12,0,True,eligible
AN-04M39,12,0,True,eligible
NW-88004083,12,0,True,eligible
MD-00038490,12,0,True,eligible
AN-37M55,12,0,True,eligible
NW-88002499,12,0,True,eligible
TH-RSN1210,12,0,True,eligible
MD-50304820,11,1,True,eligible
AN-DUNSBYCD,3,9,False,fewer_than_9_observed
NW-SSN1350,12,0,True,eligible
TH-PRTS0030,7,5,False,fewer_than_9_observed
NW-88025890,4,8,False,fewer_than_9_observed
AN-KINGERBY,12,0,True,eligible
SW-Z5012802,12,0,True,eligible
TH-PGUR0021,12,0,True,eligible
SW-91241135,12,0,True,eligible
SW-RSN1090,12,0,True,eligible
SO-F0002444,12,0,True,eligible
SW-70240325,12,0,True,eligible
SO-Y0004524,12,0,True,eligible
NE-49301905,12,0,True,eligible
AN-DEB046,12,0,True,eligible
SO-G0004165,12,0,True,eligible
NW-88024634,12,0,True,eligible
MD-59049508,1,11,False,fewer_than_9_observed
NW-88003219,12,0,True,eligible
SW-70633235,4,8,False,fewer_than_9_observed
AN-30M25,12,0,True,eligible
AN-NTBK050G,9,3,True,eligible
AN-11M02,12,0,True,eligible
NW-88009794,12,0,True,eligible
MD-23326180,8,4,False,fewer_than_9_observed
NE-49300195,12,0,True,eligible
TH-PTHR0022,12,0,True,eligible
NW-88001943,12,0,True,eligible
SO-E0004845,12,0,True,eligible
AN-ST1038,12,0,True,eligible
NW-88006294,12,0,True,eligible
NW-88019810,2,10,False,fewer_than_9_observed
NW-RSN0856,12,0,True,eligible
SW-72930420,12,0,True,eligible
AN-MEDB100M,12,0,True,eligible
MD-45223850,12,0,True,eligible
SW-RSN2238,12,0,True,eligible
SW-73111400,0,12,False,zero_observed_features
NW-88003894,12,0,True,eligible
TH-PLER0065,12,0,True,eligible
NE-49300688,12,0,True,eligible
SW-91252780,8,4,False,fewer_than_9_observed
NE-49301411,12,0,True,eligible
AN-CR01,12,0,True,eligible
MD-25828090,12,0,True,eligible
SW-Z1011402,12,0,True,eligible
NW-88023958,5,7,False,fewer_than_9_observed
TH-PTHR0085,12,0,True,eligible
NE-49400453,12,0,True,eligible
NE-49905201,12,0,True,eligible
NE-49300744,12,0,True,eligible
NE-RSN2008,12,0,True,eligible
SO-G0004037,0,12,False,zero_observed_features
TH-PCNR0088,12,0,True,eligible
NW-88006246,12,0,True,eligible
NE-49000138,12,0,True,eligible
AN-WHAP120H,12,0,True,eligible
TH-PBNR0004,12,0,True,eligible
NE-49105251,12,0,True,eligible
SO-E0001687,12,0,True,eligible
SW-81261124,12,0,True,eligible
NW-88001845,12,0,True,eligible
AN-GIP100,12,0,True,eligible
AN-LTH005,12,0,True,eligible
MD-50584550,12,0,True,eligible
SO-E0001306,12,0,True,eligible
AN-BLY010,12,0,True,eligible
NW-88006460,12,0,True,eligible
MD-45212050,12,0,True,eligible
AN-SHMDTRB3,3,9,False,fewer_than_9_observed
MD-57024500,12,0,True,eligible
TH-PPSR0006,12,0,True,eligible
NW-88003426,12,0,True,eligible
AN-LANG060M,12,0,True,eligible
TH-PWAR0053,12,0,True,eligible
AN-36M09,3,9,False,fewer_than_9_observed
NE-49301354,12,0,True,eligible
SW-81251509,4,8,False,fewer_than_9_observed
NW-88002392,12,0,True,eligible
NE-49200004,12,0,True,eligible
AN-BCKNLLCW,12,0,True,eligible
NE-SSN1477,12,0,True,eligible
SW-81201520,12,0,True,eligible
NW-88002670,12,0,True,eligible
SO-E0001746,12,0,True,eligible
AN-THR030,6,6,False,fewer_than_9_observed
AN-RSN0785,12,0,True,eligible
AN-27M04,12,0,True,eligible
SO-SSN1511,12,0,True,eligible
MD-33343627,11,1,True,eligible
TH-PRTS0047,12,0,True,eligible
MD-RSN1298,12,0,True,eligible
AN-BP0104,12,0,True,eligible
NW-88002439,12,0,True,eligible
AN-46M07,12,0,True,eligible
AN-BX01,12,0,True,eligible
AN-WNG030,12,0,True,eligible
AN-17M19,1,11,False,fewer_than_9_observed
NW-88022200,12,0,True,eligible
TH-RSN2345,12,0,True,eligible
NE-49900179,10,2,True,eligible
SW-60030911,12,0,True,eligible
NE-49500857,12,0,True,eligible
NE-SSN1425,12,0,True,eligible
SW-50281811,12,0,True,eligible
NW-RSN1207,12,0,True,eligible
SW-73012713,1,11,False,fewer_than_9_observed
SW-70501069,12,0,True,eligible
NW-88004964,12,0,True,eligible
AN-DOV031,12,0,True,eligible
MD-09569250,12,0,True,eligible
MD-53209040,12,0,True,eligible
NE-49200110,12,0,True,eligible
SW-82520733,12,0,True,eligible
SW-RSN1275,12,0,True,eligible
NW-88006390,4,8,False,fewer_than_9_observed
NE-RSN0400,12,0,True,eligible
SW-E3150100,1,11,False,fewer_than_9_observed
AN-22M11,1,11,False,fewer_than_9_observed
MD-63437780,12,0,True,eligible
MD-78705170,8,4,False,fewer_than_9_observed
SO-F0002720,12,0,True,eligible
NW-RSN0668,12,0,True,eligible
AN-27M43,12,0,True,eligible
SW-82310132,12,0,True,eligible
NE-49600474,12,0,True,eligible
AN-07M03,12,0,True,eligible
NE-49200299,12,0,True,eligible
TH-PUTR0228,12,0,True,eligible
SW-50320178,12,0,True,eligible
NW-88003487,12,0,True,eligible
NW-88006480,12,0,True,eligible
AN-TILL1,12,0,True,eligible
AN-RSN0142,12,0,True,eligible
NW-88004480,12,0,True,eligible
SO-F0003319,12,0,True,eligible
SW-50450151,12,0,True,eligible
MD-01348240,12,0,True,eligible
NE-49600201,12,0,True,eligible
SW-91251651,8,4,False,fewer_than_9_observed
AN-42M09,12,0,True,eligible
NW-88003987,12,0,True,eligible
SW-82512404,3,9,False,fewer_than_9_observed
NE-49105229,12,0,True,eligible
AN-RH0201,12,0,True,eligible
NW-88001962,12,0,True,eligible
NW-88002409,12,0,True,eligible
AN-SCOTHFEN,12,0,True,eligible
MD-29578350,12,0,True,eligible
SW-73070104,12,0,True,eligible
NW-88003943,12,0,True,eligible
NE-49400075,12,0,True,eligible
SO-G0003714,3,9,False,fewer_than_9_observed
SW-SSN0008,12,0,True,eligible
SW-73012133,12,0,True,eligible
SW-RSN0637,12,0,True,eligible
MD-72517100,12,0,True,eligible
SW-50700169,12,0,True,eligible
NW-88002509,12,0,True,eligible
NW-88003504,12,0,True,eligible
SW-B3170101,12,0,True,eligible
MD-00029500,12,0,True,eligible
AN-34M20,12,0,True,eligible
NW-88006395,12,0,True,eligible
NE-49500617,12,0,True,eligible
SW-81811162,4,8,False,fewer_than_9_observed
MD-44283100,12,0,True,eligible
SW-70641010,1,11,False,fewer_than_9_observed
NW-88003471,12,0,True,eligible
NW-88002255,12,0,True,eligible
MD-48122380,12,0,True,eligible
NW-88003415,12,0,True,eligible
AN-58M04,12,0,True,eligible
SW-B3130505,12,0,True,eligible
NW-88004088,12,0,True,eligible
AN-WEN090,12,0,True,eligible
NW-88003965,12,0,True,eligible
AN-12M14,1,11,False,fewer_than_9_observed
SO-E0000807,12,0,True,eligible
MD-11828480,12,0,True,eligible
SO-G0003611,12,0,True,eligible
MD-RSN1619,12,0,True,eligible
TH-PLER0012,12,0,True,eligible
AN-RAT050,12,0,True,eligible
TH-PTAR0013,12,0,True,eligible
NW-88003175,12,0,True,eligible
NE-49500633,12,0,True,eligible
SW-SSN1408,12,0,True,eligible
MD-08179840,12,0,True,eligible
MD-60386050,12,0,True,eligible
SO-F0002396,12,0,True,eligible
SW-91212512,12,0,True,eligible
SW-81811904,0,12,False,zero_observed_features
NE-49105246,12,0,True,eligible
NE-RSN0972,12,0,True,eligible
MD-61473250,12,0,True,eligible
AN-SSN0727,12,0,True,eligible
NW-88023679,12,0,True,eligible
SW-RSN0307,12,0,True,eligible
SW-81610194,12,0,True,eligible
MD-39469020,9,3,True,eligible
SW-SSN0036,12,0,True,eligible
NE-RSN2248,12,0,True,eligible
SO-RSN0677,12,0,True,eligible
NE-49600039,12,0,True,eligible
MD-20792150,12,0,True,eligible
SW-60050800,1,11,False,fewer_than_9_observed
AN-16M04,12,0,True,eligible
AN-GIP108,12,0,True,eligible
AN-WELL170G,12,0,True,eligible
AN-YAR180,12,0,True,eligible
SO-G0004161,12,0,True,eligible
NW-88000671,12,0,True,eligible
NW-88024220,8,4,False,fewer_than_9_observed
SW-70722452,12,0,True,eligible
AN-NENE300I,12,0,True,eligible
MD-46266820,12,0,True,eligible
MD-46261980,12,0,True,eligible
AN-33M02,12,0,True,eligible
TH-PPSR0005,12,0,True,eligible
TH-PTHR0036,1,11,False,fewer_than_9_observed
TH-PMLR0003,12,0,True,eligible
TH-PEVR0002,12,0,True,eligible
MD-28309200,8,4,False,fewer_than_9_observed
MD-39517030,4,8,False,fewer_than_9_observed
AN-NENE260D,12,0,True,eligible
NE-SSN1429,12,0,True,eligible
MD-RSN2143,12,0,True,eligible
NE-49700249,12,0,True,eligible
SO-RSN1677,12,0,True,eligible
MD-77243020,12,0,True,eligible
MD-37574645,4,8,False,fewer_than_9_observed
NW-88000741,12,0,True,eligible
AN-53M19,1,11,False,fewer_than_9_observed
AN-GIP060,12,0,True,eligible
SW-SSN0204,12,0,True,eligible
NW-88002437,12,0,True,eligible
NW-88023175,12,0,True,eligible
AN-GIP080,12,0,True,eligible
AN-RSN2298,12,0,True,eligible
TH-RSN1562,12,0,True,eligible
AN-BL10320,12,0,True,eligible
SW-70423210,12,0,True,eligible
NW-88005901,12,0,True,eligible
MD-11563998,12,0,True,eligible
SW-81121420,12,0,True,eligible
SW-91241166,12,0,True,eligible
SW-91241195,12,0,True,eligible
MD-47555050,12,0,True,eligible
NW-RSN2007,12,0,True,eligible
AN-CVF10,3,9,False,fewer_than_9_observed
SW-RSN0557,12,0,True,eligible
SW-81231764,12,0,True,eligible
SW-B0050106,12,0,True,eligible
AN-02M10,12,0,True,eligible
MD-51113100,12,0,True,eligible
NW-SSN1306,12,0,True,eligible
NE-49500340,12,0,True,eligible
NE-49400758,1,11,False,fewer_than_9_observed
SO-F0002924,12,0,True,eligible
AN-42M25,1,11,False,fewer_than_9_observed
SO-E0007231,12,0,True,eligible
NW-88003838,12,0,True,eligible
AN-NEWARKLN,12,0,True,eligible
MD-06109340,4,8,False,fewer_than_9_observed
NE-49100546,12,0,True,eligible
AN-58M08,12,0,True,eligible
SW-A2270415,12,0,True,eligible
SW-RSN1093,12,0,True,eligible
SO-SSN0654,12,0,True,eligible
NW-RSN0824,12,0,True,eligible
SW-RSN1131,12,0,True,eligible
NE-49100399,12,0,True,eligible
SO-G0006950,12,0,True,eligible
SW-82710689,12,0,True,eligible
NW-SSN0198,12,0,True,eligible
NW-RSN0924,12,0,True,eligible
TH-PBNR0006,12,0,True,eligible
NE-49302036,12,0,True,eligible
SW-RSN2099,12,0,True,eligible
MD-45781180,12,0,True,eligible
MD-61023580,12,0,True,eligible
NW-88000627,12,0,True,eligible
AN-34M04,1,11,False,fewer_than_9_observed
NE-49600505,12,0,True,eligible
NE-RSN2272,12,0,True,eligible
NW-88025784,12,0,True,eligible
MD-10817080,12,0,True,eligible
SW-Z1140201,12,0,True,eligible
TH-PLER0089,12,0,True,eligible
NE-49600473,12,0,True,eligible
AN-BLACKDK,12,0,True,eligible
NW-88003146,12,0,True,eligible
NW-RSN1792,12,0,True,eligible
AN-32M10,12,0,True,eligible
TH-RSN0770,12,0,True,eligible
NW-RSN1124,12,0,True,eligible
AN-DEB0069,12,0,True,eligible
MD-48940950,12,0,True,eligible
TH-RSN1170,12,0,True,eligible
NW-88003978,12,0,True,eligible
MD-48278080,12,0,True,eligible
SW-82610116,12,0,True,eligible
SW-70532917,12,0,True,eligible
SW-70631102,12,0,True,eligible
NW-88000697,12,0,True,eligible
AN-CE1540,12,0,True,eligible
NW-88003843,12,0,True,eligible
NW-RSN0684,12,0,True,eligible
SO-E0001456,12,0,True,eligible
AN-WITH5,12,0,True,eligible
NE-RSN2119,12,0,True,eligible
SW-81522315,4,8,False,fewer_than_9_observed
NW-88023676,12,0,True,eligible
SW-70534904,12,0,True,eligible
AN-MOULTON2,12,0,True,eligible
NE-49100431,12,0,True,eligible
NE-49905244,4,8,False,fewer_than_9_observed
NW-88003215,12,0,True,eligible
SW-82610505,12,0,True,eligible
NW-88006244,12,0,True,eligible
NE-RSN0444,12,0,True,eligible
SW-50570225,1,11,False,fewer_than_9_observed
TH-PUTR0152,12,0,True,eligible
NW-88006337,12,0,True,eligible
NW-88000884,12,0,True,eligible
MD-36774000,4,8,False,fewer_than_9_observed
AN-BUCK2,12,0,True,eligible
SW-RSN1051,12,0,True,eligible
SW-82610106,12,0,True,eligible
SW-81523205,12,0,True,eligible
TH-PCHR0040,12,0,True,eligible
TH-PCHR0149,12,0,True,eligible
SW-70635506,12,0,True,eligible
NE-49905152,12,0,True,eligible
TH-PUTR0043,12,0,True,eligible
MD-69555640,12,0,True,eligible
AN-MEDB060H,12,0,True,eligible
NW-88010439,12,0,True,eligible
MD-RSN0776,11,1,True,eligible
AN-STON020N,12,0,True,eligible
NW-88003173,12,0,True,eligible
NW-88000710,12,0,True,eligible
AN-WITH14,12,0,True,eligible
MD-50305300,12,0,True,eligible
SW-70720289,12,0,True,eligible
SW-50560120,12,0,True,eligible
MD-13618180,12,0,True,eligible
AN-26M23,12,0,True,eligible
NW-RSN1856,12,0,True,eligible
NE-41000037,12,0,True,eligible
AN-20M07,12,0,True,eligible
SW-81250142,12,0,True,eligible
SW-82410785,4,8,False,fewer_than_9_observed
MD-56089850,12,0,True,eligible
NE-49500351,12,0,True,eligible
AN-WAV160,12,0,True,eligible
AN-SSN1507,12,0,True,eligible
SO-RSN0693,12,0,True,eligible
AN-42M04,12,0,True,eligible
MD-60587160,12,0,True,eligible
NE-49300134,12,0,True,eligible
SW-81811160,0,12,False,zero_observed_features
MD-RSN2250,12,0,True,eligible
AN-27M10,12,0,True,eligible
AN-WGLENBP,12,0,True,eligible
NW-88003478,3,9,False,fewer_than_9_observed
TH-RSN0210,12,0,True,eligible
MD-04131700,12,0,True,eligible
SW-81201619,12,0,True,eligible
AN-STOD4,12,0,True,eligible
AN-ORE025,5,7,False,fewer_than_9_observed
NW-88000637,12,0,True,eligible
AN-CL0848,12,0,True,eligible
NE-RSN0248,12,0,True,eligible
AN-41M10,12,0,True,eligible
NE-RSN1172,12,0,True,eligible
MD-70258820,1,11,False,fewer_than_9_observed
TH-PCHR0268,12,0,True,eligible
SW-70560900,12,0,True,eligible
MD-61763100,12,0,True,eligible
SO-E0000490,12,0,True,eligible
SW-RSN1038,12,0,True,eligible
SO-G0003685,12,0,True,eligible
SO-F0002638,1,11,False,fewer_than_9_observed
NE-49000479,12,0,True,eligible
NW-88003159,12,0,True,eligible
SW-E2032700,12,0,True,eligible
NW-RSN1775,12,0,True,eligible
AN-64M04,12,0,True,eligible
TH-RSN1898,12,0,True,eligible
NW-RSN2019,12,0,True,eligible
AN-RH0203,5,7,False,fewer_than_9_observed
SO-E0001764,12,0,True,eligible
SW-70523309,12,0,True,eligible
MD-03959130,12,0,True,eligible
SW-RSN0391,12,0,True,eligible
MD-39539400,12,0,True,eligible
NE-49000770,12,0,True,eligible
SO-G0003970,12,0,True,eligible
MD-53841065,10,2,True,eligible
NW-88000247,8,4,False,fewer_than_9_observed
SW-50010208,12,0,True,eligible
AN-WD07,12,0,True,eligible
AN-WAV051,12,0,True,eligible
NW-88000636,12,0,True,eligible
TH-SSN0507,12,0,True,eligible
TH-PEVR0003,12,0,True,eligible
NW-88022064,12,0,True,eligible
SW-Z8480259,12,0,True,eligible
NE-49301219,12,0,True,eligible
NE-49800231,12,0,True,eligible
MD-42169500,12,0,True,eligible
SW-70241225,12,0,True,eligible
AN-TIF110,12,0,True,eligible
MD-00017500,12,0,True,eligible
AN-STF080,12,0,True,eligible
MD-49121405,12,0,True,eligible
MD-54536180,12,0,True,eligible
AN-WITB030W,12,0,True,eligible
SW-RSN1949,12,0,True,eligible
SW-81950901,1,11,False,fewer_than_9_observed
SW-SSN0032,12,0,True,eligible
AN-SHIREDR2,12,0,True,eligible
MD-23351300,12,0,True,eligible
NW-88002663,12,0,True,eligible
MD-19337120,12,0,True,eligible
MD-30000380,12,0,True,eligible
AN-TILL9,12,0,True,eligible
AN-SHMD010E,3,9,False,fewer_than_9_observed
AN-FOXTONBK,12,0,True,eligible
AN-WAV026,12,0,True,eligible
SW-60250405,9,3,True,eligible
AN-MORT050E,12,0,True,eligible
NE-49100440,12,0,True,eligible
SW-A2270418,12,0,True,eligible
SW-72920220,12,0,True,eligible
MD-00772090,12,0,True,eligible
SW-50342519,12,0,True,eligible
MD-53175881,0,12,False,zero_observed_features
NW-88004541,12,0,True,eligible
NW-88001899,12,0,True,eligible
MD-01148620,12,0,True,eligible
TH-RSN2273,12,0,True,eligible
SW-81010639,6,6,False,fewer_than_9_observed
AN-RTN0046,5,7,False,fewer_than_9_observed
SW-70220175,12,0,True,eligible
MD-59975410,1,11,False,fewer_than_9_observed
AN-STOKDOYL,12,0,True,eligible
MD-49223680,12,0,True,eligible
TH-PLDR0016,12,0,True,eligible
AN-WELL040L,12,0,True,eligible
NE-49301044,12,0,True,eligible
SO-F0017615,12,0,True,eligible
SW-70230903,12,0,True,eligible
NE-49900032,12,0,True,eligible
MD-25716500,8,4,False,fewer_than_9_observed
SO-E0007263,12,0,True,eligible
MD-35432331,11,1,True,eligible
AN-BILL100C,12,0,True,eligible
SW-E3090400,12,0,True,eligible
SW-70613602,3,9,False,fewer_than_9_observed
NW-88001892,12,0,True,eligible
SW-82010186,4,8,False,fewer_than_9_observed
NW-88003483,12,0,True,eligible
NE-49100261,12,0,True,eligible
SW-82311178,1,11,False,fewer_than_9_observed
NW-RSN1763,11,1,True,eligible
AN-CARRDYKE,1,11,False,fewer_than_9_observed
NW-88023294,12,0,True,eligible
MD-20357445,12,0,True,eligible
AN-04M04,12,0,True,eligible
AN-52M24,12,0,True,eligible
TH-PCHR0039,12,0,True,eligible
MD-SSN0417,12,0,True,eligible
AN-LYVS070S,12,0,True,eligible
NE-49103000,1,11,False,fewer_than_9_observed
SO-E0001639,12,0,True,eligible
NE-SSN1389,12,0,True,eligible
SW-70420211,12,0,True,eligible
NW-88003876,12,0,True,eligible
NE-RSN1936,12,0,True,eligible
AN-THR064,12,0,True,eligible
SW-73030261,12,0,True,eligible
SO-E0001623,12,0,True,eligible
NE-RSN0204,12,0,True,eligible
SW-70920134,12,0,True,eligible
MD-19235990,0,12,False,zero_observed_features
SO-RSN2029,12,0,True,eligible
AN-CH06,12,0,True,eligible
AN-TQ725869,5,7,False,fewer_than_9_observed
NW-88024246,1,11,False,fewer_than_9_observed
MD-46264840,12,0,True,eligible
AN-CL0204,12,0,True,eligible
MD-18694610,12,0,True,eligible
SW-70220104,12,0,True,eligible
NW-88002184,12,0,True,eligible
MD-56088780,12,0,True,eligible
NE-49300741,12,0,True,eligible
NW-88021918,12,0,True,eligible
NW-88006381,12,0,True,eligible
SW-50280808,12,0,True,eligible
NE-49600055,12,0,True,eligible
NW-88002176,12,0,True,eligible
NW-88003437,12,0,True,eligible
TH-RTN0040,5,7,False,fewer_than_9_observed
MD-RSN2303,12,0,True,eligible
AN-BAIND,12,0,True,eligible
MD-59400100,12,0,True,eligible
NE-49500413,12,0,True,eligible
TH-PCNR0001,12,0,True,eligible
NE-49600118,12,0,True,eligible
SW-70501717,12,0,True,eligible
SW-50310169,12,0,True,eligible
NE-RSN1768,12,0,True,eligible
AN-CD0106,12,0,True,eligible
MD-20792180,12,0,True,eligible
TH-RTN0031,5,7,False,fewer_than_9_observed
SW-E3170600,12,0,True,eligible
NW-88008371,12,0,True,eligible
NW-88003553,12,0,True,eligible
SW-70725316,12,0,True,eligible
MD-29579190,10,2,True,eligible
SW-91252506,9,3,True,eligible
MD-23529180,12,0,True,eligible
TH-PEVR0021,12,0,True,eligible
SW-70533630,12,0,True,eligible
NW-88023202,12,0,True,eligible
NE-49400835,12,0,True,eligible
SW-70310107,12,0,True,eligible
NW-88006301,12,0,True,eligible
AN-25M04,12,0,True,eligible
AN-CL0704,12,0,True,eligible
MD-11289060,12,0,True,eligible
SO-F0001994,12,0,True,eligible
SW-70512712,12,0,True,eligible
NE-49105192,12,0,True,eligible
SW-91253132,8,4,False,fewer_than_9_observed
AN-WILN020P,12,0,True,eligible
NE-49705135,4,8,False,fewer_than_9_observed
NW-88002321,12,0,True,eligible
SW-81120290,12,0,True,eligible
NE-49600066,12,0,True,eligible
SW-50600268,10,2,True,eligible
AN-GLEN340L,12,0,True,eligible
NE-49305350,12,0,True,eligible
MD-46254380,12,0,True,eligible
SW-E1271500,12,0,True,eligible
SW-70220148,12,0,True,eligible
MD-00769700,12,0,True,eligible
NW-88022595,12,0,True,eligible
SW-50370369,12,0,True,eligible
NW-88023296,12,0,True,eligible
NW-88024212,12,0,True,eligible
SW-RSN0254,12,0,True,eligible
AN-BURWELBK,12,0,True,eligible
NW-88002471,12,0,True,eligible
SW-72910722,12,0,True,eligible
AN-RSN0917,12,0,True,eligible
MD-28071550,8,4,False,fewer_than_9_observed
NE-RSN0876,12,0,True,eligible
AN-WILC020W,12,0,True,eligible
SO-E0000565,12,0,True,eligible
SW-60030127,3,9,False,fewer_than_9_observed
NE-RSN2140,12,0,True,eligible
MD-46824570,11,1,True,eligible
AN-RSN1597,12,0,True,eligible
NE-49301287,12,0,True,eligible
NE-49800212,12,0,True,eligible
SW-60030130,5,7,False,fewer_than_9_observed
TH-PTAR0117,12,0,True,eligible
NW-88004074,12,0,True,eligible
NE-49200294,12,0,True,eligible
SW-70511008,4,8,False,fewer_than_9_observed
NE-49705125,4,8,False,fewer_than_9_observed
AN-53M94,1,11,False,fewer_than_9_observed
NE-49105216,12,0,True,eligible
TH-RSN1289,12,0,True,eligible
SW-81930210,1,11,False,fewer_than_9_observed
SO-F0001984,12,0,True,eligible
SW-60250444,12,0,True,eligible
NW-88002389,12,0,True,eligible
SO-E0001478,12,0,True,eligible
SW-E4010300,12,0,True,eligible
SW-E2033200,12,0,True,eligible
AN-BT0200,12,0,True,eligible
NW-88000631,12,0,True,eligible
SW-81942221,12,0,True,eligible
SO-F0003094,12,0,True,eligible
SW-70231430,12,0,True,eligible
SW-60230008,9,3,True,eligible
NW-88021747,12,0,True,eligible
NW-RSN0664,12,0,True,eligible
AN-LYMN6,12,0,True,eligible
TH-PTAR0105,12,0,True,eligible
NW-88003847,12,0,True,eligible
SO-E0001501,3,9,False,fewer_than_9_observed
NW-RSN0188,12,0,True,eligible
SW-70220551,12,0,True,eligible
MD-09983000,12,0,True,eligible
MD-03353040,12,0,True,eligible
MD-78121140,8,4,False,fewer_than_9_observed
MD-28064700,8,4,False,fewer_than_9_observed
MD-50896350,11,1,True,eligible
MD-45212350,12,0,True,eligible
SW-81231175,12,0,True,eligible
SW-81940309,12,0,True,eligible
AN-GLEN160C,12,0,True,eligible
TH-PLDR0039,12,0,True,eligible
SW-82540105,12,0,True,eligible
AN-FRES6,12,0,True,eligible
SW-91222208,12,0,True,eligible
SW-73110704,12,0,True,eligible
NW-88000613,12,0,True,eligible
AN-53M54,12,0,True,eligible
NW-88003434,12,0,True,eligible
TH-PKER0002,12,0,True,eligible
SW-82310575,12,0,True,eligible
SO-G0004176,12,0,True,eligible
MD-75129380,12,0,True,eligible
NW-SSN0130,11,1,True,eligible
NW-88005120,12,0,True,eligible
AN-BUR091A,12,0,True,eligible
TH-PKER0057,12,0,True,eligible
MD-11745040,12,0,True,eligible
AN-WAIB2,12,0,True,eligible
TH-PUTR0135,12,0,True,eligible
SW-82521220,12,0,True,eligible
SW-RSN1101,12,0,True,eligible
AN-26M59,1,11,False,fewer_than_9_observed
SW-82010120,6,6,False,fewer_than_9_observed
NE-49505171,12,0,True,eligible
SO-F0002378,12,0,True,eligible
NE-49600163,12,0,True,eligible
MD-89373386,10,2,True,eligible
SO-F0002698,12,0,True,eligible
AN-48M18,12,0,True,eligible
MD-RSN0502,12,0,True,eligible
MD-71450900,12,0,True,eligible
NW-RSN1752,12,0,True,eligible
SW-70241255,12,0,True,eligible
MD-61649620,12,0,True,eligible
NW-88000737,12,0,True,eligible
NE-RSN1180,12,0,True,eligible
SW-81810185,12,0,True,eligible
MD-12458020,12,0,True,eligible
TH-PRGR0017,12,0,True,eligible
TH-PKER0019,12,0,True,eligible
MD-12181700,1,11,False,fewer_than_9_observed
AN-19M10,12,0,True,eligible
NE-49000758,6,6,False,fewer_than_9_observed
NW-88005035,12,0,True,eligible
AN-RSN2132,12,0,True,eligible
SW-70532960,12,0,True,eligible
MD-25033580,12,0,True,eligible
MD-30697020,12,0,True,eligible
SO-F0002839,12,0,True,eligible
AN-GWSH090S,12,0,True,eligible
SW-Z1012301,3,9,False,fewer_than_9_observed
SW-60032856,12,0,True,eligible
MD-23032380,12,0,True,eligible
NW-88023838,2,10,False,fewer_than_9_observed
AN-MT8616,8,4,False,fewer_than_9_observed
MD-16536500,12,0,True,eligible
MD-23349100,12,0,True,eligible
MD-11559820,12,0,True,eligible
SO-G0006985,12,0,True,eligible
SW-81940470,9,3,True,eligible
SW-SSN0496,12,0,True,eligible
SW-72911919,12,0,True,eligible
AN-USSWATON,12,0,True,eligible
MD-61648150,12,0,True,eligible
NE-49105190,12,0,True,eligible
MD-57465170,1,11,False,fewer_than_9_observed
AN-41M21,1,11,False,fewer_than_9_observed
MD-12027020,12,0,True,eligible
NW-88001834,12,0,True,eligible
NW-88003867,12,0,True,eligible
MD-21133110,12,0,True,eligible
TH-PWER0325,12,0,True,eligible
SO-G0003743,12,0,True,eligible
NE-49000477,12,0,True,eligible
SO-F0002957,12,0,True,eligible
TH-PLER0137,12,0,True,eligible
NW-88024635,12,0,True,eligible
MD-48976180,12,0,True,eligible
NE-49400172,12,0,True,eligible
SW-70815305,7,5,False,fewer_than_9_observed
SO-RSN2101,12,0,True,eligible
SW-70720260,12,0,True,eligible
NW-88001847,12,0,True,eligible
SW-50360552,1,11,False,fewer_than_9_observed
TH-PTAR0044,12,0,True,eligible
SW-70550350,12,0,True,eligible
SW-81951077,1,11,False,fewer_than_9_observed
NW-88003983,12,0,True,eligible
NW-88025788,12,0,True,eligible
MD-RSN0270,12,0,True,eligible
NE-RSN1576,12,0,True,eligible
AN-03M15,12,0,True,eligible
AN-08M02,1,11,False,fewer_than_9_observed
MD-RSN1760,12,0,True,eligible
MD-54221500,12,0,True,eligible
SW-C0417000,12,0,True,eligible
AN-GOLTHOBK,12,0,True,eligible
SW-81250277,12,0,True,eligible
TH-PRTS0007,8,4,False,fewer_than_9_observed
TH-PKER0074,12,0,True,eligible
AN-DOV035,12,0,True,eligible
NW-88005046,12,0,True,eligible
MD-04779270,12,0,True,eligible
MD-RSN0148,12,0,True,eligible
SW-82510201,0,12,False,zero_observed_features
SO-F0002386,12,0,True,eligible
SO-E0000924,12,0,True,eligible
MD-RSN0278,12,0,True,eligible
AN-39M03,12,0,True,eligible
NW-88006258,12,0,True,eligible
TH-PMLR0004,12,0,True,eligible
SW-70581402,12,0,True,eligible
SW-82210902,12,0,True,eligible
SW-81290111,12,0,True,eligible
SO-F0002260,12,0,True,eligible
SW-82310145,1,11,False,fewer_than_9_observed
NE-49500625,12,0,True,eligible
SW-82312129,8,4,False,fewer_than_9_observed
SW-50320152,12,0,True,eligible
MD-63987300,12,0,True,eligible
NE-49200093,12,0,True,eligible
MD-47691150,11,1,True,eligible
AN-WELL420C,12,0,True,eligible
AN-SFFT1,12,0,True,eligible
SO-Y0004371,12,0,True,eligible
TH-PCNR0012,12,0,True,eligible
NW-88023522,1,11,False,fewer_than_9_observed
AN-BL0675,12,0,True,eligible
SW-91212520,12,0,True,eligible
SO-E0001453,12,0,True,eligible
AN-53M43,1,11,False,fewer_than_9_observed
SW-81201602,12,0,True,eligible
NW-88002558,12,0,True,eligible
TH-PWRR0003,12,0,True,eligible
AN-42M26,12,0,True,eligible
SW-72922451,12,0,True,eligible
SW-60030550,12,0,True,eligible
NE-49600144,12,0,True,eligible
NW-88006297,12,0,True,eligible
TH-PMLR0042,12,0,True,eligible
SW-E4170200,12,0,True,eligible
MD-06109520,12,0,True,eligible
TH-PLDR0135,12,0,True,eligible
NE-49400993,12,0,True,eligible
AN-THORPMDS,12,0,True,eligible
SW-50311154,12,0,True,eligible
SW-81223625,1,11,False,fewer_than_9_observed
NW-88024642,12,0,True,eligible
AN-34M15,1,11,False,fewer_than_9_observed
SO-E0007350,8,4,False,fewer_than_9_observed
NE-49905183,8,4,False,fewer_than_9_observed
SW-81611270,12,0,True,eligible
SW-RSN0461,12,0,True,eligible
TH-PUTR0251,12,0,True,eligible
NE-49700051,12,0,True,eligible
NW-RSN0620,12,0,True,eligible
AN-BASTFEN,7,5,False,fewer_than_9_observed
SO-F0002005,12,0,True,eligible
AN-RSN0356,12,0,True,eligible
NE-49301791,10,2,True,eligible
MD-25033050,1,11,False,fewer_than_9_observed
NE-49905172,9,3,True,eligible
NE-49505162,9,3,True,eligible
MD-14135180,12,0,True,eligible
MD-22218200,3,9,False,fewer_than_9_observed
SW-82710680,12,0,True,eligible
SW-RSN0535,12,0,True,eligible
MD-RSN0372,12,0,True,eligible
MD-78921400,8,4,False,fewer_than_9_observed
MD-22244040,12,0,True,eligible
AN-SABR040S,3,9,False,fewer_than_9_observed
NE-49600017,12,0,True,eligible
SO-E0001779,12,0,True,eligible
SO-F0017599,12,0,True,eligible
SW-E8300210,12,0,True,eligible
TH-PMLE0386,12,0,True,eligible
SW-60031626,12,0,True,eligible
SW-82712755,12,0,True,eligible
NE-49905220,4,8,False,fewer_than_9_observed
AN-GEAU3,12,0,True,eligible
NE-49500338,12,0,True,eligible
MD-30128200,12,0,True,eligible
MD-36748340,12,0,True,eligible
MD-46836180,12,0,True,eligible
NE-49301490,12,0,True,eligible
AN-45M12,8,4,False,fewer_than_9_observed
AN-DEB088,12,0,True,eligible
TH-PLDR0047,12,0,True,eligible
TH-PRTS0001,8,4,False,fewer_than_9_observed
NE-49905190,8,4,False,fewer_than_9_observed
AN-MAWM3,12,0,True,eligible
MD-H0000078,12,0,True,eligible
SO-F0017504,12,0,True,eligible
AN-WD0812,12,0,True,eligible
AN-NENE340R,12,0,True,eligible
SO-E0000517,3,9,False,fewer_than_9_observed
SW-82112120,0,12,False,zero_observed_features
AN-GLV026,12,0,True,eligible
NE-49905227,1,11,False,fewer_than_9_observed
AN-SLEAB,12,0,True,eligible
TH-RSN0485,12,0,True,eligible
NE-49200038,12,0,True,eligible
MD-RSN1922,12,0,True,eligible
MD-03187100,12,0,True,eligible
NW-88005123,12,0,True,eligible
NE-49600484,12,0,True,eligible
SO-E0001543,12,0,True,eligible
MD-22686160,12,0,True,eligible
MD-RSN0247,12,0,True,eligible
NW-88000812,12,0,True,eligible
SW-70920125,12,0,True,eligible
AN-WAV05320,12,0,True,eligible
SW-SSN1488,12,0,True,eligible
MD-36786080,12,0,True,eligible
SW-E8200450,12,0,True,eligible
MD-58639195,12,0,True,eligible
SW-70512059,12,0,True,eligible
NW-88000760,12,0,True,eligible
NW-88004526,12,0,True,eligible
SO-F0002098,12,0,True,eligible
MD-48503020,12,0,True,eligible
NE-49301610,12,0,True,eligible
MD-39826880,12,0,True,eligible
AN-FOSB2,12,0,True,eligible
MD-37500050,2,10,False,fewer_than_9_observed
NW-88025865,1,11,False,fewer_than_9_observed
MD-00045702,12,0,True,eligible
SW-E2330300,12,0,True,eligible
SW-50550362,12,0,True,eligible
MD-01348575,12,0,True,eligible
AN-HOLT2,12,0,True,eligible
NE-49900040,12,0,True,eligible
MD-17358150,12,0,True,eligible
NW-88024630,12,0,True,eligible
AN-48M44,12,0,True,eligible
MD-38702620,12,0,True,eligible
AN-WITH12,12,0,True,eligible
NE-RSN0800,12,0,True,eligible
SW-81430304,12,0,True,eligible
NE-49105247,12,0,True,eligible
NE-49600450,12,0,True,eligible
NW-88025752,12,0,True,eligible
MD-36693498,12,0,True,eligible
NW-88000880,12,0,True,eligible
SW-A2290102,12,0,True,eligible
TH-PCNR0112,12,0,True,eligible
SO-G0006968,12,0,True,eligible
SO-E0000849,12,0,True,eligible
SW-81250174,12,0,True,eligible
MD-RSN1958,12,0,True,eligible
MD-01347550,12,0,True,eligible
AN-STAINBCK,12,0,True,eligible
NW-88003953,12,0,True,eligible
NW-88010034,12,0,True,eligible
SW-E4160900,12,0,True,eligible
SO-F0003111,12,0,True,eligible
SW-E4331500,12,0,True,eligible
MD-09011200,12,0,True,eligible
SO-E0007210,9,3,True,eligible
MD-03398500,12,0,True,eligible
SW-82311620,3,9,False,fewer_than_9_observed
MD-06114820,12,0,True,eligible
NW-88025860,4,8,False,fewer_than_9_observed
SW-60250437,1,11,False,fewer_than_9_observed
MD-C0000040,12,0,True,eligible
AN-CL0892,12,0,True,eligible
SW-E2190800,12,0,True,eligible
SO-E0007351,8,4,False,fewer_than_9_observed
SW-Z1011545,12,0,True,eligible
AN-RSN1832,12,0,True,eligible
NW-RSN0086,12,0,True,eligible
SO-RSN0009,12,0,True,eligible
SW-70723203,12,0,True,eligible
SW-82712770,12,0,True,eligible
AN-MOORDRVA,10,2,True,eligible
MD-37609020,12,0,True,eligible
SW-82311601,0,12,False,zero_observed_features
NW-88001890,12,0,True,eligible
AN-YAR266J,1,11,False,fewer_than_9_observed
NW-SSN1290,12,0,True,eligible
MD-60243200,1,11,False,fewer_than_9_observed
NW-88024643,12,0,True,eligible
SW-RSN1727,12,0,True,eligible
NW-88006278,12,0,True,eligible
MD-76795060,12,0,True,eligible
SO-E0007285,12,0,True,eligible
NE-49600138,12,0,True,eligible
MD-78524380,12,0,True,eligible
MD-02848860,12,0,True,eligible
NW-88002749,12,0,True,eligible
NE-49905217,4,8,False,fewer_than_9_observed
TH-PKER0003,1,11,False,fewer_than_9_observed
TH-PRTS0426,4,8,False,fewer_than_9_observed
NE-49800256,4,8,False,fewer_than_9_observed
MD-65413100,12,0,True,eligible
SW-70630180,9,3,True,eligible
SW-SSN1504,12,0,True,eligible
AN-WDCTRDBR,12,0,True,eligible
NE-49800089,4,8,False,fewer_than_9_observed
AN-BL10310,12,0,True,eligible
NE-49800092,12,0,True,eligible
SW-Z7500108,12,0,True,eligible
MD-42486650,12,0,True,eligible
MD-27049020,12,0,True,eligible
AN-GRAYFLT,12,0,True,eligible
NW-88022689,12,0,True,eligible
MD-65161220,12,0,True,eligible
TH-RSN0994,12,0,True,eligible
SW-60030462,12,0,True,eligible
SW-81241119,12,0,True,eligible
MD-26407010,12,0,True,eligible
AN-59M17,8,4,False,fewer_than_9_observed
MD-10863220,12,0,True,eligible
MD-64782150,1,11,False,fewer_than_9_observed
MD-RSN0246,12,0,True,eligible
SO-G0004151,12,0,True,eligible
NW-88002705,12,0,True,eligible
AN-RSN1209,12,0,True,eligible
SW-RSN2178,12,0,True,eligible
TH-PTAR0116,12,0,True,eligible
MD-45221460,1,11,False,fewer_than_9_observed
NE-49603068,12,0,True,eligible
SW-E4062000,12,0,True,eligible
SW-50900736,12,0,True,eligible
AN-CL0488,12,0,True,eligible
TH-PUTR0190,1,11,False,fewer_than_9_observed
TH-RSN1034,12,0,True,eligible
NE-SSN0037,12,0,True,eligible
NE-RSN2344,12,0,True,eligible
TH-PCHR0050,12,0,True,eligible
NW-88006388,12,0,True,eligible
NW-88006197,12,0,True,eligible
SW-E7070500,12,0,True,eligible
SW-RSN0109,12,0,True,eligible
SW-72934707,12,0,True,eligible
AN-RISE130R,12,0,True,eligible
TH-PTHR0041,12,0,True,eligible
AN-58M11,12,0,True,eligible
AN-14M14,10,2,True,eligible
SW-50360430,12,0,True,eligible
SW-81251581,4,8,False,fewer_than_9_observed
AN-37M16,12,0,True,eligible
AN-02M06,12,0,True,eligible
MD-26293085,12,0,True,eligible
SW-50361209,12,0,True,eligible
MD-18208220,12,0,True,eligible
SO-RSN0793,12,0,True,eligible
MD-51491050,12,0,True,eligible
NE-49603065,12,0,True,eligible
AN-USTCHMAR,12,0,True,eligible
MD-23843100,8,4,False,fewer_than_9_observed
MD-81297120,1,11,False,fewer_than_9_observed
NW-88005861,12,0,True,eligible
NE-49105189,12,0,True,eligible
MD-50901140,12,0,True,eligible
SW-E1005000,12,0,True,eligible
NE-49301931,6,6,False,fewer_than_9_observed
AN-NENE370T,12,0,True,eligible
AN-SSN0089,12,0,True,eligible
NE-49900212,12,0,True,eligible
MD-RSN0646,12,0,True,eligible
AN-HELPST03,6,6,False,fewer_than_9_observed
TH-RSN1774,12,0,True,eligible
SW-60010739,12,0,True,eligible
SO-E0000418,1,11,False,fewer_than_9_observed
NW-88021917,12,0,True,eligible
AN-WAV135,9,3,True,eligible
NE-49905156,12,0,True,eligible
AN-MTRNPAST,12,0,True,eligible
AN-HOLR110H,12,0,True,eligible
SO-E0007367,0,12,False,zero_observed_features
SW-91241162,12,0,True,eligible
SW-60590423,1,11,False,fewer_than_9_observed
AN-NENE500E,12,0,True,eligible
SO-RSN1945,12,0,True,eligible
MD-25332750,8,4,False,fewer_than_9_observed
NW-SSN1298,12,0,True,eligible
SW-50330367,12,0,True,eligible
SW-81223503,1,11,False,fewer_than_9_observed
MD-C0000031,12,0,True,eligible
NE-SSN1501,12,0,True,eligible
SW-50270207,12,0,True,eligible
NW-88022126,9,3,True,eligible
SW-64200200,12,0,True,eligible
TH-PEVR0043,12,0,True,eligible
SW-82521235,9,3,True,eligible
MD-59022250,12,0,True,eligible
AN-WITHUSB,12,0,True,eligible
SW-50050525,12,0,True,eligible
AN-CRASLABK,5,7,False,fewer_than_9_observed
SO-E0000862,1,11,False,fewer_than_9_observed
SO-G0004000,12,0,True,eligible
SW-E1202200,12,0,True,eligible
NW-88005218,12,0,True,eligible
NE-RSN1032,12,0,True,eligible
TH-PLER0049,12,0,True,eligible
TH-PRTS0009,7,5,False,fewer_than_9_observed
NE-49301429,12,0,True,eligible
SW-82221895,1,11,False,fewer_than_9_observed
TH-PLDR0051,12,0,True,eligible
MD-08017430,12,0,True,eligible
SW-50331430,12,0,True,eligible
AN-22M72,5,7,False,fewer_than_9_observed
SW-60250679,12,0,True,eligible
AN-BL1030,10,2,True,eligible
MD-25439020,12,0,True,eligible
MD-59022840,12,0,True,eligible
SO-Y0004523,12,0,True,eligible
NE-49400825,12,0,True,eligible
AN-BURTONWA,12,0,True,eligible
NW-88002453,12,0,True,eligible
MD-14138180,12,0,True,eligible
TH-PRGR0012,12,0,True,eligible
SO-SSN1294,12,0,True,eligible
SW-RSN1781,12,0,True,eligible
AN-41M14,12,0,True,eligible
NW-88025804,12,0,True,eligible
NE-49300626,4,8,False,fewer_than_9_observed
AN-26M60,1,11,False,fewer_than_9_observed
AN-RSN0405,12,0,True,eligible
NW-88005784,12,0,True,eligible
SW-Z1450103,12,0,True,eligible
NE-49105242,12,0,True,eligible
SW-60270102,12,0,True,eligible
MD-19359900,12,0,True,eligible
AN-ST0183,12,0,True,eligible
MD-47231350,12,0,True,eligible
SW-70511010,4,8,False,fewer_than_9_observed
NE-RSN0484,12,0,True,eligible
AN-RSN2281,12,0,True,eligible
SW-70630255,4,8,False,fewer_than_9_observed
MD-04794530,12,0,True,eligible
MD-22485300,12,0,True,eligible
NE-49000470,0,12,False,zero_observed_features
MD-49705580,12,0,True,eligible
TH-PWER0128,12,0,True,eligible
NE-49905177,9,3,True,eligible
MD-04778160,5,7,False,fewer_than_9_observed
TH-PLER0110,12,0,True,eligible
NE-49301997,12,0,True,eligible
NE-RSN2288,12,0,True,eligible
SW-81520593,12,0,True,eligible
NW-88002133,12,0,True,eligible
MD-RSN2322,12,0,True,eligible
NW-88000879,12,0,True,eligible
MD-29353820,12,0,True,eligible
MD-SSN0497,12,0,True,eligible
SO-E0004853,12,0,True,eligible
SW-81231133,12,0,True,eligible
MD-RSN1262,12,0,True,eligible
SW-50530138,12,0,True,eligible
NE-49500668,12,0,True,eligible
SW-82010604,6,6,False,fewer_than_9_observed
NW-RSN1600,12,0,True,eligible
SW-81931250,1,11,False,fewer_than_9_observed
SW-60011118,12,0,True,eligible
SW-60032121,12,0,True,eligible
TH-PLDR0058,12,0,True,eligible
SW-81950840,9,3,True,eligible
AN-RSN0469,12,0,True,eligible
SW-70725463,12,0,True,eligible
NW-88006454,12,0,True,eligible
AN-STLODE02,12,0,True,eligible
MD-12036810,1,11,False,fewer_than_9_observed
NE-RSN0700,12,0,True,eligible
SW-50951010,12,0,True,eligible
AN-SSN1369,12,0,True,eligible
TH-PLER0144,12,0,True,eligible
SW-60010832,12,0,True,eligible
SW-72930900,12,0,True,eligible
AN-WEN111,12,0,True,eligible
SW-50280545,12,0,True,eligible
MD-78892610,8,4,False,fewer_than_9_observed
AN-GWSH010U,12,0,True,eligible
SW-50430109,12,0,True,eligible
NE-49905218,4,8,False,fewer_than_9_observed
SW-82611104,12,0,True,eligible
MD-47232523,12,0,True,eligible
SW-E4141300,12,0,True,eligible
TH-RSN0866,12,0,True,eligible
SW-60010113,12,0,True,eligible
SW-81950675,1,11,False,fewer_than_9_observed
NE-49905043,4,8,False,fewer_than_9_observed
NE-49400593,12,0,True,eligible
NW-RSN2043,11,1,True,eligible
SW-81210101,4,8,False,fewer_than_9_observed
AN-WEN060,12,0,True,eligible
MD-78421659,12,0,True,eligible
AN-GIP156,12,0,True,eligible
SW-91212515,12,0,True,eligible
SW-RSN0103,12,0,True,eligible
AN-ST0739,5,7,False,fewer_than_9_observed
TH-PLER0004,12,0,True,eligible
SW-70711908,12,0,True,eligible
NE-RSN0752,12,0,True,eligible
SO-G0003827,12,0,True,eligible
NE-49900011,12,0,True,eligible
SW-91210233,12,0,True,eligible
NW-88003837,12,0,True,eligible
AN-CH0650,6,6,False,fewer_than_9_observed
SW-73110525,0,12,False,zero_observed_features
SW-60010754,12,0,True,eligible
AN-TE0107,12,0,True,eligible
SW-50905555,10,2,True,eligible
NE-SSN1489,12,0,True,eligible
SO-E0007284,12,0,True,eligible
SW-50342554,10,2,True,eligible
MD-60386620,12,0,True,eligible
NW-88003489,12,0,True,eligible
NE-49705091,12,0,True,eligible
NE-49500374,12,0,True,eligible
AN-WELL010S,12,0,True,eligible
SW-70633205,4,8,False,fewer_than_9_observed
TH-PTHR0028,12,0,True,eligible
SW-81221940,12,0,True,eligible
SW-81251518,1,11,False,fewer_than_9_observed
NW-88022036,12,0,True,eligible
AN-GL01,12,0,True,eligible
SW-SSN1392,12,0,True,eligible
AN-WAV112,3,9,False,fewer_than_9_observed
TH-PKER0098,12,0,True,eligible
MD-37499200,11,1,True,eligible
AN-WEN285,5,7,False,fewer_than_9_observed
AN-44M51,12,0,True,eligible
SW-60030125,6,6,False,fewer_than_9_observed
SO-E0000536,1,11,False,fewer_than_9_observed
SW-60270539,12,0,True,eligible
SO-E0001708,12,0,True,eligible
MD-RSN0694,12,0,True,eligible
SW-70630260,4,8,False,fewer_than_9_observed
AN-WEN203,12,0,True,eligible
NE-RSN1008,12,0,True,eligible
MD-25741060,12,0,True,eligible
SW-RSN1715,12,0,True,eligible
MD-22146950,5,7,False,fewer_than_9_observed
MD-SSN0042,12,0,True,eligible
MD-58471500,12,0,True,eligible
SW-70501001,12,0,True,eligible
SW-60060102,12,0,True,eligible
SO-F0002399,0,12,False,zero_observed_features
SO-SSN0679,12,0,True,eligible
NW-88000902,12,0,True,eligible
SW-E1004500,12,0,True,eligible
NE-SSN0737,12,0,True,eligible
SW-73050307,12,0,True,eligible
NW-88025781,12,0,True,eligible
SW-70515507,12,0,True,eligible
NW-88022817,3,9,False,fewer_than_9_observed
SW-82211921,12,0,True,eligible
SW-Z7500144,12,0,True,eligible
MD-SSN0097,12,0,True,eligible
NW-88004424,12,0,True,eligible
NW-88000644,12,0,True,eligible
TH-PRTS0026,8,4,False,fewer_than_9_observed
NE-41000413,12,0,True,eligible
SW-64010100,12,0,True,eligible
SO-RSN0057,12,0,True,eligible
NE-49500630,12,0,True,eligible
SO-F0002736,1,11,False,fewer_than_9_observed
TH-PWRR0073,12,0,True,eligible
SW-70240360,12,0,True,eligible
AN-HUGH1,12,0,True,eligible
SW-50050207,4,8,False,fewer_than_9_observed
AN-LANG015S,12,0,True,eligible
SW-81940469,9,3,True,eligible
NE-49000476,12,0,True,eligible
NW-88004402,12,0,True,eligible
MD-19785120,12,0,True,eligible
NW-SSN0194,12,0,True,eligible
SW-91241770,12,0,True,eligible
SO-G0003988,12,0,True,eligible
MD-02847060,12,0,True,eligible
MD-39827080,12,0,True,eligible
AN-66M21,0,12,False,zero_observed_features
MD-20671405,12,0,True,eligible
NW-88002564,12,0,True,eligible
MD-RSN1818,12,0,True,eligible
SW-50430144,12,0,True,eligible
SW-RSN1887,12,0,True,eligible
SW-RSN2003,12,0,True,eligible
SW-82310915,3,9,False,fewer_than_9_observed
AN-FOSC5,12,0,True,eligible
SO-Y0004401,12,0,True,eligible
NE-49900177,12,0,True,eligible
TH-PTAR0039,12,0,True,eligible
SW-70210602,0,12,False,zero_observed_features
SW-SSN1424,12,0,True,eligible
SO-E0000640,12,0,True,eligible
AN-WHAP060S,12,0,True,eligible
MD-H0000052,3,9,False,fewer_than_9_observed
NW-RSN0171,12,0,True,eligible
SW-50330816,12,0,True,eligible
NW-88022819,8,4,False,fewer_than_9_observed
SW-50210510,1,11,False,fewer_than_9_observed
SW-Z8480202,4,8,False,fewer_than_9_observed
MD-36784280,12,0,True,eligible
NE-49000650,5,7,False,fewer_than_9_observed
SW-E3181600,12,0,True,eligible
SW-70556102,12,0,True,eligible
NW-88002273,12,0,True,eligible
AN-WILN040W,12,0,True,eligible
NW-88001889,12,0,True,eligible
MD-04076260,12,0,True,eligible
MD-50162,12,0,True,eligible
NE-49000779,12,0,True,eligible
AN-LANDIKED,12,0,True,eligible
NW-88022385,12,0,True,eligible
NW-88022899,1,11,False,fewer_than_9_observed
AN-37M28,12,0,True,eligible
AN-WD02,12,0,True,eligible
AN-09M07,12,0,True,eligible
NW-88024197,12,0,True,eligible
NE-49302467,12,0,True,eligible
SW-72931508,12,0,True,eligible
MD-RSN2198,12,0,True,eligible
AN-SLEAA,12,0,True,eligible
NE-49300363,12,0,True,eligible
AN-WAV065,5,7,False,fewer_than_9_observed
NE-49700048,12,0,True,eligible
NE-49302275,6,6,False,fewer_than_9_observed
TH-PLER0145,12,0,True,eligible
NE-49500557,4,8,False,fewer_than_9_observed
AN-GLV025,4,8,False,fewer_than_9_observed
SO-E0001484,12,0,True,eligible
NW-RSN0671,12,0,True,eligible
NW-88004976,7,5,False,fewer_than_9_observed
SO-RTN0060,5,7,False,fewer_than_9_observed
SO-E0007233,12,0,True,eligible
NE-49600504,12,0,True,eligible
NE-49100559,5,7,False,fewer_than_9_observed
AN-SANDHILL,12,0,True,eligible
SW-E3110500,12,0,True,eligible
MD-SSN0491,12,0,True,eligible
NE-49500851,11,1,True,eligible
NE-49000777,12,0,True,eligible
NW-RSN2020,12,0,True,eligible
AN-YAR150,12,0,True,eligible
SW-RSN1517,12,0,True,eligible
TH-PTHR0098,12,0,True,eligible
NW-88022900,1,11,False,fewer_than_9_observed
AN-RSN2120,12,0,True,eligible
SW-82528120,12,0,True,eligible
AN-RSN1076,12,0,True,eligible
SO-RSN2041,12,0,True,eligible
NE-49000133,12,0,True,eligible
SW-Z2030204,12,0,True,eligible
MD-10928820,12,0,True,eligible
MD-01749120,12,0,True,eligible
MD-23322635,7,5,False,fewer_than_9_observed
NE-49105163,12,0,True,eligible
NW-88003571,12,0,True,eligible
AN-RSN2329,12,0,True,eligible
MD-48189100,12,0,True,eligible
SW-RTN0041,5,7,False,fewer_than_9_observed
SO-E0004842,12,0,True,eligible
MD-58809180,12,0,True,eligible
SW-60031397,12,0,True,eligible
SW-A4070103,12,0,True,eligible
MD-48716220,12,0,True,eligible
NE-RSN1596,12,0,True,eligible
TH-RSN0269,12,0,True,eligible
SW-82710977,12,0,True,eligible
NE-49000381,12,0,True,eligible
AN-EADR010A,1,11,False,fewer_than_9_observed
AN-STEP5,12,0,True,eligible
AN-FOSTBECK,12,0,True,eligible
SW-RSN2291,12,0,True,eligible
TH-RSN2050,12,0,True,eligible
MD-20367420,12,0,True,eligible
NE-49105205,12,0,True,eligible
NW-88000778,12,0,True,eligible
NE-49705108,1,11,False,fewer_than_9_observed
NE-49100394,12,0,True,eligible
NW-88000823,12,0,True,eligible
AN-41M03,12,0,True,eligible
MD-38082200,12,0,True,eligible
SO-G0003852,12,0,True,eligible
TH-PCHR0026,12,0,True,eligible
TH-PTHR0105,12,0,True,eligible
SW-60030507,12,0,True,eligible
SO-E0007366,0,12,False,zero_observed_features
NW-88002413,12,0,True,eligible
MD-07687720,12,0,True,eligible
SW-70621750,6,6,False,fewer_than_9_observed
AN-02M18,12,0,True,eligible
SW-70821702,12,0,True,eligible
SO-E0000970,12,0,True,eligible
NE-41000379,12,0,True,eligible
SW-Z1520115,12,0,True,eligible
NE-49500641,12,0,True,eligible
NW-88025786,12,0,True,eligible
SW-82511305,12,0,True,eligible
AN-37M19,1,11,False,fewer_than_9_observed
NW-RSN2308,12,0,True,eligible
SW-81710145,1,11,False,fewer_than_9_observed
MD-RSN1678,12,0,True,eligible
AN-ORE020,12,0,True,eligible
SO-E0001712,12,0,True,eligible
MD-RSN1566,12,0,True,eligible
AN-RSN0661,12,0,True,eligible
SW-81420208,12,0,True,eligible
NW-88000882,12,0,True,eligible
SW-50040405,12,0,True,eligible
SO-RSN0885,12,0,True,eligible
SW-70810155,12,0,True,eligible
NE-49301481,12,0,True,eligible
AN-22M67,5,7,False,fewer_than_9_observed
SO-G0003885,12,0,True,eligible
NE-49200292,12,0,True,eligible
MD-RSN1066,12,0,True,eligible
NE-49500304,12,0,True,eligible
TH-RSN2306,12,0,True,eligible
AN-HELPST02,9,3,True,eligible
MD-26272800,12,0,True,eligible
MD-28064100,8,4,False,fewer_than_9_observed
SO-F0002080,12,0,True,eligible
AN-NENE040F,12,0,True,eligible
NW-88004025,0,12,False,zero_observed_features
NE-49505173,12,0,True,eligible
TH-PMLR0251,5,7,False,fewer_than_9_observed
TH-PLDR0073,12,0,True,eligible
MD-00025085,12,0,True,eligible
AN-SPRINGWL,12,0,True,eligible
SO-E0000957,12,0,True,eligible
SW-73060145,12,0,True,eligible
NW-88024716,1,11,False,fewer_than_9_observed
AN-SEVENTOW,12,0,True,eligible
MD-38477180,12,0,True,eligible
AN-WINT3,12,0,True,eligible
AN-ANWK3,12,0,True,eligible
NW-88006196,12,0,True,eligible
SW-E3160700,12,0,True,eligible
NW-88003185,12,0,True,eligible
NW-88005164,12,0,True,eligible
AN-BUGB090B,12,0,True,eligible
NW-88003972,12,0,True,eligible
NW-88002741,12,0,True,eligible
AN-WILL040D,12,0,True,eligible
NW-88002860,12,0,True,eligible
AN-66M04,4,8,False,fewer_than_9_observed
TH-PCHR0030,12,0,True,eligible
MD-29274830,12,0,True,eligible
TH-PCRR0063,12,0,True,eligible
TH-PRTS0017,8,4,False,fewer_than_9_observed
SO-F0002084,12,0,True,eligible
NE-SSN0085,12,0,True,eligible
SO-E0007354,8,4,False,fewer_than_9_observed
MD-38814195,12,0,True,eligible
SW-50040227,12,0,True,eligible
NW-88003835,12,0,True,eligible
MD-47513300,12,0,True,eligible
NE-49100198,12,0,True,eligible
NE-49505164,12,0,True,eligible
TH-PRTS0548,4,8,False,fewer_than_9_observed
TH-RSN1114,12,0,True,eligible
NW-88000881,12,0,True,eligible
NW-88022180,12,0,True,eligible
SW-82211965,4,8,False,fewer_than_9_observed
NW-88022141,12,0,True,eligible
MD-27045180,12,0,True,eligible
SW-50221110,12,0,True,eligible
NW-88000618,12,0,True,eligible
AN-DOV010,12,0,True,eligible
MD-36781720,1,11,False,fewer_than_9_observed
NE-49105197,12,0,True,eligible
SO-RSN2269,12,0,True,eligible
MD-RSN0662,12,0,True,eligible
NW-88005567,12,0,True,eligible
SO-E0001726,12,0,True,eligible
MD-78524800,8,4,False,fewer_than_9_observed
NE-RSN0447,12,0,True,eligible
SO-G0003699,12,0,True,eligible
AN-RSN0177,12,0,True,eligible
MD-51765106,11,1,True,eligible
TH-PUTR0057,12,0,True,eligible
AN-37M05,12,0,True,eligible
MD-51025191,11,1,True,eligible
TH-PTNR0099,0,12,False,zero_observed_features
AN-04M19,12,0,True,eligible
SO-E0007260,12,0,True,eligible
AN-06M32,1,11,False,fewer_than_9_observed
SW-50340205,12,0,True,eligible
AN-CREEK,12,0,True,eligible
AN-GLV060,12,0,True,eligible
NW-RSN1696,12,0,True,eligible
MD-56379100,12,0,True,eligible
NW-88005731,12,0,True,eligible
MD-09199020,12,0,True,eligible
AN-RSN2049,12,0,True,eligible
NW-88005161,12,0,True,eligible
SW-82010127,6,6,False,fewer_than_9_observed
SW-82221871,12,0,True,eligible
MD-06379030,9,3,True,eligible
NE-49500658,12,0,True,eligible
NW-88022505,4,8,False,fewer_than_9_observed
SW-60120100,12,0,True,eligible
AN-WEN045,12,0,True,eligible
NW-RSN0143,12,0,True,eligible
NE-49200293,12,0,True,eligible
NE-49500690,12,0,True,eligible
MD-RSN1794,12,0,True,eligible
MD-28660240,12,0,True,eligible
AN-WNG040,12,0,True,eligible
SO-E0007196,10,2,True,eligible
NW-88004904,12,0,True,eligible
NE-49100471,5,7,False,fewer_than_9_observed
MD-RSN0822,12,0,True,eligible
NW-88024609,4,8,False,fewer_than_9_observed
SW-SSN0416,12,0,True,eligible
SW-73031097,12,0,True,eligible
SW-B3130502,12,0,True,eligible
SW-72912320,12,0,True,eligible
NE-49301556,12,0,True,eligible
MD-43972380,12,0,True,eligible
NE-49200005,12,0,True,eligible
SW-C0489000,12,0,True,eligible
SW-50211720,12,0,True,eligible
SW-81950650,12,0,True,eligible
NW-88002147,11,1,True,eligible
AN-BRAM140S,12,0,True,eligible
SW-72923103,12,0,True,eligible
SW-82710402,12,0,True,eligible
AN-DEB023,12,0,True,eligible
SO-G0003806,12,0,True,eligible
NW-88024208,12,0,True,eligible
NW-88003554,12,0,True,eligible
AN-FULBECKB,12,0,True,eligible
TH-PRTS0549,4,8,False,fewer_than_9_observed
SW-73210106,12,0,True,eligible
NE-SSN0641,12,0,True,eligible
SW-C0538000,12,0,True,eligible
TH-PTAR0033,12,0,True,eligible
SO-F0002895,12,0,True,eligible
SO-F0003020,12,0,True,eligible
SW-60010811,12,0,True,eligible
SW-70230605,12,0,True,eligible
SW-E8200200,12,0,True,eligible
AN-DSCRANGS,12,0,True,eligible
NW-88001922,9,3,True,eligible
MD-10933790,12,0,True,eligible
SW-60220800,12,0,True,eligible
NE-49600184,12,0,True,eligible
AN-FRES7,12,0,True,eligible
NW-88022295,12,0,True,eligible
MD-53185280,12,0,True,eligible
TH-PCHR0041,12,0,True,eligible
AN-05M03,12,0,True,eligible
NE-49905212,1,11,False,fewer_than_9_observed
NW-88001886,8,4,False,fewer_than_9_observed
MD-38642900,12,0,True,eligible
AN-GLEN110B,12,0,True,eligible
NW-88004093,12,0,True,eligible
NW-88000797,12,0,True,eligible
AN-TG315,12,0,True,eligible
TH-SSN0699,12,0,True,eligible
MD-25340820,8,4,False,fewer_than_9_observed
MD-39323800,7,5,False,fewer_than_9_observed
AN-DEB030,12,0,True,eligible
MD-58326380,12,0,True,eligible
AN-SB0101,12,0,True,eligible
MD-29996560,3,9,False,fewer_than_9_observed
AN-RISE260H,12,0,True,eligible
NE-SSN0505,12,0,True,eligible
NE-49105221,12,0,True,eligible
SW-82312350,9,3,True,eligible
AN-YAR100,12,0,True,eligible
TH-PUTR0246,12,0,True,eligible
AN-USODSMBY,12,0,True,eligible
SW-A0340115,12,0,True,eligible
NW-88022231,12,0,True,eligible
AN-42M07,12,0,True,eligible
AN-DEB0112,12,0,True,eligible
NE-49300644,12,0,True,eligible
AN-SCALDWEL,12,0,True,eligible
MD-37644333,11,1,True,eligible
MD-38038070,12,0,True,eligible
SO-F0002158,12,0,True,eligible
SO-E0000979,12,0,True,eligible
SW-82110802,3,9,False,fewer_than_9_observed
SW-RSN0190,12,0,True,eligible
AN-WELL570T,12,0,True,eligible
AN-CHAPELDR,12,0,True,eligible
TH-PTHR0065,12,0,True,eligible
SO-E0001524,12,0,True,eligible
SO-E0004850,12,0,True,eligible
MD-25293120,12,0,True,eligible
SW-60260100,12,0,True,eligible
MD-05217560,12,0,True,eligible
AN-16M03,12,0,True,eligible
SW-82410635,1,11,False,fewer_than_9_observed
MD-42534050,12,0,True,eligible
MD-25741080,12,0,True,eligible
SW-C0268000,12,0,True,eligible
MD-04832580,12,0,True,eligible
SW-60033340,12,0,True,eligible
SO-SSN0119,12,0,True,eligible
NW-88022536,12,0,True,eligible
SO-RSN1921,12,0,True,eligible
NW-88004604,12,0,True,eligible
NW-88003993,12,0,True,eligible
NW-88001830,12,0,True,eligible
NE-RSN1756,12,0,True,eligible
AN-SFFT6,12,0,True,eligible
MD-RSN1540,12,0,True,eligible
AN-58M06,12,0,True,eligible
AN-20M15,12,0,True,eligible
SW-70522649,12,0,True,eligible
NE-41000445,12,0,True,eligible
AN-27M07,12,0,True,eligible
MD-52820748,8,4,False,fewer_than_9_observed
NE-49105132,12,0,True,eligible
AN-21M05,12,0,True,eligible
AN-17M12,1,11,False,fewer_than_9_observed
NE-41000083,12,0,True,eligible
MD-09190020,12,0,True,eligible
NW-88023607,12,0,True,eligible
SW-RSN1259,12,0,True,eligible
AN-53M37,12,0,True,eligible
NE-49905163,12,0,True,eligible
AN-BL11,12,0,True,eligible
SW-81261102,12,0,True,eligible
NW-RSN1532,12,0,True,eligible
MD-20205190,12,0,True,eligible
TH-RSN0873,12,0,True,eligible
AN-MARKETGS,3,9,False,fewer_than_9_observed
SW-E2032300,12,0,True,eligible
SW-81610559,12,0,True,eligible
MD-42579020,12,0,True,eligible
SO-E0007268,12,0,True,eligible
SO-G0004027,12,0,True,eligible
MD-10932420,12,0,True,eligible
MD-00049650,12,0,True,eligible
SO-G0003795,12,0,True,eligible
MD-33422430,12,0,True,eligible
NW-88009719,12,0,True,eligible
NW-RSN1895,12,0,True,eligible
AN-66M32,0,12,False,zero_observed_features
SW-70220566,12,0,True,eligible
MD-38474920,12,0,True,eligible
SO-G0003976,12,0,True,eligible
SW-A1330101,12,0,True,eligible
TH-PTAR0112,12,0,True,eligible
TH-RSN1941,12,0,True,eligible
NW-88023006,4,8,False,fewer_than_9_observed
SW-82010123,6,6,False,fewer_than_9_observed
NW-RSN1252,12,0,True,eligible
AN-47M01,12,0,True,eligible
NE-49705109,1,11,False,fewer_than_9_observed
NW-88002341,12,0,True,eligible
SO-Y0004421,12,0,True,eligible
MD-RSN1634,12,0,True,eligible
AN-MT0612,0,12,False,zero_observed_features
SW-G0218002,0,12,False,zero_observed_features
AN-38M11,12,0,True,eligible
NE-49505159,12,0,True,eligible
SO-E0001133,6,6,False,fewer_than_9_observed
SW-50510309,12,0,True,eligible
SW-70541218,12,0,True,eligible
AN-STONTON,12,0,True,eligible
MD-22932040,3,9,False,fewer_than_9_observed
AN-37M12,12,0,True,eligible
SO-F0002099,12,0,True,eligible
SO-G0004159,12,0,True,eligible
SW-82711480,12,0,True,eligible
MD-26272390,12,0,True,eligible
SW-82010166,6,6,False,fewer_than_9_observed
SW-82610105,12,0,True,eligible
SW-70812370,12,0,True,eligible
AN-RSN2034,12,0,True,eligible
NW-88002496,12,0,True,eligible
TH-PCNR0039,12,0,True,eligible
NE-49105195,12,0,True,eligible
AN-WITHA,12,0,True,eligible
NE-49400406,12,0,True,eligible
SW-RSN0455,12,0,True,eligible
AN-STRC1,12,0,True,eligible
SW-82540150,12,0,True,eligible
NE-49400428,12,0,True,eligible
NW-88005709,3,9,False,fewer_than_9_observed
TH-PTAR0118,12,0,True,eligible
TH-PKER0032,1,11,False,fewer_than_9_observed
NW-88000610,12,0,True,eligible
NE-49600457,12,0,True,eligible
NE-RSN2072,12,0,True,eligible
NW-88023109,12,0,True,eligible
TH-RSN0769,12,0,True,eligible
MD-28147240,12,0,True,eligible
NW-SSN1410,12,0,True,eligible
NE-49000755,12,0,True,eligible
SW-A2280148,12,0,True,eligible
MD-23850040,8,4,False,fewer_than_9_observed
NE-SSN0081,12,0,True,eligible
SW-50510120,12,0,True,eligible
NE-49105239,8,4,False,fewer_than_9_observed
NE-49301388,12,0,True,eligible
MD-61673900,12,0,True,eligible
NW-88003995,12,0,True,eligible
AN-48M55,12,0,True,eligible
AN-33M28,12,0,True,eligible
SO-E0004851,12,0,True,eligible
MD-08036030,12,0,True,eligible
MD-66529440,12,0,True,eligible
SW-E8000900,12,0,True,eligible
SW-82311926,1,11,False,fewer_than_9_observed
SW-73060116,12,0,True,eligible
SW-81111830,1,11,False,fewer_than_9_observed
MD-44689405,4,8,False,fewer_than_9_observed
NE-49600487,12,0,True,eligible
AN-37M08,12,0,True,eligible
SW-RSN0771,12,0,True,eligible
MD-78921700,8,4,False,fewer_than_9_observed
MD-23814180,8,4,False,fewer_than_9_observed
NW-88002014,12,0,True,eligible
NW-88004544,12,0,True,eligible
NW-88003117,12,0,True,eligible
SW-81223615,1,11,False,fewer_than_9_observed
SW-73030110,12,0,True,eligible
AN-CDRF080D,12,0,True,eligible
AN-BL1140,12,0,True,eligible
NW-RSN1848,12,0,True,eligible
MD-72772480,12,0,True,eligible
NW-88005180,12,0,True,eligible
SW-72932020,12,0,True,eligible
NW-88023206,12,0,True,eligible
SW-RSN1243,12,0,True,eligible
MD-RSN0180,12,0,True,eligible
SO-RSN0361,12,0,True,eligible
MD-04833420,12,0,True,eligible
SW-A0340179,12,0,True,eligible
NW-88006233,12,0,True,eligible
SW-RSN0423,11,1,True,eligible
SO-G0003858,12,0,True,eligible
SW-SSN1296,12,0,True,eligible
MD-04769220,12,0,True,eligible
NW-88000858,12,0,True,eligible
NW-88002589,12,0,True,eligible
AN-03M10,12,0,True,eligible
TH-PMLR0038,12,0,True,eligible
SW-Z1520104,12,0,True,eligible
SW-82115062,12,0,True,eligible
SO-E0000551,12,0,True,eligible
AN-ORBY2,12,0,True,eligible
SW-60250408,12,0,True,eligible
AN-30M04,12,0,True,eligible
SO-E0001788,12,0,True,eligible
AN-GIP030,12,0,True,eligible
SW-70501016,12,0,True,eligible
NW-88005667,12,0,True,eligible
SW-81281158,12,0,True,eligible
MD-78704020,12,0,True,eligible
SW-82311344,12,0,True,eligible
MD-08023980,12,0,True,eligible
TH-PTHR0014,12,0,True,eligible
AN-02M22,12,0,True,eligible
AN-SOUTHWCK,12,0,True,eligible
NE-49400449,12,0,True,eligible
MD-01282410,1,11,False,fewer_than_9_observed
SO-E0001425,12,0,True,eligible
MD-RTN0018,5,7,False,fewer_than_9_observed
SW-82511704,12,0,True,eligible
MD-30234380,12,0,True,eligible
NE-RSN2316,12,0,True,eligible
MD-07423020,12,0,True,eligible
SO-G0006504,5,7,False,fewer_than_9_observed
SW-60041650,12,0,True,eligible
SW-RSN0983,12,0,True,eligible
NE-41000254,6,6,False,fewer_than_9_observed
NE-49301513,12,0,True,eligible
TH-PMLR0039,12,0,True,eligible
SW-Z1011102,12,0,True,eligible
SO-E0004857,12,0,True,eligible
NE-49505158,12,0,True,eligible
MD-RSN0750,12,0,True,eligible
NW-88005536,12,0,True,eligible
AN-STLGWYFB,12,0,True,eligible
MD-45691150,12,0,True,eligible
TH-PTAR0014,12,0,True,eligible
SW-50230147,1,11,False,fewer_than_9_observed
NW-88019804,12,0,True,eligible
SW-73030189,11,1,True,eligible
SW-RSN1043,12,0,True,eligible
SO-E0007036,12,0,True,eligible
SW-63330106,12,0,True,eligible
NE-49300543,12,0,True,eligible
NW-88005903,12,0,True,eligible
NE-49105186,12,0,True,eligible
NE-RSN1100,12,0,True,eligible
NE-49705001,12,0,True,eligible
MD-37525190,11,1,True,eligible
NE-49905150,12,0,True,eligible
NE-49700401,5,7,False,fewer_than_9_observed
SW-81930105,1,11,False,fewer_than_9_observed
NW-88023117,12,0,True,eligible
NE-41000268,12,0,True,eligible
MD-29991780,8,4,False,fewer_than_9_observed
NW-88002870,12,0,True,eligible
TH-PUTR0023,12,0,True,eligible
AN-BB0125,12,0,True,eligible
AN-SLAD060F,12,0,True,eligible
SO-F0017487,1,11,False,fewer_than_9_observed
SW-70723020,12,0,True,eligible
NE-49700062,12,0,True,eligible
AN-FALDBECK,12,0,True,eligible
SW-50040749,12,0,True,eligible
NW-88025859,1,11,False,fewer_than_9_observed
NW-88002857,4,8,False,fewer_than_9_observed
MD-53784050,12,0,True,eligible
MD-54365670,12,0,True,eligible
AN-ST15,12,0,True,eligible
NW-88002089,12,0,True,eligible
TH-PTAR0047,12,0,True,eligible
SW-RSN1533,12,0,True,eligible
SW-RSN0157,12,0,True,eligible
NE-49100298,12,0,True,eligible
TH-PRTS0425,4,8,False,fewer_than_9_observed
SW-60250477,12,0,True,eligible
SW-82010193,6,6,False,fewer_than_9_observed
SW-81914803,0,12,False,zero_observed_features
NW-88000779,12,0,True,eligible
MD-25607190,1,11,False,fewer_than_9_observed
MD-28432380,12,0,True,eligible
SW-Z1470101,12,0,True,eligible
SO-Y0004525,12,0,True,eligible
SW-73070130,12,0,True,eligible
NE-49400101,3,9,False,fewer_than_9_observed
AN-53M09,12,0,True,eligible
MD-42253300,12,0,True,eligible
SW-81918003,12,0,True,eligible
TH-RSN0018,12,0,True,eligible
NE-49105187,12,0,True,eligible
MD-51705250,12,0,True,eligible
AN-14M12,12,0,True,eligible
MD-38367972,10,2,True,eligible
TH-PCHR0014,12,0,True,eligible
NW-88004927,12,0,True,eligible
SO-F0002083,12,0,True,eligible
NW-88023120,12,0,True,eligible
MD-22733450,12,0,True,eligible
SW-70570104,12,0,True,eligible
NW-88023153,12,0,True,eligible
SW-70613403,0,12,False,zero_observed_features
AN-SCRVLSBY,12,0,True,eligible
AN-SLEA5,12,0,True,eligible
TH-PUTR0051,12,0,True,eligible
NW-88001916,12,0,True,eligible
MD-65901050,12,0,True,eligible
NW-88002598,12,0,True,eligible
MD-RSN0374,12,0,True,eligible
NW-RSN1060,12,0,True,eligible
TH-RSN2141,12,0,True,eligible
AN-RTN0047,5,7,False,fewer_than_9_observed
NW-88006181,12,0,True,eligible
NE-49505154,12,0,True,eligible
NW-88000589,12,0,True,eligible
AN-03M28,5,7,False,fewer_than_9_observed
NE-49301612,4,8,False,fewer_than_9_observed
MD-25029740,12,0,True,eligible
MD-47968200,12,0,True,eligible
MD-23619190,12,0,True,eligible
SW-70633210,4,8,False,fewer_than_9_observed
AN-RSN0612,12,0,True,eligible
MD-C0000113,1,11,False,fewer_than_9_observed
MD-SSN0689,12,0,True,eligible
NW-88003989,12,0,True,eligible
NE-49705081,12,0,True,eligible
NE-49301461,12,0,True,eligible
AN-WAV095,3,9,False,fewer_than_9_observed
AN-BARN085B,12,0,True,eligible
AN-SDRO020L,4,8,False,fewer_than_9_observed
MD-73323180,1,11,False,fewer_than_9_observed
MD-58662740,1,11,False,fewer_than_9_observed
TH-PUTR0079,12,0,True,eligible
AN-26M20,12,0,True,eligible
AN-BAINE,12,0,True,eligible
SW-70815303,0,12,False,zero_observed_features
AN-BLY008,12,0,True,eligible
AN-REDBRNE,12,0,True,eligible
TH-RSN0146,12,0,True,eligible
SW-72940136,12,0,True,eligible
MD-20792100,12,0,True,eligible
AN-19M04,3,9,False,fewer_than_9_observed
NW-88022642,4,8,False,fewer_than_9_observed
NW-88000672,12,0,True,eligible
SO-E0007358,8,4,False,fewer_than_9_observed
AN-ALLB060C,12,0,True,eligible
MD-H0000084,12,0,True,eligible
SW-82211838,3,9,False,fewer_than_9_observed
SO-RTN0062,5,7,False,fewer_than_9_observed
AN-35M24,12,0,True,eligible
SW-82511156,12,0,True,eligible
NE-RSN1908,12,0,True,eligible
NW-RSN1888,12,0,True,eligible
AN-WAV100,12,0,True,eligible
SW-SSN0512,12,0,True,eligible
SW-50350160,12,0,True,eligible
SW-C0242100,12,0,True,eligible
SW-E3120500,12,0,True,eligible
SW-50341729,12,0,True,eligible
NW-88002497,12,0,True,eligible
MD-46953033,12,0,True,eligible
NW-88006427,12,0,True,eligible
SW-Z4170201,12,0,True,eligible
SO-E0001131,12,0,True,eligible
MD-20671100,3,9,False,fewer_than_9_observed
NW-88010165,12,0,True,eligible
MD-22272120,1,11,False,fewer_than_9_observed
MD-37219200,12,0,True,eligible
SW-73111212,12,0,True,eligible
NE-49500626,12,0,True,eligible
NW-88022980,12,0,True,eligible
NE-49400209,11,1,True,eligible
NE-41000401,12,0,True,eligible
SW-E7010200,12,0,True,eligible
NE-49302001,12,0,True,eligible
NW-88003450,12,0,True,eligible
MD-RTN0013,5,7,False,fewer_than_9_observed
NE-49300294,12,0,True,eligible
AN-BOYG1,12,0,True,eligible
SW-82510210,4,8,False,fewer_than_9_observed
AN-WHIL025T,12,0,True,eligible
MD-57202150,12,0,True,eligible
NW-88004016,12,0,True,eligible
NW-88002701,12,0,True,eligible
MD-54420750,12,0,True,eligible
AN-SSN1353,12,0,True,eligible
NE-49400503,12,0,True,eligible
SW-60040405,1,11,False,fewer_than_9_observed
NE-RSN1640,12,0,True,eligible
SW-50700516,12,0,True,eligible
NW-88023953,12,0,True,eligible
AN-HOLR120H,12,0,True,eligible
NE-49400339,12,0,True,eligible
TH-PRTS0024,8,4,False,fewer_than_9_observed
NE-49000780,12,0,True,eligible
SO-RTN0023,5,7,False,fewer_than_9_observed
AN-SSN0025,12,0,True,eligible
TH-PLER0029,12,0,True,eligible
NW-88015139,12,0,True,eligible
AN-NENE250D,12,0,True,eligible
NW-88025785,12,0,True,eligible
AN-29M04,12,0,True,eligible
TH-RTN0036,5,7,False,fewer_than_9_observed
SW-81201444,12,0,True,eligible
SW-Z9380202,12,0,True,eligible
NE-49300619,12,0,True,eligible
AN-HAMM6,4,8,False,fewer_than_9_observed
SW-82511707,0,12,False,zero_observed_features
NW-88005619,12,0,True,eligible
SW-73013210,1,11,False,fewer_than_9_observed
MD-23326940,8,4,False,fewer_than_9_observed
SW-70613202,1,11,False,fewer_than_9_observed
SO-E0007320,0,12,False,zero_observed_features
NE-49905228,4,8,False,fewer_than_9_observed
SW-50590101,3,9,False,fewer_than_9_observed
SO-F0002874,12,0,True,eligible
AN-BRN040,12,0,True,eligible
NE-49100419,12,0,True,eligible
SW-70522630,0,12,False,zero_observed_features
SO-E0001640,12,0,True,eligible
SW-91210261,12,0,True,eligible
SW-82111509,12,0,True,eligible
NE-49300736,6,6,False,fewer_than_9_observed
AN-36M03,12,0,True,eligible
NW-88005147,12,0,True,eligible
MD-30696755,12,0,True,eligible
AN-RSN1132,12,0,True,eligible
MD-15785750,12,0,True,eligible
NW-RSN1648,12,0,True,eligible
AN-GRMSTHRP,12,0,True,eligible
NW-88005137,12,0,True,eligible
NE-49105236,1,11,False,fewer_than_9_observed
SO-E0007282,4,8,False,fewer_than_9_observed
SW-50311174,12,0,True,eligible
AN-FYN020,12,0,True,eligible
SW-91251635,9,3,True,eligible
SO-E0007283,0,12,False,zero_observed_features
MD-03780020,12,0,True,eligible
NE-RSN1820,12,0,True,eligible
MD-73852550,1,11,False,fewer_than_9_observed
SW-50600278,12,0,True,eligible
NW-88006317,12,0,True,eligible
MD-04791460,12,0,True,eligible
MD-53808080,12,0,True,eligible
SW-70220602,12,0,True,eligible
NW-88006212,12,0,True,eligible
NE-49700056,12,0,True,eligible
MD-26951900,12,0,True,eligible
MD-RTN0017,5,7,False,fewer_than_9_observed
AN-LUDO3,12,0,True,eligible
SO-E0001773,3,9,False,fewer_than_9_observed
MD-RSN0792,12,0,True,eligible
NW-88001982,11,1,True,eligible
SW-82310975,1,11,False,fewer_than_9_observed
AN-29M08,12,0,True,eligible
SW-81950902,1,11,False,fewer_than_9_observed
SW-73020255,12,0,True,eligible
MD-13310300,12,0,True,eligible
SW-Z4170107,12,0,True,eligible
SW-C0304100,12,0,True,eligible
MD-58470100,12,0,True,eligible
SO-G0004047,12,0,True,eligible
MD-61855310,12,0,True,eligible
SW-RSN1915,12,0,True,eligible
NE-RSN1028,12,0,True,eligible
MD-75130680,1,11,False,fewer_than_9_observed
SW-H1511748,12,0,True,eligible
SW-RSN0675,12,0,True,eligible
NE-49905241,4,8,False,fewer_than_9_observed
TH-PLER0073,12,0,True,eligible
NW-88002561,12,0,True,eligible
SW-82115061,12,0,True,eligible
SO-E0000995,12,0,True,eligible
NW-88006176,12,0,True,eligible
AN-38M07,12,0,True,eligible
MD-00038360,12,0,True,eligible
NW-SSN0005,11,1,True,eligible
AN-BDI030,12,0,True,eligible
SW-Z1060103,12,0,True,eligible
AN-KETT1,12,0,True,eligible
MD-RSN0262,12,0,True,eligible
NE-RSN0416,12,0,True,eligible
MD-46713100,11,1,True,eligible
MD-57795150,1,11,False,fewer_than_9_observed
MD-23324970,8,4,False,fewer_than_9_observed
NE-49400226,4,8,False,fewer_than_9_observed
MD-42734500,12,0,True,eligible
NE-49600112,12,0,True,eligible
NE-49700150,12,0,True,eligible
MD-04464180,12,0,True,eligible
MD-61644150,0,12,False,zero_observed_features
TH-RTN0037,5,7,False,fewer_than_9_observed
SW-70232717,12,0,True,eligible
AN-NETB2,12,0,True,eligible
SW-81281987,12,0,True,eligible
AN-VICTORBR,12,0,True,eligible
SO-G0004076,12,0,True,eligible
NW-88003194,3,9,False,fewer_than_9_observed
SW-RSN2018,12,0,True,eligible
MD-04831100,12,0,True,eligible
TH-PTHR0216,12,0,True,eligible
SW-Z1020101,12,0,True,eligible
NW-88002691,12,0,True,eligible
SO-F0017658,12,0,True,eligible
MD-42488950,12,0,True,eligible
AN-35M05,1,11,False,fewer_than_9_observed
NE-49100350,10,2,True,eligible
SO-G0003810,12,0,True,eligible
MD-RTN0028,5,7,False,fewer_than_9_observed
NW-88024657,12,0,True,eligible
AN-RSN1940,12,0,True,eligible
NW-88000592,3,9,False,fewer_than_9_observed
SW-91253225,1,11,False,fewer_than_9_observed
NE-49105191,12,0,True,eligible
SO-RSN1957,12,0,True,eligible
AN-BUR100,12,0,True,eligible
NW-88025867,1,11,False,fewer_than_9_observed
AN-CA0321,12,0,True,eligible
MD-30653040,12,0,True,eligible
NE-RTN0051,5,7,False,fewer_than_9_observed
AN-DEB0111,12,0,True,eligible
TH-PRTS0423,4,8,False,fewer_than_9_observed
NW-88002172,1,11,False,fewer_than_9_observed
SW-70242023,12,0,True,eligible
SW-B3130407,12,0,True,eligible
NW-88002375,12,0,True,eligible
NE-49000499,12,0,True,eligible
NE-RSN1232,12,0,True,eligible
SO-F0017621,0,12,False,zero_observed_features
SW-81951574,1,11,False,fewer_than_9_observed
MD-38367709,10,2,True,eligible
NE-49600461,12,0,True,eligible
AN-RAT005,12,0,True,eligible
NW-88005782,12,0,True,eligible
MD-37420400,12,0,True,eligible
SW-50342011,12,0,True,eligible
TH-PRTS0033,8,4,False,fewer_than_9_observed
NE-49300813,8,4,False,fewer_than_9_observed
NW-88025863,1,11,False,fewer_than_9_observed
SW-81234304,1,11,False,fewer_than_9_observed
SW-82520734,12,0,True,eligible
NW-88003169,12,0,True,eligible
SW-82410280,3,9,False,fewer_than_9_observed
TH-PRTS0431,4,8,False,fewer_than_9_observed
AN-CRIG5,12,0,True,eligible
NE-RSN1840,12,0,True,eligible
AN-26M61,1,11,False,fewer_than_9_observed
AN-RSN0046,12,0,True,eligible
MD-59714780,12,0,True,eligible
NW-88002602,12,0,True,eligible
MD-39683250,12,0,True,eligible
NW-88000830,12,0,True,eligible
TH-PRTS0013,8,4,False,fewer_than_9_observed
AN-59M13,12,0,True,eligible
SO-E0007234,0,12,False,zero_observed_features
NW-88023116,3,9,False,fewer_than_9_observed
AN-SANDBECK,12,0,True,eligible
MD-46713640,12,0,True,eligible
NW-88023723,1,11,False,fewer_than_9_observed
NE-RSN0959,12,0,True,eligible
NW-88004567,12,0,True,eligible
SW-50310187,1,11,False,fewer_than_9_observed
SW-73061202,12,0,True,eligible
AN-GL0158,12,0,True,eligible
AN-66M01,12,0,True,eligible
SW-73040211,12,0,True,eligible
MD-03709420,12,0,True,eligible
AN-FYN040,12,0,True,eligible
NW-88001975,12,0,True,eligible
TH-RSN0666,12,0,True,eligible
NW-88024243,10,2,True,eligible
AN-28M04,12,0,True,eligible
MD-RTN0025,5,7,False,fewer_than_9_observed
SO-E0001589,12,0,True,eligible
MD-40015020,12,0,True,eligible
AN-SSN1475,12,0,True,eligible
NE-49300394,12,0,True,eligible
MD-RTN0030,5,7,False,fewer_than_9_observed
SO-G0006579,12,0,True,eligible
AN-BEL020,12,0,True,eligible
NW-88022582,4,8,False,fewer_than_9_observed
SW-81917204,12,0,True,eligible
AN-BRAM050L,12,0,True,eligible
SW-82115060,12,0,True,eligible
MD-04833900,11,1,True,eligible
SW-50340404,12,0,True,eligible
MD-38367044,10,2,True,eligible
MD-04784040,1,11,False,fewer_than_9_observed
SW-C0398000,12,0,True,eligible
NE-49000103,12,0,True,eligible
AN-THP020,12,0,True,eligible
MD-RSN0134,12,0,True,eligible
TH-PCNR0026,12,0,True,eligible
NE-49401021,12,0,True,eligible
NE-RSN0191,12,0,True,eligible
NE-49000701,12,0,True,eligible
MD-23736100,8,4,False,fewer_than_9_observed
MD-00047820,12,0,True,eligible
AN-LKS19,12,0,True,eligible
NW-88025762,11,1,True,eligible
AN-LADETRB2,3,9,False,fewer_than_9_observed
TH-PWRR0007,12,0,True,eligible
NE-49302151,12,0,True,eligible
MD-23416980,12,0,True,eligible
NW-88002689,12,0,True,eligible
NE-49105219,12,0,True,eligible
SW-73110916,0,12,False,zero_observed_features
SO-E0001769,12,0,True,eligible
AN-RISG200R,12,0,True,eligible
AN-GWSH320N,12,0,True,eligible
SW-82211953,0,12,False,zero_observed_features
NW-88024641,12,0,True,eligible
AN-37M21,2,10,False,fewer_than_9_observed
AN-13M06,12,0,True,eligible
NW-88020889,12,0,True,eligible
MD-38367821,10,2,True,eligible
NE-49400293,4,8,False,fewer_than_9_observed
NW-88025783,12,0,True,eligible
SW-B3160107,12,0,True,eligible
SO-E0007261,12,0,True,eligible
MD-28063200,8,4,False,fewer_than_9_observed
SW-81914880,0,12,False,zero_observed_features
TH-RTN0003,5,7,False,fewer_than_9_observed
NE-49301355,12,0,True,eligible
AN-GRAS1,3,9,False,fewer_than_9_observed
NE-49705118,0,12,False,zero_observed_features
NW-88023155,12,0,True,eligible
SW-60100220,12,0,True,eligible
NE-49705138,4,8,False,fewer_than_9_observed
AN-HARP100L,1,11,False,fewer_than_9_observed
SO-G0017179,12,0,True,eligible
MD-06368450,4,8,False,fewer_than_9_observed
SO-F0002789,12,0,True,eligible
NW-88005875,12,0,True,eligible
NW-RSN1726,12,0,True,eligible
SW-70724140,12,0,True,eligible
TH-RTN0034,5,7,False,fewer_than_9_observed
AN-PYTB030P,12,0,True,eligible
SW-50210347,1,11,False,fewer_than_9_observed
MD-RTN0015,5,7,False,fewer_than_9_observed
SW-RTN0065,5,7,False,fewer_than_9_observed
SW-82112430,3,9,False,fewer_than_9_observed
TH-PRTS0002,8,4,False,fewer_than_9_observed
MD-58807990,12,0,True,eligible
AN-41M30,12,0,True,eligible
SW-73031080,12,0,True,eligible
SW-81811515,4,8,False,fewer_than_9_observed
SW-SSN1300,12,0,True,eligible
MD-23323040,0,12,False,zero_observed_features
NW-SSN0106,12,0,True,eligible
SW-81950803,7,5,False,fewer_than_9_observed
NW-88006321,1,11,False,fewer_than_9_observed
NW-88000897,12,0,True,eligible
SO-E0000919,12,0,True,eligible
MD-38478690,4,8,False,fewer_than_9_observed
SO-E0001690,12,0,True,eligible
SW-72940381,12,0,True,eligible
NW-88006288,12,0,True,eligible
NE-49600065,12,0,True,eligible
MD-RSN1682,12,0,True,eligible
SW-72932016,12,0,True,eligible
MD-03959280,10,2,True,eligible
NW-88002390,12,0,True,eligible
NW-RSN2127,12,0,True,eligible
SW-50260521,12,0,True,eligible
NW-88019870,12,0,True,eligible
TH-PRVR0029,12,0,True,eligible
NE-49705115,0,12,False,zero_observed_features
SW-70514620,12,0,True,eligible
SW-60031125,12,0,True,eligible
MD-44205300,12,0,True,eligible
NW-88003473,12,0,True,eligible
SW-50900712,12,0,True,eligible
NW-88025764,11,1,True,eligible
NW-88025782,12,0,True,eligible
MD-63165505,1,11,False,fewer_than_9_observed
SW-60050450,0,12,False,zero_observed_features
SW-81290160,12,0,True,eligible
NE-49000747,12,0,True,eligible
NW-88024221,8,4,False,fewer_than_9_observed
MD-10324230,12,0,True,eligible
MD-38367889,10,2,True,eligible
MD-37421950,12,0,True,eligible
SW-50031365,0,12,False,zero_observed_features
NW-88025758,12,0,True,eligible
NW-88003834,12,0,True,eligible
AN-26M19,1,11,False,fewer_than_9_observed
SO-F0003252,12,0,True,eligible
NW-88001850,12,0,True,eligible
MD-58662800,1,11,False,fewer_than_9_observed
AN-WD08,12,0,True,eligible
AN-37M59,1,11,False,fewer_than_9_observed
SW-RTN0044,5,7,False,fewer_than_9_observed
SO-E0007319,0,12,False,zero_observed_features
SO-E0001751,12,0,True,eligible
NW-88004018,0,12,False,zero_observed_features
NE-49500145,12,0,True,eligible
NW-88022195,12,0,True,eligible
NW-88003526,12,0,True,eligible
NW-88021236,1,11,False,fewer_than_9_observed
SW-70591508,12,0,True,eligible
MD-44925430,12,0,True,eligible
MD-RTN0069,5,7,False,fewer_than_9_observed
AN-52M20,12,0,True,eligible
SW-82010122,6,6,False,fewer_than_9_observed
AN-HD0035,12,0,True,eligible
NW-88002434,12,0,True,eligible
SW-50260439,12,0,True,eligible
NW-88003881,12,0,True,eligible
SW-82221855,4,8,False,fewer_than_9_observed
NW-88023122,12,0,True,eligible
NW-88000766,12,0,True,eligible
SW-50340121,12,0,True,eligible
AN-22M60,2,10,False,fewer_than_9_observed
AN-ALD004,12,0,True,eligible
NW-88006218,12,0,True,eligible
SW-70826089,12,0,True,eligible
SW-70920116,12,0,True,eligible
NE-RTN0012,5,7,False,fewer_than_9_observed
SW-82710129,12,0,True,eligible
NW-88002484,12,0,True,eligible
AN-HUSBOSTA,10,2,True,eligible
MD-57048900,0,12,False,zero_observed_features
AN-RSN0670,12,0,True,eligible
MD-10932840,12,0,True,eligible
SW-60230007,9,3,True,eligible
NE-49705132,4,8,False,fewer_than_9_observed
NE-49400181,4,8,False,fewer_than_9_observed
MD-13624310,12,0,True,eligible
SW-70613502,1,11,False,fewer_than_9_observed
SW-73110509,0,12,False,zero_observed_features
SO-RSN1281,12,0,True,eligible
SO-F0003142,12,0,True,eligible
MD-23538220,12,0,True,eligible
NW-88004529,12,0,True,eligible
MD-61226020,12,0,True,eligible
MD-04766100,12,0,True,eligible
NE-49905164,12,0,True,eligible
SW-82310105,1,11,False,fewer_than_9_observed
SW-50341811,12,0,True,eligible
NW-SSN0166,12,0,True,eligible
SW-50240184,12,0,True,eligible
AN-PRIORLNE,12,0,True,eligible
NW-88004403,12,0,True,eligible
NE-49301786,12,0,True,eligible
AN-33M23,12,0,True,eligible
MD-23416120,12,0,True,eligible
NE-49705127,4,8,False,fewer_than_9_observed
AN-GLV004,3,9,False,fewer_than_9_observed
MD-45216170,12,0,True,eligible
AN-TRUSTHRP,12,0,True,eligible
AN-BEAU010P,5,7,False,fewer_than_9_observed
NE-RSN1928,12,0,True,eligible
SW-60030143,7,5,False,fewer_than_9_observed
MD-13612520,1,11,False,fewer_than_9_observed
AN-MOWB2,12,0,True,eligible
NW-88003830,12,0,True,eligible
NW-88000584,12,0,True,eligible
MD-04782020,12,0,True,eligible
TH-PWRR0035,12,0,True,eligible
NW-88022598,12,0,True,eligible
NW-88000832,12,0,True,eligible
NE-49300955,5,7,False,fewer_than_9_observed
SO-E0007265,12,0,True,eligible
AN-22M70,5,7,False,fewer_than_9_observed
NW-88024248,1,11,False,fewer_than_9_observed
TH-PTAR0045,12,0,True,eligible
NW-88004422,12,0,True,eligible
TH-PLER0116,12,0,True,eligible
TH-RSN1586,12,0,True,eligible
SW-81201612,12,0,True,eligible
AN-EYEB050T,12,0,True,eligible
SW-E1004400,12,0,True,eligible
SW-RSN1555,12,0,True,eligible
SW-RSN0663,12,0,True,eligible
SW-72811028,12,0,True,eligible
SO-G0006971,12,0,True,eligible
MD-RSN2271,12,0,True,eligible
MD-22246680,5,7,False,fewer_than_9_observed
SW-81950894,8,4,False,fewer_than_9_observed
SW-81710381,4,8,False,fewer_than_9_observed
SW-A3230103,12,0,True,eligible
SW-60031210,12,0,True,eligible
MD-28064150,8,4,False,fewer_than_9_observed
NE-49100596,12,0,True,eligible
MD-52231140,12,0,True,eligible
NW-88003416,12,0,True,eligible
NW-88003817,12,0,True,eligible
MD-11827020,12,0,True,eligible
TH-PWER0001,12,0,True,eligible
AN-BRAM070B,12,0,True,eligible
MD-C0000039,1,11,False,fewer_than_9_observed
NW-88023949,12,0,True,eligible
NE-49905207,12,0,True,eligible
SW-Z8480238,12,0,True,eligible
SW-60032880,12,0,True,eligible
MD-60034305,1,11,False,fewer_than_9_observed
NW-88002519,12,0,True,eligible
SW-50240169,1,11,False,fewer_than_9_observed
NW-88000763,12,0,True,eligible
SO-E0004859,12,0,True,eligible
SW-82713235,12,0,True,eligible
NW-88005057,12,0,True,eligible
MD-00041730,4,8,False,fewer_than_9_observed
NW-RSN2016,12,0,True,eligible
SW-81930920,9,3,True,eligible
NW-88003200,12,0,True,eligible
MD-22146620,8,4,False,fewer_than_9_observed
SW-82010190,6,6,False,fewer_than_9_observed
AN-LKS15,1,11,False,fewer_than_9_observed
AN-GIP160,12,0,True,eligible
NW-88022196,12,0,True,eligible
NW-88024649,12,0,True,eligible
SW-81521468,0,12,False,zero_observed_features
NE-49200306,12,0,True,eligible
SW-60220625,9,3,True,eligible
SW-A3200201,12,0,True,eligible
SW-B3130102,12,0,True,eligible
AN-GLEN480B,12,0,True,eligible
SW-70240215,12,0,True,eligible
TH-RTN0002,5,7,False,fewer_than_9_observed
NE-49105177,12,0,True,eligible
SW-50830215,12,0,True,eligible
SW-81310605,1,11,False,fewer_than_9_observed
SW-RSN1893,12,0,True,eligible
SW-E4002500,12,0,True,eligible
SW-82528079,1,11,False,fewer_than_9_observed
NE-49105196,12,0,True,eligible
NE-RTN0009,5,7,False,fewer_than_9_observed
NE-49301813,0,12,False,zero_observed_features
NW-88005886,3,9,False,fewer_than_9_observed
TH-PTHR0008,12,0,True,eligible
SW-50240273,7,5,False,fewer_than_9_observed
SO-G0004008,12,0,True,eligible
SW-82310920,3,9,False,fewer_than_9_observed
MD-28232520,8,4,False,fewer_than_9_observed
SW-82710441,12,0,True,eligible
SW-60030367,12,0,True,eligible
SW-Z1530102,12,0,True,eligible
SW-60030905,12,0,True,eligible
NE-49302227,12,0,True,eligible
TH-PUTR0248,12,0,True,eligible
MD-06274040,12,0,True,eligible
TH-PWYR0041,12,0,True,eligible
NW-88004523,1,11,False,fewer_than_9_observed
NW-88009713,12,0,True,eligible
MD-04788950,12,0,True,eligible
NE-49300339,4,8,False,fewer_than_9_observed
SW-70522683,12,0,True,eligible
MD-23032980,3,9,False,fewer_than_9_observed
NW-88004406,12,0,True,eligible
SW-81930939,0,12,False,zero_observed_features
NW-88009919,12,0,True,eligible
SW-E2091100,12,0,True,eligible
NE-49105227,0,12,False,zero_observed_features
SW-RSN0151,12,0,True,eligible
AN-BL042015,5,7,False,fewer_than_9_observed
AN-RSN2312,12,0,True,eligible
SO-F0002356,12,0,True,eligible
MD-23320580,12,0,True,eligible
AN-CH04,2,10,False,fewer_than_9_observed
SW-81911144,12,0,True,eligible
TH-RSN2113,12,0,True,eligible
TH-RSN0786,12,0,True,eligible
TH-PUTR0108,12,0,True,eligible
NW-88010389,12,0,True,eligible
AN-CH0276,12,0,True,eligible
AN-GIP002,10,2,True,eligible
AN-SSN0501,12,0,True,eligible
NW-88000877,12,0,True,eligible
MD-30219660,12,0,True,eligible
AN-53M79,1,11,False,fewer_than_9_observed
AN-GLEN560S,12,0,True,eligible
MD-11296360,12,0,True,eligible
TH-PWAR0045,12,0,True,eligible
AN-RSN0286,12,0,True,eligible
NW-88002222,12,0,True,eligible
AN-FOSVIKIN,12,0,True,eligible
MD-81715900,6,6,False,fewer_than_9_observed
MD-37917080,12,0,True,eligible
SW-50590615,12,0,True,eligible
NW-88003414,12,0,True,eligible
MD-64780180,12,0,True,eligible
TH-PBNR0057,12,0,True,eligible
AN-BL031080,12,0,True,eligible
TH-RSN1806,12,0,True,eligible
NW-88004052,12,0,True,eligible
NE-49405130,12,0,True,eligible
NW-88005710,12,0,True,eligible
AN-CUTQRD,12,0,True,eligible
SW-73110935,0,12,False,zero_observed_features
NW-88002272,12,0,True,eligible
NW-88003088,12,0,True,eligible
SO-G0004209,12,0,True,eligible
SW-82521405,12,0,True,eligible
NE-49301789,12,0,True,eligible
AN-HOBD1,5,7,False,fewer_than_9_observed
NE-49500722,12,0,True,eligible
AN-YAR226,12,0,True,eligible
SO-G0004031,12,0,True,eligible
SO-G0003658,12,0,True,eligible
SW-81930251,1,11,False,fewer_than_9_observed
AN-RBRANTFA,12,0,True,eligible
AN-BRAM040D,12,0,True,eligible
AN-CH03,12,0,True,eligible
NW-88000859,12,0,True,eligible
MD-RSN0695,12,0,True,eligible
AN-RSN1790,12,0,True,eligible
SO-E0007286,12,0,True,eligible
MD-60967900,12,0,True,eligible
AN-49M05,12,0,True,eligible
NE-49000744,0,12,False,zero_observed_features
NE-49405170,1,11,False,fewer_than_9_observed
NW-88022534,12,0,True,eligible
SW-A3190204,12,0,True,eligible
SW-81930177,12,0,True,eligible
NE-49200089,12,0,True,eligible
NE-49300621,12,0,True,eligible
NE-49705136,4,8,False,fewer_than_9_observed
NE-49300672,12,0,True,eligible
NW-88010528,12,0,True,eligible
AN-11M38,1,11,False,fewer_than_9_observed
TH-PUTR0013,12,0,True,eligible
MD-33231790,1,11,False,fewer_than_9_observed
MD-RSN2176,12,0,True,eligible
SW-82510620,3,9,False,fewer_than_9_observed
SW-70810128,12,0,True,eligible
SW-RSN2293,12,0,True,eligible
SW-82710203,0,12,False,zero_observed_features
NW-88023210,12,0,True,eligible
AN-CH1055,6,6,False,fewer_than_9_observed
NE-49100201,12,0,True,eligible
SW-A3240119,12,0,True,eligible
SW-RSN2155,12,0,True,eligible
NW-88024658,12,0,True,eligible
NW-88006368,12,0,True,eligible
SW-82211590,0,12,False,zero_observed_features
NE-RSN0796,12,0,True,eligible
SW-81020408,6,6,False,fewer_than_9_observed
AN-03M22,12,0,True,eligible
SW-72810110,12,0,True,eligible
SW-73040132,12,0,True,eligible
MD-23475020,12,0,True,eligible
AN-11M37,12,0,True,eligible
SO-Y0004511,12,0,True,eligible
MD-RSN2126,12,0,True,eligible
TH-PWER0031,3,9,False,fewer_than_9_observed
MD-15787280,12,0,True,eligible
NW-88002859,4,8,False,fewer_than_9_observed
AN-MD0518,5,7,False,fewer_than_9_observed
SO-F0002082,12,0,True,eligible
TH-PTHR0048,12,0,True,eligible
SO-G0003680,12,0,True,eligible
MD-23250030,1,11,False,fewer_than_9_observed
SW-50340026,1,11,False,fewer_than_9_observed
NE-49105182,12,0,True,eligible
MD-00032550,3,9,False,fewer_than_9_observed
NE-49302178,12,0,True,eligible
SW-81251240,1,11,False,fewer_than_9_observed
NE-49400282,12,0,True,eligible
SO-E0001005,12,0,True,eligible
MD-11829770,1,11,False,fewer_than_9_observed
SW-70815410,0,12,False,zero_observed_features
AN-NTBK140E,12,0,True,eligible
NW-88004418,12,0,True,eligible
NW-88006474,12,0,True,eligible
AN-WNG013,5,7,False,fewer_than_9_observed
NE-49500279,4,8,False,fewer_than_9_observed
MD-46265950,12,0,True,eligible
NE-49300101,12,0,True,eligible
AN-53M06,1,11,False,fewer_than_9_observed
SO-G0004098,12,0,True,eligible
AN-GOLB1,12,0,True,eligible
MD-58551025,12,0,True,eligible
NW-88002518,12,0,True,eligible
SO-E0000745,1,11,False,fewer_than_9_observed
NE-49705130,4,8,False,fewer_than_9_observed
NE-RTN0057,5,7,False,fewer_than_9_observed
SO-F0002110,12,0,True,eligible
NE-49100031,10,2,True,eligible
MD-11708880,12,0,True,eligible
AN-RSN0277,12,0,True,eligible
MD-64177850,12,0,True,eligible
AN-SOUB2,12,0,True,eligible
NW-88023839,2,10,False,fewer_than_9_observed
SW-SSN0720,12,0,True,eligible
NE-49301990,8,4,False,fewer_than_9_observed
AN-CHIGN070,12,0,True,eligible
NE-49705134,4,8,False,fewer_than_9_observed
SO-F0017616,12,0,True,eligible
AN-EVBK050E,12,0,True,eligible
MD-01746020,12,0,True,eligible
SW-50550158,12,0,True,eligible
SW-50211448,1,11,False,fewer_than_9_observed
AN-SFFT7,12,0,True,eligible
SW-70613205,0,12,False,zero_observed_features
SW-73013804,0,12,False,zero_observed_features
TH-PUTR0249,12,0,True,eligible
SW-70513830,12,0,True,eligible
NE-SSN0193,12,0,True,eligible
MD-37535300,12,0,True,eligible
SW-82211911,6,6,False,fewer_than_9_observed
MD-20669300,12,0,True,eligible
AN-26M06,12,0,True,eligible
MD-8256172,3,9,False,fewer_than_9_observed
SW-82211909,6,6,False,fewer_than_9_observed
AN-WITH8,1,11,False,fewer_than_9_observed
SW-73110914,0,12,False,zero_observed_features
AN-48M54,12,0,True,eligible
SO-F0002081,12,0,True,eligible
SW-E1006800,5,7,False,fewer_than_9_observed
AN-33M06,12,0,True,eligible
NE-49301645,4,8,False,fewer_than_9_observed
AN-RISE050A,12,0,True,eligible
NW-88002545,12,0,True,eligible
SW-82540140,6,6,False,fewer_than_9_observed
NW-88010526,12,0,True,eligible
NE-49400469,4,8,False,fewer_than_9_observed
MD-66201480,12,0,True,eligible
NW-88023700,4,8,False,fewer_than_9_observed
SW-Z7500103,12,0,True,eligible
MD-50902050,12,0,True,eligible
MD-37217045,1,11,False,fewer_than_9_observed
SW-50231060,1,11,False,fewer_than_9_observed
AN-BALACTFB,5,7,False,fewer_than_9_observed
SO-F0002241,12,0,True,eligible
AN-SFFT4,12,0,True,eligible
TH-PRTS0547,4,8,False,fewer_than_9_observed
AN-59M10,0,12,False,zero_observed_features
MD-C0000041,1,11,False,fewer_than_9_observed
MD-22687780,12,0,True,eligible
AN-44M08,12,0,True,eligible
MD-54510700,12,0,True,eligible
SW-Z9370301,12,0,True,eligible
AN-DUN020,12,0,True,eligible
MD-03959030,10,2,True,eligible
MD-04776680,1,11,False,fewer_than_9_observed
NE-49400150,3,9,False,fewer_than_9_observed
SW-82711471,12,0,True,eligible
NW-88025938,12,0,True,eligible
SO-E0007110,3,9,False,fewer_than_9_observed
MD-RSN0966,12,0,True,eligible
MD-10762280,12,0,True,eligible
SW-60560126,0,12,False,zero_observed_features
TH-PBRR0094,12,0,True,eligible
AN-SB0112,12,0,True,eligible
SW-82010124,6,6,False,fewer_than_9_observed
SW-70515502,1,11,False,fewer_than_9_observed
AN-WILL170F,12,0,True,eligible
NW-88003419,12,0,True,eligible
SW-70534704,12,0,True,eligible
NE-49603069,12,0,True,eligible
TH-RTN0024,5,7,False,fewer_than_9_observed
SW-60041600,0,12,False,zero_observed_features
NW-88024250,1,11,False,fewer_than_9_observed
TH-PCNR0028,12,0,True,eligible
NW-88023836,12,0,True,eligible
NE-49105250,12,0,True,eligible
SO-F0017559,1,11,False,fewer_than_9_observed
NE-49600453,12,0,True,eligible
SW-70571096,12,0,True,eligible
SW-82521521,12,0,True,eligible
NE-49000482,12,0,True,eligible
NW-88002506,12,0,True,eligible
AN-20M03,12,0,True,eligible
AN-32M06,1,11,False,fewer_than_9_observed
NE-49905145,12,0,True,eligible
AN-LKS18,12,0,True,eligible
SW-50231604,12,0,True,eligible
NW-RSN0475,12,0,True,eligible
SO-F0017614,12,0,True,eligible
SW-81810717,0,12,False,zero_observed_features
SO-RSN0821,12,0,True,eligible
NW-88003412,12,0,True,eligible
NE-RSN1784,12,0,True,eligible
SW-72933916,12,0,True,eligible
MD-25293720,8,4,False,fewer_than_9_observed
NE-RTN0052,5,7,False,fewer_than_9_observed
AN-48M56,12,0,True,eligible
TH-PTAR0191,12,0,True,eligible
TH-POCR0091,12,0,True,eligible
SW-82010145,12,0,True,eligible
MD-25332800,8,4,False,fewer_than_9_observed
NW-88000604,12,0,True,eligible
SW-50320219,12,0,True,eligible
SW-50340391,1,11,False,fewer_than_9_observed
SW-81811111,0,12,False,zero_observed_features
SW-73110933,0,12,False,zero_observed_features
SO-E0007333,6,6,False,fewer_than_9_observed
NW-88024247,1,11,False,fewer_than_9_observed
NE-49705129,4,8,False,fewer_than_9_observed
AN-RAT020,12,0,True,eligible
SW-81811201,0,12,False,zero_observed_features
SO-E0000414,12,0,True,eligible
SW-73110912,0,12,False,zero_observed_features
MD-H0000005,12,0,True,eligible
MD-59008980,12,0,True,eligible
NE-49900017,12,0,True,eligible
AN-53M07,12,0,True,eligible
NW-RSN0795,12,0,True,eligible
MD-C0000048,1,11,False,fewer_than_9_observed
SW-73013103,2,10,False,fewer_than_9_observed
NE-49105164,5,7,False,fewer_than_9_observed
SW-81410203,0,12,False,zero_observed_features
AN-LINCRDFB,6,6,False,fewer_than_9_observed
SW-RSN0621,12,0,True,eligible
AN-BL0435,5,7,False,fewer_than_9_observed
SO-G0006583,12,0,True,eligible
AN-THR050,5,7,False,fewer_than_9_observed
AN-52M23,12,0,True,eligible
SW-72923035,12,0,True,eligible
AN-LUDO2,12,0,True,eligible
SO-E0000622,1,11,False,fewer_than_9_observed
SO-E0001135,12,0,True,eligible
SW-70822802,12,0,True,eligible
NW-88004899,12,0,True,eligible
SW-82110807,3,9,False,fewer_than_9_observed
MD-11581220,12,0,True,eligible
SW-73110527,0,12,False,zero_observed_features
MD-H0000053,3,9,False,fewer_than_9_observed
NW-88024651,12,0,True,eligible
SO-E0000664,12,0,True,eligible
MD-RSN1742,12,0,True,eligible
AN-BX0134,12,0,True,eligible
NE-49600168,12,0,True,eligible
AN-RA0580,12,0,True,eligible
AN-41M05,12,0,True,eligible
AN-GLEBFARM,1,11,False,fewer_than_9_observed
NE-49600491,12,0,True,eligible
NW-88003217,12,0,True,eligible
NE-49900028,12,0,True,eligible
SO-E0007267,0,12,False,zero_observed_features
NE-49000781,12,0,True,eligible
NW-88002415,9,3,True,eligible
MD-H0000050,3,9,False,fewer_than_9_observed
SW-81611077,1,11,False,fewer_than_9_observed
NW-88004417,12,0,True,eligible
SW-RSN1843,12,0,True,eligible
AN-SSN0667,12,0,True,eligible
NW-88021290,12,0,True,eligible
SW-50570384,1,11,False,fewer_than_9_observed
SW-73110513,0,12,False,zero_observed_features
MD-H0000046,3,9,False,fewer_than_9_observed
SW-82112173,1,11,False,fewer_than_9_observed
NE-49905238,4,8,False,fewer_than_9_observed
NE-49905119,12,0,True,eligible
AN-DUN010,12,0,True,eligible
AN-BUR182,12,0,True,eligible
AN-30M15,12,0,True,eligible
SO-RTN0064,5,7,False,fewer_than_9_observed
MD-67017990,1,11,False,fewer_than_9_observed
AN-SWANDRNS,12,0,True,eligible
AN-RH1008,5,7,False,fewer_than_9_observed
AN-GWSH300B,12,0,True,eligible
NW-88023521,1,11,False,fewer_than_9_observed
SW-81950889,1,11,False,fewer_than_9_observed
MD-10918030,1,11,False,fewer_than_9_observed
AN-WELL090M,1,11,False,fewer_than_9_observed
NE-49400258,12,0,True,eligible
SW-70531162,1,11,False,fewer_than_9_observed
SW-70501685,3,9,False,fewer_than_9_observed
NW-88022132,12,0,True,eligible
SW-81310228,0,12,False,zero_observed_features
SW-82110703,0,12,False,zero_observed_features
SO-F0002102,12,0,True,eligible
NW-88003484,12,0,True,eligible
SW-81420292,12,0,True,eligible
NE-49600477,12,0,True,eligible
SW-81917910,0,12,False,zero_observed_features
MD-55004105,12,0,True,eligible
TH-PUTR0116,12,0,True,eligible
MD-RSN1748,12,0,True,eligible
SO-F0002078,12,0,True,eligible
SW-82540735,12,0,True,eligible
SW-Z9380101,12,0,True,eligible
SO-G0003694,12,0,True,eligible
SO-F0003059,12,0,True,eligible
NW-88024070,2,10,False,fewer_than_9_observed
SW-70232783,12,0,True,eligible
AN-BUR091,4,8,False,fewer_than_9_observed
MD-RTN0029,5,7,False,fewer_than_9_observed
MD-55103100,12,0,True,eligible
TH-RTN0038,5,7,False,fewer_than_9_observed
SW-50361139,5,7,False,fewer_than_9_observed
TH-PKER0340,12,0,True,eligible
SO-E0007054,0,12,False,zero_observed_features
NE-49705113,0,12,False,zero_observed_features
NW-88022623,12,0,True,eligible
NW-88025756,12,0,True,eligible
NW-88001852,12,0,True,eligible
AN-11M52,12,0,True,eligible
NW-88025724,7,5,False,fewer_than_9_observed
MD-07708170,12,0,True,eligible
NE-49000753,0,12,False,zero_observed_features
AN-ANT180,12,0,True,eligible
AN-32M08,1,11,False,fewer_than_9_observed
AN-ALD040,3,9,False,fewer_than_9_observed
NW-88002706,3,9,False,fewer_than_9_observed
MD-37585200,0,12,False,zero_observed_features
MD-04775320,1,11,False,fewer_than_9_observed
AN-59M16,1,11,False,fewer_than_9_observed
MD-04799070,1,11,False,fewer_than_9_observed
SW-A2290121,3,9,False,fewer_than_9_observed
SW-82710103,0,12,False,zero_observed_features
AN-56M21,1,11,False,fewer_than_9_observed
NW-88005828,3,9,False,fewer_than_9_observed
MD-47889180,12,0,True,eligible
AN-TQ726868,5,7,False,fewer_than_9_observed
AN-TILL6,12,0,True,eligible
NW-88004390,12,0,True,eligible
NE-49301788,12,0,True,eligible
MD-39324500,1,11,False,fewer_than_9_observed
SW-60560121,1,11,False,fewer_than_9_observed
MD-11296300,1,11,False,fewer_than_9_observed
SW-50031329,0,12,False,zero_observed_features
SW-70613204,0,12,False,zero_observed_features
AN-ST0355,5,7,False,fewer_than_9_observed
SW-60030190,3,9,False,fewer_than_9_observed
AN-22M62,1,11,False,fewer_than_9_observed
SW-70611114,12,0,True,eligible
SW-70813907,0,12,False,zero_observed_features
SO-E0001500,12,0,True,eligible
MD-45525660,1,11,False,fewer_than_9_observed
SO-G0004013,0,12,False,zero_observed_features
NW-88023952,12,0,True,eligible
SW-50570219,1,11,False,fewer_than_9_observed
SW-70910236,0,12,False,zero_observed_features
AN-HARP130B,1,11,False,fewer_than_9_observed
NW-88015245,1,11,False,fewer_than_9_observed
NE-49603000,1,11,False,fewer_than_9_observed
MD-44071350,11,1,True,eligible
SO-E0001571,12,0,True,eligible
MD-46680290,1,11,False,fewer_than_9_observed
NE-49101091,8,4,False,fewer_than_9_observed
SW-RSN2139,12,0,True,eligible
NW-88024249,1,11,False,fewer_than_9_observed
SW-B3130304,12,0,True,eligible
SW-73110803,0,12,False,zero_observed_features
TH-RTN0001,5,7,False,fewer_than_9_observed
SW-E8320300,12,0,True,eligible
TH-PTAR0113,12,0,True,eligible
SW-81811203,0,12,False,zero_observed_features
MD-48359455,12,0,True,eligible
NE-49000012,12,0,True,eligible
MD-44510300,12,0,True,eligible
NW-88022929,12,0,True,eligible
SW-82010128,6,6,False,fewer_than_9_observed
NE-49301642,4,8,False,fewer_than_9_observed
SW-81201455,12,0,True,eligible
TH-PTAR0135,1,11,False,fewer_than_9_observed
SW-81913526,4,8,False,fewer_than_9_observed
SW-RSN2091,12,0,True,eligible
SW-91221520,12,0,True,eligible
AN-GLEN520T,3,9,False,fewer_than_9_observed
AN-OLDHAMDR,6,6,False,fewer_than_9_observed
TH-PRTS0546,4,8,False,fewer_than_9_observed
MD-59716950,12,0,True,eligible
SW-E7000800,1,11,False,fewer_than_9_observed
SW-81410101,0,12,False,zero_observed_features
SW-82311165,1,11,False,fewer_than_9_observed
SW-91221760,12,0,True,eligible
MD-RTN0021,5,7,False,fewer_than_9_observed
NW-88000738,12,0,True,eligible
SW-A3200256,3,9,False,fewer_than_9_observed
SW-81811301,0,12,False,zero_observed_features
AN-GREN030T,12,0,True,eligible
SW-73110920,0,12,False,zero_observed_features
MD-55860150,12,0,True,eligible
NE-49000468,0,12,False,zero_observed_features
MD-65161000,1,11,False,fewer_than_9_observed
SW-72930806,1,11,False,fewer_than_9_observed
SW-60561004,1,11,False,fewer_than_9_observed
NW-88009838,12,0,True,eligible
NW-88005822,3,9,False,fewer_than_9_observed
AN-BL0930,3,9,False,fewer_than_9_observed
TH-RTN0033,5,7,False,fewer_than_9_observed
MD-25741220,8,4,False,fewer_than_9_observed
SO-E0001309,12,0,True,eligible
NW-88001872,12,0,True,eligible
MD-13627200,12,0,True,eligible
AN-13M10,1,11,False,fewer_than_9_observed
SW-50222880,1,11,False,fewer_than_9_observed
SW-82311162,1,11,False,fewer_than_9_observed
NE-49300554,8,4,False,fewer_than_9_observed
MD-39584220,12,0,True,eligible
MD-C0000114,1,11,False,fewer_than_9_observed
AN-01M08,12,0,True,eligible
AN-19M21,5,7,False,fewer_than_9_observed
SW-B3170603,12,0,True,eligible
NW-88023699,2,10,False,fewer_than_9_observed
AN-DUN030,8,4,False,fewer_than_9_observed
NW-88006374,12,0,True,eligible
NW-88006359,12,0,True,eligible
SW-81523422,1,11,False,fewer_than_9_observed
NE-49301745,12,0,True,eligible
MD-44506300,12,0,True,eligible
SW-E1152200,12,0,True,eligible
SW-60030142,0,12,False,zero_observed_features
SW-Z1012101,1,11,False,fewer_than_9_observed
NE-49000308,0,12,False,zero_observed_features
SW-E4000250,12,0,True,eligible
SW-82112141,12,0,True,eligible
AN-11M51,12,0,True,eligible
MD-49738205,4,8,False,fewer_than_9_observed
AN-66M22,0,12,False,zero_observed_features
AN-PENIWYFB,5,7,False,fewer_than_9_observed
AN-TOFTNGS,12,0,True,eligible
SW-82515050,0,12,False,zero_observed_features
SO-E0004524,0,12,False,zero_observed_features
SO-E0000597,1,11,False,fewer_than_9_observed
SW-Z4180118,3,9,False,fewer_than_9_observed
SW-82310926,1,11,False,fewer_than_9_observed
SW-81311020,12,0,True,eligible
SW-70515515,1,11,False,fewer_than_9_observed
SW-50341026,12,0,True,eligible
SW-70920250,12,0,True,eligible
MD-29578560,0,12,False,zero_observed_features
SW-70410109,0,12,False,zero_observed_features
SW-50280384,1,11,False,fewer_than_9_observed
MD-38263220,12,0,True,eligible
SW-73013171,0,12,False,zero_observed_features
SW-73110521,0,12,False,zero_observed_features
TH-RSN0882,12,0,True,eligible
AN-32M09,1,11,False,fewer_than_9_observed
SW-73111600,0,12,False,zero_observed_features
AN-36M01,5,7,False,fewer_than_9_observed
SW-82510209,4,8,False,fewer_than_9_observed
NW-88000703,12,0,True,eligible
NE-49300797,12,0,True,eligible
AN-53M57,12,0,True,eligible
AN-22M69,5,7,False,fewer_than_9_observed
AN-DPABUCK,12,0,True,eligible
TH-RSN1074,12,0,True,eligible
NE-49100549,12,0,True,eligible
AN-26M62,1,11,False,fewer_than_9_observed
AN-NENE180C,5,7,False,fewer_than_9_observed
SO-RSN1973,0,12,False,zero_observed_features
TH-PRTS0023,8,4,False,fewer_than_9_observed
SW-73110515,1,11,False,fewer_than_9_observed
NW-88004474,1,11,False,fewer_than_9_observed
AN-EST060,5,7,False,fewer_than_9_observed
SW-E8180500,0,12,False,zero_observed_features
MD-10324237,1,11,False,fewer_than_9_observed
AN-LKS17,1,11,False,fewer_than_9_observed
SW-81520450,12,0,True,eligible
SW-60050500,0,12,False,zero_observed_features
TH-PUTR0025,3,9,False,fewer_than_9_observed
NE-RTN0011,5,7,False,fewer_than_9_observed
SO-E0007368,0,12,False,zero_observed_features
TH-PRTS0428,4,8,False,fewer_than_9_observed
SW-82610140,0,12,False,zero_observed_features
SW-50590203,1,11,False,fewer_than_9_observed
SW-82511005,4,8,False,fewer_than_9_observed
NE-49300441,12,0,True,eligible
SW-70817003,0,12,False,zero_observed_features
AN-34M13,12,0,True,eligible
SW-82513059,0,12,False,zero_observed_features
NW-88022685,1,11,False,fewer_than_9_observed
MD-60155460,1,11,False,fewer_than_9_observed
MD-13659920,12,0,True,eligible
NW-88024072,0,12,False,zero_observed_features
SW-70581050,12,0,True,eligible
SW-50598888,6,6,False,fewer_than_9_observed
NE-RTN0010,5,7,False,fewer_than_9_observed
NW-88023835,2,10,False,fewer_than_9_observed
NW-88003466,3,9,False,fewer_than_9_observed
SW-50050710,12,0,True,eligible
NW-88003955,12,0,True,eligible
SW-73111500,0,12,False,zero_observed_features
SW-Z1012701,3,9,False,fewer_than_9_observed
SW-73110934,0,12,False,zero_observed_features
MD-59636545,1,11,False,fewer_than_9_observed
MD-29828100,5,7,False,fewer_than_9_observed
AN-METHBECK,3,9,False,fewer_than_9_observed
NE-49105172,12,0,True,eligible
SW-50810145,0,12,False,zero_observed_features
SW-B3160109,3,9,False,fewer_than_9_observed
AN-FNBRIDGE,5,7,False,fewer_than_9_observed
SW-50830130,0,12,False,zero_observed_features
SO-E0000852,1,11,False,fewer_than_9_observed
SW-70921034,1,11,False,fewer_than_9_observed
TH-PRTS0424,4,8,False,fewer_than_9_observed
AN-16M21,1,11,False,fewer_than_9_observed
MD-28079380,8,4,False,fewer_than_9_observed
NE-49101092,8,4,False,fewer_than_9_observed
NE-49105217,5,7,False,fewer_than_9_observed
SW-60080010,12,0,True,eligible
SW-70310100,0,12,False,zero_observed_features
AN-WELL050M,3,9,False,fewer_than_9_observed
AN-HUNDREDS,3,9,False,fewer_than_9_observed
NE-49705133,4,8,False,fewer_than_9_observed
SW-82511902,0,12,False,zero_observed_features
AN-HD1055,1,11,False,fewer_than_9_observed
SW-73110523,0,12,False,zero_observed_features
SW-91212550,1,11,False,fewer_than_9_observed
SW-82511119,12,0,True,eligible
NW-SSN1426,12,0,True,eligible
SW-50031305,0,12,False,zero_observed_features
MD-50924360,0,12,False,zero_observed_features
AN-MT0619,0,12,False,zero_observed_features
TH-PLER0107,12,0,True,eligible
SW-73024202,12,0,True,eligible
AN-HARP160S,1,11,False,fewer_than_9_observed
MD-RTN0050,5,7,False,fewer_than_9_observed
SW-82710637,0,12,False,zero_observed_features
SO-E0000757,3,9,False,fewer_than_9_observed
NW-88006193,12,0,True,eligible
MD-61643350,12,0,True,eligible
NE-RTN0058,5,7,False,fewer_than_9_observed
NW-88023722,1,11,False,fewer_than_9_observed
SW-81811202,0,12,False,zero_observed_features
AN-22M66,5,7,False,fewer_than_9_observed
AN-MT0628,0,12,False,zero_observed_features
MD-RTN0020,5,7,False,fewer_than_9_observed
AN-USBOZEAT,3,9,False,fewer_than_9_observed
SW-60100977,3,9,False,fewer_than_9_observed
TH-RTN0039,5,7,False,fewer_than_9_observed
NE-49705121,0,12,False,zero_observed_features
TH-PMLR0073,5,7,False,fewer_than_9_observed
NW-88019823,1,11,False,fewer_than_9_observed
SW-A3200202,2,10,False,fewer_than_9_observed
NE-49800229,12,0,True,eligible
SO-G0004020,0,12,False,zero_observed_features
SW-82310239,1,11,False,fewer_than_9_observed
NW-88023698,2,10,False,fewer_than_9_observed
MD-50924240,0,12,False,zero_observed_features
AN-65M10,0,12,False,zero_observed_features
SW-70613206,0,12,False,zero_observed_features
NW-88022955,3,9,False,fewer_than_9_observed
SW-70613401,0,12,False,zero_observed_features
SW-82511002,0,12,False,zero_observed_features
MD-48704340,1,11,False,fewer_than_9_observed
MD-RTN0027,5,7,False,fewer_than_9_observed
TH-PKER0096,0,12,False,zero_observed_features
AN-BL0417,5,7,False,fewer_than_9_observed
SW-81420273,0,12,False,zero_observed_features
SW-82111320,0,12,False,zero_observed_features
AN-TG24,3,9,False,fewer_than_9_observed
SW-60560110,1,11,False,fewer_than_9_observed
SW-73110936,0,12,False,zero_observed_features
NW-88004443,3,9,False,fewer_than_9_observed
AN-WTMD100C,3,9,False,fewer_than_9_observed
NW-88002648,12,0,True,eligible
AN-13M04,2,10,False,fewer_than_9_observed
SO-G0006617,0,12,False,zero_observed_features
SW-73110908,0,12,False,zero_observed_features
AN-HONBECK,3,9,False,fewer_than_9_observed
NE-49600494,12,0,True,eligible
SW-81810720,0,12,False,zero_observed_features
MD-46590260,1,11,False,fewer_than_9_observed
AN-LOWICKPS,1,11,False,fewer_than_9_observed
AN-59M14,1,11,False,fewer_than_9_observed
MD-39012535,1,11,False,fewer_than_9_observed
AN-11M09,2,10,False,fewer_than_9_observed
TH-PTHR0464,1,11,False,fewer_than_9_observed
SW-82311618,0,12,False,zero_observed_features
AN-65M09,0,12,False,zero_observed_features
AN-32M07,1,11,False,fewer_than_9_observed
NE-49000697,0,12,False,zero_observed_features
SW-70613510,0,12,False,zero_observed_features
SW-82610134,0,12,False,zero_observed_features
MD-H0000051,3,9,False,fewer_than_9_observed
AN-SHMDTRB6,3,9,False,fewer_than_9_observed
TH-PRTS0427,4,8,False,fewer_than_9_observed
NE-49705120,0,12,False,zero_observed_features
SW-73110303,0,12,False,zero_observed_features
SW-81610110,0,12,False,zero_observed_features
SW-82712103,0,12,False,zero_observed_features
AN-HD1050,1,11,False,fewer_than_9_observed
SW-RTN0045,5,7,False,fewer_than_9_observed
SW-81911034,1,11,False,fewer_than_9_observed
SW-82522505,12,0,True,eligible
SW-73110928,0,12,False,zero_observed_features
SW-70410102,0,12,False,zero_observed_features
SW-Z9370124,3,9,False,fewer_than_9_observed
SW-70813906,0,12,False,zero_observed_features
TH-RTN0004,5,7,False,fewer_than_9_observed
SW-81011006,0,12,False,zero_observed_features
NW-88009768,0,12,False,zero_observed_features
SW-73110517,0,12,False,zero_observed_features
SW-73110937,0,12,False,zero_observed_features
SW-70614632,0,12,False,zero_observed_features
AN-SHMDTRB2,3,9,False,fewer_than_9_observed
AN-HOBD4,0,12,False,zero_observed_features
SO-E0007269,0,12,False,zero_observed_features
SW-70613302,1,11,False,fewer_than_9_observed
AN-GLEN590S,3,9,False,fewer_than_9_observed
SO-E0000372,0,12,False,zero_observed_features
SW-82511102,0,12,False,zero_observed_features
NE-49000743,0,12,False,zero_observed_features
AN-CUCKBRND,1,11,False,fewer_than_9_observed
AN-DEB075,5,7,False,fewer_than_9_observed
AN-33M07,0,12,False,zero_observed_features
MD-RTN0019,5,7,False,fewer_than_9_observed
TH-PLER0038,0,12,False,zero_observed_features
MD-24094287,3,9,False,fewer_than_9_observed
NW-88006198,3,9,False,fewer_than_9_observed
MD-45215500,3,9,False,fewer_than_9_observed
AN-RR0337,1,11,False,fewer_than_9_observed
SW-73111700,0,12,False,zero_observed_features
SW-Z3120102,3,9,False,fewer_than_9_observed
SW-82610138,0,12,False,zero_observed_features
SO-E0001106,3,9,False,fewer_than_9_observed
SO-E0000473,3,9,False,fewer_than_9_observed
MD-04133470,0,12,False,zero_observed_features
SW-82310101,0,12,False,zero_observed_features
SW-50050521,0,12,False,zero_observed_features
SW-81310200,0,12,False,zero_observed_features
AN-66M29,0,12,False,zero_observed_features
SO-E0001740,3,9,False,fewer_than_9_observed
SW-81930938,0,12,False,zero_observed_features
NW-88025815,0,12,False,zero_observed_features
SW-73110919,0,12,False,zero_observed_features
SW-81810915,0,12,False,zero_observed_features
MD-59022100,0,12,False,zero_observed_features
SW-E2230020,0,12,False,zero_observed_features
AN-HARP123C,1,11,False,fewer_than_9_observed
SW-C2418000,0,12,False,zero_observed_features
SW-81011015,0,12,False,zero_observed_features
SW-50030817,0,12,False,zero_observed_features
MD-61675350,1,11,False,fewer_than_9_observed
AN-54M13,3,9,False,fewer_than_9_observed
SO-F0017620,0,12,False,zero_observed_features
SO-E0004549,0,12,False,zero_observed_features
SO-G0003710,0,12,False,zero_observed_features
AN-MT0640,0,12,False,zero_observed_features
SW-81610603,0,12,False,zero_observed_features
AN-32M01,1,11,False,fewer_than_9_observed
SW-81212002,0,12,False,zero_observed_features
AN-SDRO090H,1,11,False,fewer_than_9_observed
AN-STEP7,0,12,False,zero_observed_features
SW-82111803,0,12,False,zero_observed_features
SW-73110905,0,12,False,zero_observed_features
SW-73110931,0,12,False,zero_observed_features
SW-73110906,0,12,False,zero_observed_features
MD-04133490,0,12,False,zero_observed_features
AN-PITS050C,3,9,False,fewer_than_9_observed
SO-G0004126,3,9,False,fewer_than_9_observed
SW-82311611,0,12,False,zero_observed_features
MD-23318100,0,12,False,zero_observed_features
TH-PMLR0290,5,7,False,fewer_than_9_observed
SW-82521225,1,11,False,fewer_than_9_observed
NE-49000414,0,12,False,zero_observed_features
TH-PCNR0193,0,12,False,zero_observed_features
SW-73110930,0,12,False,zero_observed_features
MD-39826300,0,12,False,zero_observed_features
SW-70613212,0,12,False,zero_observed_features
AN-OAKLEYRD,1,11,False,fewer_than_9_observed
SW-50570116,0,12,False,zero_observed_features
MD-04133485,0,12,False,zero_observed_features
MD-23316800,0,12,False,zero_observed_features
SW-82710115,1,11,False,fewer_than_9_observed
NE-49705140,0,12,False,zero_observed_features
AN-RR0350,1,11,False,fewer_than_9_observed
SW-50030203,0,12,False,zero_observed_features
TH-PKER0038,0,12,False,zero_observed_features
NE-49000752,0,12,False,zero_observed_features
SW-72923014,0,12,False,zero_observed_features
MD-59395750,0,12,False,zero_observed_features
SW-70816009,0,12,False,zero_observed_features
SO-E0001548,0,12,False,zero_observed_features
