site_id,umap_1,umap_2
AN-LISS1,8.792239,-0.5327946
SW-RSN0807,1.5877742,2.4743128
NW-88000728,9.118991,2.3764756
SW-70720019,0.96094996,3.4909134
NW-88024607,7.780753,5.1643877
NE-49000143,-0.005869659,2.2211928
NE-49405120,1.2817745,0.6032445
AN-43M02,8.258732,2.6179285
NE-49400074,2.0156264,1.9725975
SW-81201430,-0.03443768,1.7864988
SW-SSN0100,1.883034,4.653697
MD-51147750,4.172339,0.9131144
NW-88025769,5.5338964,3.1271505
SO-F0017505,4.6496825,4.6279016
SW-Z9370107,7.7363825,0.7073941
AN-06M08,9.794701,2.3342485
NW-88006376,4.845187,0.25990388
NW-88004896,6.3804045,2.421753
NW-88022191,0.8649761,1.7509679
SW-60230005,7.9144754,4.5812354
AN-19M19,10.359879,3.1024609
NW-88005891,7.577664,4.6671247
NW-88010465,4.2128496,1.3097495
NE-49800232,8.076029,-1.5673711
MD-41514100,8.35311,4.304653
TH-PTHR0005,8.263739,2.298434
NW-88005816,4.310708,0.3854407
TH-PTAR0087,11.267691,3.5787256
TH-RSN0594,9.391558,2.1757305
NE-RSN2036,7.1325703,3.6169202
SW-91251640,1.0540017,3.9295528
AN-30M36,10.486893,0.621288
NE-49302040,6.4374657,2.4110403
TH-PLER0060,10.456449,1.5949814
SW-RSN0061,10.966387,2.736022
NE-RSN0756,2.702711,1.6599001
NE-49905162,0.34022576,1.2363989
TH-PCNR0059,7.679535,1.3404268
SO-E0004849,3.779324,4.4085436
SO-E0001614,9.932677,3.841647
NW-88022586,0.13269891,5.4676094
NW-88024603,8.09175,5.383263
NW-RSN0408,0.9802534,2.2104905
NE-SSN1333,4.940622,-0.4272072
AN-RSN0689,9.8953495,3.509884
SW-81201510,-0.03810611,2.677975
SW-91211370,1.7034286,4.412467
AN-BARE4,8.6525955,-1.0392491
NW-SSN1434,7.2824445,4.9327307
AN-RSN1506,8.52512,-0.95389986
SO-G0003989,6.3567395,2.4960988
SW-82221901,2.8022661,5.051663
SW-RSN0141,7.182579,3.413713
SW-RSN1523,-0.56574124,5.172886
NE-49905126,1.6730305,0.47462532
AN-GLEN280B,8.203962,-0.26349327
SW-81231185,-0.051454164,2.9495337
MD-53784688,4.53196,0.07584923
NE-49100479,5.1019382,2.1230607
NE-49100024,2.1642427,0.19875486
MD-37557225,7.7186956,-1.4391965
NE-49200305,8.440523,-1.3200057
TH-PEVR0080,7.7323947,-1.2554444
MD-06111920,7.231752,1.4546514
NW-88002704,10.370601,3.2212393
TH-RSN1521,9.457655,1.6396087
MD-13615980,4.6504645,1.4994366
NE-41000039,0.92663956,0.5772079
SW-60590144,4.328937,1.5695426
SW-82112810,2.853111,4.8423347
MD-20353500,2.8996682,2.857049
SW-B3160105,6.816514,1.0012858
TH-RSN0474,6.686838,2.5865843
MD-28775020,10.594159,1.528095
MD-74357450,8.771895,1.4932004
SW-Z9390102,8.034792,1.8498914
NW-88005131,-0.054626465,3.1026049
MD-RSN0678,8.254121,-0.9122638
SW-B3140101,5.633955,0.59778595
SW-RSN2349,7.0338535,3.7956345
NW-88000848,8.55648,3.677131
SW-RSN0071,5.1349945,4.453665
SW-70826005,2.325203,2.9021692
NW-88002514,8.04567,4.252782
NE-49800097,0.89894205,3.1006448
MD-RSN2042,7.7408614,-1.6306857
SW-E2160020,6.0149145,0.9336091
SW-RSN1829,8.9725685,0.7649881
NE-49302216,6.266084,2.0521786
NE-49500662,2.471022,2.867269
TH-RSN2077,8.092526,0.4781285
SW-81915129,2.309967,4.840787
MD-02852980,6.8468084,0.77824986
SO-SSN0487,8.711218,3.8152068
SO-G0003764,4.2963786,3.289843
NE-RSN0944,8.80054,4.612428
TH-PWER0038,9.043602,2.5975862
MD-58248060,8.48477,2.0837798
TH-PTHR0016,9.39688,3.0010498
NW-88010493,1.8813927,0.37956598
SW-70232250,4.9250746,1.7473236
NW-88023954,8.084151,4.719517
NW-88004373,0.43928558,1.4756535
MD-37917820,11.36429,3.7646375
NW-88002604,7.8510914,4.2948384
AN-SOME2,7.5118303,5.098351
NW-88023707,0.49854076,2.1659253
NE-49301635,9.656882,2.7839923
TH-PLER0067,8.768084,-0.29319084
TH-SSN0015,7.805495,0.48179084
NE-49301263,3.2322378,1.6061382
AN-RISE010A,5.610623,-0.7136819
SW-81610317,2.3816843,5.126701
SW-50280911,1.7652177,4.15052
AN-20M13,6.5069804,0.56596726
AN-30M07,10.711967,1.4844472
AN-23M08,6.908588,2.3427992
TH-PLDR0002,8.636875,5.094431
SO-E0000135,7.2402806,3.8616831
AN-RA05,8.322728,5.3533845
SW-63100150,9.676284,2.418447
NW-88003111,4.4604697,1.4672836
NW-88003570,4.236497,0.6606386
AN-OAE047,8.514999,3.8637805
MD-37536190,7.5357823,3.4379768
NE-RSN0520,3.0746906,1.2640246
NW-88000798,5.192749,2.3660402
TH-PLER0057,10.990322,2.3768682
TH-RSN1229,0.89599866,2.256651
NW-88003490,1.5987381,0.024574356
NW-RSN0692,-0.5803296,5.135423
NW-88000792,10.881211,2.877749
AN-BUR137,6.8533096,2.8422472
SW-82110403,2.4496577,5.448952
AN-WILN070D,6.861511,2.6775262
MD-61041900,7.0855236,4.6244683
AN-24M13,8.9847145,1.5435524
MD-39926655,8.806156,4.6019154
MD-08019230,10.411062,2.6248002
SW-RSN1157,7.889997,3.065667
TH-SSN1359,8.675827,0.114929415
SO-E0004771,8.809941,1.6151817
NW-88003124,4.7194915,3.3740127
SW-81930914,1.4456443,5.4156594
NE-49301422,10.739958,3.5042107
MD-04496180,9.045521,1.876739
SW-50280271,7.4424744,1.5204829
MD-60122050,8.231913,0.04828903
AN-SB0106,6.904481,3.6547723
NE-49600498,0.65361243,1.2201157
SO-RSN0921,5.7949405,0.67487603
SW-81710110,1.5634418,5.479976
SW-RSN1675,0.7098447,3.0795977
NW-88005151,0.5347954,0.46354622
NW-88020176,3.1186368,1.2261887
AN-42M05,8.6044,3.8355224
AN-53M14,7.020711,2.4353914
AN-RSN0901,7.525841,3.5146704
SW-70240223,3.3917732,1.3471603
NW-RSN0719,1.6512415,0.1353876
SW-81241155,0.031255465,5.270199
SW-RSN0701,7.864431,-0.06268597
SW-82310160,2.2621655,4.7118382
AN-44M01,7.944985,2.6161325
AN-MD02,9.862864,3.9722898
TH-RSN0466,7.122355,-1.3635184
MD-RSN2326,6.149283,1.1914513
TH-PLDR0018,6.691378,3.3427985
NW-RSN2040,0.48484376,1.4348502
NE-49405136,5.7629623,1.3223004
TH-PTAR0002,7.942619,1.9996129
NE-49105162,6.5269184,-0.5281782
MD-70414705,0.86464083,0.7127886
MD-RSN1052,8.678966,-0.9800554
NE-49905202,3.4310863,0.31550038
TH-PCHR0055,11.081616,3.4282866
NW-88006262,1.7346681,2.550878
SO-F0002953,6.207246,2.850581
MD-02851740,7.4742537,1.6710086
AN-BUR175,5.4287066,2.189816
SW-82513621,8.075983,1.0429684
TH-RSN0425,8.964794,1.6890165
MD-22833380,7.398045,1.5136042
NW-88003455,5.897207,3.8947148
SW-60033471,6.9729943,3.326335
NW-SSN0006,0.77370614,4.033394
MD-53785450,6.075464,1.1626259
SW-70641129,0.8173851,4.4135923
AN-RSN1129,8.680722,0.1766544
TH-PBNR0001,11.189494,2.2104702
NE-49000771,9.1240635,-0.47602612
SW-RSN1611,3.5996478,3.1618347
SO-E0000498,7.3885326,3.8883975
AN-GLV070,7.862116,1.9479656
SW-81250144,1.8026177,3.4584317
MD-45414020,6.38218,3.3104439
SW-73030156,1.949612,3.0275474
AN-WOLD1,9.701718,2.7625787
NE-49105249,4.139642,2.0810406
MD-65922180,8.702773,5.0485797
NW-88004551,2.007097,3.9637015
NE-49300329,7.593707,4.6387177
AN-53M24,5.1454077,0.7375876
MD-04805580,6.645589,3.615135
NE-49100136,1.5171288,0.5405573
MD-37568140,8.455354,-0.17713591
AN-RSN1104,7.429162,1.9417354
SW-E7070400,5.45008,0.21480437
TH-SSN1390,1.6731502,4.6774063
NW-88006163,2.2428668,0.1934042
AN-52M14,11.297343,1.931112
SW-81261439,1.0552133,2.9952826
MD-39324570,10.473295,0.43732634
NE-41000446,0.23695426,0.38585237
SW-64200240,6.938919,1.7363038
NW-88004096,8.348117,5.6875634
MD-47517980,7.3417034,2.5993803
AN-34M10,7.067598,-1.5617751
MD-70263990,3.4079828,-0.4344547
NE-49800075,2.505981,1.93062
NE-RSN1268,9.867027,3.8744993
NE-49600496,4.261114,0.8753731
AN-52M04,7.893609,3.7729897
AN-MIN020,7.726463,4.58576
SW-A1310101,5.021688,-0.07322274
SW-82110170,0.7131317,5.5633855
NW-RSN1176,1.9179366,0.6369832
AN-13M24,7.733794,2.4900537
NW-SSN0722,2.5408096,0.2592663
NW-88001870,0.30343282,1.6342916
SW-RSN0413,8.489341,-0.81253976
SW-50370272,8.638307,1.5547622
NE-RSN0992,7.5398407,0.08937459
MD-41821250,8.689285,0.18637653
MD-RSN0344,2.8030136,0.6707862
NW-88002584,10.175198,3.0406868
MD-02659340,8.207749,4.191712
MD-23966180,3.3505554,0.75527006
AN-STON050T,6.577075,1.8654902
NE-49302342,8.167076,-0.7002904
SW-91241709,1.2362399,3.4835382
SW-81611033,0.7745089,5.57967
MD-04064050,6.409918,2.928883
NE-RSN1584,3.3285482,2.1235867
TH-PCRR0020,6.784143,3.2164607
SW-RSN0023,8.505263,2.5764492
MD-SSN1320,6.8712916,1.0888443
NE-49000382,0.7132862,3.3020236
NW-SSN0502,0.23342939,5.4480534
MD-37421000,9.474874,2.272046
SW-72940404,0.04820247,5.0825815
SW-RSN0765,7.9829803,1.3761395
NE-49800228,3.288793,1.0386504
MD-57407350,2.0375345,3.465328
MD-12036180,6.4072666,2.1647055
SW-70630288,1.8230897,4.215764
AN-GIP146,8.536444,-1.4305952
AN-DSOLDSMB,8.118797,-1.0910081
MD-74358180,6.665285,1.7281353
SW-RSN0007,1.9530481,3.076575
AN-SSN1499,3.9892802,0.23253946
NE-SSN1382,0.7705821,0.32582882
SW-70541602,1.8830811,1.4042238
MD-46250980,9.964051,1.9298289
NW-SSN0714,7.448769,5.0422463
NW-88025802,2.4577293,1.6875439
MD-07957180,6.5503883,0.42438725
SO-F0003014,6.375857,3.4616191
NW-88000873,9.062648,1.6954391
SW-81201470,2.0712793,4.3630624
NW-RSN0728,0.92612535,2.2888355
SO-RSN1617,10.057613,2.2038825
NE-49302117,11.56853,3.8984423
NE-49000778,1.6361171,2.3766396
SO-G0003918,8.494467,-0.17746282
SW-73040102,2.8692956,3.05359
SW-82111503,0.91955364,2.7420032
SW-RSN1267,3.642161,4.1326556
SW-RSN2221,7.209296,2.5390053
MD-RSN1516,2.0878024,0.89410144
TH-RSN0545,9.576252,1.5865626
SW-50281619,1.6924804,5.088847
NE-SSN1313,8.4729595,5.28471
NW-88000662,9.197764,3.5541909
NW-88002113,0.8506573,1.073903
NW-88002056,6.023838,3.8876953
AN-44M06,9.716033,2.3273969
NW-RSN1684,4.3724256,1.8902817
NW-88003949,0.7322758,1.0777044
AN-12M03,8.019249,1.3375489
MD-SSN0488,5.5894995,1.4244531
NE-49302349,10.960654,3.1374502
NW-88005124,2.307565,3.6071517
MD-47519500,8.725713,-0.752163
SW-T1000068,6.645561,2.1937356
MD-28570210,10.125705,3.3984165
NE-49301456,3.2910132,1.5719002
SW-82312304,4.3371487,2.8303623
AN-37M14,9.483362,0.25701648
NW-88004587,0.33067837,2.636668
NE-SSN0485,2.380695,3.6254666
TH-PCHR0271,9.064722,1.3616545
AN-EYEB070A,6.1950326,-0.13645534
SW-50820104,5.4087753,2.6555943
SW-RSN0563,6.1742473,0.3127088
AN-CHK060,10.79205,2.3915823
MD-11740030,6.267195,2.4108841
MD-04796980,8.136465,2.3551626
AN-48M52,7.3340144,-1.4987009
SW-73020127,2.3412397,3.1046872
SW-50830205,3.553211,-0.40053648
NW-88002065,9.219559,3.0162573
NE-49200137,9.409218,-0.419077
SW-RSN0467,1.9244125,4.113284
SW-81930150,1.7972504,4.894648
NE-49500292,4.98884,2.1471012
SW-81916017,1.9633918,5.2329397
SO-SSN0414,7.7770896,3.9162264
SW-73063264,3.8333445,2.203563
NW-88024184,9.022353,4.792304
TH-PBRR0011,8.901931,4.4235697
NW-88002367,10.547308,2.8002698
NE-49800249,0.25696158,1.602528
SO-E0004847,7.9427013,5.3843074
NE-SSN0021,1.9377625,0.6647427
MD-29614590,1.5718864,3.6043904
AN-WOOT060H,6.3805676,-0.4615951
SW-81940468,1.6488976,5.484118
SW-81940411,2.0639868,4.69772
MD-08017220,9.282385,1.8988891
NW-RSN1300,0.32619348,1.2101176
AN-STON040T,6.264404,-0.80317324
MD-09882890,9.085052,-0.672877
SW-RSN2253,6.931364,1.1836014
AN-MD01,9.352119,4.2843823
NE-RSN2196,3.4667747,-0.28015327
MD-24239300,5.9177303,-0.51035863
AN-CASTLEDK,5.866696,0.946196
NW-88003435,4.0557227,-0.36915326
AN-BROCK1,8.618851,0.8111402
NW-88005850,6.780643,4.0498104
SW-81121431,0.5035776,5.0174823
NW-88002279,1.5752332,2.0168562
MD-49401050,9.692261,2.3555198
MD-61676550,5.6718564,3.2411869
SW-RSN0019,3.7708318,4.5388975
SW-81940420,2.47098,4.3892446
NE-49100163,7.0844207,3.9467616
MD-29992580,8.699923,2.9847574
MD-53119300,-0.10637655,2.2829704
NW-SSN0082,3.9919019,1.4783525
SO-F0002534,9.566273,3.8442447
SO-F0017657,4.7632117,4.6042295
MD-10416140,6.846443,1.254601
MD-50305850,10.288496,2.9955246
AN-RSN0980,10.663603,2.9834764
SW-70811778,4.688407,2.9896817
AN-BEL060,10.328849,3.0187793
NE-RSN0511,0.7324694,2.175009
NW-RSN0523,0.9252882,3.676591
AN-YAR220,8.275232,3.0765913
MD-C0000030,7.5370045,1.1258509
SW-Z1010706,8.023305,0.6081735
TH-PRGR0032,8.491891,2.825146
SW-73020110,2.9577212,4.0310636
AN-NENE030D,5.5534697,-0.3463982
NW-RSN0136,1.1697319,2.0447829
TH-PUTR0086,6.695982,4.0354013
AN-CREB100C,4.5471706,1.2091882
MD-RSN0526,7.57085,4.9525843
NW-88003536,2.060757,2.2094853
TH-PWER0027,4.387124,3.8611865
NE-49301577,0.0052315644,2.6300888
MD-71204190,5.1797233,-0.13801807
MD-22932250,8.591839,0.4123755
MD-58807200,6.811793,1.866153
MD-39481620,9.379223,-0.34249192
SW-50342808,7.084915,1.4494891
AN-TUD070,6.8887014,1.0825486
SW-82010140,2.1986928,5.362314
TH-RSN0505,9.579107,1.9435034
SO-Y0004402,4.7423673,3.4191945
NE-49301133,6.4786973,3.021317
MD-RSN0318,9.293779,1.1423179
NW-SSN0730,5.486873,4.460479
MD-83852117,7.3937917,4.628676
MD-41296200,8.639418,-0.12885027
NW-88002872,8.624479,4.2562127
NW-88022382,9.156807,3.7253458
NW-88023150,0.07776024,1.4971464
AN-RSN0721,8.067064,2.2191138
AN-STON030M,6.209251,-0.73733497
NW-88002360,4.193946,1.0414798
AN-04M05,8.812624,2.3525538
SW-Z4170101,7.1789083,-0.36563846
SO-G0006987,6.2790055,5.1687016
NW-88006479,2.1557522,2.2121787
MD-RSN0830,6.72047,3.1047196
SO-RSN0809,8.245321,1.0900171
SW-RSN0147,-0.03985706,5.426135
SW-SSN0724,2.0180504,4.353356
NE-49700382,1.7192214,0.06804101
AN-CROOKEDB,8.509798,5.570954
MD-RSN0122,7.7970643,0.08844438
MD-00259340,4.2605147,1.2182113
AN-HOGD110R,11.153457,2.2429755
AN-02M25,9.489202,1.9575293
NE-SSN0045,-0.07689042,1.1454899
SW-Z9390201,9.785737,2.485709
AN-RISE180G,7.0496197,0.68393147
NW-88005588,0.010727201,2.0128145
NW-88006306,2.0374856,0.42117563
SW-SSN0508,4.700057,0.67429906
SW-82510102,2.592508,2.8718412
NE-49100630,9.304493,4.7557325
TH-RSN0962,9.407542,2.2503467
NW-88003438,3.603435,0.7539667
NE-49500726,0.18265547,1.6375594
SO-RSN1213,2.7570353,3.0375314
NW-SSN1418,4.17597,3.2405589
NE-49400311,2.0094094,0.10897011
MD-12178180,8.298246,2.1776326
MD-58496180,8.330218,1.5158631
SO-G0006963,6.928328,-0.2511191
SW-E3160500,6.147967,0.4491606
SW-RSN0346,7.3450556,2.6049163
NW-88024183,9.516495,0.5208802
AN-WERR200I,8.154069,4.0792975
MD-46388580,9.950183,1.0725662
SW-50361118,5.524198,4.6694326
NW-88004073,1.9890718,0.817714
MD-37267600,10.765711,3.1810899
NE-49100544,3.5595124,0.17191689
AN-BL10,7.9688334,-0.27569127
AN-36M07,9.716062,0.8374897
SW-72937708,2.116347,4.5643725
AN-48M51,7.8435006,3.8600574
MD-64496050,5.5373588,1.4452853
SO-E0001260,9.248892,-0.3009622
NE-49400826,1.2782205,0.5750717
TH-PLER0123,8.428887,0.81326586
NE-49900196,7.621659,3.0949736
MD-04778460,9.962845,1.6733705
MD-37849950,7.438255,0.2516928
TH-PWRR0021,7.848929,1.1289709
TH-PLDR0019,8.680217,4.053107
SW-50350235,8.508386,0.23064347
NW-88015476,6.8954115,-1.6380087
NE-49000063,9.265949,0.67168325
MD-45646150,11.105078,2.006689
MD-48942750,6.450869,-0.5957134
SW-82210130,2.8623717,5.3336024
NW-88002094,2.0977917,0.79825306
NW-88023773,4.904761,2.1634052
AN-FBRO100F,7.5197597,3.3194637
MD-05348020,8.137143,1.9578129
NW-88002852,8.679975,3.1373212
NW-88006393,1.8766049,0.89459693
SO-E0000959,4.160024,4.0166516
AN-SPRA060S,9.973087,1.9580902
MD-RSN0518,6.2802987,2.9490821
SO-F0002506,11.157191,1.9414332
AN-HD0120,9.936992,1.5274456
NW-88002751,11.283112,3.6537442
SW-RSN0941,7.6156306,-0.32960927
SO-SSN0715,9.32375,-0.53412277
SW-81281105,2.058346,4.3118258
AN-DEB090,7.4111495,1.3063816
SW-Z1010501,7.992363,0.6054499
NE-RSN1744,2.4410431,1.4131575
NE-49905045,0.97527283,0.37925178
SW-RSN1293,1.2034228,4.9873395
SO-E0001262,8.974909,-0.29514647
MD-SSN1292,8.062638,5.603484
MD-61079610,7.932625,2.818696
SO-G0003669,5.424646,3.1351466
MD-48883180,11.280146,3.6064901
MD-49712380,0.6465315,2.7856557
AN-RSN1565,7.9686112,2.223469
AN-DEB085,8.082278,2.7490084
SW-81202020,3.6558046,4.442713
SW-RSN2175,2.8841176,4.3246655
NW-88006313,1.129222,1.0187836
MD-10461800,9.692587,2.0898368
NW-88002672,7.126821,3.968533
NW-RSN1999,-0.57605875,5.1251926
SO-F0017549,8.197514,5.726419
SW-50901590,1.2631212,5.2531824
TH-RSN0858,7.579327,4.360408
NW-88002324,3.042828,2.5749433
AN-HOLL100C,6.5724034,-0.60571605
AN-03M04,7.8363543,1.8233122
AN-SSN0126,7.831054,-1.5784009
AN-RSN0450,1.4047806,5.35261
TH-PRTS0065,8.248638,0.84338564
MD-SSN0652,2.3934183,1.8932246
AN-RSN0049,8.071813,-0.13260819
NW-88025761,0.11917698,0.48710546
MD-50900495,2.4911027,0.6776312
TH-RSN0274,8.259008,1.1382134
SW-RSN2045,9.280552,1.6317203
MD-RSN0326,8.068858,-0.14288302
SO-E0000629,3.9719296,3.84378
SW-70240270,2.587818,2.566987
AN-DIGFNBIL,7.3394356,3.6674094
SO-G0003761,5.128521,4.1757264
TH-PRTS0662,9.529673,2.2996137
NW-88022581,0.42243722,4.517325
NW-88002568,9.025383,2.6313684
MD-46713440,10.697237,2.9496307
AN-CD0148,7.3809505,-0.901024
MD-12813020,7.476269,2.0796573
NE-49900183,0.7306395,0.22964217
NW-88000754,1.599008,1.0223969
AN-MOUL080M,3.5065799,0.037858624
TH-PTHR0038,9.199762,4.347244
SW-50340920,9.093027,0.019983036
SO-E0000909,11.469398,3.7900765
SW-60031280,8.392868,0.60491824
MD-RSN1762,5.5049,1.9108143
NW-RSN1700,5.918586,1.2839011
NE-49405138,4.6196027,4.4203277
MD-24747580,6.8834553,0.22847474
NW-88001879,2.6346304,1.2989581
MD-60387900,9.155173,3.9304352
NW-RSN0472,4.017079,2.275723
SO-F0017546,8.115152,5.6664157
NE-49300217,8.430715,5.4075713
SW-60140325,5.8851132,0.4257129
SW-50310190,7.136303,0.0046573784
MD-36732370,9.263269,0.91417366
AN-GIP180,8.317158,2.1255896
AN-CHAT100U,6.4046116,0.8965967
TH-PTAR0022,9.21289,1.5291913
NE-49900184,4.813879,1.6131752
MD-63081350,9.681096,3.2526789
NE-RSN0196,8.289728,5.28668
MD-55724900,9.369717,2.1088867
NE-49600480,5.7168736,-0.82032824
SO-G0003890,8.049704,-0.12789819
NW-88002001,9.26181,3.0299256
AN-RUNFURWS,5.44256,-0.53951776
SW-81520348,1.0383484,4.4316263
NW-88003441,4.3565564,0.93746865
AN-RSN1609,8.800585,1.2672228
SW-81610221,0.9489892,5.3652644
SO-G0004188,1.2487022,4.9932275
NW-88003452,1.1625639,1.9989108
SO-E0000851,10.133397,3.9381592
SO-G0006983,6.8755207,5.3292284
NW-88000629,8.400164,4.5670013
SW-RSN2251,2.083876,4.334505
SW-81950522,0.67850524,5.582044
NW-RSN1127,0.10789291,5.387384
MD-47233820,7.6827493,0.42285925
NW-88004011,1.7369506,1.674661
MD-37572590,7.789912,-1.433292
SW-70230174,4.5987196,0.4305554
SW-A2270401,6.001906,0.34403747
SW-70501840,3.54188,3.9233365
SW-E1390400,7.4776506,1.060829
TH-PWER0015,4.848812,3.8168404
NE-49301683,3.061523,2.5419881
NW-88023686,0.03597886,1.5451703
MD-10932140,7.833494,4.0770187
NE-49105169,8.960476,4.1746025
AN-NENE170B,7.066329,1.0515372
SW-73110903,3.8080351,1.5894973
SW-82530105,0.7034719,4.837015
AN-SSN0483,8.032025,-1.608643
SO-E0007346,7.0291014,1.5154779
NW-88000875,6.2956967,2.0513961
NW-88004995,3.0218143,4.727739
SO-G0006946,1.1174932,4.796225
NW-88003485,1.1181682,0.16527319
TH-SSN1491,5.9707193,1.7856859
NE-49700247,2.5264459,0.14479895
AN-TIF070,7.0910354,-1.4374855
NW-RSN0299,1.8882124,1.3314254
NE-49100400,9.679275,0.55030274
SO-G0004021,11.310182,3.635885
NE-49401025,2.908993,1.9832647
TH-RSN0289,4.346406,1.5347782
MD-06110900,6.629783,1.158802
NW-88005012,0.097562656,3.367776
MD-RSN1810,6.660073,2.7649078
SO-E0000695,3.6140258,3.7710283
TH-PWER0026,4.2077255,3.9730265
AN-26M34,9.398239,1.1346319
MD-00052182,3.989059,3.306461
TH-RSN0097,6.3422236,1.363562
NE-49300684,0.53704506,3.0422323
SO-G0003947,8.85992,0.84127134
MD-03015120,9.151286,0.14366518
AN-FRES5A,9.90689,0.4949886
SW-70220119,4.737729,1.3174056
AN-METHRGAM,9.635181,1.8075784
NE-49900003,2.1121655,0.23097438
AN-BT0125,7.0802393,1.8718249
AN-RSN2033,11.12721,3.4814532
MD-28071200,7.097128,-1.510434
AN-NEWDIKE,8.505556,0.7194795
AN-51M01,9.12618,1.4342545
SW-70231940,2.2132967,3.3884766
SW-91221750,1.8337756,5.136915
NW-88024210,3.188358,4.711845
NW-RSN1251,-0.5105064,5.127052
NE-RSN1632,0.14869808,5.3479137
SO-E0004843,1.2877824,4.9102864
NW-88000616,8.150015,5.2653136
AN-HOBD6,7.0623126,-0.23044631
NE-RSN0764,7.8419094,1.1314497
SO-E0000478,7.0944304,0.59718406
SW-73060230,1.756182,2.6807866
AN-WAV118,8.988936,1.0598488
SW-82011025,0.4913767,5.442508
NE-49600137,5.515938,2.0652177
NW-88002631,9.498027,4.001457
NE-49500037,1.9940959,2.4762537
NW-88004930,-0.19407596,2.966054
SW-82111612,1.9810616,4.908383
MD-08100050,5.897903,-0.569529
SW-91241171,1.8542448,4.9749694
TH-PRTS0038,8.254727,5.596239
MD-28468300,9.706721,0.8674494
MD-45379020,7.045792,2.9249046
MD-28388360,8.825056,0.45566782
SW-81310288,0.42911318,5.4484477
TH-PTHR0032,8.2929325,0.95802253
TH-PCHR0157,9.72125,4.1196866
AN-HARR070C,6.34263,1.7467082
MD-19235200,1.6488034,3.1388435
AN-59M15,0.217301,5.5033855
TH-RSN0977,7.945356,0.033589307
NW-88002523,1.784281,2.136077
SW-50210705,6.6503024,-0.07310263
MD-46986050,11.49526,3.83226
AN-34M02,10.392427,1.2886274
NE-41000038,3.8643067,1.2344248
SO-Y0004370,4.1963334,2.9564972
NW-88002007,4.5227118,3.1533396
NW-88000708,9.670392,3.063612
SO-RSN0501,4.3705063,4.0683355
MD-37267170,8.999158,3.8523066
AN-RSN1772,8.83183,4.064056
NE-49700224,1.1387823,1.0788493
AN-37M15,7.8477354,-0.35243183
NW-88000820,9.679786,2.2910461
NW-88004024,2.6558845,1.6363103
AN-RSN0206,5.5188766,-0.65288633
NW-RSN2292,2.7730153,1.8618275
TH-PUTR0117,7.9700384,2.7858438
AN-CL0851,7.170606,1.6858832
MD-59006100,10.054728,3.104426
NE-49705107,2.6444025,-0.052874025
NE-RSN0900,8.028024,5.2002344
MD-58470770,8.050996,1.2017709
NE-SSN0517,2.1079862,3.857697
SO-RSN1729,5.048244,2.3146005
MD-54364800,6.819301,0.039684
SW-70221203,3.0912056,2.261778
AN-NENE110N,8.129306,1.863452
MD-04851780,8.372911,1.5128442
SW-Z1160102,5.449792,0.32507628
NW-88006396,5.032398,-0.19274645
NW-88006402,4.8127937,-0.35784712
AN-BAINUSDB,8.195908,-1.1495785
MD-RSN1982,7.085011,2.5232666
SW-50230145,7.344943,-0.39503315
TH-PTAR0107,8.361499,3.791407
NW-88002513,9.398432,3.037069
NW-88000653,8.968122,2.5460534
SW-73040178,2.132334,3.9481318
SW-RSN0131,1.8455495,4.3150916
SW-50350414,10.146143,1.4307601
NE-49100373,7.9766707,1.5622196
MD-51700150,4.89652,-0.54686207
TH-PRVR0030,6.2488875,1.8968536
MD-14137880,6.2383413,-0.15838015
AN-ANCOC,8.823003,0.64386195
MD-70257580,8.253668,1.338184
AN-THUR050T,7.050459,3.946142
NE-SSN0661,7.322895,-0.79920405
SO-RSN0217,6.168411,3.687486
NW-88004023,2.230378,1.4481283
AN-CL08,7.7651496,4.0946198
NE-49700169,2.51285,0.23904277
TH-PCHR0160,11.49711,3.8391218
NE-49301476,9.435858,3.8148403
NW-88001992,4.5769043,1.3077129
AN-BT0164,6.7427735,-0.09372568
NE-49300539,3.496045,1.8489021
MD-51657015,2.5099423,0.25034088
TH-PMLR0232,3.2965572,2.1744587
NW-88009907,1.7782345,0.43096623
AN-WOOT500K,7.626214,0.6700634
TH-PCHR0051,8.115159,2.0980127
NE-49000137,1.7327981,2.2052648
AN-DEB070,6.8025374,1.9563937
SW-50210316,7.5988703,0.28806812
NW-88001946,0.0746747,4.564027
MD-27300203,9.245136,3.73123
SW-50350104,8.5212965,-0.1869331
NE-49905165,2.2998943,0.19994067
NE-49800132,2.7379036,4.0296073
SW-60010144,9.069244,1.0594858
NW-88005673,-0.13433374,2.6862633
MD-50896620,9.188639,2.0900378
AN-RSN0357,7.6920624,1.7829429
SW-81211236,3.4075108,3.6545625
AN-SSN1379,10.448281,0.9105211
NW-88023119,3.700804,2.0235064
SO-G0003935,8.529529,-0.41070026
NW-RSN0107,1.524933,1.553941
MD-51524050,5.4006615,-0.37251502
MD-60387650,9.710461,3.8302674
AN-EST010,9.346797,4.201497
SW-70641065,2.712832,3.8118439
MD-45223180,10.879851,1.6955367
SW-Z1012004,6.4616084,2.8844614
NE-49500282,10.195412,3.118944
NW-88024656,8.893848,1.9576778
AN-FODD9,5.964209,0.93668956
SW-50280585,7.8962126,0.7071105
MD-RSN0116,6.716712,-0.27006063
SW-RSN0583,7.0993886,-0.30356196
SW-RSN0611,2.9395318,3.6119788
NW-88002867,10.110478,2.7313142
TH-PMLR0022,9.504616,0.85888165
MD-54141150,8.887087,2.730715
AN-35M37,10.702848,2.6869767
NW-88000860,7.6566515,3.5453532
AN-SSN0196,7.2634892,-0.39353344
TH-PCRR0067,8.518829,4.8386145
MD-39067500,9.647015,2.5941832
TH-PWER0126,10.9383745,1.6890261
NE-RSN0112,8.26975,2.7758539
SW-60100005,6.7511997,1.0375118
AN-BUR070,7.3363094,0.35369736
SO-E0007347,7.9404674,1.0966408
NE-49800101,3.5862074,2.6056893
AN-ORE040,9.673436,2.4408932
AN-27M06,9.634082,1.1994696
NW-88006238,1.5652177,0.114874445
SO-E0007035,6.6851053,3.638068
NE-49600123,9.193184,-0.8754369
NE-49900186,3.9721296,0.74423766
AN-CL0870,8.118937,2.8358762
NE-49200136,9.71053,-0.29757383
NW-88002344,9.178469,3.1170022
NW-88002249,3.393367,2.7840314
SO-E0000881,7.57989,5.1694007
NW-88002296,4.108218,3.981943
TH-PUTR0361,7.0931506,-0.7964578
NE-41000032,2.6660626,0.34522888
MD-56015100,6.617109,0.41809487
NE-49700084,8.858051,-0.67079693
SO-G0003851,9.953095,0.9200876
SW-72920121,1.9457514,2.9592242
NE-41000376,0.21778241,0.8461944
NE-49603067,4.766348,2.88402
SW-60270733,9.398209,2.515135
NE-49301961,9.977473,3.0724103
NE-49100548,2.4060705,1.1115236
NW-88022625,7.0508304,3.7651715
SW-70231462,7.688374,0.738226
NW-SSN1414,0.17944723,5.461694
TH-PLER0117,11.3381195,2.0210562
MD-61674850,5.035661,2.658882
NE-49500600,1.6409073,2.4738579
NE-49705106,3.0433226,0.6356468
AN-RH0210,5.4446073,1.003679
NE-SSN1509,-0.016371246,5.338985
AN-WADINBCK,9.320839,0.17992182
NW-88003869,5.8750405,2.6481292
SW-70420261,2.5511963,1.7490132
SW-70630113,2.284379,4.100884
NW-88000755,7.502258,-0.5594945
NE-49200049,9.47117,-0.49453196
NE-RSN2324,3.297565,3.9466848
SO-RSN2285,3.8232727,4.2607317
MD-47515180,7.6547055,2.0537033
SW-Z2040109,6.3905396,2.7578557
SW-SSN1380,1.9884026,4.342359
NW-88001818,0.95283365,4.350302
SW-RSN1195,2.234345,2.6985128
MD-00055460,3.6070573,3.930686
AN-RR0108,9.836809,1.2843907
AN-RSN0453,7.3300858,3.3341463
SW-RSN1643,-0.4839727,5.2257776
NE-49700268,-0.14893512,2.3917375
AN-SBDTET,7.6381364,3.560657
SO-F0003107,5.3614182,4.6261353
TH-SSN1403,8.401893,5.6584654
SO-Y0004418,8.927063,4.6583595
TH-PTHR0186,7.463259,0.75343513
SW-81811108,2.9141974,4.9194965
AN-45M02A,8.822808,1.458088
SW-SSN1328,0.056502502,0.7573087
AN-WITH13,8.725701,-0.9869249
NW-88000614,8.967842,3.43782
SW-RSN0167,1.5362549,2.3873584
SW-50830166,5.7546735,0.39973465
AN-HUSBOWE1,4.2351537,1.6477398
MD-26950820,9.958973,1.2816701
AN-WOLD3,10.597711,3.1343694
SW-81940837,2.8953881,4.549742
SW-82610558,2.2165248,4.065976
MD-46265220,9.355338,1.9533695
NE-49302159,7.128805,2.4373333
SW-E3181450,6.6006737,3.2470226
SW-82611150,2.068937,3.2143924
NW-88001841,2.1399963,3.6321876
AN-YAR266D,7.5273237,4.5867515
AN-04M13,7.3387923,-0.7621523
AN-RSN1692,8.389216,-1.473015
NE-RSN0092,2.6301973,0.9760108
MD-46252580,9.915722,3.1241314
SW-91241749,0.7057358,4.8733506
MD-28431400,9.526329,1.0345961
AN-12M27,6.362599,-1.1101248
SW-72930250,2.557866,4.746809
AN-BRAM080B,10.1093445,2.2695155
MD-37256600,7.416405,4.7918377
AN-HYKEROAD,4.5861626,3.2840621
TH-PCNR0072,9.159236,2.4042103
MD-RSN0308,9.5404415,-0.32876724
SW-RSN0659,2.6983578,4.8939157
MD-65796185,8.439554,5.3055797
SO-F0002493,10.442349,2.2914617
MD-11562180,6.5075955,3.2290874
AN-58M03,8.534134,3.3433058
MD-04465640,5.4872127,0.083626665
NE-RSN0276,2.8874238,5.356358
MD-00024062,5.0635066,1.9843309
MD-38475950,9.899434,0.94141763
MD-45214350,9.824874,1.2044512
AN-CHAT130F,7.9097676,-0.9238383
NE-49800251,1.6917282,3.1803782
SW-70920142,0.58343357,3.0925224
NW-RSN0984,4.705485,0.858079
NE-RSN1080,6.043098,3.0937836
AN-HELPREAU,9.580991,0.29366893
NE-49705098,4.1579933,2.054496
NW-88006367,3.5751603,1.8517225
SW-70591079,0.8039443,1.0195613
MD-37422780,10.374144,2.4242327
AN-RSN0852,8.729824,-0.2552271
SW-RSN1691,-0.56807995,5.1680794
SW-70630270,0.20954143,4.6576705
MD-46986400,11.465434,3.867462
NE-49500621,2.2997677,3.2028039
MD-36735800,9.283852,1.3850198
NW-88006362,3.8174653,0.5714148
MD-51314020,4.513831,2.2028248
MD-RSN0906,2.7588797,0.2926841
SO-Y0004483,7.5689344,0.07816754
AN-DSOLDBGK,7.944552,0.30494994
SW-81950594,0.6466409,5.590574
MD-23596120,10.677258,2.9554532
AN-RSN1785,6.876007,3.5062227
SW-70501104,3.221905,2.8941274
NW-88003492,2.8352158,1.0910039
SW-60030166,7.533878,4.044527
MD-14208020,7.31083,0.10921723
SO-RSN0421,4.1859355,4.375005
NE-49600470,0.8571337,0.61072016
NE-49700385,1.7993397,0.5603925
SW-82528005,3.9588816,2.603091
MD-37737180,7.747748,2.5100393
NE-49400245,11.223829,3.4954987
SO-G0003766,7.7172484,0.26858097
SW-81281161,1.469227,3.9091759
MD-RSN0968,3.085868,2.9921603
NE-49505157,-0.15483361,2.5293763
AN-SFFT5,5.5779667,0.63265216
MD-29577380,2.3590658,1.8575262
SO-E0001551,3.5449474,3.4365451
MD-RSN0970,7.3600593,3.9659407
NE-SSN0405,2.4353836,2.1494782
TH-PRTS0661,8.170657,0.8930981
MD-53963150,7.9333115,2.4951847
NW-88003542,2.7639747,1.7420577
AN-SLEA8,10.465258,0.8378641
SW-81950886,1.599314,5.487591
SW-60590407,2.9282868,1.2194178
SW-70591215,7.8928003,0.03367049
AN-37M04,9.195564,1.4916989
NW-88004371,0.13308644,0.5493881
SW-RSN0237,0.1631306,5.1854544
AN-LUDO9,8.8640995,2.359246
AN-NLMD001C,7.2987237,3.3669558
MD-41105220,8.580622,-0.62650895
SO-G0003647,6.5469184,3.4865065
MD-10927160,7.32651,0.6098298
NW-88003818,0.44405985,2.2677777
MD-45646395,6.976879,0.97168005
AN-11M31,9.552993,1.6829544
SW-91221108,2.138728,4.223907
NW-88003872,3.5210154,3.440949
TH-RSN1522,7.890728,1.3727801
NE-49301717,9.409868,2.258798
MD-RSN1651,2.3020175,4.092712
MD-26947700,9.697035,2.5605814
MD-08018640,10.512747,2.2346776
MD-46678660,5.075493,0.94864
NW-88000594,8.863255,2.6785126
SW-50590188,7.5393314,0.5882925
AN-USBCOGLE,9.167361,-0.98492306
SO-E0000818,10.398423,2.4945536
MD-H0000072,3.2388194,0.921301
MD-39683020,10.709352,1.6091342
MD-61471060,9.572713,0.57100195
AN-FRO020,8.428402,5.33769
TH-RSN2010,8.121609,5.3035636
MD-12616850,8.200318,3.194867
SW-Z1460136,9.731316,2.3677924
NW-88006316,3.2454376,-0.33428696
TH-PUTR0081,8.274125,0.8941523
SW-91221755,0.64007545,4.4666414
NE-49500577,3.0179062,1.6800413
SW-RSN0909,5.897222,-0.44023538
NE-49400718,4.141757,0.865124
SO-E0000906,10.429011,3.130032
SW-70561005,3.8276258,3.2229743
MD-37118020,7.47165,4.992505
MD-39322060,7.5740433,0.33035183
MD-54085180,8.879042,0.50029093
MD-48426050,7.2198863,1.3071089
TH-RSN0562,6.4201503,0.48470774
MD-64496820,5.4157615,1.2304556
SW-50904444,0.07213823,5.080371
TH-PTHR0107,9.035661,0.85948557
NE-49800065,2.196973,1.5199925
NW-88023152,0.9194086,3.606309
MD-29577500,2.4133663,1.9764875
MD-36745280,8.62019,1.0408654
AN-FLTTNSPR,7.2930055,3.9752045
AN-RSN1969,9.937896,2.4847198
SW-70723535,0.8120524,4.398926
NW-RSN0156,2.076583,0.80082124
AN-GAYTONDS,11.3674,1.9657936
TH-PUTR0250,9.321216,1.4354296
NW-88006319,2.5946105,0.23011234
NE-49105228,8.597155,-1.4099755
SW-81610186,1.2930616,5.3802495
AN-SHIREDYK,7.811926,3.2027276
SO-E0000540,4.964862,3.947178
TH-PCHR0031,7.714388,3.0200386
AN-LUD01,9.123406,-0.8810086
MD-67620110,5.883595,1.4818585
NE-49600174,3.5420752,0.9055165
SO-F0002238,5.6724668,2.413605
SW-RSN0483,5.200981,0.4740808
AN-23M01,8.907435,-0.030745871
NW-88022772,7.8445983,5.200183
TH-PLDR0020,9.416858,3.1925235
MD-46289020,8.047551,5.229416
NW-SSN0010,2.4576259,2.6121671
AN-34M12,10.073634,0.7752457
SW-81250180,3.5719478,3.0361547
NW-88002520,10.035716,3.505099
SW-RSN0409,6.2024884,-0.10969003
SW-82310577,2.1295257,5.4490924
MD-45220500,9.754035,1.5597925
AN-RSN0037,7.413964,1.1618949
SW-E4330900,6.456652,0.44536862
NW-88025748,8.048208,5.6143785
MD-60864380,10.710974,2.3397114
NW-88005841,2.4074109,-0.009526507
MD-56090950,0.88546795,0.50747734
NW-88004613,2.6372583,1.5460773
AN-BL06,9.922668,1.1113029
AN-NLMD010T,7.35688,3.4090958
NW-88002735,7.0778146,4.53843
NE-49400102,4.215528,0.2952204
SW-50210770,7.3354597,2.2031577
SW-RSN0359,0.6613483,5.3435125
NW-88002072,1.9673939,0.7653797
SO-F0002167,3.827123,3.87481
MD-51707350,1.9123143,3.0762093
SW-70571910,3.7266128,2.145938
NE-RSN0688,9.406668,2.2011776
SW-70551205,3.3738225,1.0702611
MD-29007320,11.216777,3.444017
NW-88005844,3.3211224,-0.26018846
NW-88002071,1.9634761,1.1456791
NW-88001923,2.558104,2.8199587
SO-SSN0186,1.5553204,4.6615415
SW-RSN0471,0.7535847,3.9065866
SW-RSN2323,3.9057105,2.2090008
SW-E1382600,8.096865,0.6357273
AN-RSN0704,7.2801213,3.9076254
NE-49305364,6.8153014,3.715811
NW-88002010,4.179216,0.19602886
NE-49100488,4.3428054,1.2932796
AN-LUDO6,10.063933,1.4900291
AN-RSN0192,8.19901,-0.28116927
NE-49900203,9.246121,2.6736202
SW-RSN1987,3.0902398,2.4250553
AN-CA03,7.3610077,1.5048777
NE-49302140,6.810204,-1.4914331
MD-15785620,5.369364,-0.059933446
SW-Z1460101,5.8450503,0.47293812
TH-RSN0781,3.20654,1.6921959
SW-73060704,1.1829761,1.9907174
MD-09072100,7.251773,2.1228774
NE-SSN0677,0.51648176,3.1467366
AN-RSN0213,8.607262,3.5745242
SW-E2031200,8.617852,-0.030711884
AN-50M02,8.190286,1.8549861
TH-RSN0297,6.0337443,0.4402382
AN-RSN1766,8.264276,0.32664636
MD-38481980,10.803019,1.3672993
SW-82312340,3.9954596,2.93321
MD-SSN0719,4.4778247,0.26806012
SW-70512009,4.069329,3.3538322
NE-49105200,2.0763056,0.17472975
SW-SSN0112,-0.11505262,2.861675
NW-88003464,2.697677,1.7959206
SW-82410633,2.867193,4.3062654
AN-16M06,11.015756,1.465629
TH-POCR0011,9.302672,2.589235
MD-28272300,8.199271,3.7511582
AN-52M05,6.097024,1.9539863
NW-88021071,2.7247882,1.4491979
AN-RSN2137,7.831752,1.4810339
MD-67808020,8.777066,0.45177004
NE-49700392,1.5612198,0.27342263
MD-39371130,10.639428,0.58019495
NE-49100401,7.4331574,-1.153233
SO-RSN0649,7.616009,3.967358
SO-F0002151,3.4614973,2.937356
AN-TIF050,7.030799,0.18612106
NW-88023732,0.6435533,2.9677413
NW-88010048,9.242309,4.7934313
NW-RSN1280,1.8733878,2.4102557
MD-52821150,3.2317982,-0.069290414
SO-G0006947,4.9257064,4.7754965
SW-82528098,1.2520508,3.6287608
SW-E4004200,8.221919,0.2959905
SW-82311939,3.280237,3.668021
NE-49000686,0.023866177,2.622244
SW-72910721,4.2748733,4.0633154
AN-MAINDRN,7.78748,-0.4555196
TH-PLDR0001,10.228976,2.7920752
NW-RSN0476,1.5262785,0.7873453
MD-11108140,6.8141174,3.702786
SO-E0000900,9.837284,2.9780858
AN-EYEB030G,5.6721787,-0.43802497
SO-G0004148,6.6999135,5.3028502
AN-SB01,6.137528,2.6126883
SW-60400146,2.0145082,2.0846484
NW-88004549,0.40884525,3.895724
NE-49100395,8.908147,2.1802757
TH-PKER0337,8.585893,-0.003481524
AN-16M16,6.8752146,4.4128714
MD-58785260,8.312668,4.0261145
NE-49301628,2.6091037,1.868375
MD-29742230,3.1631396,0.9537407
SW-50221210,7.6759567,1.8828644
AN-TRIBRAM,8.844324,-0.35477713
AN-CROS040S,4.6240253,1.5187706
SW-A3210101,7.242381,0.80800074
NE-41000040,0.2378218,0.41221097
SW-50350521,8.829361,-0.14038494
MD-RSN0718,10.138094,0.12732165
MD-64780550,4.1050816,1.1579796
TH-PLDR0010,8.963849,2.8660238
SW-60010836,4.482532,1.945327
AN-STNFLDEA,9.428645,-0.6965681
NW-88002218,2.5901241,3.713602
SW-Z1150101,8.522605,1.2058525
SW-50231010,7.4329147,0.19029959
NW-88003822,0.8811067,4.155317
SW-91251605,2.1101613,4.4279532
MD-36787820,4.3515797,0.931547
AN-BUR050,6.9062386,2.8825426
MD-08019580,5.7379875,0.5430172
SO-F0002162,4.811539,3.9715881
NE-49400175,4.620627,-0.3024438
SW-Z8490120,7.795382,-0.21638446
MD-56878180,4.507616,0.58043796
SW-60260105,7.9777226,3.1697392
NW-88010550,4.7267113,1.3907701
MD-44924250,10.740077,1.9639812
SW-82211948,2.2703083,5.335414
AN-STF040,8.246846,0.98106027
AN-19M07,9.671396,0.92035544
SW-82220303,2.258597,5.39423
MD-00030850,4.334016,2.7250714
AN-12M05,9.277353,1.2031196
MD-48827980,6.9878674,1.1298573
MD-39012420,11.083727,2.0032594
AN-SIND2,9.300667,1.1183722
AN-RSN2240,7.5320625,-0.3934605
TH-PMLR0033,9.856439,1.6593527
SW-91253904,0.10556789,4.58835
NE-49905148,8.646406,0.6316466
TH-PWRR0005,7.5349503,0.0847911
MD-49697380,4.771686,1.0132372
AN-DSROPSLY,8.659566,-1.3412464
MD-02166595,6.1248403,0.1808819
SW-50550130,7.743005,-0.00893897
NE-49603070,3.600706,0.73636454
AN-WD01,8.385044,2.7572422
MD-RSN0230,6.302117,-0.018200187
AN-NETB1,10.438639,0.73017675
AN-MT2405,9.288608,4.779888
SW-Z8480243,5.9644804,3.316123
NE-49905161,7.111424,-0.99446136
AN-THCDSD,9.754392,3.3940115
MD-30305180,10.818005,2.896002
MD-64525830,8.982956,4.1351113
NE-RSN2244,8.00017,2.6920545
AN-07M09,6.462345,-0.8600801
TH-PCNR0093,7.4421263,2.5216937
MD-48392820,7.339155,-0.74042046
NE-49600047,7.37273,1.8682756
TH-PEVR0020,11.346587,3.6451933
AN-SSN0519,4.8522854,4.215502
MD-56423610,1.2249962,1.4670993
NE-49905149,6.936234,0.11345228
SW-91241191,1.5159699,5.256636
AN-17M09,7.506924,0.035987277
TH-PLER0063,9.57776,0.371167
SW-RSN1147,1.9855026,4.4016895
MD-51524035,4.929379,-0.6132272
NW-88023648,7.956167,5.529934
NE-RSN0252,2.3460217,0.704217
AN-26M49,7.5285683,4.245831
NW-88023236,0.36894348,3.6467428
NE-49300953,9.084574,4.4830604
AN-CR0140,7.819829,2.7451136
NE-49300353,8.235336,3.2912056
AN-RSN0094,7.0797415,3.0281248
MD-45915180,4.7007375,1.0793145
NE-49600466,5.4519014,-0.36573806
SW-82528110,0.94913787,4.4127693
NW-88000726,6.7493396,1.8205093
NW-88002348,9.209465,3.0487082
NW-RSN0572,0.10955814,0.5511703
MD-15903500,3.7752194,-0.03646236
MD-47601580,5.6377034,0.348261
SW-SSN1312,5.1380863,4.1054125
TH-RSN1258,7.2427697,1.379948
TH-RSN0610,7.34813,0.21315728
SW-81271593,1.1017193,4.3397493
SW-70724308,0.38386187,4.344619
MD-29266460,5.811795,0.9659843
AN-LARM090N,5.624758,2.3192647
MD-59010850,8.615458,2.646446
AN-MAXCUT01,8.093745,0.37569788
MD-59024150,8.712403,4.3219647
MD-20034650,0.98032075,4.6732073
NW-88003521,3.593809,1.6118879
NW-88006185,2.4210331,0.28049177
MD-75576400,8.212383,1.2468959
AN-59M02,0.0973631,5.4754305
MD-24500020,10.362775,2.9173145
SW-82511710,3.5477822,4.004558
AN-NENE200W,10.449717,2.0090935
SO-F0017552,8.340789,5.718506
MD-29991100,9.066538,1.4597564
NW-88004515,7.511591,3.7882915
MD-11561050,6.997546,1.6983026
MD-01348710,7.5650916,1.130244
MD-36789400,4.6839495,1.6615158
MD-42171020,4.743602,1.2214291
NE-49905147,5.3678594,1.8023021
AN-SKRTHDRN,9.342272,2.2215426
TH-PCNR0046,9.432247,1.2181082
TH-PKER0063,8.750676,0.5292996
SW-60230006,8.112357,4.91295
SW-50250551,6.8103495,-0.49326393
AN-RSN1841,8.9702215,2.7055013
SW-B3130504,5.518354,0.517617
MD-36791880,3.489069,2.9471805
TH-PLDR0045,9.087394,2.780421
NW-88023520,1.5476849,1.7692736
SW-SSN0096,2.81731,5.3164062
NE-SSN1381,8.79968,3.623164
MD-61485070,9.998879,0.06442344
SW-RSN0397,8.402575,0.1258107
SW-81241146,0.16846153,5.1508665
SO-F0017521,5.1544485,2.5224648
SW-RSN1247,0.5004933,4.4699717
SW-73210005,0.544745,1.3029209
SW-50331119,6.1453204,3.518088
MD-RSN0710,3.5783675,3.9636703
TH-PKER0013,6.911378,2.3609307
SW-70593405,1.2262094,1.4849441
SW-73023505,1.084837,1.6092829
SW-C0706000,6.809699,0.14632958
NE-41000059,0.6765132,0.40617198
SW-72937262,2.1285458,4.3904495
NW-SSN0498,4.343697,3.2820501
AN-19M13,4.4119177,3.7152395
MD-37107000,9.068211,3.2029767
SO-E0007053,8.42078,5.573095
AN-WNG020,11.405304,2.0024927
TH-PRGR0027,9.961579,2.683235
MD-39370252,10.854388,0.8347604
SW-73010851,3.0550022,3.4308045
SW-70581171,0.49512032,3.387947
AN-RSN2201,10.304718,1.0039991
MD-38688580,10.956455,1.0094794
MD-42168900,8.844376,1.0895239
MD-RSN0974,10.200565,1.6969206
NE-41000052,0.7106665,0.5789643
SO-RSN0041,1.2864598,2.8072875
NE-49301827,5.1863976,3.9980457
NE-SSN0114,-0.121366896,2.58331
AN-CH1080,6.919337,0.40002033
SO-F0002867,6.533388,2.5803049
NW-88024646,4.3431244,2.165385
SO-F0001968,3.1121836,3.2145402
SW-RSN2005,6.32946,-0.15824552
SO-F0002234,6.503418,2.9019938
NW-88002002,3.1292653,2.3306923
AN-DORDKDRN,7.8654976,-0.84243983
AN-FISH1682,7.3968163,-1.5863467
NW-88003944,3.6761706,-0.19870609
NW-88003411,0.68528175,0.25584355
NE-49600469,7.582105,-1.4357088
AN-WITH3,9.925249,0.059564445
AN-YAR120,7.5482626,2.0194309
SW-70423244,2.6414206,1.7537808
MD-13604700,4.791369,0.7227476
MD-58808400,6.0079875,2.2245817
MD-SSN1322,9.767201,2.0284173
NW-88002675,4.164382,1.1558342
MD-52008040,4.0104904,-0.30824125
TH-PUTR0196,7.630342,3.5565844
AN-BAIN7,8.308013,-0.8956097
MD-26269380,5.011182,2.19457
AN-YAR266F,5.642671,2.3668263
SW-Z5550105,7.382148,2.765306
SO-E0000631,3.6957374,3.9445262
AN-BENB080C,7.3198276,0.23603532
SW-RSN1191,2.093995,5.3882637
SW-81201143,1.5895092,4.262827
NW-88022792,0.113731384,4.94308
TH-PEVR0011,7.7254558,1.7806807
NW-SSN1362,1.614214,2.7056766
SO-E0001462,7.3951426,1.3817269
MD-38289020,9.271431,4.3162127
AN-GWSH180E,6.452272,3.3477209
NW-88006466,2.5827188,0.5996318
NE-49700322,2.5925236,0.85518324
AN-41M01,9.308058,3.7424212
AN-29M06,9.480252,2.4632413
NW-88006160,1.9333875,0.5428599
NE-49100018,10.369943,2.1122742
NE-49301815,1.6838762,2.6509163
TH-PWER0034,8.860819,2.7206116
SW-RSN2171,1.4946429,4.582458
MD-29757100,3.113327,1.3136756
TH-PRTS0035,11.089377,2.1740947
TH-PLER0143,9.11679,1.3475059
AN-CH09,10.481184,1.9708925
AN-HAMM4,7.088988,3.1492422
AN-RSN1561,10.113679,1.2241809
TH-PCHR0155,9.621404,1.6197454
SO-RSN1509,4.080044,3.5710068
SW-60270117,6.815576,2.362715
SW-91241183,2.0007102,4.318471
MD-58887190,5.263548,1.508027
AN-STHHYKE,8.125781,3.6595562
SO-E0007343,7.104593,1.5461931
NW-88002605,9.138386,2.6897068
NW-RSN0552,7.8323474,4.9142275
SW-RSN0279,9.800924,2.5827196
SO-E0004846,8.012956,5.341607
SO-G0003994,4.4181566,3.2185113
MD-71363900,8.376408,2.2734544
MD-65539050,8.232565,4.2859745
AN-WD0150,8.419699,2.7889771
SW-70722271,3.6322079,1.1712741
SW-81251507,2.4133666,4.7268
SW-RSN1819,4.901364,2.132011
NE-RSN0076,1.6148988,0.29018903
MD-SSN1482,7.638467,4.204386
NW-88002883,8.76306,3.5206776
AN-21M01,7.3640046,-0.40485665
MD-79440020,4.1177673,0.7955136
MD-RSN1823,2.749274,0.02885343
MD-40950450,10.799765,2.6339655
MD-45220980,9.385347,1.245449
SW-50580180,8.933635,1.4780148
SW-E7001400,8.005409,5.0325813
NW-88023702,-0.021932645,1.2774328
SW-50040755,8.721735,0.51686245
NW-88003568,6.013426,2.544869
AN-RSN2062,5.8772144,0.8501502
NW-88005728,2.4815679,0.8918662
NW-88003446,0.9142282,0.46852598
NE-RSN0396,0.045239143,5.3975253
NW-88002566,9.180248,2.6105096
AN-52M25,6.5853763,-0.19342129
NW-88000734,9.581533,2.4239888
NE-49400263,3.7012215,3.2862842
NW-88000735,2.4064803,1.7078034
MD-37645580,10.477208,3.935458
NW-88006186,3.4799454,-0.26775396
TH-PKER0338,7.289151,-0.91911936
NE-RSN0767,3.7271733,0.7653814
NE-49400989,2.5641341,0.748416
NE-49700250,3.570562,1.2105992
AN-44M18,9.0887,1.7011523
AN-RSN0197,6.8416147,3.9023042
SW-50240461,7.12717,-0.529947
AN-16M19,8.976981,3.7172725
NW-88002384,0.9732551,1.9201491
AN-SHIREDR1,8.3914585,5.0878
NW-88000857,7.6511793,3.5520682
MD-RSN2194,9.830713,2.3018951
MD-38485180,10.311159,2.451144
SW-Z9370415,9.583118,1.2840284
NE-49301929,9.166097,2.340159
TH-RSN1690,10.05806,1.497046
SO-G0006577,3.995782,3.841669
NW-88000612,9.157739,2.5392294
AN-49M03,10.615749,1.0103292
AN-ANT170A,7.234127,4.1799974
NW-88006481,1.4310596,0.7602667
NE-RSN1824,2.6812406,0.28309572
AN-56M01,8.545207,0.6659602
AN-TILLTRB2,8.569133,-0.15108414
TH-PTHR0223,9.96539,4.0069203
TH-PWER0037,8.996696,2.6005573
SW-Z2030216,5.596794,0.50905216
MD-36776540,9.716485,1.4743558
TH-POCR0018,6.6418095,-0.0877915
TH-RSN2094,8.244503,0.75621074
AN-TILL5,10.019143,1.4286325
NE-49705097,2.4299407,0.3500086
SW-60030396,6.7928095,1.0877097
MD-76739210,11.092288,3.8709424
SO-E0001575,5.3607607,4.6698623
NE-SSN1329,8.809622,4.986674
NW-88000790,8.837496,2.9633536
NW-88002140,1.2205758,0.34313488
MD-SSN1503,3.4319222,2.5592585
SW-82110704,2.483327,5.0740886
AN-MT1270,11.393659,3.7249336
AN-RSN0542,7.005709,3.7867987
AN-RSN1193,6.555272,0.43727264
AN-DEB004,10.939594,0.87620986
SW-50330370,7.79275,3.2304394
NW-88025753,6.864782,-1.668705
AN-WAV020,8.374433,5.3549395
SW-81520166,0.9005953,4.4475307
SW-RSN0871,2.55281,2.4698765
SW-RSN0387,-0.5767052,5.1331224
SW-60010822,9.098971,1.6698565
TH-PLER0149,9.273188,1.3988355
MD-08366820,5.960563,0.17693923
SO-RSN1529,8.38076,-0.33950737
NW-88000663,9.082004,2.0467234
NW-88002481,3.9571307,2.53914
NW-88003482,0.9642488,0.5232229
NW-RSN0936,4.7056026,2.1192276
NW-88022183,0.02013395,2.774726
MD-13656700,7.786846,1.397923
SW-SSN1352,4.81652,1.5111418
NW-88002043,9.026176,4.776988
SW-50280572,7.979225,0.835277
NW-SSN0673,-0.0352021,2.0298789
NE-49600489,0.60514575,0.7529209
NW-88003547,4.06175,0.9677106
SO-F0017522,5.268237,4.1344028
NW-88023158,1.7188942,1.50943
NW-88010525,10.022928,2.153753
SW-82312345,1.6278281,5.3324823
NW-RSN0380,0.47811607,3.5594795
MD-47030050,6.1753263,0.8445058
SO-RSN0749,5.0009074,3.9132414
AN-33M24,9.709995,1.4872978
SW-E1007100,6.9695306,-0.22017395
AN-SSN1305,7.283443,3.9991581
MD-48392910,7.7323694,-0.31695825
SW-50600251,7.3834734,-0.79729086
NE-RSN0096,1.8645737,1.7034918
SW-RSN1939,2.7436736,4.778586
SW-RSN1707,7.5814104,4.6240325
NE-49000478,0.7876526,1.3138485
AN-LANG020S,7.0148945,-1.6287074
AN-RSN1686,8.367742,-0.2633823
NE-RSN0828,2.0419984,0.24614295
SW-RSN1899,1.1997285,3.7152696
SW-RSN0755,3.245849,0.7082059
SW-50330227,6.340111,2.9156663
NW-RSN1808,1.6827086,2.567043
TH-PLER0091,7.735025,0.3449918
NW-88002050,4.1524386,1.0253837
TH-RSN1241,7.558418,4.660633
SO-E0007051,4.7588468,1.2316287
MD-RSN1804,7.9801364,2.3888347
AN-DOCSLANE,8.2699795,-0.3997424
NW-88005610,1.4010881,4.8326173
NE-49500105,7.0488772,3.6176035
SO-RSN0729,2.0298655,4.2569137
NW-RSN0556,1.5054728,0.022278408
AN-30M19,11.100154,2.0548506
SW-RSN1950,3.0707922,3.6774018
SW-E1431500,5.886033,2.12142
NE-49500638,1.4343948,2.0762193
NE-49700381,4.258167,-0.05341751
SW-50340330,6.8036656,0.81290233
NE-49600142,5.607239,1.8495225
NW-88003076,11.472133,3.807727
NW-88002062,11.329107,3.679408
NW-RSN2183,4.9866767,0.24583632
AN-BILLBORO,8.371061,-0.2827502
MD-04796740,8.11007,2.237062
SW-70512916,5.716036,1.7545418
AN-56M08,8.238813,1.118837
MD-39771140,8.509,0.6321615
MD-27585100,8.714739,3.6255014
SO-E0001770,4.4449716,3.9930456
MD-37366859,5.151799,3.7787428
TH-RSN0042,10.935453,2.5904317
SO-E0001296,11.064972,1.6516507
AN-56M13,8.11353,0.25657776
SW-RSN0647,7.823685,2.0554025
MD-06112780,6.9293513,-1.2640752
NE-41000374,1.927971,1.1074461
MD-01148820,5.53553,0.0604554
MD-77758020,4.755856,0.9058143
NW-88003509,3.8680356,2.0363975
MD-53962650,6.983297,3.5077944
MD-RSN1042,9.934265,3.514312
SW-70920104,2.379144,3.328808
MD-26275500,2.4747043,2.231519
NW-88003497,3.2235134,1.4392511
MD-49715680,0.3813434,2.922889
AN-GWSH310B,9.325063,-0.308074
NE-49302048,4.7921643,2.1244283
SO-G0003757,3.7550015,4.49496
MD-56734700,2.7105377,3.2545695
NE-49300400,4.513514,2.021143
AN-BT0103,7.5925703,3.9713783
TH-PCHR0016,8.192309,2.1359673
MD-47519900,9.439054,-0.4522219
SW-81111808,2.2462459,3.8994138
MD-10930720,8.085343,2.9433796
TH-PLDR0011,9.76376,3.9520762
SO-F0002870,7.590388,2.222196
SW-SSN0164,1.86206,3.8041332
MD-52396150,4.5218916,-0.3725154
SO-G0003786,8.17308,-0.047819804
NW-RSN0543,1.3114722,1.9964534
NW-88005554,0.14707896,1.7241874
MD-61678050,4.5377626,2.5434065
AN-RR0186,8.146344,-0.27853817
TH-PWRR0025,7.2686596,-0.3656491
NE-RSN0652,1.1856236,2.0193932
TH-RSN1185,9.675242,-0.5352365
SW-Z2030218,6.4734883,2.3282645
MD-29266040,5.1997147,1.9092869
MD-21551949,6.301522,-0.30626047
NE-49500619,3.2406166,2.6940644
AN-12M44,10.272173,3.70847
SW-91251658,2.1988113,4.773136
MD-58606050,7.9852867,2.8652556
TH-RSN0914,9.4907875,2.6042907
SO-G0006580,7.1260223,2.137252
NE-49300191,9.175552,1.5199641
SO-G0003706,6.87806,-0.3718865
NE-RSN1560,4.13489,0.37320557
SO-F0001985,2.3929183,3.5630167
AN-BR01,10.48045,1.4095613
MD-53185500,0.3164734,2.5819843
AN-BUR0395,8.31546,1.073551
TH-RSN0802,7.1826015,1.7324331
SW-B3130402,5.956776,0.5732745
SW-81420288,2.5147073,4.6386886
TH-RSN2130,7.875884,2.4962656
MD-RSN0918,5.3227706,2.6206195
SO-F0002003,5.563195,4.1443353
AN-27M20,10.605812,3.9534028
SO-E0001335,9.3182335,1.9378774
AN-WAV024,8.277255,4.200586
TH-PCNR0025,9.989707,1.1039928
MD-00027540,4.8855357,2.541137
NW-RSN0920,6.3223557,5.2087483
MD-06127140,6.3411202,-0.06350711
NE-49500530,0.93699914,1.5616853
SW-72940220,0.7737056,3.3231254
NW-88006403,5.005599,-0.5376467
SO-F0017551,6.529686,5.129229
NW-88001979,3.647668,0.76232207
NW-88002269,1.7887946,2.2060976
NW-88022535,3.5457358,-0.38417533
NE-49905173,2.061944,0.3443332
AN-RSN0113,8.923654,1.4874971
SO-G0003814,8.032086,-0.20856176
NE-49905151,8.300365,0.43040478
AN-GLEN250E,8.516768,-0.28211343
SO-F0017619,0.60904586,1.7634356
TH-PRTS0660,8.286064,0.96030504
MD-H0000088,6.8100996,1.2139652
SO-Y0004415,6.4826465,5.1044493
AN-SWAN140B,7.7816176,0.95123893
NE-49905180,1.7969499,0.73591256
SW-60250640,6.4265733,-0.058574274
MD-50852100,3.6481977,2.0764518
NE-RSN0272,1.1225507,3.6549678
MD-RSN1098,6.0016165,1.6828806
AN-WHDR1,7.2731996,2.2534695
NW-88002556,2.7175171,1.9829996
MD-42167030,9.480593,2.278513
SW-RSN0275,1.0318633,3.7109363
NE-49800213,9.264031,2.4678984
NE-RSN0332,2.2551706,0.9466238
SW-81950610,0.69136006,5.575482
AN-USRWSTN,9.674307,1.5155684
AN-03M02,8.469434,1.2995749
MD-RSN0910,8.206635,1.3450844
SO-E0001685,7.2260747,4.816289
SW-81950659,1.8533397,5.460253
TH-PBRR0018,8.910224,4.3989935
SW-70641805,1.6115129,3.9232495
MD-36785080,5.6180773,1.9251937
NW-88025766,2.2266164,3.5451267
NW-RSN1903,0.9271064,3.1466274
NW-88005545,0.4974841,1.5657139
MD-37556400,8.689637,-0.3082165
MD-38836050,10.286218,1.5760025
SW-RSN0503,6.472897,0.43142754
SO-G0006949,6.3101807,5.272549
NW-88022814,0.11870626,2.5311997
AN-FLEETHV1,7.597161,3.522184
SW-RSN0925,8.5799,0.42591208
NE-49700140,2.1944284,0.6653788
TH-PRTS0050,8.069297,0.91678584
TH-PWYR0016,8.240027,1.39098
MD-20355250,2.2695744,2.2418642
MD-49692980,4.6411963,1.1431389
MD-67417370,5.6417212,2.4880962
MD-RSN0762,6.7282934,2.2058022
MD-11053180,7.9706316,2.9945123
AN-CL0185,9.195082,2.4947953
SO-Y0004350,7.495786,0.8192168
MD-RSN0458,5.326076,0.0647934
MD-04800980,9.295873,4.0524592
NE-49600452,3.6420758,0.82498723
SO-E0007342,5.329359,4.1309443
TH-RSN0170,10.220468,0.04792781
SO-F0001957,3.5017283,4.0423837
NE-49000045,8.87155,2.0882533
MD-38688150,10.791838,0.9134952
SW-73060314,1.8890388,4.0092826
SW-RSN2213,6.690185,-0.38533437
SW-A2290112,5.77861,-0.60297364
NE-49300789,7.1446877,3.2405465
AN-02M13,8.424654,2.4351923
NE-49400457,2.3042161,1.1198972
SW-E2221400,7.744514,4.1101074
MD-C0000068,8.573349,2.1790361
SW-E2042200,6.279362,2.4746583
MD-25292180,9.168277,0.95066017
TH-SSN0187,7.7226753,0.336442
NE-49300923,2.5764737,2.1373951
MD-RSN0390,4.939845,0.95748025
SW-RSN2278,-0.5768476,5.1662755
SW-81223340,2.3511176,4.496779
MD-26944690,9.855855,1.4995668
TH-RSN1850,9.788632,0.11620877
AN-MBRUSWTW,8.508767,-0.83478284
SW-50280344,7.363989,1.2043241
MD-56591520,2.2294624,1.4252353
AN-RSN2172,10.115753,-0.10226384
NW-88002148,0.00731492,4.712399
MD-01349520,4.8644714,-0.5960505
NW-88000605,9.737518,3.026356
NW-88002469,9.334819,2.8816862
AN-RH0125,7.832481,1.6788574
AN-MW4549,10.696496,3.9850914
TH-RSN1282,7.8549466,2.9930708
SO-F0002980,5.328887,2.6866636
SW-81913777,2.3446991,5.3279843
NW-88023211,-0.23092167,3.1035511
SW-SSN0024,1.7298855,4.7223263
MD-12183510,6.652702,2.4359121
NE-49700245,4.136651,1.9802477
MD-RSN2102,6.0994163,0.5096359
SW-60250618,8.328074,2.989265
SW-70230177,6.0725336,1.4313815
TH-PRGR0011,10.15683,1.3191334
NW-88000646,10.005214,1.5655911
SW-60600244,7.4419584,4.017671
NE-49500336,9.330681,3.0417416
AN-CL0432A,6.4921937,1.037448
MD-48404250,8.6087265,-0.18250585
SO-E0001569,4.1209593,4.5513945
MD-RSN1215,4.0423546,2.7180753
MD-49099020,10.5078535,3.9585216
NW-88022717,7.776159,3.8707361
SW-81917403,5.411487,2.0337646
SO-E0000827,9.870757,3.2006624
MD-06306180,7.111569,1.596245
MD-26957180,8.966,-0.52073777
MD-56090180,3.2614443,3.392931
NW-88022167,-0.09611998,1.6532072
SW-70581170,0.61084133,3.1791193
NW-88004520,0.6634476,3.616763
NE-41000377,0.94830406,0.6722722
SW-82310103,2.679009,4.834869
AN-YAR110,6.691029,0.039199997
MD-64502340,5.486349,2.6969707
SW-72930120,1.2545563,2.1729774
SW-Z2030432,5.7118673,0.9559175
MD-51314620,2.9165528,1.1750048
NW-RSN1923,-0.53361684,5.181837
SW-SSN1344,4.7207,1.9015253
MD-20792155,4.444319,2.2937524
NW-88000769,3.5924327,1.8665129
MD-01351880,5.2356844,-0.49146166
SW-RSN1221,6.765138,0.8631928
NW-88005134,0.20344532,2.0718553
SW-73060277,1.8979952,3.3245702
AN-THURPUMP,6.54005,2.7299426
MD-09566780,7.8717265,-0.21235166
MD-50582500,2.4710438,1.1595515
SW-50320533,6.9042187,3.258502
MD-06368720,5.483909,0.3970241
SW-E4140600,5.613948,0.89979637
SW-RSN0365,3.3840463,3.4185565
AN-32M02,9.203289,2.412707
TH-PTHR0054,6.3498745,2.225855
SW-E4170100,5.5524373,0.5898214
NE-RSN1228,1.3509005,2.0036702
AN-WEN040,9.58108,1.6607946
AN-MORC090M,3.7084417,2.0055335
SW-72930380,1.9436587,3.3277016
SW-70240231,3.253249,2.2299776
SW-RSN0787,2.5421853,4.5717025
TH-PMLR0031,9.696029,1.9685842
AN-65M08,10.576295,0.67870706
AN-BUCKNALL,8.664299,-0.8757657
SO-SSN1422,5.3833203,4.2362413
NW-88005616,0.31297076,2.2735047
AN-LIMBERRD,9.401415,2.060525
SW-E2050500,5.7018986,2.9475543
MD-30882220,1.4679375,1.8331121
MD-23527180,10.143611,0.9835364
NW-88004895,0.83901316,2.788935
NW-88000849,5.6126356,1.7722833
AN-BILL1,10.81654,0.8031602
MD-03696020,7.986099,2.989849
NE-49905171,4.429825,1.0225556
SW-81520205,0.99544585,4.53896
SW-50260338,7.9635077,1.6244271
NW-88002205,1.5257463,1.4100845
NW-88001826,1.323804,4.1057215
AN-01M26,5.6157284,0.28288677
NE-SSN0049,10.441097,0.86912495
SO-F0002778,5.475174,3.7963336
SW-70540224,2.2686827,2.8950186
SW-RSN2283,1.5467161,3.5765064
SO-E0000784,5.2745867,3.2824254
SW-81950880,1.9291486,5.446062
MD-50039050,6.9803033,-0.10181906
AN-30M35,10.895025,2.7180207
AN-40M02,9.550783,0.9597435
AN-HUSBOWE2,6.481631,-1.3880916
SW-60100313,3.9035985,0.89243585
AN-ALLB100W,7.1499863,0.31687003
SW-81261133,2.5827951,4.3039246
NE-49400587,3.0169375,-0.14984252
AN-12M25,6.5673103,4.309039
SW-82511157,2.492206,4.103172
NE-49705092,2.4749515,0.106914885
TH-RSN0114,7.8456087,0.4594646
SW-82410276,2.7982748,4.6432824
MD-58807700,6.663605,1.4789915
MD-75132290,8.98386,2.5211623
SW-Z9370201,6.903716,2.0651531
MD-47514350,9.870971,2.4718904
MD-70483505,9.005852,1.6456519
NW-88023701,1.2687929,0.12658842
AN-STNFLDWE,7.1320257,-1.0539447
SO-E0001752,4.223646,0.84008664
SW-70220527,2.4098175,0.941022
SW-70531215,3.785271,2.7658284
SW-RSN0813,7.673132,-0.4283602
AN-WELL100W,6.7170997,2.481484
TH-RSN1698,8.169606,0.6057878
MD-07688980,7.6601553,-0.045554437
MD-09592050,7.426607,3.4651551
MD-01502090,5.379966,0.3474148
AN-26M31,9.241238,1.0530007
MD-53185100,-0.0968638,2.5455904
AN-ORE010,8.01588,2.9661038
SW-70826055,1.3664072,2.3352246
NW-88004511,1.6734453,2.8594196
NW-RSN1932,9.728326,3.775655
AN-RSN0145,10.13995,1.1956842
MD-18500250,7.2762985,0.6739959
NW-88022799,0.08183272,4.806997
NW-88002846,8.575765,4.181841
NW-88006305,3.5165029,1.8003421
NE-49600139,5.5119696,1.582699
SW-RSN1078,8.950695,-0.35161367
SW-81121473,0.32254857,5.2110395
MD-55726980,3.8520138,1.2244351
AN-SLEA3,9.978856,-0.16811708
AN-RSN2202,3.77595,2.9645786
SO-G0006980,5.2946687,4.86277
NW-RSN1904,2.5413396,1.7183486
MD-RSN0999,0.9463324,2.2606063
AN-01M14,9.48765,0.40583143
SW-82312334,3.264069,3.8150773
AN-NORG1,7.456206,4.315107
SW-81020137,1.1883714,3.6641088
AN-SSN1284,6.1613464,-0.77050745
MD-RSN0234,9.510565,1.6452523
MD-RSN0935,2.2631273,3.2421212
SO-E0000859,5.4385996,4.5751677
NW-88004886,0.10051096,0.5626527
SO-RSN0121,3.4210854,3.2501671
SO-E0000976,1.9997544,3.4987566
NW-RSN2232,1.3739864,0.77419555
AN-WAV110,10.664322,1.5689534
NW-88001976,3.1420338,0.53001267
NW-88021261,3.680876,-0.35311472
NW-88002698,10.205749,3.2832174
SW-50210411,7.4926014,0.106403865
SW-RSN1187,2.9763715,2.1969364
AN-FYN050,9.377036,2.5842917
MD-04790980,9.764488,1.2085818
NW-88003197,4.8077145,2.3393457
SW-RSN1527,1.5152656,2.2725675
TH-PMLR0322,6.782271,5.103225
MD-40307040,8.737044,0.14185643
SO-G0004007,4.935369,4.536195
MD-29172960,9.877248,1.503016
NE-49905192,3.9265606,3.8600335
MD-SSN0028,6.9264355,4.77943
AN-26M51,6.594544,3.337081
AN-MD05,10.933425,2.63111
MD-RSN1738,4.6852055,1.7720916
MD-50014900,6.243809,0.46571782
AN-TAS110,7.1916347,-0.44557375
TH-PCNR0055,6.9236007,1.145302
TH-PPSR0007,9.971281,3.8340495
NE-41000035,2.3187356,1.3664244
SW-81010825,4.6035337,1.4829589
SW-73060181,1.9845525,2.7873013
AN-26M32,9.477984,1.1029905
SO-RSN0201,6.3877897,5.1277404
AN-02M15,3.9350147,0.21995153
TH-PTAR0120,7.5797453,4.605314
NW-88003520,2.2013736,0.7037451
MD-RSN2150,7.2387176,0.42251363
NE-RSN0028,2.8341725,-0.21804379
SO-E0001366,8.7244625,2.9404593
MD-42206050,10.484507,3.9750404
AN-RSN0737,8.4980955,-0.8770367
MD-RSN0870,9.138915,3.1183233
NW-88006329,1.4806975,0.10603106
NW-88005880,5.659761,3.0130427
SO-RSN2177,9.902941,0.92044246
SW-70531310,2.0021238,2.9172976
MD-63377790,5.902681,3.221471
NW-RSN0540,1.7247146,1.1045905
NE-49905153,4.774575,0.6769604
SW-73080442,2.3525481,2.8099914
SW-50220110,7.3072133,-0.30810454
SW-81610138,2.041259,4.297688
MD-SSN1386,2.8852293,2.2975574
SW-50340488,8.150543,2.8279185
NW-88003147,10.252527,3.117269
SO-E0001545,4.879868,4.4476705
AN-CHEL040H,8.699122,0.19919288
NW-88004481,4.425209,2.2658498
MD-70260380,8.493277,2.3271294
AN-RSN0064,9.617666,2.7097256
NW-88004996,2.289559,4.4103594
NE-RSN0352,0.5512112,2.1061358
NW-88023207,1.0874206,1.619658
AN-THRNLEMR,8.067332,-0.31904414
AN-44M03,9.25467,1.6133071
NE-RSN0816,5.4227786,1.2086661
NW-88002697,5.392914,3.0816872
MD-04766040,9.50162,1.6022186
SO-F0017460,7.667681,1.6380755
NW-RSN0104,7.364231,4.581266
TH-PTHR0012,11.175968,2.0023499
TH-RSN0626,8.767452,-0.5418149
MD-RSN0022,6.300248,3.0946522
TH-PTHR0120,8.055397,1.1551496
MD-36741880,8.902568,1.1589954
TH-RSN0373,9.456117,2.0803683
AN-04M08,8.639643,1.4218951
NW-88002485,10.741142,2.3245392
MD-29499450,0.99081945,1.3600757
MD-11828390,8.699432,1.5103376
AN-30M24,10.541189,1.1914101
AN-ST1391,10.708571,0.52264845
TH-RSN0329,0.7121011,3.5760052
AN-04M11,7.6353807,-1.3519983
AN-WAV00036,8.363089,5.489005
MD-61371500,10.338236,1.1214399
SW-Z4170207,7.320683,-0.47110957
SW-64200210,7.148847,3.2247093
AN-44M26,10.107225,1.894747
MD-10534250,6.985096,-0.98256797
AN-TAS020,8.090368,5.044202
SW-70221275,1.0277842,2.534353
SO-Y0004518,7.62938,3.5526574
NE-49000474,2.5900655,1.219956
MD-49690300,5.2000914,2.036853
TH-PTAR0017,9.491,2.463218
AN-BARRBECK,10.87655,1.1121439
SO-E0007264,3.6378644,3.5177016
SW-72923071,1.4556453,3.0016592
MD-29994140,8.726243,3.4973958
SW-E2090600,4.2069826,2.4705355
MD-37574590,8.841031,0.084856175
AN-STOD1,8.835009,0.82955015
NW-88003491,2.8002365,1.7207773
NW-88005566,0.8300171,1.8491726
SW-50211405,8.330491,0.5781922
NW-SSN0182,4.1586914,0.91807806
SW-82110721,2.3787465,4.8424077
NW-RSN1892,1.7054698,2.2370422
NE-49700156,3.567905,0.85495865
MD-C0000105,6.079451,1.8436081
NW-88002849,9.220244,3.60679
MD-37181400,6.7948685,4.2164955
MD-38689180,11.155143,2.0287886
TH-PCNR0068,6.6563654,1.9310981
MD-RSN1907,3.53608,3.9393437
MD-36821020,4.8622293,1.2947475
NW-88002314,2.4124115,0.2489736
NW-88002594,6.17943,4.8968024
MD-43994150,7.1736674,0.37828276
NE-49301804,0.9696901,2.9022489
AN-BRAN1,9.540022,1.024282
AN-WELL095G,9.458277,2.2610888
NE-49405127,2.01009,3.606501
MD-12182180,7.523774,-0.28051373
NW-88002629,4.273823,1.0372703
NW-88002263,1.3596541,2.4144835
NW-SSN0022,7.3866215,3.4975374
AN-RSN0596,8.193544,-0.7544874
NE-49301821,0.96843743,1.0910239
SW-RSN2243,0.88606876,4.924955
NW-88024112,8.042182,5.611044
MD-61671530,5.5526237,2.0384727
AN-YAR200,8.260134,2.6284175
MD-41515120,6.075264,2.9247527
SW-SSN0420,3.0422115,4.830897
NW-88000794,9.308338,2.4108741
SO-F0002327,3.6433206,4.2299795
NW-88000736,2.1952279,1.5146729
SW-73011002,3.3835948,2.7443035
SW-Z1012002,6.504476,0.95942533
TH-PUTR0360,7.7971244,-0.13577494
MD-60021300,10.574227,1.3065764
NE-49300552,1.7386358,4.472463
SW-Z1011103,7.8950167,1.2383059
MD-51703410,4.7436733,-0.5460544
SO-G0004232,4.944825,3.5546343
NW-88003479,2.357492,0.53847355
AN-RSN1184,6.928303,3.073435
AN-RSN1149,9.395949,-0.83972347
AN-RUSB1,10.644005,0.60873777
NW-88004369,1.491276,1.8459291
NE-49600035,4.8315687,-0.13230462
NW-88003167,4.0144467,2.7872803
AN-CAIC1,7.223713,0.38100576
NW-88003422,2.4705486,-0.03187466
SW-Z1430103,6.966388,0.52404565
NE-49200295,8.987086,-0.65456223
NW-RSN1088,6.7221107,1.3335482
SW-82311805,3.0292392,3.6544304
NE-49905044,2.1050026,2.2458522
AN-WEN102,8.218372,1.48041
SW-81810130,2.30097,5.2675514
MD-RSN2318,7.1292057,0.25627393
AN-STATROAD,5.707576,4.197087
SW-82513260,3.2547092,3.5340376
MD-13397040,7.4375315,1.190927
NW-88024196,0.26729774,0.3620699
SW-50220329,6.147524,0.63472
AN-61M04,9.028761,2.6876047
TH-PTAR0032,8.113079,3.0918608
SW-A0340303,5.8703046,0.38633186
TH-PMLE0389,8.242377,5.6936255
SW-E4003500,9.207728,3.7864504
MD-38689260,6.4064336,2.0539033
AN-SKDR4,9.717187,3.1646109
MD-50899450,3.562553,1.530338
SW-70581610,0.19656213,1.7409004
SO-G0003922,9.025233,-0.43823966
SW-70523514,4.5967646,0.9362124
NW-88003172,5.0097084,0.4661772
MD-RSN0823,1.8560479,1.64045
AN-MOULTON1,9.147424,4.7207785
SW-70920200,4.015344,2.837231
SW-SSN1340,6.8052034,2.8727243
TH-PTAR0103,8.166205,3.0397925
SW-82710445,1.7626209,3.96059
SW-81610134,3.0325322,4.745846
SW-RSN2117,6.4458265,2.4633946
NW-88003540,2.7756388,1.1613282
SW-72922205,2.6104457,3.4291313
MD-26953660,9.692503,2.1980083
NW-88004959,0.03820345,2.2031
SW-RSN1501,5.453205,0.11225661
AN-WOOT120R,6.4382396,2.625343
AN-DSGLOSTW,6.6546607,0.8370054
SW-70810177,2.8136804,4.3581357
NW-88002015,3.8291092,3.9446285
AN-RR03,8.712967,2.873779
SW-81261132,1.3752121,3.5633373
NE-49300532,5.7462034,2.828505
MD-46259100,9.015918,1.576412
NE-49300677,6.622423,2.1474128
AN-08M09,8.729135,1.189978
SO-F0017527,4.836661,2.1752546
MD-20062150,1.8976816,3.8071718
NE-49105198,1.8475813,0.0024515353
AN-58M15,8.634085,1.5682875
NW-RSN2080,0.010886413,0.6800328
SW-81201137,0.8027265,1.6693336
SW-60030188,8.054629,2.5755818
AN-RSN1852,9.516252,2.0499582
MD-39369700,10.642076,1.424721
SO-G0004225,2.9723372,3.2693129
NW-88025830,0.09309317,5.3977737
NW-88002144,0.6410859,1.4248089
TH-RSN2261,6.233945,0.042464077
NE-49000487,0.96631116,2.66283
SW-91210168,2.2142017,4.4038763
SW-SSN1508,4.741424,3.48983
MD-16479050,6.37653,-0.57755643
NW-88023948,1.2826726,0.2073611
TH-PKER0016,5.585046,3.1660564
SW-60130004,6.8751535,-0.014657469
SW-SSN0656,6.610991,1.6139122
AN-GLEN370B,8.31734,-0.91195095
NE-49301624,10.230632,2.9924855
MD-56447050,1.1105617,1.4898164
MD-20357100,1.9416184,2.895207
MD-47043180,3.9010205,0.76441336
NE-49700239,4.163282,2.0142608
AN-GLEN780H,7.477952,0.3783919
TH-PTHR0015,8.510207,2.7712772
SW-70812124,4.570024,3.3312538
SW-60260025,8.259892,4.743604
NE-49100397,8.726243,-0.9038526
MD-19234150,1.5139173,1.793015
AN-RH04,11.551249,3.8894174
AN-CL0814,7.3133335,3.1737401
AN-RSN2249,7.541573,2.660348
SW-82311369,2.6891456,5.0413175
NE-49301545,9.821744,2.9100337
SO-G0004024,5.7136674,2.4192812
NW-88005618,-0.013558055,3.1286008
AN-ALGORESW,8.486209,5.6522374
SW-Z1010324,8.302812,4.1324744
NE-49100558,2.0498714,0.38541356
NE-RSN0956,2.1110978,4.0025654
NW-RSN0988,6.0143776,2.773943
SO-G0004228,6.2446375,4.2569156
NW-88002167,1.477932,2.1495585
SO-RSN0841,3.1370223,2.9829574
SO-G0004084,8.572052,-0.14781626
AN-WELL350T,8.854607,0.8333202
AN-THR080,7.3739038,3.5320666
SW-82310411,2.738481,4.8679247
MD-RSN0754,7.8999906,-0.07632528
AN-46M09,10.951195,2.5518682
SW-RSN0903,9.434902,2.2824285
SO-G0003793,8.029577,-0.034679916
MD-56092780,1.652266,1.5800685
MD-45002170,8.498607,3.820096
MD-39371210,8.437,-1.061492
AN-11M26,11.160166,3.6802309
MD-RSN0778,7.937824,1.341269
SW-73070167,1.849827,1.9309419
MD-36756680,9.668588,2.506191
AN-RISE220B,6.934681,2.8738656
NE-49301818,1.0688479,3.0836298
MD-04772460,9.650297,1.1428393
NE-RSN1024,7.102148,3.8824794
NE-49301903,9.967813,3.0666966
SO-RSN2309,1.0818771,4.903909
NW-88019894,0.62101346,3.216935
NW-88005076,0.95129997,4.1396456
AN-46M01,8.721737,1.5236998
SW-50700109,6.2177672,-0.43448573
SW-81950640,2.1026678,5.4667845
SO-F0002566,5.1878967,3.7705636
NW-88006483,1.0403035,0.73861605
MD-45223520,5.9852104,-0.3622292
SW-50281314,1.4157665,4.8085327
NW-88006241,0.5764327,1.4464136
AN-52M06,6.973407,1.8048145
MD-56590480,5.2957463,4.5725064
NW-RSN0152,5.266611,2.3413434
SW-82540170,2.700992,4.5092373
SW-RSN0653,8.678587,-0.32298967
SW-Z1060105,5.751783,0.48844534
NE-49600172,4.504882,0.37502337
NW-88003448,2.4451146,0.9007473
NW-88020376,3.4930537,0.7874915
SW-70620154,1.7963705,3.2694101
SO-E0007259,4.2010384,4.313723
AN-RSN1938,8.709777,3.6795747
AN-LYDB060L,7.780281,2.9950137
SW-SSN0704,0.9905688,3.8320415
SO-F0017548,1.2885301,5.308476
SW-91211368,0.63915,3.4345977
NW-RSN0744,7.21472,-0.08722283
NE-RSN1660,5.382724,0.76577306
SO-E0001583,4.7354345,4.7165017
TH-PRGR0028,7.145223,1.9836305
MD-57403450,4.5234027,2.4025376
SW-70810633,8.432215,1.8464696
MD-06701220,8.393777,0.36476272
SW-Z1510101,6.702191,1.9393905
TH-PBVR0004,11.307046,2.2382605
SO-E0000686,3.8629456,4.4529853
NE-49300319,8.43114,3.936441
MD-22409248,10.279453,0.04031525
MD-39838020,8.58239,0.7820222
MD-57202050,5.8010964,-0.107948
MD-00770750,4.271037,0.51215553
SW-C0235000,5.9685655,0.8711763
MD-33322590,3.8643079,3.6781366
NE-49500699,5.9677715,2.3988879
MD-25491500,9.687522,2.0432806
SW-81291204,2.0392244,4.3655906
NW-RSN2095,5.026557,0.91999424
NE-49000127,-0.5349934,5.013905
NW-88005561,0.27334622,1.9201703
MD-13464320,6.891078,1.5861174
SW-73030120,1.8028657,2.6126685
NE-49905176,1.5408767,0.4614179
NW-RSN2215,1.1965793,0.039351553
NW-88000660,8.56161,2.3160045
SW-81252104,0.82915705,2.164977
NW-88010518,0.5326794,1.5364486
SW-Z1012601,7.9742026,1.164448
MD-53771095,8.812489,2.2428312
AN-WEN0155,10.170567,1.6233215
NW-88005150,2.1793673,3.7961571
SW-82210105,2.914722,5.282079
SO-RSN0905,2.3298552,4.141722
AN-ANDEBYDR,5.5838847,0.5285797
SO-E0000768,11.204309,1.9632106
NW-88006465,0.4192575,0.4897803
NW-88006452,3.4522371,-0.3746937
NW-88000876,8.171083,3.242362
NE-49500491,9.903789,3.682518
SW-A3240102,6.670119,0.016237797
MD-SSN0481,7.382008,3.879742
SO-RSN1997,7.0694966,3.101669
NW-SSN0086,-0.55304813,5.1011915
NW-88006392,1.6046625,0.4046535
AN-37M31,10.2631645,0.7656726
MD-56082180,3.824535,2.9849274
MD-59636820,5.1426687,4.008663
SW-50230111,7.5670137,0.4648835
MD-SSN1327,9.048459,2.2449799
AN-NORTHBK,8.614509,-1.0059966
NW-88024652,0.7244593,0.4303268
MD-48189390,6.032485,2.2666163
SO-E0007103,5.4873605,3.2321649
SW-70721011,6.752116,0.471229
NW-RSN1216,4.9772153,2.5832922
SW-82311912,2.7895274,4.619573
MD-29998810,6.9332848,2.577077
MD-38263020,8.888208,2.8124866
SW-70723712,1.0038772,4.3830233
SO-F0017457,0.69867843,2.0611591
MD-11562960,8.914169,2.3816292
SW-81223343,2.396244,4.5489225
MD-RSN0462,6.934388,-1.569634
AN-CHAT160C,7.649495,0.14125906
MD-44508180,8.018798,0.12585683
NW-88004448,8.030804,5.3233166
SO-E0001292,10.632293,1.7792532
NW-88003417,1.3845948,1.7474936
TH-PCNR0075,6.439354,3.119652
SW-50320118,8.295799,4.023221
NW-88002012,3.8140554,0.8968563
MD-51025190,5.7212896,2.502176
NE-RSN0016,0.2683018,2.4393344
NW-88003486,1.10058,0.28769416
AN-HOLTCUMB,8.39408,-1.0941013
TH-RSN1973,11.247617,3.5467534
NE-SSN0165,3.4920702,2.4128594
MD-37819100,8.722317,-0.19530514
SW-91231102,1.642442,3.8386457
NW-88005808,4.2284126,0.29175106
NW-88003102,3.4779794,2.4925668
NE-49705099,0.8166256,1.3157494
SO-E0000157,7.0901256,1.8418826
TH-PCNR0063,7.0556717,4.9076457
AN-RSN1585,6.5420985,1.4838624
AN-WITHN,9.815672,-0.116801396
MD-RSN1626,4.7435,2.1678011
MD-29499230,0.83685964,1.9326959
NW-88022815,1.9574546,1.6521572
NE-49400563,3.79308,0.7043073
SO-RSN0589,3.7769542,3.7981553
SW-81020847,0.48313794,5.0859313
NE-49600467,4.5546317,2.4635198
NW-88004977,1.0259278,4.0685263
SW-82112131,2.2378037,5.36652
AN-23M12,10.708332,0.44160444
NW-88025751,7.9646015,5.4627805
MD-39415050,9.856838,0.16236733
MD-23416780,9.603405,1.3786231
SO-G0003762,4.949007,4.567219
AN-RSN0654,8.924953,-0.9905367
SO-E0007236,0.9883179,1.5459967
NW-88000623,6.004995,2.7945383
AN-WITH7,9.41273,0.11574007
NE-49905159,1.1904938,1.1225176
AN-14M01,9.757432,1.3571327
TH-PTAR0007,8.896667,3.8448143
NW-88024242,1.7821457,1.9227782
NW-88023779,9.964504,3.601549
NW-88001898,1.6407917,2.1783407
AN-EASEDRN,6.5958,1.3257465
NE-RSN1096,0.9647047,-0.0032658938
NE-49905188,0.054668505,1.0970786
SO-Y0004316,3.9577,3.9169621
SW-81522725,0.69589835,5.342739
MD-22241840,8.33117,0.700592
SW-91251730,1.2021555,5.2600594
SW-A4070401,7.4177666,2.3589091
SW-A4070402,7.0176115,-0.18753129
MD-46389020,6.2271953,-0.17462349
AN-RSN0898,8.865056,2.0807028
TH-SSN0203,3.0982804,3.1334248
SW-81201370,1.6268147,4.830886
MD-H0000032,7.2676787,-1.4163636
NW-88003495,2.5493984,1.5532303
NE-RSN1036,7.806933,1.4911758
NE-49600134,5.9052567,2.398193
NW-88025750,8.09564,5.59386
MD-07429100,4.916668,0.55115193
NW-88006318,0.38128075,0.74801767
SW-70533913,2.3122468,3.0618086
SW-81251548,2.7063663,4.749605
SW-82410610,2.8024302,4.806406
MD-00260130,2.9882348,1.3311366
AN-RSN1552,6.6608806,0.8492171
SW-Z2030312,5.752605,0.1379197
MD-RSN1920,6.0227118,-0.2004024
SO-G0003848,6.810404,2.8356245
SO-RSN0105,10.024332,1.6658245
SO-E0000544,5.114369,3.9241853
SO-RSN1057,2.9064772,3.7255857
AN-RSN0832,9.995177,2.087723
TH-PTHR0004,8.778653,3.2430027
TH-PTHR0088,8.131469,1.4794652
SW-RSN1909,6.6458097,3.863761
NW-88006232,1.0938922,0.9481223
SW-82010130,2.0014725,5.4195404
NW-88002354,4.199521,1.0451443
SW-E1005520,8.873017,2.2447171
NW-RSN2211,0.38699198,2.930913
MD-36782880,10.143581,2.0225768
NE-49400347,8.112482,-0.7072305
TH-PCHR0148,8.958875,0.08799006
AN-BAIN5,9.178527,-0.6271611
TH-RSN0706,8.20982,4.916676
SW-RSN0211,2.7611885,4.6255994
SO-RSN1177,6.9679914,4.8693795
NW-88002500,10.168419,2.8852434
MD-23647020,10.008358,1.2752644
AN-RSN1912,9.068867,-0.40649572
AN-RISE150B,7.247517,1.86331
AN-RSN0325,9.22779,1.2154441
TH-PRGR0119,7.6028814,2.4140985
AN-ST13,10.749497,2.1962335
SW-50220170,7.2986593,-0.46080884
NW-88003961,1.6142994,0.047914285
AN-SEGMOR,10.338145,-0.044773437
NW-88003106,3.6979446,3.5031118
MD-SSN0168,8.03811,5.284607
SW-70812130,4.7003913,2.9806235
NW-RSN0236,-0.0031926911,1.1253507
SW-81930903,1.993757,5.305662
NW-88020453,8.762755,4.888802
NW-88004566,0.13196953,3.343286
NW-88000598,9.150634,3.7329543
MD-08102060,6.6669245,1.3981556
AN-41M16,10.634182,2.8576753
NW-RSN1111,0.12712592,1.4338245
NW-88022354,5.976644,3.8914635
SW-81950570,0.6659354,5.6218038
TH-SSN0207,6.267431,-0.37559718
NE-RSN2044,2.0762913,1.9851005
NE-49600214,7.688583,-1.040701
AN-12M08,8.6741085,1.6388745
TH-RSN0257,8.652864,0.80605364
NW-88003957,2.0415137,0.5480043
NE-49500373,1.7512017,2.7932045
TH-RSN0513,8.253667,0.45951828
AN-MD0517,4.6980443,2.4314964
AN-EVBK100E,4.0904727,0.51876307
AN-JORD040T,5.909734,0.66743827
AN-RSN1985,9.346455,0.18827386
NW-88003474,2.017153,1.7465525
NE-49100497,3.742265,0.87524015
NW-88005571,-0.14403139,2.7702641
NW-88002045,6.0040374,2.995823
NW-88000681,9.012934,1.8730782
MD-48976020,10.930209,3.8616185
SO-F0002990,4.728115,3.9761808
AN-28M03,9.268772,0.29628208
MD-RSN0166,9.324962,3.031782
NE-49100071,10.339087,1.7026119
SO-G0004145,1.3811466,5.1597857
SO-G0006951,1.3285685,5.170497
SW-A3200207,8.921967,0.6270745
TH-PBRR0015,8.607268,3.1967895
MD-48370100,6.6789446,2.1935854
AN-YAR230,8.073678,2.386421
SW-72937830,1.7600904,4.474248
MD-RSN1290,4.917188,2.2193253
AN-WELL380D,7.5008583,1.0766909
SW-70634104,1.11342,2.56891
SO-F0002537,5.6415462,3.0034125
NE-41000372,2.415824,1.6591471
NW-RSN1639,1.1899785,0.30028835
TH-PCNR0042,7.4855337,1.1422298
NW-88003840,1.9575241,2.8030348
MD-49699721,3.0490906,0.0879559
NE-49105243,8.015275,2.5647454
NW-88024207,1.9046745,4.960133
SW-70420116,4.431969,1.7932209
NE-49100601,6.2528467,1.0559856
SO-RSN1217,1.0749471,4.8205886
AN-WEN280,7.525062,0.5148297
NW-RSN1607,1.9447248,0.5621398
SW-72930136,2.0581918,3.632671
NE-RSN1548,1.3419647,0.09681357
TH-PLDR0013,6.5035644,5.091055
AN-THR093,7.2776785,3.633811
NW-88005630,0.45828113,4.2383933
NE-49300382,3.7117279,0.8862204
AN-DEB0113,10.300097,0.35304043
SW-82528159,1.7266978,4.7726073
SW-50281905,0.87630194,2.8208983
TH-PLER0122,10.7523365,2.405123
TH-PUTR0069,10.5923395,2.7207787
AN-DEB050,7.1551647,3.1437638
SO-Y0004529,3.9877512,4.0899873
TH-PRGR0030,9.073471,4.324639
NE-49600482,1.8939474,0.98786557
NE-49700256,2.675584,0.23032561
MD-H0000004,2.9814727,-0.0002726158
NW-88022941,9.934557,3.369565
SW-72930937,3.332196,4.0066957
SO-E0000568,8.186058,4.1423345
NW-88006307,3.5450327,1.8107591
AN-BARLEAU,9.766706,-0.445467
NE-RSN2104,10.880373,1.0442146
SW-50370707,-0.09111578,2.6923518
AN-BRN030,9.324384,-0.33664763
MD-47467620,5.3934965,0.76286197
MD-51705550,4.268563,2.1612692
AN-SSN0083,6.9759135,2.7359762
AN-BUR140,7.8190985,2.9153428
TH-PLER0118,9.551308,0.12052607
NW-88023695,0.15360118,0.5620848
NW-88023624,4.4608374,1.2044433
MD-48941980,6.6961718,0.2600878
SW-81522340,0.1350524,5.351949
AN-SSN0411,10.6152725,0.32869157
MD-50304300,9.3706045,2.431454
NE-49600141,6.542604,-1.3048241
NW-88006417,4.5720725,-0.15541063
MD-C0000052,8.073119,5.341514
TH-PKER0082,10.969196,2.1603868
SW-70630240,2.068574,3.9056468
MD-13612980,4.815542,1.1487722
NE-49905127,1.8943645,0.39170396
NW-88004563,1.461496,2.9197102
AN-WEN020,9.321589,0.45780087
SO-F0017656,5.380777,1.6796644
NW-88000588,10.981647,3.626374
MD-39324040,8.080013,-1.2700868
SW-82528082,1.2052541,3.8784294
SW-81271803,2.17942,4.1775465
SW-81281111,1.5585725,3.6229737
MD-41822150,9.2031,1.7659509
NW-88006256,-0.0011107217,1.2101166
SW-91251650,1.9455656,4.811222
MD-23327650,5.831916,2.3645482
NE-49100231,7.7199173,3.9022295
TH-RSN2129,7.1629887,4.784178
SW-82311311,2.0523198,5.4922457
MD-19337420,1.8073181,2.175933
SW-70591717,3.3161263,2.197365
TH-PWER0022,7.718048,0.3780292
NE-49300798,11.46674,3.8679576
NW-RSN0363,0.13983029,3.0548208
SW-81940425,0.48748022,5.5550313
MD-RSN1058,8.898859,4.797671
NE-SSN0709,3.495571,1.373188
AN-RISE310B,6.9360313,1.4140092
AN-RSN1244,8.243377,-0.39781263
SW-82528060,1.9011619,4.474137
TH-PBRR0070,9.117258,4.515082
MD-44284560,7.906549,1.5851588
NW-88003973,1.4903982,1.9471911
NW-88003089,0.22785412,0.4006589
SO-E0000873,10.257022,2.4734986
NW-88002383,9.218972,3.0182054
AN-BB0136,8.973344,3.915543
NE-49301396,10.857316,3.3769855
SW-RSN0957,6.726505,1.9322426
AN-WEN223,6.4290075,-0.49635223
AN-45M02,8.783596,2.0555968
SO-E0007238,0.7845889,2.411763
SW-81232708,0.9597302,4.359863
AN-USWAFORD,6.5110526,1.1023669
SO-E0001410,6.6191235,1.7653197
SW-82710981,1.5919167,4.540223
NW-88024628,2.573874,2.6495476
TH-PWRR0009,7.185524,-0.491829
SW-82517005,5.6643677,2.7350779
NE-49105167,8.751447,2.102724
AN-ANCN2,9.072643,0.88723874
NE-49100245,8.003457,3.1987946
SW-82310924,2.3645954,5.278599
SW-E2041300,5.644607,2.504028
AN-BLACKDYK,9.422058,-0.408942
NW-88006453,1.7505767,-0.11178347
MD-48359880,4.855423,0.6981767
MD-08177350,6.51598,0.114313185
MD-RSN0314,9.088195,0.057283413
SW-91212027,1.8213238,4.338727
NW-88022311,0.6491226,3.1749325
AN-SOWS1,7.6065493,3.5278938
NE-49100532,9.54577,3.3764362
AN-BUR120,7.150088,1.9192713
SW-70557003,1.1061001,1.7784566
MD-13608780,4.833806,1.473473
NE-49600483,2.6165664,0.987741
SO-E0001273,8.845507,-0.12149832
NE-49400739,6.041503,2.6866105
SW-RSN1670,-0.018803293,5.3964148
MD-RSN1246,5.2739925,4.495299
AN-CR0237,8.346355,4.6416035
TH-PTHR0124,10.754278,2.6439972
NE-49300137,1.9781848,1.0799261
NE-49400266,2.5982902,1.4525198
SW-81950555,0.60588974,5.572685
SW-RSN0723,3.2362018,3.9290671
SW-RSN0759,2.115133,5.3832226
NW-RSN0216,4.1328006,3.45226
NE-49401015,2.4925787,0.8013063
SW-A3190203,7.527576,0.7192884
MD-30726120,6.259512,2.490495
NW-88000872,8.197338,3.234988
SW-E3120200,6.8073573,2.9296498
SW-RSN1931,1.0844767,3.581133
SO-E0000400,4.236544,3.6587431
SW-RSN0867,-0.56346697,5.162447
MD-11054980,6.914988,2.9188714
SW-81020802,0.9513252,4.583753
SW-A1310201,7.8462043,1.891846
SW-70641818,1.6294502,4.0399084
SW-70633822,2.8119407,4.517137
AN-52M26,7.359808,3.4390054
SW-RSN1795,2.3391469,2.883032
NW-88003108,4.343395,1.136408
NW-88005570,0.38334593,1.5017161
AN-RSN0529,10.7692175,0.5231305
MD-51941130,7.1322446,-1.4006975
SO-F0002000,6.404974,4.6891627
TH-PTAR0102,8.989031,2.6480386
MD-47600050,6.1962323,1.4295276
MD-78373480,5.7615304,2.719103
NW-RSN0488,7.2150927,1.8822393
AN-38M15,10.303554,1.7405334
NE-RSN0268,2.9048786,0.3405441
MD-59535100,8.279136,0.29834348
MD-10325060,6.992928,-1.2684113
MD-22147580,7.4802575,2.3057034
NE-49000699,10.574147,4.002421
NE-49100528,9.315691,3.4541142
TH-PWER0029,4.4530487,2.773884
NE-49900029,4.7938223,1.1487038
SW-Z1011609,8.168081,1.9354206
NE-49500382,2.2305644,3.4986894
NW-88002316,3.2047777,3.336279
AN-FOSC2,8.157663,1.9294252
TH-PLER0053,8.513548,1.2286793
SO-SSN1335,1.206501,5.0688596
NW-RSN1264,1.3506219,1.9045643
NW-RSN1292,5.5607033,2.9134817
SW-81611075,0.92108023,5.4139123
TH-PKER0005,5.566242,3.7289553
NE-49100555,2.1188557,0.30543497
AN-GLEN130C,8.684194,-0.91251546
MD-59395300,10.264286,1.9613416
NW-88003988,1.799436,1.1506233
MD-49694100,4.6572957,1.4444817
SW-82520705,2.198704,4.701992
AN-01M04,6.2972903,-0.047201503
SO-G0004218,3.792808,4.4043236
SW-A1260416,5.7003927,2.510519
NE-49105203,3.8374858,0.71019876
NE-49400308,2.439558,-0.003497976
AN-RSN1953,8.9011135,4.0552096
SW-Z1030105,8.127299,1.8328321
AN-ANCO1,8.940466,0.7666822
MD-10579020,8.388933,0.7765486
AN-RSN0849,8.683623,0.46435514
NE-49100423,4.768396,1.8616416
TH-RSN0185,6.555821,4.968967
SW-SSN1460,2.557087,3.0661187
AN-RAT070,7.163558,2.9996521
AN-RSN0960,8.110237,0.94102705
AN-06M03,10.142208,1.3456801
AN-29M09,9.452589,0.51599216
MD-H0000071,3.7072816,0.9173714
SO-E0007262,3.7371993,3.980902
NW-88005199,4.4350276,3.3121386
NW-88025787,2.2255194,4.5613365
AN-WEN180,7.7832046,1.2320904
AN-YAR229,6.8587704,1.9954333
TH-PRTS0051,8.208194,2.161792
NW-88023148,0.49243447,0.2717346
SO-F0002173,4.2375226,3.9337528
SW-RSN1141,8.410962,1.2626213
NW-88006332,2.2377224,2.6235104
MD-SSN0108,3.7950826,3.2374458
MD-49691360,5.230695,2.359257
SW-81523404,1.022743,5.30856
SW-70620133,2.1899333,4.1575475
TH-PLER0126,11.090971,3.3621576
SO-F0003113,1.8873588,2.8079119
SO-E0001587,3.9598737,4.4757314
NW-88000780,8.317419,3.0804036
NW-88023145,1.1837347,1.9312851
SW-Z6540101,9.268668,2.0842035
NE-49500663,1.1838298,1.7883339
AN-TNG040,8.365884,5.633165
SW-Z1460102,8.897585,1.4496629
NE-49405117,5.6703444,1.2067137
NE-49100349,1.1364447,0.5702893
MD-36754350,9.642168,2.180449
AN-RSN0613,7.0707083,-0.9378001
AN-30M20,10.654242,0.86509013
AN-42M06,8.359512,3.1794832
SO-F0002075,4.8350573,4.322543
SW-50240488,7.315501,-0.1069231
NW-88023221,2.8423486,0.20375182
SW-E3050300,5.8699336,0.8185521
TH-RSN0226,7.839367,-0.23433906
SW-81220015,3.4966195,3.1357813
AN-48M25,8.991808,1.0486586
AN-DEB0044,11.330101,1.6721919
MD-RSN2134,6.477496,-0.4822011
NE-49400424,9.323341,2.8349564
MD-39369000,6.078316,0.10575776
NW-RSN1123,2.4581993,1.8052965
SW-RSN1299,3.965211,3.38721
NE-49200118,8.877777,-0.60024923
SW-82110104,2.295529,5.396121
NE-49301734,5.33644,1.2048742
NW-88003850,4.6114225,1.0359074
AN-01M07,7.9564476,0.118870065
SW-60500111,3.931441,2.726825
AN-38M06,8.078737,-1.3982548
MD-45221950,9.5237875,1.2409563
MD-29993380,8.803167,3.5525134
NE-RSN1668,0.59245783,0.5320694
AN-20M11,10.739505,0.9181794
NE-49603072,7.1416492,3.68847
NW-88000643,5.9521947,0.5370728
NE-49400409,9.336219,2.9949915
SW-81231190,0.52075106,5.1952753
SW-RSN1755,2.5512464,3.2117724
SW-70561042,2.4931722,2.037095
AN-FOSSDYK1,7.5212665,2.5560255
MD-59012815,9.382083,2.8259468
NW-88003560,4.5322914,0.36019012
AN-13M31,7.086429,1.7990493
NW-88023141,0.4793702,4.115686
MD-61080250,7.416332,-1.0477427
SW-72930188,2.0611339,3.4340878
NE-49200047,6.917196,3.3276231
MD-51147980,4.5688686,1.8643907
MD-19226180,3.3871598,2.1535985
NW-88006370,3.9919562,-0.28327474
NE-RSN0224,8.643536,3.173151
AN-SSN0181,7.009285,3.8001676
NW-88003440,4.4861336,0.7390581
MD-50901750,1.5922451,1.6734165
NW-88006187,2.9791515,-0.27061063
NE-49400248,6.5225296,0.26318416
AN-23M02,8.466112,5.597608
SW-91241176,1.7360861,4.6847095
NE-49600460,7.5342894,2.942816
MD-36770430,9.766817,1.26394
MD-27039220,9.186176,1.8985426
AN-SIND4,10.980514,2.0477152
SW-A3210104,7.128155,-0.26874807
SW-70522671,7.969713,4.2075152
NW-RSN2063,3.0742087,1.2250065
MD-36698778,9.5020685,1.2157267
TH-PCNR0205,7.216478,0.5950176
TH-PWAR0060,11.158848,2.3004456
MD-26958780,9.478618,0.70676315
MD-47634020,8.592992,2.3519473
AN-RSN0805,7.072634,0.57114065
NE-49100068,8.24455,-0.028568553
AN-LUDO7,9.164327,1.3302797
AN-WAV056,6.246509,0.009770139
NE-49401019,1.7004799,0.83542454
TH-PWER0089,7.030673,1.925593
SW-50250634,7.8339386,0.007724467
AN-RSN0128,7.3504477,4.738919
AN-YAR013,10.593694,1.2655319
AN-RSN0110,4.535294,0.38129637
NE-49000685,-0.094669186,2.6843915
SW-70420102,4.647236,1.9084277
MD-41066040,11.06556,2.7487814
AN-NENE640D,8.575462,0.74343884
SO-G0006575,4.815057,4.816243
NW-88000609,8.854087,4.4968276
NW-RSN0280,-0.15053642,2.8562527
TH-PRGR0003,8.812124,4.7142315
SW-A2270107,5.6298018,0.037851848
NW-88024605,7.705391,5.1668296
SO-E0001734,4.4562736,4.1016393
SW-E4001200,7.546369,2.8911624
SW-RSN0285,4.841768,0.6106562
SO-G0004155,0.94753706,4.766782
NW-88002667,7.3002663,3.8570304
SW-81915165,1.8134433,4.4548163
NW-RSN0415,3.26744,0.5653502
AN-RSN1064,7.0620303,3.1193657
SO-E0001692,5.1161966,2.323233
SW-70817602,3.4122837,3.2618797
SO-SSN1358,8.341218,5.1283145
MD-49903370,7.1215806,-0.5339602
AN-NENE240W,10.285131,1.4096179
NE-SSN0109,0.48441046,3.23076
NE-49301157,4.185154,2.1860988
NW-88002752,11.196674,3.6540654
SW-82221863,1.9635376,5.465827
TH-PRTS0658,7.078841,5.0895863
NW-88025780,7.169082,4.6261916
NW-SSN0118,7.4983807,-0.30942878
MD-54537900,5.231666,-0.21216646
SW-81522004,1.7456644,4.6492405
NW-88023677,3.7009084,3.3015013
AN-SSN0179,8.746265,3.8712063
MD-54509300,4.962407,0.7577367
MD-64499220,4.693602,0.992606
TH-RSN0410,9.410714,0.03459114
NE-49300730,9.538319,2.0675936
TH-PKER0039,7.816049,1.7194077
NW-88002181,4.518343,3.1563091
AN-WITHM,9.528354,0.4728043
AN-RSN2121,10.606604,1.4344401
NW-88025829,0.083802596,5.358482
SW-60032022,6.713588,0.04237255
TH-PLER0129,8.883916,4.2197323
MD-42533380,8.636043,2.3853347
AN-RSN0353,1.1447988,5.386693
SW-50360511,8.754523,-0.20129679
SW-82112424,1.0821927,5.5433216
NW-88006451,0.9738639,1.1073383
NW-88004519,1.0818356,3.9234345
SW-70810529,4.2733502,3.1617475
AN-OWDR030B,7.8922195,1.9225711
SW-50220284,6.8714623,0.4043185
AN-LARM050L,7.82127,-1.542434
AN-MIN035,9.778572,4.1541114
TH-POCR0008,6.683823,-0.37709382
AN-DEB020,10.576652,2.5555332
AN-WELL330U,8.195218,1.4902375
TH-RSN1242,7.840378,1.1385643
SW-82513920,4.323696,3.527288
MD-20255380,9.338692,1.8353758
MD-RSN0266,4.809888,3.4351678
SW-RSN0958,1.745936,4.2446384
TH-PHMR0009,8.00869,2.5513186
AN-STEP3,7.931792,1.023316
MD-38473020,10.53594,1.5885166
AN-RSN0261,9.044227,1.552423
SW-50210469,7.7394643,-0.02403331
MD-RSN1514,8.623123,3.8635404
NE-49700078,2.8709626,0.04875041
SW-81940805,2.75202,4.8201303
TH-PRVR0035,7.017089,2.1154578
TH-PMLE0390,6.807613,5.0863867
SW-91212023,1.2825894,4.52724
MD-51703600,5.5283566,-0.59948003
SO-RSN0089,7.6436386,-0.3817082
TH-PRGR0021,11.184161,2.096019
MD-60866450,10.911998,3.5848203
NW-88005051,7.9190865,5.20788
TH-RSN0233,8.500498,-0.3862881
NW-88005845,3.9601293,3.0493484
SW-70550329,1.3781402,2.1069624
NE-49105136,0.0679029,2.0394306
SW-73063202,1.1844363,2.741689
SO-F0002050,7.847987,5.240708
NE-49105199,0.9440356,0.67379546
AN-ANT190,6.3761463,3.3639283
MD-51963080,5.3997536,-0.32664654
AN-56M06,8.99694,1.5094851
NE-49000003,7.603177,2.8636417
AN-EST030,8.52379,4.2287006
SW-70724103,0.40545672,4.2779274
NW-88024631,9.564095,2.2782998
MD-56436020,2.3932364,1.6781793
NW-88024186,9.269715,-0.077774554
MD-RSN0422,9.067687,2.603132
AN-48M06,9.767153,1.3556045
AN-WILL110K,7.8239098,0.75844824
MD-11294580,5.391859,2.0926747
NE-49600143,5.6442494,2.1503797
AN-BARN080B,10.900544,3.6206388
MD-50900410,1.9090283,1.1226863
NE-49700089,7.070023,1.1277597
TH-PUTR0067,6.3421793,1.2662096
NW-88009690,-0.14598611,2.5196104
AN-WITHG,9.865334,0.733536
NW-88000856,9.177746,2.0418513
SO-Y0004530,6.5589547,5.12223
SW-50280476,7.8121405,1.5486975
NW-88004395,0.13594192,0.5400478
NE-49600464,6.169636,0.24856034
SW-60590405,2.5115805,0.78977555
SW-RSN1685,7.3992634,-0.033066697
AN-RSN0929,10.655342,0.53126276
MD-SSN0177,11.017236,1.6651878
NW-RSN0040,2.8856025,1.148623
MD-37737020,10.524668,4.0533166
NW-RSN0360,9.349323,3.3403804
AN-GOULCEBY,7.684795,-0.6182717
NE-49400462,3.452461,0.17354506
SO-G0006952,1.4744898,5.090939
TH-RSN0617,7.0250907,-0.28903678
SW-81010811,4.4912686,2.4056587
AN-HOGD090R,8.590599,0.76945025
SW-RSN1087,0.110459104,5.123889
MD-09922450,8.155895,2.4639452
NE-49700251,2.266192,0.114332385
AN-WAV113,7.0749063,3.1490183
NE-49900012,6.116305,-0.6099506
MD-SSN0031,6.812561,2.8866036
NE-RSN0460,5.052363,0.78071815
AN-04M10,7.259648,0.37716857
AN-CH0910,8.085687,1.2869406
SW-Z8480236,7.2424064,-0.46319336
MD-RSN0790,9.776746,1.4480363
NW-88023189,3.5151947,3.8330534
NE-49100550,2.5573347,0.7930928
SW-82112121,2.3551905,5.272766
NE-RSN0912,8.806558,-0.36353624
MD-61041500,3.7414603,2.416063
MD-60867500,10.9832735,3.8666675
MD-44049100,10.419284,3.4507396
SW-RSN0199,9.393946,2.5124123
SW-RSN0894,3.7055883,4.370553
MD-59014950,9.366968,3.0883372
AN-SKIT1,9.660287,-0.41041705
SW-72911403,4.2400203,3.1566308
NW-SSN0406,8.498063,5.5440817
NW-88022522,4.14624,2.06438
SW-C0110000,7.353749,-0.49550992
MD-49709870,0.8168972,0.5414728
SW-RSN0259,2.255122,3.3142948
AN-WITB100T,9.76667,0.16172612
NE-41000098,0.73929185,1.1317878
AN-RA0530,9.616482,2.6027834
SW-RSN1635,4.9973507,1.5233623
MD-49710500,0.9220154,0.5401337
NW-88024204,1.8971736,0.3409879
NE-49105201,2.3009918,0.65176684
SW-81311024,2.204828,5.3012195
NW-88009654,0.49264923,1.0009952
MD-RSN0375,8.230033,2.431212
SW-81917255,3.960095,2.4006813
NE-49100644,6.0801654,1.5475947
NE-49700235,3.8349042,1.3447855
NE-49500377,1.0077055,1.9683087
AN-MD04,6.6924148,3.6210902
NW-88023649,11.280428,1.9829272
TH-PRGR0018,9.981385,3.5288754
SW-RSN0435,2.5792348,2.0885696
NW-88022197,1.0765085,1.406033
MD-RSN1834,4.961087,0.46136263
NW-88003461,5.3152018,3.0525877
TH-PMLR0013,4.309336,4.4052787
SW-60250592,7.3406305,1.8799691
NW-88023232,6.3325243,2.8393872
AN-CRIG3,9.508228,-0.46062258
NE-49900204,6.378427,1.9095734
SO-E0007052,7.6227016,3.512165
NE-49905195,0.2876539,0.569383
NW-88023208,2.786149,2.8582628
SW-RSN0099,3.0677593,3.5326633
TH-PUTR0014,7.090556,-0.32372132
NW-88002573,4.50494,1.3643193
MD-RSN1086,6.8203144,0.9925951
MD-57406050,1.5442772,2.2201355
NW-88021142,1.1971414,0.9129672
MD-SSN1432,6.6670203,0.10093499
NE-49301886,10.320854,3.0165105
MD-74655180,9.31379,1.9368459
SW-81610210,1.0521533,5.339678
MD-78376100,6.228749,3.8664753
AN-34M06,10.758753,1.449907
NE-49400287,2.7412746,0.44578007
AN-BLY016,7.1904955,3.1735582
TH-RSN1825,6.25403,0.7310328
SO-G0004065,9.5802965,1.7712799
TH-PEVR0081,7.4009156,0.72810185
TH-PRTS0003,7.8236957,0.33323973
SW-A2290103,6.532886,-0.26421827
NE-49105224,10.499849,3.9545853
AN-CR0215,10.199464,3.1409316
AN-DOV090,8.522472,2.3563366
MD-19335580,3.4608555,2.4861846
NE-49600468,0.9626653,0.7397166
SW-70540110,2.714443,2.6666496
MD-00044720,4.370305,3.0950952
NE-49000481,2.5827363,0.77123916
MD-12563511,9.478747,-0.4180036
MD-RSN1026,4.2531223,3.6628747
AN-DUDDINGT,7.1810575,0.88931566
SO-RSN1153,1.2408639,5.239886
NW-88000679,7.377011,0.8982792
NE-49301888,9.191667,2.603313
SO-F0002196,8.192732,5.25431
SO-G0003674,5.783949,2.8692348
NE-49600185,3.2319942,3.3630588
NE-49905118,8.440347,3.5104554
SO-RSN1053,6.479443,2.8938744
NE-RSN0656,6.1121144,0.36845133
AN-GIP169,8.611505,-1.2200968
NE-49600151,0.7608727,1.0645608
NE-RSN1736,0.3308652,2.304623
SW-Z7500122,11.336208,1.9356906
NW-RSN1740,9.767386,1.1713899
MD-44505050,8.10669,0.62883
AN-53M29,10.604307,1.6934828
SW-RSN0919,2.6781595,4.747615
MD-23538500,7.9001956,1.4490513
SW-82010131,2.9048297,5.34726
NE-RSN2332,9.947033,2.5283575
NE-49705093,3.0676732,0.6271201
SW-81120120,0.9002984,4.0561805
MD-51248440,10.389695,4.100634
SO-Y0004519,3.5942574,4.1194987
SW-82528011,2.1345131,4.77695
SW-81913833,4.122934,2.9297314
NE-49400279,4.0806046,1.4600061
NE-49302160,4.604681,2.52465
AN-BARE8,10.582501,1.6654795
TH-PKER0137,7.413442,1.6383201
TH-RSN1689,6.4019585,2.8218498
NW-88003895,8.422728,5.4690237
TH-RSN1646,9.018785,-0.8068545
MD-07166220,5.599297,0.4476548
SW-Z1012340,7.111543,-0.4969299
SO-RSN1037,3.4215558,3.387972
MD-SSN1420,1.4441816,0.76096195
MD-38836400,8.444943,-0.9118265
SW-Z5012805,7.4181323,-0.34869182
NE-49400759,4.7993712,1.5878125
MD-50936350,10.998071,3.6207514
MD-29272820,6.1679053,2.8337705
MD-SSN1356,0.5878069,3.0330184
AN-27M41,11.232903,2.268695
MD-37423200,9.93947,2.0192795
NE-49600495,0.92747027,0.643459
SW-E2030800,4.912435,2.777895
MD-57464620,2.3194928,0.12310055
MD-10325540,9.211555,2.3211188
MD-65793180,10.506843,3.1492212
TH-PTHR0026,7.762439,4.730936
AN-RSN1257,9.047497,1.3018075
NW-88004387,0.52626795,1.4539644
SO-G0003929,8.274203,-0.37424126
AN-KYMEEAU,10.07091,1.0026858
TH-PLDR0003,6.990816,4.9000196
MD-RSN1612,8.291197,-0.22740278
NW-RSN1092,3.40986,1.5179784
SW-81271225,2.0741084,4.2881203
NW-88004014,0.7659634,0.5606462
NW-88023708,1.1440632,1.5778745
SW-70522662,6.4226637,2.6435704
SW-70420286,3.1733224,4.124615
AN-RSN0846,7.011147,2.9958515
TH-RSN0922,9.77994,1.2248391
MD-39325200,7.992199,-1.3265487
MD-RSN1218,9.507457,1.603405
MD-SSN1375,5.0660243,2.3561354
SW-81930965,0.3001371,5.435404
AN-BEL043,8.875639,1.3922805
TH-PLER0077,11.133455,1.8109705
NE-49905178,2.2577415,0.31822932
SO-E0001332,7.7630386,1.2748598
AN-YAX025,10.427337,0.56020176
TH-PCHR0028,9.379101,1.9075986
MD-39404200,10.017652,1.9713377
NE-49600451,8.088458,-0.64735043
SW-Z9410101,6.5412927,2.6073503
AN-DUNSBYOB,8.613079,2.7804363
AN-RSN0913,7.0816936,1.3730143
AN-SYWB040E,5.1911316,2.2457275
AN-CA030550,8.416434,1.8502574
TH-PCNR0186,10.964035,1.8280436
AN-BRANTGS,9.398521,0.91254973
MD-12152080,5.6906204,2.3908553
NE-49500499,0.19094709,1.2126533
AN-CR0253,6.5361586,3.3227398
NE-49800093,2.2896483,1.7140657
TH-PEVR0019,7.7029805,0.037684724
MD-RSN0294,8.98771,3.4680066
MD-48426580,5.4750767,2.37017
MD-37683200,6.521546,3.8966498
AN-CHAT070M,5.991061,2.549495
AN-WEN210,7.2234106,2.0039194
AN-41M17,8.156411,3.2696888
NE-41000375,2.3035576,1.7020112
NW-88001848,-0.1623778,2.0791552
NW-88002588,8.5396805,1.7948983
TH-RSN1789,4.1688824,4.3624797
MD-24239640,5.576071,-0.7404791
SW-SSN1339,7.0810823,4.714843
NW-88022942,9.09549,4.867724
NE-49105204,10.233141,-0.08965066
SW-70630207,0.0059550162,5.1409206
SW-RSN0035,1.7947729,4.154191
NW-88009758,11.168495,1.7851919
MD-RSN0242,4.3897924,1.4566829
NW-88006391,2.643446,-0.18992653
NW-88001972,2.5123613,2.9917822
SW-81310254,3.3475282,3.9777741
MD-30546120,9.207981,2.8118405
SW-RSN1165,7.6561627,2.421256
NE-RSN2024,9.187921,2.325294
SW-91251619,2.0888345,4.735887
AN-LADE1,6.2258105,1.3069927
SW-50250326,7.678033,0.6590829
NW-88023209,1.1058644,1.8748006
SO-E0000403,3.9640062,3.9122543
SO-F0002272,3.527281,4.0786347
SW-E2033500,7.4772215,0.03126789
SW-82211932,4.548131,2.2907994
MD-56546100,2.622345,1.178312
AN-27M38,8.013868,3.3274496
MD-04806980,5.565371,1.9577366
MD-H0000006,3.1891005,0.39244527
MD-22269560,9.025143,0.51701397
SO-F0002322,3.4713242,4.0991883
MD-38477915,9.734694,1.2404313
AN-CL0180,9.1817875,4.2484317
SW-81940715,1.8790452,4.893354
SW-A3200404,8.241394,1.2783884
NW-88000871,8.548036,3.0675046
NW-RSN0284,2.2974463,0.9938825
SO-G0004207,1.4460139,4.8805685
SO-F0003416,8.265615,0.7414604
SW-50370169,9.022628,2.287912
AN-GIP070,7.535476,3.119442
SW-64200205,7.78279,4.7881036
SW-RSN0339,-0.54730207,5.119984
SW-81917411,6.8002834,4.0801578
MD-43534300,11.051749,1.2317206
SW-73062502,2.2467031,4.264479
SW-70110111,4.141978,2.0634406
SW-RSN2267,3.6434233,2.4695718
MD-23657300,6.346539,0.33042142
SO-F0002658,5.47472,2.3698642
SW-91221117,2.9712808,4.703898
AN-RSN0030,5.162868,-0.14759348
SO-G0003616,8.2396555,0.6190999
MD-58729100,6.5268364,3.6932044
NW-88004560,2.1537256,3.9255464
AN-TG215,4.183031,1.5067039
NE-49301838,5.0766125,2.383658
AN-LORDSDRN,5.9404445,1.0288184
AN-WAV060,7.4390755,2.4988976
MD-76420300,9.467096,1.2134668
MD-48939020,10.580356,2.818239
SO-G0003652,5.495312,2.8611693
MD-08103100,6.531309,1.1981726
NW-88005839,4.6492968,2.4014184
MD-41319100,8.523213,-0.31414697
NW-88006203,1.7655585,0.508979
MD-51755105,4.09568,0.6879136
SW-70230141,5.955021,2.2719963
SW-E2270800,4.7041354,0.9069913
TH-PBNR0003,3.3723578,4.367169
SO-F0002601,5.221156,3.6389775
SW-82110766,0.9978693,5.390648
TH-PRTS0056,8.062493,0.36089596
TH-PPSR0003,7.606262,0.69605386
MD-51248190,10.685674,3.961716
MD-70476840,8.695268,1.6308898
MD-28224200,7.025191,4.301936
AN-RSN1105,7.3560266,3.5694866
MD-58808780,7.858784,0.9454005
MD-37366020,11.053722,3.7497475
NW-88002724,7.987135,5.3271713
NE-49600481,4.18692,1.054257
TH-PCRR0006,7.0806165,0.7501162
TH-RSN2282,7.7291365,2.0277236
TH-PUTR0072,10.390891,2.704806
MD-00203410,5.354075,0.3689329
NW-88003880,8.608664,4.3412886
TH-PCNR0019,8.970141,1.3105669
MD-46679620,4.6739516,0.2703704
AN-GIP054,8.354697,-0.47410262
MD-56086680,2.4761953,1.4437982
AN-RSN2001,10.631258,1.735698
TH-PWER0047,8.136523,0.14362183
NE-RSN0672,9.285623,-0.8651531
MD-47519100,7.5990353,0.12098205
AN-WOLD2,10.012717,2.7095556
TH-PTHR0472,8.010205,5.3788576
NE-SSN1281,8.483348,5.6673403
NW-88023584,2.8904874,1.0578142
TH-PLDR0029,9.22469,2.143091
NW-88022712,0.1391976,4.562038
NE-49000776,9.023366,0.45397788
AN-RSN0418,7.861704,-0.9085942
MD-51705100,4.309673,0.2517042
SW-Z1520101,6.302666,2.9739702
TH-PLER0155,6.0502667,1.6988838
SW-82211935,3.7202632,4.0766325
NW-88024188,9.380171,0.57207614
NW-88003969,1.1081352,0.5703405
SW-81201402,2.378275,4.248225
AN-CTWTRMLF,9.7318325,0.30741128
TH-PWRR0029,7.3153076,-0.82096374
NE-49800045,4.509453,2.6533244
NW-88022212,1.7384589,0.31750685
NW-88000748,10.963435,1.811989
MD-29499400,0.71352214,1.0415348
NE-49500670,1.0428427,2.1708171
NE-RSN0560,6.2037196,-0.4876659
NW-88002224,0.43995127,2.1215959
NE-49300851,7.4435315,3.032764
SW-70910356,2.8499427,4.309714
AN-GREN020S,11.026149,3.1753266
SW-70720258,1.3587776,2.5163631
AN-STON060G,6.926867,2.3990526
SW-82310183,0.7003599,5.540248
SW-70230922,2.2652774,3.232254
SW-RSN1695,-0.5826723,5.1646
NW-88023228,-0.07762845,2.6322172
NE-49405137,4.1373367,1.9884129
AN-WEN275,7.5351186,1.691806
MD-33232850,4.02345,0.6832867
NE-49700222,1.356618,2.4069676
MD-RSN0118,7.336717,0.7369708
SW-RSN0855,0.90006226,3.756323
NW-88024215,10.479912,2.9728575
NW-88025746,8.0233965,5.495199
SW-70720287,0.071643576,5.131341
NW-88003456,4.4939823,2.8920887
MD-37219900,8.053559,3.8250732
SW-73040602,3.791036,3.2814214
SW-50440119,8.509717,-0.27992758
NW-88005669,0.40934744,2.2984788
MD-42733050,11.540137,3.8559384
NW-88005904,8.144517,5.3142104
NW-88005734,2.2068532,0.50433075
SW-E2041100,5.484091,1.6072356
MD-38471660,10.490223,1.6124821
NE-49905174,6.079263,4.1862984
NW-88023121,4.9907804,2.0425665
NE-RSN1816,4.7802305,1.203649
AN-53M46,9.266524,2.8712437
SO-E0001706,4.738049,3.9868205
NE-SSN1317,7.1978416,4.1601367
SW-60031374,8.248565,0.36801025
AN-WILSFORD,10.723234,1.2361181
SW-82510154,2.4630225,4.5988827
AN-ANCO4,8.743429,0.65045613
AN-BUR170,7.073622,3.7165072
SW-70531612,8.787857,2.419045
AN-RSN0050,8.338736,2.085648
NE-49302469,9.451364,2.7754345
NW-88020644,2.4855204,2.4164224
MD-38714350,6.3710384,-0.5479268
SW-70635819,0.60507846,3.5675983
SW-SSN0648,2.822556,3.51143
SW-82513918,4.4921556,3.2373261
NE-RSN1664,7.465486,-0.8553582
SW-60030560,5.808758,0.39807776
AN-28M07,10.372369,1.9165967
MD-64177220,4.676396,1.384807
MD-36772580,9.725158,1.2742162
MD-RSN0074,6.8508697,2.5756295
AN-BRN050,9.602436,-0.42982304
AN-RSN1204,6.9977098,3.2689135
NW-88005878,6.9383774,4.3406243
NE-49100523,6.5071664,-0.26080558
SW-RSN2107,4.9988384,2.7785897
SW-RSN1502,0.49797323,4.457374
TH-RSN1989,3.9342008,4.157517
NE-SSN1361,9.782127,0.5886946
AN-BILINGBK,6.3692503,3.04738
AN-21M03,10.902902,2.25252
NW-88003824,1.6701748,1.6479018
AN-NENE060K,9.564517,1.2209895
MD-16289754,6.3501596,3.1332028
AN-BT01,8.027107,3.1769242
SW-Z4170214,7.380882,-0.652283
SW-RSN0893,6.2579374,0.4744371
NW-RSN1196,0.69466406,1.7768179
NW-88006289,3.101245,1.0028782
TH-PTAR0010,10.923735,2.9982328
NE-49905168,2.232727,0.39459714
MD-29757150,3.5339634,1.1168638
MD-06114120,7.1669717,-1.4233247
NE-49600176,3.5416226,1.0151557
MD-54219180,7.7268977,-0.20577227
NE-49200128,9.080618,-0.72695005
NE-49200120,8.320134,-1.4188815
SW-RSN1759,7.5091963,1.0924891
MD-10680080,7.3273387,0.17897579
SW-81271235,1.858925,4.4379306
NW-88005055,0.70062274,2.7736807
NW-88000745,2.3046987,0.6558537
NW-88023951,2.7877808,2.0937784
SO-G0004167,1.4602515,4.9421678
AN-NENE220H,10.40614,1.899047
MD-RSN0650,5.9172587,-0.74217635
AN-44M12,8.19516,-1.4952357
MD-SSN0671,7.752174,1.1197656
NW-88023160,1.4480711,0.6981398
SW-70826082,0.092678614,4.5289927
MD-74380770,9.189968,1.6153492
SW-70232411,5.832356,0.12765962
NW-RSN0024,-0.12620649,2.9954383
NW-88000715,10.36023,2.6479757
SO-E0000637,3.6997123,3.882582
AN-BR0316,8.583446,0.38451728
MD-50306265,11.064267,3.3443298
AN-GWSH235C,8.661199,0.64886785
SW-73012702,2.4644463,2.0021832
MD-58808870,7.7574663,-0.019230494
MD-04787610,9.801616,1.211701
SO-F0003006,6.060856,2.9232242
TH-PTAR0051,10.478028,2.1007712
NE-49400676,5.040605,2.0630581
AN-ST0120,7.9213223,0.67032737
AN-RSN1084,9.532085,0.02104416
MD-56590020,4.3263316,3.7820647
SW-A3240101,6.734623,-0.11485623
NW-88003430,2.7143092,-0.20664114
AN-NETL8,8.228372,2.5100868
AN-ANT120,7.2915554,4.7271743
SW-72920377,1.8226459,3.2858343
SO-G0006988,8.272652,1.282666
NW-88003524,3.4818983,1.6017545
MD-41820270,8.252196,-0.07760027
AN-REDBRIDG,10.479312,1.3581429
NW-88002406,3.6545405,0.71336573
SO-F0002886,5.0611362,3.780229
SO-RSN2057,7.0295873,3.8386157
SW-81511046,3.6367373,3.2435331
NW-88003423,2.4537413,0.7091969
MD-SSN0009,8.847132,-0.16259451
MD-03341300,7.6188893,1.7542404
MD-50913025,10.036813,3.0932612
NE-49105202,1.8904243,0.46163762
AN-RSN0433,7.979931,-1.6043292
AN-01M15,6.51394,-0.48644358
NW-88023336,7.8680224,5.4284186
MD-42254020,10.679037,2.5624754
SW-60260103,8.976935,3.2976966
NW-RSN0607,2.6729152,0.6330839
AN-TAS092,8.007864,1.6894408
NE-49600478,3.5789227,0.9240173
SO-F0002274,3.9166198,4.16327
SW-70721066,4.927869,3.5846145
SW-RSN1181,8.031163,0.50427777
NE-49100552,2.1002269,0.36832237
SO-G0003900,8.275149,-0.094276644
NW-88003428,2.9643528,0.296161
TH-PMLR0323,3.6520698,4.4622674
AN-CAAR100G,6.068005,2.7839437
SO-E0007312,8.560055,5.2948275
MD-RSN1070,6.808895,1.0878386
NE-RSN0580,5.9900794,2.346103
NW-88024632,9.216601,3.5912168
MD-47511500,8.234083,1.9931713
AN-FRO040,9.492598,4.144157
NW-88023028,0.8117637,0.83642995
MD-10929340,7.178648,1.9192739
NW-SSN1398,2.8864124,0.6502334
NW-RSN1159,1.63472,3.198683
SW-72913412,3.5055947,3.2301424
MD-50896230,9.269771,2.346159
SW-81020103,3.3685882,3.787913
SW-82211922,4.3376865,2.971437
SW-RSN0711,4.8941417,1.3606564
SW-RSN0343,1.3302386,4.563127
SW-RSN1115,-0.0024223197,5.425292
MD-38419100,8.823892,2.4867997
NE-49400689,6.0511975,1.5390258
SW-50280726,4.33652,3.885009
SW-RSN0515,3.9159884,1.3517947
SW-60090101,7.4674997,-0.030754698
AN-MAFD1,8.113746,0.8997458
SW-73030162,3.988497,2.617499
SO-G0006903,4.849864,4.9065847
SW-RSN1119,2.1606567,4.110823
NW-RSN0748,0.73865986,3.3973057
AN-PORTERSL,7.6266193,3.5400183
MD-61023500,11.130768,3.9143398
MD-50013180,5.7196846,0.28056344
AN-SSN1321,5.1049347,1.2140707
SW-70630291,1.7587979,4.2870545
MD-50896050,9.296288,2.1137812
NW-88003154,2.744437,1.3010304
TH-RSN0865,8.977186,1.6303346
SW-70620509,3.6474035,3.0511253
MD-10325700,6.687188,-1.3306744
NE-49100522,3.7802672,0.12035327
NE-49301202,3.2279706,1.7650628
TH-PTHR0083,7.913016,0.5469101
MD-H0000089,4.6264253,0.67595094
MD-48705170,6.8424034,-0.30375773
SW-A3190201,5.7627316,0.08864291
SW-82311952,2.1205785,4.7642307
SW-81261152,2.0666459,3.9283776
NW-SSN1282,6.40844,3.5921457
SW-91210131,2.4277582,4.4192767
NW-88003828,1.8692786,2.5455294
AN-27M44,7.17012,2.783297
SO-E0000362,4.8581533,3.5536726
NW-RSN1056,7.736683,1.6832149
SW-81420269,2.9572334,4.842956
NW-88006477,0.38248968,1.7395763
MD-56087700,2.9019444,2.2212749
SW-81611080,1.0816191,4.8251266
AN-BB0104,7.0086393,0.5690133
SW-70591040,3.4663417,2.345618
NW-88021019,0.918279,3.1911964
SO-F0002804,5.125827,4.482985
NE-49500343,9.293433,2.9916592
SW-50210209,7.4198036,-0.36661234
AN-WELL220W,7.1861863,2.154292
SW-E3181400,5.904635,2.6762073
MD-15779320,6.107822,0.5043713
NW-88000758,2.5311341,1.065866
AN-NENE490F,10.039111,1.123632
SO-RSN0457,3.571514,2.231338
NW-88003457,2.0915987,0.47781208
TH-PCNR0070,7.3477035,2.416065
SW-81020186,0.22640787,5.2569203
NE-RSN0496,6.382675,-1.3710778
SW-81511737,2.385181,4.7370405
SW-RSN0493,7.624189,-0.72245944
MD-RSN1094,8.846677,1.3990511
SW-70813384,3.6052217,3.8804097
AN-ST1415,8.519037,1.4471945
MD-42488110,8.639962,0.7667895
AN-RSN0862,7.4362545,-1.4032261
SO-E0007050,7.1458197,3.258714
TH-PKER0043,7.414912,0.71268296
AN-44M31,8.131584,-0.48651984
MD-37849100,8.30247,0.003885396
SW-91211365,0.7353826,3.5881577
SW-60270701,10.161421,2.562262
SW-RSN2035,2.0330071,5.0916805
SW-SSN1472,0.18314093,5.2991295
MD-01502150,4.8748674,0.3117417
SW-81121402,0.96321374,4.4085536
NE-49000020,7.4735837,1.1593584
AN-53M53,6.8721576,-0.9182169
NE-49905196,0.43005872,0.4995195
SW-60030333,6.686484,0.9614575
SW-RSN0979,0.8251538,4.683866
NW-RSN1044,8.098332,4.2896132
MD-69768060,7.178034,0.981162
NW-88005020,0.11518045,4.5245094
SW-81940193,2.649205,4.608855
MD-22629020,11.077154,3.4040272
MD-44509030,7.5630136,-0.025844347
SO-Y0004395,5.3562193,0.9586341
AN-MD03,11.258829,3.6638255
SW-81810104,2.3806028,5.2603235
MD-40719100,6.860511,3.3352659
AN-48M08,8.183598,0.04232441
NE-49301153,3.2577565,3.3175495
TH-RSN1802,8.340867,4.163657
NW-RSN0168,4.0364513,3.350894
SW-82115065,2.8169568,5.294227
TH-PRTS0025,7.856632,5.0973353
MD-25072580,8.554667,2.0565557
SO-E0001756,11.361634,3.6822937
TH-RSN1225,6.540041,2.2105606
SW-RSN0727,9.274493,2.6322703
TH-SSN1348,7.103103,2.9587376
SW-70725509,0.059245452,5.1626453
AN-HK1210,10.005292,1.8799728
NE-RSN1112,10.764505,1.3438455
SW-82312338,3.1152127,4.411477
MD-RSN2338,8.61785,-0.2748716
TH-PEVR0016,11.213909,3.6808236
MD-RSN2274,5.896155,1.6105604
AN-BILL100L,5.9557424,1.6030884
SW-81261111,1.4064587,3.6156507
AN-WELL385,8.650988,1.5641035
MD-38642360,9.927274,-0.11404649
NW-88005786,1.3520213,-0.00845455
AN-37M23,8.376057,5.330524
MD-65795580,10.372153,3.8587055
SW-82410255,2.8965988,4.430261
MD-61674560,3.9777281,1.0934185
SW-E7080250,7.1615477,1.9229677
MD-49155050,6.2736616,1.2546188
NW-88001816,0.3716714,4.3527465
NW-88004397,1.7116134,1.5658648
NW-88022082,8.714735,4.4401684
AN-48M01,9.062896,-0.41228738
AN-KINBYBCK,7.2237473,-0.70599
SW-RSN0605,6.33407,-0.4713789
NW-88005791,4.292745,3.7966294
NE-49200308,9.999772,-0.08512621
NW-88000597,11.064738,3.4106631
NE-49905157,4.2088757,0.09801705
TH-RSN2317,6.870849,4.6684475
MD-49700000,4.3055196,0.43826517
MD-23784020,6.9365664,2.6166332
NW-88024209,6.268043,5.2995315
MD-06001080,8.365937,5.221536
SW-RSN1803B,3.5033495,3.923606
NE-49500392,5.3529735,2.8537796
MD-37644380,9.171055,3.6172101
SW-70534602,1.966292,1.7075301
SW-82010156,1.8221036,5.256719
SW-E4000400,8.4398,3.2602968
AN-HAMMONDB,10.453289,3.7539034
SW-A4070115,6.1843305,0.9966751
SW-RSN0407,1.8235532,4.291516
AN-26M21,10.756901,1.367369
NE-49400709,10.928574,2.0427322
AN-WITHC,9.196626,0.45028397
SW-RSN0301,7.306308,2.5140362
AN-WAV120,6.749913,1.6075532
AN-LBFA070W,7.046363,-1.0097976
SO-RSN0245,8.78408,3.6671393
SO-F0002374,3.9109507,4.588684
TH-PCNR0027,10.822523,1.6556773
TH-RSN0082,7.982966,0.26990795
SW-72934683,1.748336,4.5506506
NW-88023840,1.2479951,5.0843596
AN-TG2230,5.2334104,2.147364
NE-49000485,3.556893,-0.29626313
NW-88006180,2.923781,0.07025682
SO-RSN0985,7.2151303,2.576195
TH-PKER0058,8.041168,0.11449232
AN-SHIREDR4,8.592258,5.4758086
SW-50410164,7.1402283,-0.4468991
NE-49000486,1.4147528,2.0918272
MD-23326430,5.270213,1.2797616
AN-30M45,8.269154,-0.1612028
AN-36M05,7.1622715,2.279624
TH-RSN0309,5.926293,4.3102527
TH-PKER0017,4.8833,3.4022233
NE-49500159,4.4056797,0.96854115
NW-88005823,2.9748902,2.0822713
AN-36M22,8.494727,3.0782518
MD-RSN0758,8.511219,-0.16621405
SW-RSN0947,3.4271827,0.68693554
SW-A1260105,6.5240006,-0.6828277
MD-28079080,8.106607,-1.1431291
MD-09947100,9.533743,1.2169558
SW-RSN0691,4.2323866,-0.12879093
SW-RSN1539,7.486268,4.139251
AN-LANLAUBK,6.588435,-0.20105065
SW-RSN0039,0.37803254,4.5527735
MD-RSN0690,6.572553,0.41320622
NW-88006375,6.3132644,-1.337654
SO-E0000960,1.8083189,4.362351
SW-91221137,1.1574881,3.6153216
SW-70230913,3.554767,4.4203053
NE-49700386,3.1327672,0.04125783
SO-F0002557,6.26846,2.9950259
SO-RSN0537,4.694719,3.0938573
AN-STLODE05,6.049655,3.4433124
TH-PUTR0175,8.129063,0.48566845
MD-39926020,8.121575,4.398826
NW-88025900,4.511542,3.8312538
SW-81281134,3.161135,4.730961
MD-H0000021,6.7661533,0.005199797
NW-88005798,4.214389,-0.38632265
SW-91253127,0.59276277,5.4696345
AN-WD0503,8.935683,4.0662003
AN-HK0817,10.800795,0.9896821
AN-52M16,8.134214,3.7533457
NE-49302111,1.7857068,2.1818027
SW-82511720,2.8857584,4.9988694
NE-RSN2212,2.774854,2.3539324
SW-70630284,0.8444435,4.2683754
NW-88003532,3.1389914,0.86952573
NW-88002877,9.875523,3.7236166
SO-RSN2193,5.2045116,2.3918986
AN-BRIN070C,7.2332034,0.32233715
MD-RSN0826,9.972397,2.3210242
SO-G0004067,8.899826,0.44929382
SW-RSN0541,4.5206866,-0.32465616
SO-Y0004522,6.921581,5.1030416
NW-88023955,6.8782377,2.9365883
NW-RSN1944,2.6203928,0.35867226
SO-F0002916,4.6205387,2.6054897
AN-BEL050,8.636418,0.10955888
AN-06M04,10.049456,1.2944167
SW-RSN1803,3.56033,3.497617
NW-88003539,2.2973654,1.5028203
NE-RSN0080,-0.13332544,2.6698072
SW-60600133,7.4147935,3.9767764
NE-49301842,10.379391,3.0929823
MD-08101500,6.49103,1.3519154
SW-RSN1253,7.9878263,1.2634846
SO-E0001727,11.513225,3.8702362
SW-Z1012401,7.580156,0.3493002
NW-88005586,0.36743128,4.2830663
SW-E7070900,6.219014,1.0607704
SW-RSN1733,6.7850595,0.16284022
NE-RSN1288,7.617456,4.884479
NW-88006338,3.8274798,0.99306124
SW-73080902,1.8772413,2.9309726
MD-13089600,6.186471,2.76854
AN-DEB089,7.504542,4.232991
AN-19M14,10.168445,3.2213643
MD-10930240,7.2124624,2.0561993
NW-88002882,3.5376463,1.7152028
MD-30219160,9.016848,3.641947
SW-RSN1846,6.0852985,1.5421994
AN-WEN250,7.7737603,1.8529282
SW-91221749,0.7959589,3.2536998
NE-49305347,5.7947793,-0.24666514
SO-E0001599,10.466753,3.0900226
NE-49301762,5.198101,2.614667
SO-Y0004510,6.913951,0.008629636
SW-70220164,5.1339173,2.482228
AN-GBR080R,7.279929,-1.6048682
NW-88003548,1.650433,0.55795926
SW-E7080600,6.0621066,1.0341247
MD-61672300,5.4815884,2.2399726
SO-E0001547,5.075534,4.5151973
SW-RSN1890,6.0184565,1.382901
SW-A1260117,6.7874756,-0.48885772
MD-37574230,7.669273,-1.5016782
MD-37423570,8.57557,-0.29269376
AN-WAV085,8.923779,2.061574
SW-70630602,4.248049,1.0010762
SW-82513924,4.094079,3.0653045
SW-60250549,6.554438,0.83995
TH-PCHR0111,10.487933,1.4292358
SW-72930805,2.201386,4.186432
NW-88022596,9.558997,1.9766665
MD-59963150,9.801731,0.6846913
SO-F0017469,9.574106,3.7782917
MD-SSN1311,10.76816,1.5672978
SW-82310704,2.9511378,4.8904366
SW-E3111000,8.383729,3.049974
SW-Z8480239,9.880452,1.4568164
NW-88003990,3.0910556,0.27984333
SO-RSN2153,10.354741,2.284932
TH-PKER0041,8.621292,0.8804034
AN-WILL025S,11.364166,1.953775
TH-PGUR0007,10.780528,1.5355048
NW-88003968,1.5494251,0.17318785
AN-RSN2228,7.4945917,-0.9305599
AN-CTCHWTRD,7.4557204,-0.5361652
AN-22M02,9.82549,1.3110236
TH-PWER0016,4.9632463,3.9577537
TH-RSN1133,10.743115,1.4981558
SW-81610411,1.4700261,4.285751
NW-88006192,2.347258,0.35845295
SO-F0017503,4.4462013,4.36295
AN-SSN1461,7.673074,4.2777724
NE-49500614,1.9219581,2.7557433
AN-53M03,7.460345,3.915953
NW-RSN0232,5.795269,1.5545005
NW-RSN2191,8.076218,5.415149
AN-35M02,10.116914,2.6952887
AN-12M20,7.9605994,-0.2875857
TH-PLDR0012,9.088102,3.6080022
MD-RSN0406,9.608433,1.9468182
NE-49400744,1.4927133,-0.042546943
SW-Z9420101,10.491132,2.4792683
NW-88000749,8.287956,3.552733
AN-CA0354,9.196259,1.7781932
NW-88005250,2.2551537,0.087190755
NW-88004590,0.78706104,3.2670612
SW-81020118,2.2015514,4.1870437
SO-F0017663,6.709786,4.2019973
AN-PITS020P,5.3677416,2.7900834
SO-E0007341,5.018525,4.7193675
NW-88024659,0.571404,0.4428631
NW-RSN0207,0.23939568,0.4234201
AN-SSN1283,9.025654,4.011431
AN-RSN2046,8.463635,-0.9333564
NE-49400999,1.6691157,0.4141838
SW-73031091,1.6001484,4.1686044
MD-RSN1055,4.679164,2.051632
MD-42485620,10.080855,1.397224
AN-23M09,6.9997807,3.9123876
MD-RSN2070,9.688876,4.09712
MD-36749220,9.19606,1.956031
NW-88000899,8.320726,5.187096
NW-RSN1732,2.5356207,1.391667
MD-37525265,10.811044,1.8399402
AN-BAINGSTA,8.528983,-0.11323039
AN-CARDKNOC,10.5393505,1.3094339
SO-E0000912,9.860893,3.046394
NW-88003079,0.26018068,0.8267
NW-88024608,6.8696256,3.8282092
SW-50210456,7.7906322,0.06274344
AN-BL03,9.550856,0.32787788
SW-82210940,2.3780227,4.824013
MD-10948020,8.935158,0.4112567
AN-TAS084,7.978493,1.3583487
NW-88025767,1.9905446,3.839303
NE-49300215,5.0830054,2.4598756
MD-RSN1990,7.1978354,3.317279
NE-RSN0432,8.397602,1.0812744
NW-88005005,-0.58330953,5.148446
SO-E0017064,4.601514,3.9762254
MD-02898060,8.108744,3.1630802
SW-82540124,3.4418411,3.412701
TH-PLER0146,10.084934,2.4425988
MD-RSN2235,8.957513,-0.39147365
TH-PKER0339,8.84787,0.3763251
NW-88022686,10.344569,3.2455733
MD-51524600,4.94654,-0.6494873
AN-RSN1737,4.4438977,1.6550378
NW-RSN2068,9.615874,1.9891196
NE-41000447,7.597108,-1.4558074
SW-70531653,6.22439,1.9562242
SW-81810304,2.3741918,5.294299
SW-82512228,4.363019,2.0214944
NW-88023724,1.6615483,0.99935645
SW-70240209,4.4391174,2.619143
SW-50270104,7.889046,0.3044569
SW-E4005600,7.439487,1.9478794
AN-DEB133,10.759722,0.47453395
MD-04132450,5.649945,0.5308526
SW-E4360600,6.7272263,0.99055123
TH-PUTR0037,7.254649,0.3804581
SO-F0002496,9.8197775,2.0751326
SW-73050110,2.1869876,2.8580267
SW-RSN2158,0.6830257,5.4114556
AN-VERN010J,5.823303,0.9554647
MD-RSN0698,6.6886606,3.6041622
NW-RSN1980,1.053781,0.20603558
SO-SSN0183,4.262559,3.3132465
SW-RSN0163,3.3979578,3.9790494
NE-49301910,11.504008,3.8213575
NW-88005575,2.0617929,3.9805832
NE-49905067,7.381781,-1.3351148
NE-49200051,9.52181,-0.51581293
SW-SSN1404,7.405856,0.6850339
MD-50582300,3.22657,0.9970789
TH-PKER0150,7.8802967,2.5437257
MD-C0000077,2.0169475,1.1536813
AN-FRAM1,8.382956,5.345117
SO-G0006937,9.249774,4.7134123
AN-13M30,7.181462,2.9603324
MD-58952150,9.312952,4.7867765
MD-58473850,9.587085,1.2624016
NE-49905206,1.1383991,0.11739671
SW-50570251,6.8041887,0.042819697
MD-17362360,5.421236,0.006940737
SW-70811779,4.6372275,3.2887976
TH-PCHR0161,9.246161,1.9661658
SW-RSN0445,0.48477238,0.98369426
AN-WITHE,8.217883,0.91367036
MD-58650180,9.656659,1.5165583
TH-RSN0633,5.8151417,-0.44665334
SO-RSN0137,6.498779,5.181465
MD-62763742,5.699688,2.7561603
AN-58M09,8.81714,0.4864973
TH-PLER0061,10.862985,1.9042865
SW-RSN0963,3.2214143,4.193734
SW-E1008100,8.665042,1.7491808
NW-88006461,0.04836327,0.7070494
AN-30M22,9.343293,0.7387455
SW-60031319,8.426185,0.60432297
SW-RSN2219,0.61925536,3.662591
AN-TE0183,6.304019,3.213207
SW-SSN0016,6.1923475,2.9160533
MD-29578780,1.5975746,1.3982284
MD-40719020,9.2028475,2.2936306
MD-RSN0487,3.8476973,2.7221844
SW-73040242,2.1118681,2.449237
SW-82115063,2.896367,4.9570866
SW-91241146,3.7884526,3.3105066
TH-RSN0930,4.922338,1.6003737
SW-70570220,0.76786405,1.9370117
MD-13100020,6.8926444,2.7519479
MD-28049190,8.449539,-0.93094796
SW-82311935,2.5484629,4.9423165
NW-88021243,0.7984143,3.4104674
AN-ANT005,9.071367,2.8373141
SW-50281306,0.47785825,4.4065013
NE-49900035,5.712852,0.56001645
MD-RSN1718,4.273675,2.2948315
SW-E1001000,1.509721,2.5117235
NE-49905120,4.396506,0.024336854
NW-RSN1135,0.9443387,2.08753
SW-73070503,1.7309067,2.9815679
NW-88002109,1.4967349,1.2031662
TH-PMLR0034,5.24046,4.504213
NW-88003852,6.013046,2.5170004
NW-88002884,9.899201,3.5824583
NW-88002845,11.103713,1.8153769
NE-49600010,6.7241154,0.74298376
SO-E0007266,8.479223,5.6640873
NW-88005740,1.4264015,1.9038622
AN-SKIT2,9.958105,-0.14752752
SW-70813150,5.1630607,2.4818673
SW-E4281100,6.799339,3.0040371
NE-49705100,0.75829875,2.149889
SW-RSN1107,1.6453558,3.1500218
AN-BAT070,6.878201,1.6958983
MD-29272260,5.249813,2.559544
MD-46824230,9.389367,3.3558545
MD-48646900,6.2811675,-0.38472697
MD-51703080,5.3254056,0.6050183
MD-RSN0532,8.6475935,1.763073
AN-WAV05330,8.043858,-1.0135801
AN-NKILLMD2,7.6521664,3.572906
SO-SSN0651,1.9565718,2.438613
AN-36M10,9.895221,0.8032941
TH-RSN1629,8.36887,1.1143833
NW-RSN0056,8.536047,2.1720624
SW-70641868,2.1017263,4.2698636
NE-RSN1536,6.239476,0.32095334
NW-SSN1318,2.4120302,4.2473707
NW-88005872,0.4634745,0.43798974
AN-LEGSBCK1,7.8081236,-1.0601331
NW-RSN0027,3.3228118,3.1129072
SW-60270173,8.034637,2.7894506
AN-BT0169,9.727456,1.8060325
NW-88006264,1.5074904,0.814901
AN-WILS020S,7.416451,4.562748
AN-16M08,10.276105,3.6854806
NW-88001918,4.111983,1.3081305
SW-81520521,0.36696023,5.278351
NE-49900039,8.412844,2.4252648
AN-GWASKNOS,4.299972,0.61847484
MD-45217250,9.757579,2.7927978
MD-RSN1910,4.5962152,0.5679567
SW-81020165,0.9005418,4.363197
NW-88003183,5.3058314,2.0004807
AN-GWSH280R,8.043731,-0.46222764
AN-GREN050R,10.157069,2.1824484
NW-88023149,0.015112125,0.7941403
SO-G0004146,1.3679447,5.2020426
NE-49301427,9.265197,2.308503
MD-54520250,4.8234825,-0.42770818
SO-F0002044,6.851692,5.012855
SW-72933607,2.0608125,4.341508
NW-88022813,-0.0014677276,5.2465396
SW-70631802,1.7060947,4.2159038
MD-RSN0910B,8.962726,0.8851911
MD-11238400,6.9318156,1.8350651
NE-49105245,8.774749,3.2778966
SW-C0853500,7.298544,1.4177096
TH-PUTR0141,7.670389,1.6771351
TH-PCHR0013,7.9360156,1.8203776
AN-FODDZ4,5.8793077,0.95440334
NW-RSN0859,8.046785,5.1286583
NW-RSN1120,3.399137,1.8759543
MD-49698650,4.3476143,0.38270816
MD-48392200,6.792405,0.38733718
NW-88001877,2.3011928,1.1843309
MD-RSN1134,9.378226,2.0882847
TH-PCNR0004,7.7838593,1.6743687
MD-38367872,7.7970004,3.8823903
TH-PUTR0052,8.208796,2.6562796
AN-NCUT1,8.555483,-0.8096345
NW-88001910,2.425413,1.5175067
NW-88005688,0.5949292,1.4010714
NW-88022081,4.2220197,3.3035238
MD-43558100,6.264318,-0.74368954
MD-77589220,6.47895,1.2262712
MD-42767080,10.941692,2.2970564
MD-66133070,7.909242,4.4922633
AN-36M19,9.844441,2.4944863
MD-26955600,9.728995,0.7913388
TH-PRTS0044,8.367413,5.674112
NE-49400577,2.4049947,0.09346211
NE-49302240,6.4460936,3.7977905
NE-49000785,7.275664,-0.8449676
AN-27M23,8.637646,0.6484999
SW-RSN1701,7.1573086,0.7158043
AN-ANT097,7.1081214,4.098274
NW-RSN0651,-0.12648197,5.268709
NW-88006563,0.1990012,0.38748997
NW-88025759,0.19449627,0.41535452
NE-SSN0725,9.763285,0.29663578
MD-59002450,10.292448,2.7187905
SW-82710620,1.8339458,3.982475
SW-81940190,2.4257777,4.488331
MD-23349950,8.180077,0.7199611
SW-70531166,4.8897586,1.9962896
NW-88024660,4.6761494,3.2485032
SW-RSN2123,1.0962839,3.6925592
MD-11559060,11.077165,1.8336854
SW-82520904,2.3876483,4.9307356
NW-88022901,0.44926628,5.181641
SO-E0001617,4.238485,4.3542795
TH-PCHR0095,6.261489,2.0240014
NW-88022366,0.16307205,4.56303
NW-88000695,6.731106,2.9089262
MD-23416260,5.1742325,2.315963
AN-02M07,4.5085564,1.2275333
SW-81931009,1.6975029,5.4333267
AN-RSN0292,8.874543,0.24275832
SW-81810620,3.063836,4.6005697
NW-SSN1330,2.9254646,-0.012413849
AN-TIF080,7.2754064,3.2444513
SW-E2270405,6.362217,0.594379
SO-E0000150,6.944042,1.8318112
MD-RSN0228,10.310448,-0.07391694
SW-70231410,7.405716,0.0541549
SO-G0006969,8.321736,0.16192286
NE-RSN0592,0.80399483,3.1179767
MD-26271500,0.19464955,0.43052182
SW-60140350,4.5564237,0.6290792
SW-RSN0195,2.330176,4.7349973
AN-TIPS0881,9.455819,-0.15868008
TH-RSN0477,8.137523,2.8929827
TH-PRGR0005,11.323356,3.5973067
SO-RSN0525,4.093708,4.0142117
MD-83652843,0.39740813,1.7310274
NW-88022523,6.526403,4.387476
SW-70721716,5.435018,2.0373566
NW-88002461,10.498196,2.3730009
AN-WHIL100W,10.084174,1.1981882
NW-88005563,-0.19520643,2.5254931
MD-51729450,5.1041083,-0.69934267
NE-49500601,2.7167532,2.8818967
NE-RSN0740,2.3403873,3.518121
MD-RSN1975,4.5829315,1.8091809
SO-RSN0345,6.9233937,1.5584632
AN-29M10,9.621603,1.6484842
MD-51704300,4.696916,-0.41993156
AN-RSN0084,9.08883,1.1247625
NW-88006268,2.348377,1.0639812
NE-41000412,7.957516,-0.90529555
AN-HOBD7,6.4663873,1.4123123
MD-50166,7.981737,-0.13025932
SW-RSN2131,3.194156,3.2922273
AN-ST0604,8.060818,0.54009044
MD-49692250,4.6372275,0.9275844
NW-88006220,3.05639,-0.048852447
TH-RSN0546,7.691826,1.4008015
SW-50320510,7.681374,2.979126
MD-38703250,8.038345,-1.322239
MD-78894100,4.399314,1.527371
SO-RSN0153,5.7910624,1.0852274
NW-88023161,1.8625585,0.81587213
AN-ANCO3,8.647603,-0.9318719
TH-PLDR0034,7.6059527,2.1774902
NE-SSN0513,8.463733,5.6606593
MD-00034302,4.669479,3.3073838
MD-02850300,6.9107184,1.4104177
NW-88023302,7.415824,4.509999
MD-23528300,10.471847,3.1594074
NW-88003418,1.8415742,1.8069078
SO-E0000951,4.228891,3.94536
AN-GIP210,8.209985,2.0699184
MD-04809770,6.155081,0.608018
NE-SSN0129,10.568653,0.5989872
TH-PLDR0028,9.160368,1.0257823
AN-RR0346,8.849522,2.5092373
AN-RSN0481,8.574802,-0.36129484
AN-JORD090M,6.534809,0.84920913
AN-RSN2161,7.70833,4.2045774
TH-PTAR0052,7.402358,-0.14204791
MD-59397650,10.487048,3.6030483
SW-72940109,0.9571639,2.2469764
SW-81611085,0.85471916,5.3021183
NE-RSN2260,5.9338436,0.37900478
SW-81290128,2.1389303,4.310988
SW-RSN1067,1.9463773,4.587101
SW-SSN0048,1.100056,3.7720056
AN-FYN070,9.483989,1.5946909
TH-PCHR0270,8.255518,-1.0659217
NE-49800253,0.38699827,0.33700755
NE-49301061,9.578603,0.39196253
TH-PWYR0012,7.3335605,1.0411654
NE-49500612,0.9551228,2.3524277
AN-EYEB100S,5.9651666,0.44251496
SW-RSN1163,-0.60443604,5.130772
MD-48704100,5.986174,0.44677663
SO-F0002283,3.5432851,4.1496444
TH-RSN1250,6.112551,1.0000032
TH-PMLR0027,11.19038,2.2642462
NE-49600031,8.953758,2.6768222
TH-PCHR0156,7.421357,3.5158048
MD-H0000090,3.5442615,0.323333
NE-RSN1924,1.9475601,1.012322
SW-70920802,4.100179,3.1203573
NE-49302005,2.7658842,1.134831
AN-05M16,6.6518655,4.187864
SW-70501029,4.1819844,4.009146
MD-SSN1308,6.806132,2.995439
AN-48M15,9.648899,2.9441671
MD-60967300,10.779442,2.8542764
NE-49400597,2.7609434,-0.17844865
SO-RSN0181,6.771624,4.8450594
MD-10185000,6.174192,2.6719956
TH-RSN1897,9.084352,1.5905259
SW-60270770,10.229895,2.4261334
AN-BL04,10.201291,1.4542325
SW-SSN0736,2.3832688,4.580396
NW-88002256,0.42606086,2.7125905
TH-PWRR0037,6.623189,2.2727787
SW-82410708,2.5631866,4.7981725
NE-SSN0001,8.119249,5.147485
SW-70725203,0.088759355,4.6131496
SW-72937207,1.7753502,3.6883504
NW-RSN0892,-0.16121528,3.0194192
NW-88023337,7.557384,5.077954
MD-SSN0092,6.5900965,1.4067807
NE-49300669,5.94035,1.6082718
SO-E0007305,6.9909506,4.913697
NW-RSN2004,1.6376158,1.6279916
NW-88005833,4.4443974,1.8369113
MD-RSN1546,7.703185,-0.31919047
NW-88023721,4.4397097,1.7108845
MD-04831840,9.518139,1.2363658
SW-82410285,11.291684,3.688116
TH-PTHR0111,8.014925,1.2870469
SW-RSN1151,4.8300776,2.430554
MD-47230150,6.201055,0.74205774
AN-MIDDLMSH,7.0616956,3.3618286
MD-54926020,7.006206,-0.42369425
TH-PEVR0010,8.345066,2.3075733
NW-88023146,0.17571868,0.5448655
NW-88005695,4.1549993,-0.23587044
TH-RSN1570,6.8231983,0.75029546
SO-E0007344,0.6459617,1.997009
MD-RSN0712,1.7878859,1.378031
NW-88023234,1.3936048,0.50353163
AN-ANT130,7.513663,4.7778
AN-CHK020,8.848698,-0.90350294
SW-E2031700,6.9234276,-1.1007792
SO-RSN1001,7.7070656,0.20795076
SO-G0003796,8.002181,-0.18454596
MD-23315520,10.475688,2.134316
AN-27M09,9.460989,1.129233
SW-Z2050102,6.5921702,2.448962
AN-TE01,9.733637,0.44122577
AN-RSN1638,9.380828,0.57312113
SW-RSN2187,2.494245,3.967878
AN-NHMD1,7.649447,3.5030854
MD-70261360,8.752376,3.632059
AN-DT0125,8.544351,5.263206
NE-49603064,5.4086294,-0.76464164
MD-00771100,4.453026,0.78565216
AN-59M06,7.2913675,4.000183
MD-13625300,2.6423512,1.6854815
NE-49400828,1.6660593,0.5204714
SW-60140327,6.021775,0.28960314
SO-G0004095,8.703944,0.006189759
NE-49000397,7.274781,-0.78334355
SW-RSN0243,3.6902742,3.4929922
SW-Z4170102,7.022957,-0.076093726
MD-26272000,3.8740826,2.2358167
MD-54523050,1.7862382,0.66313463
AN-CARRDYK,9.796533,3.195295
MD-58809980,7.790255,1.2036912
MD-50582630,3.535512,1.2192813
MD-43534740,11.078574,3.85981
NW-88025897,5.114907,4.4718328
NW-RSN0860,0.9600792,3.5180223
MD-C0000050,6.4244437,1.3654846
SO-RSN1649,5.1271772,2.779138
MD-29272960,5.4882684,2.7885935
SW-E1273100,7.1267524,-0.6492911
NW-88006190,3.5381598,-0.37852094
SW-81271202,1.4286456,3.622802
SW-81271526,2.5675173,4.6211667
NW-88005126,1.6087978,4.099502
NW-88024205,0.95603615,3.9467013
AN-BEL030,8.716087,-0.17834625
AN-ST0173,10.097019,3.4224215
TH-PEVR0013,7.541086,0.35453764
NW-88025747,8.205832,5.646046
NW-RSN1731,5.1183906,2.5396643
TH-RSN0761,8.336244,0.59440047
AN-LTH020,8.06837,5.163778
NE-SSN0401,7.9625044,4.4412365
SW-70220505,3.5022733,2.007006
NE-49600152,2.7303207,1.4219575
SW-70550265,1.7650852,3.8167748
MD-58809550,6.961288,0.87677085
AN-MUN040,7.818885,0.33927965
SO-G0003792,8.269613,-0.77732867
NE-SSN0117,-0.004183424,1.5180945
SW-82010208,2.8791437,5.123739
NW-88025745,8.111622,5.6194925
SW-81930284,0.9447505,5.3389125
SW-82611160,2.206847,4.1150665
SW-73210209,0.4338179,1.7028263
SW-70571902,0.94072205,1.9675703
MD-23538090,6.2797904,-0.5308019
NE-RSN0440,2.3560433,0.08505668
SW-82010152,1.9386032,5.3814926
MD-55725750,4.906805,1.3321517
MD-23526180,10.644256,1.8020312
TH-RSN1993,10.666305,1.1358728
SO-F0017617,0.82354504,2.6771472
SW-70571003,1.9173516,2.9682903
NW-88005603,2.9591465,4.6620927
NW-88000795,10.358924,1.3949479
AN-25M01,8.793135,2.1400225
MD-09837420,8.012935,2.3286543
TH-RSN1641,4.124987,0.76825434
SW-82220505,2.1289654,5.4372272
MD-42167850,8.841241,2.0196385
NE-49301416,3.6938078,0.15547638
MD-51774050,5.0099244,-0.6655947
NE-SSN1365,9.366167,3.0856678
SW-81310201,2.8477702,4.503197
TH-PTHR0076,8.780157,1.6665245
SO-F0002678,4.269825,4.1413975
TH-PTHR0043,10.624857,2.1846104
SW-RSN2069,5.9656143,2.5202162
SO-F0002928,4.635416,2.9094458
MD-44307140,10.887512,3.9071364
SW-82513925,3.6726756,2.9310458
TH-RSN1674,7.114678,-1.6246996
NW-88005550,0.91572386,2.0199122
SW-73020163,2.0231216,2.9271762
SW-82710176,3.2271917,3.7406723
SW-SSN1480,0.6396403,5.5920343
MD-09563180,7.4833198,-0.7809561
AN-ANT060,6.3205676,2.6528187
MD-37499950,9.547865,4.123927
AN-STONEPIT,5.8839273,-0.791064
TH-PTAR0021,10.122596,2.5178223
MD-26949580,9.797135,1.4494504
MD-55566100,6.1488605,1.1864629
TH-PRTS0057,7.908587,-0.089269355
SW-72923004,0.79559606,2.2584069
NE-49400332,2.8694723,1.0299159
AN-SSN1297,8.635892,5.085658
MD-44071000,7.8295593,-1.0311697
MD-51702850,4.6583004,-0.5400659
AN-RSN0449,6.5873666,-0.044657096
MD-66332150,10.255357,2.7948873
NW-RSN0200,2.1357472,0.9947635
AN-50M03,8.648193,1.4004023
SW-E3010200,4.271766,-0.23045677
SO-E0001373,8.107462,0.7016639
AN-WAIB3,8.104342,1.3629332
MD-RSN0548,9.243449,1.1648402
AN-INGM1,6.832962,2.976129
AN-WILN010R,7.8244934,2.5468442
MD-59016020,8.979771,3.3673215
MD-10863900,8.809003,0.262358
NE-RSN0696,2.4938293,0.11228857
AN-BT0218,8.713128,1.8703455
AN-RA1050,8.618738,-1.156733
AN-HOLR180S,7.712622,3.5887709
MD-RSN2098,4.3984995,1.2792176
MD-67472050,5.3515153,1.7297785
SW-50310813,5.331524,3.0675235
SW-A1260103,7.0037503,-0.40166995
SO-E0001427,7.8061543,1.2569556
MD-55004380,7.87154,-0.6362575
MD-54364350,6.8560867,3.7246423
SW-RSN1530,5.816813,0.47034413
MD-RSN1654,6.2906594,3.1620612
AN-ST0942,8.095197,0.27513456
AN-WITHD,9.700011,1.1306137
SW-72910723,3.8160527,3.312601
TH-PCRR0025,6.821391,3.1381674
MD-40634750,8.651969,1.5893342
MD-70256300,9.24413,2.7180064
MD-65901350,8.374054,5.6996746
AN-RSN1518,7.5674224,1.7711512
NE-49000383,1.0150746,1.1988972
AN-RSN0340,7.8996744,-0.46415016
AN-WAIB050T,9.088474,0.38742152
SW-81231166,1.3144927,4.7557015
SW-A3230150,6.9397016,1.5533229
TH-PCHR0163,8.020057,5.1660194
MD-38367063,7.705543,3.902234
AN-RSN0990,10.242617,1.8484446
AN-RSN0869,6.8491116,2.6120558
NE-RSN0952,2.7095494,0.42640102
AN-KNUS100A,9.195382,1.0572401
NE-49700244,2.326146,0.16811089
SW-RSN1723,2.7523792,2.3161645
AN-WITHK,9.563036,0.4661732
MD-39370000,9.8193655,1.7268987
MD-08024730,6.974089,3.8812423
NE-49400616,1.689413,0.34538615
NW-SSN0646,0.44107205,4.4872813
NW-SSN0493,1.5949726,1.6345652
SW-70921002,3.6207519,3.3662958
SW-81232403,1.1566045,3.8550982
MD-02403160,8.532022,2.1908667
MD-51706250,2.5549085,0.6104736
NW-88005897,7.753434,5.3832884
SW-RSN1235,1.3802214,4.0194454
MD-RSN0934,6.908204,2.02517
NE-49000184,8.699279,1.863402
SW-72931847,2.40336,4.4239645
NW-88001242,9.565858,3.788337
NW-88000834,5.523532,1.9708608
AN-WD0871,9.10339,4.3805065
NW-88001951,0.54412127,2.7559767
NE-49301372,10.920343,3.6061544
NW-88002170,2.3353188,1.3527796
TH-PKER0089,9.09628,0.06292552
TH-SSN0007,6.066241,-0.74687386
MD-63377050,5.863462,0.81154644
AN-RSN2089,8.509422,1.3585209
TH-PMLR0014,10.358385,2.992043
AN-SANDBCK1,9.125014,1.8577862
SW-Z9420103,7.5461736,1.6212691
MD-12777080,7.3184247,2.1311512
NE-49100398,7.5916452,-1.0379347
NE-49600471,0.1522775,1.8971852
MD-C0000069,8.746309,3.6541657
SW-70810124,6.060679,4.9370513
AN-RSN0606,7.1967306,-1.4122589
AN-CH0655,8.719732,0.0176165
AN-GLEN770L,8.786752,1.7603052
MD-SSN1441,0.8249808,2.8240364
MD-12179700,8.31768,1.2931236
NE-49100351,2.4466848,0.2999812
MD-67015100,7.5554028,-0.0027940497
AN-RSN0478,8.450227,-0.87869155
NW-88023151,0.66423637,2.8493123
MD-RSN2310,7.341257,0.8499033
NW-88005569,0.4112927,1.2000697
NW-88023767,2.6332893,0.827482
AN-MOWBCK,9.940034,1.6782829
MD-46591030,7.116578,2.6093497
AN-CH0860,8.873866,1.8889515
MD-SSN1512,7.233269,-0.045376133
AN-23M05,7.9778347,0.998724
SO-G0006981,0.7033139,5.60365
SO-Y0004528,7.6841636,3.566302
MD-RSN0138,2.3730907,2.752855
AN-MORTNTLN,6.8033724,-0.979828
AN-RSN2356,9.528591,1.197731
NW-88005585,-0.05329473,2.1816208
AN-HARDWCK,6.9730673,-1.5033375
SW-70422007,3.6563444,2.0623615
NE-49700246,2.2708902,0.08528239
NE-RSN1140,2.883306,0.3737102
NE-49905060,2.669882,0.076635785
AN-GIP010,8.407751,2.9999526
AN-BT0146,7.4008775,-0.003807496
MD-03883020,6.520545,2.9721181
SO-F0002509,4.471787,3.6668653
AN-RSN1900,9.439679,-0.79075295
SO-RSN1613,1.6875643,2.7711444
NE-49300352,2.377702,0.5804667
SW-50230245,7.4004893,-0.43259984
SO-E0000770,11.260875,2.0944378
TH-PLER0005,8.317148,1.0747224
NW-RSN0203,-0.5297995,5.057333
SO-F0017660,8.25838,5.730201
SW-81250239,2.1258605,4.2760754
AN-RH01,11.354571,3.6150568
SW-RSN0766,0.4480299,4.356546
AN-56M10,8.826742,1.6916852
TH-PRGR0038,9.330951,2.352413
AN-RSN0657,8.071267,-1.1893941
MD-51707300,1.5760001,3.4381
AN-RSN1158,4.98294,0.23194274
SO-SSN1419,1.1359493,5.1830764
MD-RSN0126,8.296148,1.7253561
NE-49100296,8.3623,-0.5737628
SO-E0000645,11.20072,2.0461915
SW-60010149,7.865602,0.7810834
AN-BRAM120B,7.208476,0.6599728
TH-PRTS0045,8.029311,0.18649492
SW-82010187,0.7453725,5.464067
NE-49900208,9.68119,3.0439422
SW-60032109,8.17204,0.07217514
NE-RSN0716,1.4121654,1.5372362
TH-PCNR0014,10.752653,2.4742587
SO-RSN1205,8.20738,-0.122445025
AN-48M48,7.1660695,4.5603237
NE-49600082,5.2790556,-0.40394866
NE-49300795,7.1025414,-1.5439357
AN-RSN0005,9.932759,2.3882732
AN-RSN1754,6.0819645,-0.68351126
SW-70720878,3.2430892,1.7004596
MD-26644390,3.0969694,1.9993416
NE-RSN0864,9.678199,-0.4389967
TH-PCNR0100,9.34857,1.3109839
SW-60030277,7.095843,1.1871929
NE-49700272,4.4322414,1.84397
MD-40898020,10.227531,1.1175025
SW-RSN1227,3.5489721,3.19415
SW-81261402,1.4406943,3.4156768
SW-81010238,4.325254,2.7515688
SW-A3190210,6.3146787,1.3343656
SO-E0000511,10.193327,1.2657293
NW-88024655,2.462825,0.31892332
SW-91221170,1.7977564,4.15255
TH-PWER0008,5.1588154,4.5984826
NE-49301415,10.467251,3.25137
NW-88025723,3.9433644,1.0094713
MD-26948480,9.530124,1.7653465
AN-04M02,7.046616,-0.7533008
SO-RSN1889,5.7688985,4.306652
NE-RSN0088,1.8947533,1.9702704
TH-PLER0010,7.4458485,2.450729
MD-46266780,7.795097,0.25192243
AN-GLEN500K,7.4045186,0.4068269
NW-RSN0863,3.6683233,2.2123945
AN-RSN2342,6.2658005,2.0135477
SW-82312355,8.628017,4.1163874
SW-RSN0519,9.130261,1.8635182
MD-03959170,7.224736,4.550914
NE-49705096,2.5286446,0.002468159
SW-70501419,8.788954,0.47889593
NW-88025768,3.3364944,3.3048966
AN-YAR234,8.666624,4.2134266
NW-88024182,9.363604,1.6180967
MD-10928150,7.2603254,0.7530085
MD-11238450,8.578518,-0.38044694
AN-04M01,7.0062413,-0.5704799
SW-RSN0083,1.2425307,5.00463
NW-88001908,1.9303427,1.4835637
NW-SSN1458,0.14713095,0.5390675
NW-88025799,2.3101878,4.5035186
AN-14M07,10.878387,1.3174326
NE-49000497,1.3532395,2.379202
SO-F0017618,1.5721247,4.272605
SW-RSN0067,1.9629238,4.939572
SW-E8400500,6.8348985,3.0366957
SW-A1310207,7.8166075,0.14260113
AN-TAS028,7.0643854,3.1401112
MD-19235250,1.7211751,3.372513
MD-RSN2195,8.65582,3.3403938
NW-88002198,1.1930734,0.39335546
SW-91210355,1.7135202,4.6274366
MD-RSN0904,0.6692241,4.582665
SO-F0002783,9.262415,2.7332404
NE-49500639,0.9000951,2.1784809
MD-09882040,8.745348,0.13058372
NE-49800233,0.024471054,0.8727261
AN-ANT007,8.7259655,2.4514022
SO-F0002108,10.064274,2.6441007
AN-CHAT175R,6.802213,-0.029792828
NE-49603071,0.93844754,3.6138113
NE-49800058,1.3581228,0.71988076
NE-49100139,1.5775529,0.06908764
MD-30696500,3.8653955,1.5997361
NW-88000611,9.388718,2.6841848
SW-70711240,3.2211137,2.8155174
SW-SSN0116,5.324574,1.7374576
AN-BARE1,9.514522,-0.44858104
SO-RSN0857,6.6580124,4.087815
MD-54421300,7.71591,1.0171158
MD-RSN0454,10.459943,1.6878351
TH-PKER0025,7.580564,1.5143259
NE-49105183,6.157724,1.4563955
AN-CVF19,9.582975,1.12479
AN-LUDO5,9.447237,-0.38522118
MD-42172430,5.1208196,2.0828946
AN-34M31,10.38194,2.1867445
SW-82611375,2.1907818,2.9031105
SW-91211328,2.1913471,4.6727557
NE-49505156,1.1896135,2.18009
AN-TAS070,7.666781,1.561067
SW-E1273600,7.1138496,-0.5959356
NE-49302045,9.765764,2.01084
AN-BURTONBR,9.339995,0.06463669
MD-49258050,10.449996,1.3325104
NE-RSN0176,5.2087274,2.4316568
SO-G0003969,4.2548513,4.1563625
AN-FALBKDRN,7.9556537,-0.9552297
MD-11563460,5.951679,2.2236571
AN-33M25,9.241912,3.6719832
NE-49600121,9.085409,-1.0046043
MD-RSN1788,9.052214,1.0524175
MD-50913020,9.8072815,3.2798522
AN-LEAU1,8.855274,-0.94075227
MD-58898040,3.9186075,0.92561936
SO-SSN0734,5.0976663,4.3475423
SW-91241193,2.285543,5.3885064
AN-USROPLEY,5.8646445,0.48575172
NW-88003573,4.5609245,1.1419319
AN-WELL450I,6.1709566,0.8951835
MD-61326180,8.770667,3.9347289
NW-88000658,8.647389,1.9422953
AN-TAS082,7.834445,1.0444038
NW-88000674,5.691296,0.4022148
MD-59392220,9.71235,1.2404976
SO-G0006418,7.5722976,5.0556164
MD-RSN0102,7.6561723,0.46489212
MD-RSN1666,9.428456,0.8796387
MD-38701130,10.723932,1.4288006
NW-88024126,-0.23864351,2.6929677
MD-58472580,7.6772966,1.8048147
NW-RSN0875,1.55921,1.632731
SW-RSN0323,3.136548,4.0334697
AN-UPPB020B,11.365917,3.7404847
SW-81221550,3.301421,3.9085417
NW-88002299,3.5541906,3.4124308
AN-OFLEETSL,8.549199,4.5288634
NW-88003449,1.2701875,1.9250923
SW-70711753,3.5233152,3.6842082
SW-50540127,6.905315,0.23081337
MD-46247300,9.767512,1.3482844
SW-82311954,2.0102122,5.205521
NE-49100426,4.89984,3.0910363
TH-PCHR0158,10.657766,2.786941
SO-F0017601,4.3393183,4.178078
AN-WOLD7,8.991875,2.6714804
NW-88002879,8.687128,2.6870725
NW-88003424,4.918979,1.8875711
MD-27836280,8.2105465,5.3701234
SW-70220159,4.8316627,1.3186234
NW-88003447,2.058038,0.017784841
NE-49500546,1.9501218,2.324098
NW-88002850,5.432067,2.9242883
TH-PLER0140,6.314895,2.1438644
AN-08M04,9.665832,1.9547135
MD-RSN0198,9.185013,1.9593105
NE-49105176,2.901523,0.09663634
NE-49301780,2.4206676,2.0293643
SW-60060005,7.0066814,3.2982788
MD-RSN2092,7.908715,1.8591348
SO-F0017479,6.8563337,3.2557771
NE-49400851,6.894131,3.868502
SW-70810160,3.3337917,3.9248917
SW-E8100400,6.792985,3.7139683
NE-49705090,7.7283993,0.95887417
MD-09835950,7.41256,1.1224829
NW-88002208,1.7692478,2.4221296
SW-RSN0845,9.432323,1.6232786
SO-F0017613,8.589777,5.2631173
NE-49500388,0.1507148,1.1809382
SW-50281106,1.6404818,2.6406593
SW-82528154,1.0862349,3.9264853
NW-RSN2060,-0.036317404,5.064518
NE-49300239,6.918522,-1.5371072
SW-81261458,2.0107489,4.0372963
MD-RSN1564,5.6311316,2.965251
MD-RSN0806,10.396648,2.224952
SW-50240116,8.253508,0.26702473
NW-88005056,0.41974312,4.4537272
NE-49301603,2.3901372,2.1607068
MD-06363050,8.758532,2.6962116
AN-WAV016,7.911182,2.6556945
MD-RSN0942,6.205994,0.62805724
NE-SSN0209,8.909153,4.110146
SW-RSN1011,2.3401296,4.36457
NW-88003153,5.473264,1.6787003
NE-49100079,9.822939,2.4328773
NE-49305361,11.563181,3.9085703
NW-88006340,5.5872145,2.9897778
MD-RSN0382,4.842606,1.2776779
TH-PTAR0036,6.1002593,0.29181308
MD-29476200,2.146383,1.9650043
SW-81231150,0.82533526,4.0810237
NW-88005670,-0.088511415,3.0337672
MD-RSN0730,6.5789948,0.1683987
SW-70722902,0.4355365,1.8893416
NW-RSN0732,2.446139,0.7850281
AN-RH0104,7.2090034,1.3989393
MD-77937100,5.6592255,0.5954032
TH-PWER0023,9.291952,1.2128409
NE-RSN1656,5.6747284,-0.72349465
NW-88005065,0.4653714,5.19007
NE-49905197,2.3103602,0.54691076
NE-49900188,4.6276193,1.344521
MD-RSN1942,8.974091,2.5755591
SO-RSN1137,4.451595,1.328218
SO-E0007111,9.970515,0.95778316
SW-50330730,7.5481415,5.020077
SW-72943002,-0.12587297,2.7153432
NE-49301799,1.0590256,3.3471158
SW-60030705,7.8459516,4.843756
MD-04767100,9.569866,1.1319017
SO-E0000582,10.738225,1.8204457
SW-E8300710,6.3384633,0.28290862
AN-ST08,8.282155,1.3822807
MD-37525450,10.701763,2.005534
AN-RISE200P,7.235466,1.6719866
SW-72937110,2.091729,4.3405476
SW-A2280120,7.0881195,-0.44782683
AN-WAV027,7.9750934,4.741535
SW-Z8480201,7.9158483,-0.09189339
MD-03696620,7.6574516,1.7656852
NW-88000632,8.825082,2.289906
MD-49695250,4.6749334,0.772336
NE-49100433,7.9581923,-0.51141566
NW-88005620,-0.15142106,2.7264268
AN-52M22,7.2859535,4.242416
NW-88023156,3.4701939,1.3905948
NW-88015559,1.8101201,1.87726
SW-70633611,1.3710035,3.2990327
NE-49400247,8.054462,-1.4641423
NE-49700186,3.789613,1.1656011
SW-72931319,1.3401508,2.8699825
NE-RSN2064,8.260034,2.8728426
SW-82521205,2.2865667,5.032594
MD-72770190,7.568268,1.9709394
SW-70642141,0.33801004,3.2243793
MD-RSN0774,4.851491,2.6377003
TH-PCHR0164,11.406154,3.8771985
AN-TE0130,10.302352,1.1536136
AN-56M35,8.299553,2.5451574
NW-88003451,1.1826621,0.7726231
NW-SSN1490,4.897472,-0.3335816
MD-61471430,10.14485,1.6934675
MD-46554260,8.031696,1.5187697
NE-49800018,1.633203,3.5032988
NW-88005121,0.5242735,2.9577463
NW-RSN2192,3.0127115,0.5037468
SO-E0001485,10.1093025,3.9023473
MD-42252020,9.476958,0.15751235
SO-RSN1581,4.6913395,3.0755537
TH-PUTR0036,7.4843426,1.3249124
NW-88003080,2.0320976,3.9171808
NW-RSN1283,3.0740416,1.8277204
SW-91261128,3.1591294,3.5771675
SO-SSN1383,1.628565,5.012039
SW-RSN1679,-0.54490834,5.108954
SO-E0001255,10.177435,1.17136
AN-TAS054,10.747867,1.7346123
SO-RSN1077,11.400123,1.9846296
MD-59393340,10.5610695,1.6937252
SW-81201106,2.0264149,4.385788
NW-88003107,4.80947,2.2112432
NW-88024654,2.4101665,0.91829395
MD-70257450,8.681935,2.474907
SW-70514615,7.764146,1.8710246
SW-70812861,5.2394414,2.6556363
MD-39322780,8.205074,0.57534933
MD-49704500,3.8653631,0.22913422
SO-E0000791,5.7128787,2.7710612
AN-POULTON,6.6264114,-0.27940023
NE-49500607,3.27879,2.5497007
NW-RSN1976,8.717726,4.51741
NW-88000900,8.307431,5.065585
NE-49305362,6.7674265,4.2823873
NE-49500397,0.22159135,0.36302927
MD-39323380,9.572778,0.85690635
NE-41000093,1.0870265,0.5877108
MD-38487025,8.711567,5.204351
AN-11M19,7.5720053,1.679089
NE-49405123,0.34342825,1.7643695
AN-HONIBECK,9.66203,0.54338294
SO-F0003359,8.327399,5.3567686
NW-88009772,8.291753,5.40974
AN-RSN1033,5.872315,2.5567126
NE-49600456,6.3222756,-0.51636064
SO-F0017633,7.6863866,4.8853617
AN-RSN0533,8.408344,-1.4658593
TH-RSN1746,6.891355,1.3711239
SO-E0001337,8.852635,3.6046834
SW-81950670,1.574567,5.306692
MD-54758250,5.0405097,2.4106343
MD-33279140,8.832549,1.9103836
NW-88006464,4.1604414,2.5625665
NE-49600463,9.014697,-0.78326494
AN-58M05,9.067408,0.48134804
TH-PRTS0063,8.091424,0.17185114
SO-E0004852,4.5769396,2.5971308
SW-91241149,2.517199,2.496353
AN-HD0117,9.702951,1.9475955
AN-RASEA,9.035141,-0.42303622
SW-72930857,2.4120111,4.3851137
AN-27M03,10.743579,2.8176339
SO-E0000642,4.46748,4.381795
SO-E0000854,7.045043,4.574357
TH-POCR0013,8.2329645,1.8598392
MD-29172180,6.7064323,2.9216597
SW-81610190,0.93453723,5.327582
SW-Z9380237,6.399066,-0.056627892
NE-49301141,7.3862143,1.7067976
SW-E3050600,11.130994,3.3693
TH-RSN1201,8.296457,0.20331632
MD-38482980,10.966661,1.7592201
SW-70531610,4.7336354,2.0454512
MD-RSN2206,3.5585275,3.7847817
AN-WHDR3,7.7011604,3.5807593
MD-40608020,9.4918,2.9448514
AN-NSEA150U,8.081381,-1.5738615
NW-88023163,2.1672952,0.917713
SW-91241113,2.7493994,3.4274015
AN-WD0180,8.189601,3.059645
SW-70240302,2.8189125,2.3387592
MD-RSN0434,4.6473637,0.5521178
TH-PKER0007,6.6453,2.6268208
TH-PLDR0145,7.5932455,5.5914116
SO-G0004242,4.410894,2.6122127
SW-70531014,4.851792,3.5197866
MD-59010550,10.14257,2.7458172
SO-E0001561,4.2855234,3.6042383
SW-91211497,0.8553623,3.340377
SW-81231119,1.1829596,4.50085
SW-A1260201,9.083395,2.0400186
SW-A2270106,5.799964,-0.07526943
NE-49600146,7.1347084,2.3585324
AN-ENGINEDR,7.3036637,4.5359817
SO-F0002290,2.7005584,3.6431155
SW-70621702,3.8502522,1.1265576
SW-SSN0404,3.4649286,3.7684615
NW-88022981,4.2059793,0.6762436
NW-88002351,4.092848,1.4203721
MD-57463560,3.0088532,0.5980064
SW-E1072000,7.225536,-0.15245032
AN-BUR110,6.359139,-0.3190059
NW-88024633,8.809434,3.9903793
SW-81951546,1.7570797,4.8528676
AN-SB0135,6.649253,-1.4439175
NW-88000826,5.304345,1.3360974
SW-C0474000,8.975122,-0.2630974
AN-DOV030,10.958231,3.1636102
SW-50360117,5.0735035,4.4523354
SW-Z1020114,7.8761525,4.0061255
MD-53165580,8.95806,1.3955147
SW-50341105,7.8341627,0.25160724
NW-88004421,3.5893242,2.5040612
NW-88003177,3.9358695,2.040094
MD-47511900,8.347482,-0.7922767
NW-88003855,4.767845,1.8055722
MD-12386880,11.36975,1.9971483
TH-PTAR0089,9.485334,2.0779438
NE-49100568,3.2849727,3.5749474
SO-SSN0695,1.2688707,5.2485394
SW-91211363,0.7665392,3.5734541
MD-38471380,10.21317,1.9173259
MD-29949160,10.924196,3.7167668
NW-88004085,7.325685,3.1415818
SO-RSN2149,3.932174,4.496883
SW-RSN2227,3.3832195,4.045167
SW-RSN0173,0.9310826,5.0660963
NE-49500672,0.26980388,1.4144663
NW-88001948,0.40965536,3.1195142
SW-70513805,5.1019044,1.9295536
NE-41000266,1.2203734,0.45911413
NE-RSN0880,9.1910515,1.3253489
TH-PMLR0011,11.350149,2.0418937
MD-37081030,5.7697783,0.5641016
AN-RSN0834,6.0787897,-0.6995455
NE-49100547,5.5147414,2.028416
NE-49800103,3.125805,2.7955928
SO-F0002932,6.1838837,3.6886072
AN-ST1522,9.353861,-0.40350243
NW-88000822,5.5996914,2.4468791
NW-88003836,0.69911575,1.114191
SO-Y0004347,6.3336806,0.52188987
SW-70230157,4.623479,1.1927962
MD-56082020,3.2211518,1.8487025
NW-88023338,6.3581386,3.9546964
NW-88004392,2.276802,1.0418236
MD-11570720,7.449106,0.16980898
MD-13598380,4.8602815,0.9551029
MD-46679100,4.5270286,1.3787924
MD-64632060,4.629825,0.06332954
MD-RSN0574,9.999273,1.5813309
NW-88003842,1.7780517,0.57317686
AN-CAUSEWAY,10.635964,0.51150596
SW-82511149,2.904907,4.2521067
SW-E8300900,7.1805253,2.0058112
AN-03M17,7.038086,3.2486255
SW-70611134,6.566425,0.89411455
SO-RSN2245,1.689085,4.6461353
NW-88025755,4.2280755,1.7136579
NE-RSN1704,9.737942,2.667289
AN-SSN1481,10.208371,0.8830448
NW-88002842,8.039682,5.0058007
SO-E0001651,7.4040956,1.7356434
NW-88006424,2.4098213,1.0369691
NE-49200034,9.289085,-0.92605484
SO-E0001158,11.039209,2.6470013
AN-BARNWLUS,8.617105,-1.3925884
SW-70310701,3.9345303,1.9200025
MD-37118930,7.783852,4.2178493
NW-88024606,8.083075,5.462571
NW-88003919,8.377115,5.62308
NW-88003574,4.276799,1.01167
NE-49301047,0.9628266,1.8304371
SO-E0007237,3.6859553,3.943306
NW-88005090,0.6056864,3.3606687
SO-E0000677,3.9883733,3.8271892
AN-CHT010,9.567782,2.6348584
AN-RSN1049,10.568218,2.642011
AN-RR0358,9.566634,1.1911827
TH-PRTS0054,8.2318125,0.7564917
NE-RSN0304,5.0330296,-0.294272
MD-50897770,9.645809,2.6992824
NW-88003501,3.1743097,1.4014344
NE-49100650,2.136548,0.5227376
NW-88004568,1.4891967,4.818331
NE-41000079,1.8244909,0.46379986
SO-E0000936,10.82258,2.084977
NW-88022164,0.35822847,4.004187
SW-91212030,1.874725,4.7592688
AN-37M09,9.371505,3.528281
SO-E0007345,5.1804113,4.831753
TH-PLDR0015,9.217497,3.0594153
NW-88024187,9.495949,0.6247094
NW-88003974,2.0849833,0.72106194
TH-PUTR0077,10.690528,2.7647889
NE-RSN2108,0.22462346,2.0153074
SO-Y0004377,7.1379642,-0.2537832
SW-72937211,1.6659915,3.8209963
MD-RSN2124,5.2082944,1.0876571
MD-13623190,4.2270985,2.92899
NW-88003819,1.0384642,4.1107683
SW-82511104,2.9982684,4.4900236
MD-19828380,1.8402841,2.1688843
NE-49400729,3.320544,-0.28266636
NW-88004066,1.500512,2.3192105
SW-81511584,3.010342,4.357087
SW-A4070301,7.5019617,2.362433
MD-54517000,5.137666,0.49685273
SW-81930144,2.0307648,5.2960014
SW-82210144,2.830902,5.358309
SW-60031819,6.7464724,1.941674
NW-RSN0060,0.7253322,0.568119
NE-49405131,2.8866863,-0.2251469
NW-88022117,0.033437483,1.7336199
SW-RSN0371,7.722949,4.4379306
MD-05217160,8.800454,0.8141203
SW-RSN0851,0.029743446,5.4338436
NW-88025754,0.18022938,0.43678927
AN-RSN0386,4.998901,0.84068555
SO-E0004591,7.946723,5.092827
SW-50530197,5.668477,0.5753064
MD-37421800,10.007918,3.2347054
SW-Z8490102,9.90332,1.4534895
NE-RSN1624,6.857341,1.5051216
MD-43903250,8.097027,0.5628615
NW-88023118,3.4567738,1.6060891
SW-63040020,8.212512,1.2585844
NW-88002736,8.608147,4.2238665
NW-88022821,-0.051206246,2.7163107
SW-82511715,3.5004957,3.9366708
TH-PLER0076,10.711304,1.421247
NW-88002538,2.577193,0.8101749
NE-49500571,0.60734314,1.1632133
MD-20351630,3.9057312,2.7704806
NE-49700101,2.7612634,0.5133132
NW-88005611,1.4254926,0.040587537
AN-CH08,8.949133,1.6901228
SW-RSN1813,7.8572407,1.0384692
NW-88002267,1.5712613,1.5832403
AN-RSN0256,5.99047,1.2714552
SW-Z9370209,7.6837573,0.9077734
MD-36768280,9.380137,2.0145826
NE-49900178,2.3171427,0.025024496
SW-81201420,0.21258342,2.1646407
NE-49305353,0.27378857,0.8012969
AN-SOWS2,7.5891643,3.4436333
NW-88022690,3.8309379,1.4599074
AN-61M13A,10.616672,0.78216994
AN-RSN1724,7.619854,2.7682614
AN-LYMN2,6.990241,-0.58754086
NE-49800100,4.3739324,2.7154946
TH-PWER0030,8.858073,2.403803
TH-RSN1274,7.1264467,2.8113298
MD-04851160,7.305979,1.6051291
SW-70422062,4.3611426,3.8703904
SW-C0623000,9.385537,0.09991907
SW-50330113,6.540247,3.3515515
SW-81310246,2.0367057,3.600789
MD-48356160,7.2605133,1.046015
NE-49800137,-0.019016169,0.879614
NW-88005856,6.9154882,4.2725596
MD-39480850,9.487267,-0.39319566
MD-RSN0964,11.123188,2.0686083
SW-50810122,4.5371056,0.25374416
TH-PTAR0062,11.444221,3.8764203
SW-SSN0128,8.080018,5.6846166
SW-60250666,6.5074844,1.1163045
NE-49301128,7.0713706,2.9437387
NE-49000700,1.665273,1.171829
NW-88019805,0.10826104,0.5525003
AN-BUR060,6.6611695,2.5830784
SO-F0002277,2.2614658,4.2594037
MD-13088360,7.192709,2.7713876
SW-E2241200,11.029855,3.6839018
SW-81951044,0.6232571,5.524288
TH-PTAR0065,11.100593,3.516471
NE-49100525,1.2060959,0.64732295
AN-WELL260C,7.2720428,1.3131344
NW-88003557,10.994073,2.028964
NW-88002197,0.69025046,0.5452552
NW-88009773,8.355414,5.6394515
MD-30769060,6.3935885,0.0138203325
NW-88023133,10.472762,1.7748462
SW-Z1020124,8.626998,5.410537
NE-49301890,10.265587,3.188086
SW-E5006300,7.545275,2.4935799
SW-81111865,1.1927761,4.5327764
SW-RSN1206,5.5980406,0.36181122
SO-SSN0506,4.9781275,4.5432878
SW-70522623,6.2652082,2.7282772
MD-07716050,7.8901443,3.0006824
NW-88002537,7.5126753,4.9454174
SO-E0007258,3.5895686,4.436674
AN-STDR050D,8.120636,2.2373092
TH-PRGR0013,9.391826,1.8820817
AN-GLEN360H,8.543351,-0.8784171
NE-49400438,9.294874,2.9671698
NE-49301068,9.175492,3.4723372
SO-G0004186,1.5243891,4.9965224
NW-RSN1807,4.067354,-0.2975165
AN-USGLOSTW,6.7912354,0.37120202
NW-88009739,0.10281274,1.717844
SW-RSN0451,1.9333907,2.5034654
NE-RSN1844,9.8661995,2.9172807
MD-60587950,5.8236446,0.3973927
SW-50210212,7.523278,-0.27074167
AN-WAIR1,9.2077265,-0.6310695
NW-88000719,9.4227,1.3255014
NW-88005071,-0.09755098,3.0743089
AN-BRAN2,8.698503,1.1707731
MD-46264180,9.371119,1.9478877
MD-13661300,6.8539104,1.8177835
AN-52M13,8.127592,3.8302867
NW-88000720,5.365142,2.6686575
NW-RSN1519,3.5269885,-0.39131555
NW-88003829,1.1533722,0.7521741
SO-E0001313,7.787315,-0.0329854
MD-53830050,5.603071,2.5079086
MD-22240160,8.844459,1.3156621
AN-RSN0578,7.613501,-1.4180832
MD-65161080,9.45453,3.4254403
MD-46589020,7.4804773,1.0662023
SW-70570226,1.0366844,2.6063335
SO-RSN2097,4.3961196,1.7464293
AN-BLY046,9.156124,4.4306655
NE-RSN2052,7.5956607,4.7023354
SW-70630296,2.1461596,3.9966183
SW-SSN1288,2.2084868,5.35702
TH-PLER0050,6.7151604,3.618767
SW-70420033,4.64236,2.5600495
SO-E0001735,4.398975,4.249226
NW-RSN0095,3.587999,-0.35084522
NW-88002076,1.3175683,2.014303
NW-88003580,7.1118245,3.9295645
TH-PUTR0070,6.7956634,3.2313063
NW-88002671,7.325998,4.530665
NW-RSN2087,-0.10963817,1.1183031
NW-SSN0034,1.0766876,2.1224446
TH-RSN2026,10.458132,0.033727728
SW-50590907,4.688571,2.8433352
SO-E0000406,3.4071813,4.056319
SW-RSN0810,8.115938,2.4999053
MD-55727900,4.279061,3.4230714
AN-15M05,9.470426,1.4928108
SW-50951049,8.984252,2.4433272
MD-44922100,9.514396,0.9807003
NW-88024185,7.6498156,3.5760636
NW-RSN0219,-0.59651333,5.0824075
MD-RSN2084,4.4349766,0.6417365
SW-Z6540102,7.380568,0.36795267
SW-81121455,0.83673763,5.2003956
AN-GIP130,9.057277,3.4940183
MD-08023080,5.484189,0.11856576
AN-CL0736,7.0068855,1.407262
AN-DOV005,6.639528,1.5041593
TH-POCR0021,7.1357045,1.3993697
AN-BUR112,5.646154,2.4934034
AN-DEB040,7.6464534,4.342618
MD-45213020,9.080497,0.84716547
NE-RSN0160,10.04325,-0.15119539
TH-PKER0079,5.9365344,-0.52375036
NW-88004537,0.2858023,1.6846964
NE-RSN1896,4.58383,-0.024157757
TH-RSN0178,7.5906916,0.24256256
NW-88006387,0.17944326,1.2734541
MD-SSN1496,4.605569,0.37173194
NE-49500371,2.5176218,2.8901567
SW-Z4170202,8.034065,-0.15215597
SW-E7000900,6.2561545,0.7220156
NE-49400144,0.29979727,0.4621111
SO-RSN2301,1.4329315,4.962976
SO-E0000701,1.4871472,3.2997198
AN-USLEASIN,8.900108,0.38981596
TH-PTAR0063,10.726892,2.680842
MD-39826180,10.903304,1.5213286
SO-F0003395,7.898449,0.5111151
NW-88003110,4.1497874,0.4605583
NW-88000651,8.280426,-0.6279272
NW-SSN0518,3.486606,4.4774213
NW-88002112,2.308002,1.6362122
MD-RSN0014,9.316631,1.4553131
SO-RSN2233,6.618771,-0.95289904
NW-88002642,5.0152416,2.110119
SW-RSN0029,5.4360614,0.21275152
TH-PWER0024,9.263938,1.0005398
SO-SSN1291,4.4102798,2.9558268
MD-RSN0231,2.433694,1.7504511
NW-88006261,2.078416,0.49489236
NE-49500846,9.388166,4.731809
SW-E4332000,8.165927,2.023592
AN-RSN1798,9.740159,-0.13169925
NW-88001961,3.1599984,3.8883808
NE-49301568,2.7138846,2.2479799
NW-RSN0348,1.217238,1.8390585
SW-E1006000,5.612631,1.2624005
SO-RSN0713,11.341177,1.9867923
NW-RSN2056,2.6295063,2.3891606
NW-SSN1370,3.014871,1.4039993
MD-28512680,9.457035,0.15219626
MD-41296850,8.661732,-0.35897312
NW-88004588,0.4793902,1.9055558
TH-RSN0441,8.267989,-0.6477866
SO-E0000596,4.336806,3.9325993
AN-MIN006,7.78367,4.422297
TH-PUTR0061,8.040374,-0.040037706
NW-88005186,1.7994604,3.3090155
SW-RSN0499,4.934143,2.1766005
NE-RSN0140,1.1239262,2.5005295
AN-WEN260,7.597983,1.6930703
MD-23619030,10.811978,3.587159
NE-RSN2184,7.200612,-0.5510666
AN-SSN1289,7.1612873,1.588892
NE-49105178,8.271922,2.7065642
SO-G0006970,5.3069205,4.062074
SW-70811815,7.539567,0.9329254
NE-49505170,3.6178174,1.7624049
SO-RSN0933,9.968838,2.0221512
SW-70812860,5.224157,2.560957
SW-Z7500104,8.258214,1.1362461
NW-88022812,0.1179562,5.442347
MD-37644330,10.601815,2.9740627
MD-RSN0342,6.3725376,2.2578995
NE-49301069,7.350936,0.1616214
AN-LUDO1,9.432666,-0.8083697
TH-PMLR0017,5.523881,4.5650415
SW-B3170501,5.4363375,0.3047552
NW-88005062,0.33925107,5.2668214
NW-RSN2223,0.08759026,1.4564477
SW-50951085,1.3871791,5.1709576
MD-04196080,6.3512535,0.33262163
MD-50913110,11.007908,3.819777
NW-88002490,10.040263,2.250003
AN-PIKEDRN,9.100623,2.5158489
NW-RSN1531,4.203678,2.1869082
MD-43389500,6.4136662,-0.45295182
NW-88006473,2.3914342,1.2111152
NW-88005171,1.771758,2.0531893
NW-88023157,0.20233668,0.48743197
SW-81310271,2.1995704,5.363321
NW-88002254,-0.026798954,2.3997622
MD-22145580,8.32625,2.234819
AN-ST0436,7.8614078,-0.4966279
NW-88024181,0.38650987,2.0825508
MD-58865085,6.296344,2.2356312
MD-23323700,6.845048,2.1116185
NW-88005220,8.6763935,4.4051466
SW-82710165,2.84343,3.1364217
AN-44M24,9.283406,0.6361845
MD-58471100,7.876136,1.5669475
NE-49400738,3.493426,-0.3673781
SW-60560160,2.4799178,1.913059
MD-28271842,9.262471,3.0922825
NE-49500644,2.7072778,1.3593504
MD-RSN0996,9.214973,-0.40147924
AN-MW5050,8.722491,2.7142215
MD-46554030,8.389442,1.858957
AN-29M03,9.3670025,1.2959423
SW-50030118,5.348676,2.39373
MD-07687380,8.634144,2.10054
NE-49302173,5.384261,1.9162059
MD-RSN0038,10.050485,2.0860765
MD-67425900,4.1502156,0.58241165
MD-51707340,1.084037,5.326656
TH-PCNR0086,6.185418,1.117824
MD-RSN0202,4.8393307,0.57046914
SW-E4005100,7.8192573,1.939392
SW-91253216,0.80555713,5.4708624
NW-88003523,4.589037,2.434999
SW-RSN0106,6.8209763,0.44992986
SW-73111211,1.9746165,2.558775
SW-81201480,-0.08440669,2.4456685
SO-E0000397,4.620157,3.8461041
TH-PLDR0032,8.47847,0.7973971
NE-49500363,5.344716,0.5218776
TH-PLDR0124,10.898293,2.575578
NW-88000850,6.1658792,2.5729563
SW-50330300,6.398761,3.260508
NW-RSN0312,9.1800375,0.8322422
SO-RSN2093,7.067024,5.047905
MD-58595200,10.69993,0.75558954
NE-49200296,9.895596,2.0927114
AN-26M12,11.317988,1.9291435
MD-25827260,7.644369,-0.14456023
TH-RSN1706,8.143151,3.6416826
TH-PCHR0042,7.075924,4.526726
SO-F0003063,5.2237206,4.5778813
SO-F0002958,3.6181846,3.6622653
SW-81940711,1.9811562,4.9988894
NW-88005597,1.2112714,5.003703
SW-E7001100,6.7970576,2.364683
MD-SSN1433,6.3032403,2.9544604
SW-81420261,2.9303813,4.496117
SW-SSN0088,0.25420532,5.398882
MD-05350780,8.610175,1.6485084
AN-MOORDRFE,7.7660255,5.2248836
AN-09M06,6.2160983,2.060746
MD-13612690,4.804204,0.7327825
AN-ANCOB,7.799055,3.3348246
NE-49600486,7.400534,-0.93993765
NW-88000722,9.303636,0.82843333
NE-RSN0244,0.4275259,1.6590211
SO-RSN1805,5.982145,1.732999
SW-81522326,0.56215906,4.5135098
MD-41296320,8.61394,-0.23220156
MD-39325070,10.542983,0.4116633
SO-F0002811,4.4589033,4.2258844
NW-88002844,7.231019,4.8490705
NW-RSN0492,1.110166,2.5986748
NE-49100409,8.889534,3.1356714
SW-Z1150102,7.5074115,0.019379094
AN-WD0275,8.240272,4.206008
TH-PHMR0010,11.39099,2.0519843
NE-49301400,8.613548,1.4169831
SO-RSN1569,5.620342,0.5385957
MD-47467140,4.952465,1.2654736
AN-NORTHBKD,9.6472435,0.88425875
AN-RSN2160,7.316651,1.6846789
SW-81931005,1.7869687,5.3029604
NW-88006210,0.43578315,0.90587026
MD-44284750,6.2048683,0.14993273
AN-COWBANK,8.536777,5.2702923
SW-50240529,7.840495,-0.3052608
MD-RSN2110,6.5894384,2.104018
MD-59017780,8.929813,4.19864
NW-RSN0604,-0.58495986,5.126577
NW-RSN0139,1.6678703,2.563053
NE-RSN2156,-0.20264684,2.7995245
TH-POCR0034,8.245296,4.0570126
SW-Z1010450,8.16724,1.1413741
SW-SSN1376,2.4770489,5.400464
NW-88025757,0.09361678,0.7972865
NE-49800255,5.9201727,3.1996179
SW-70522906,6.4159617,2.5893764
NW-88003942,1.3823147,1.0847845
AN-37M02,9.4409275,-0.7324045
MD-RSN1002,9.261036,0.42402482
SW-73062946,2.5674362,4.3165917
SW-82528047,1.3025374,3.9028864
SO-E0001607,4.2992835,4.077391
NE-49301472,5.0500402,1.3219732
SO-Y0004526,7.837367,1.3140275
TH-PMLR0324,9.043528,3.2160895
SW-82220433,1.9101936,5.4507766
MD-C0000107,8.896692,-0.12858626
TH-PKER0009,7.485379,0.08587422
NW-88005832,3.6531928,3.1975756
MD-67429600,4.2346787,2.1778717
TH-PWER0004,5.138408,4.510812
NE-49200291,9.891292,2.2274733
TH-PTHR0221,11.385485,3.8848097
AN-HALTBECK,9.012983,-0.44424358
NE-49600147,6.5449266,-1.3561375
NE-49905179,1.7973791,0.9118984
TH-PEVR0018,8.030599,1.2800382
SW-72930877,1.8218094,4.42008
MD-51170050,4.298989,2.2773442
TH-PTHR0080,7.957165,1.2160515
MD-38643380,10.866745,1.0571725
SW-81940830,2.7719445,4.665786
MD-08805080,7.1370273,0.7861016
TH-PCHR0052,9.185872,2.8729007
SW-E4320500,7.7055244,3.6267724
SO-RSN1821,1.2338158,4.957322
SW-RSN0355,1.3201205,5.0193577
SW-Z1011701,8.382648,2.0638204
SW-Z9390221,6.835695,1.4955617
MD-04802820,7.1100836,3.4949086
SO-E0000986,3.629241,4.1686025
AN-BAING,9.833553,1.5767835
SW-E2241100,3.3453293,2.3334715
SW-73060254,1.5537815,4.023167
SO-E0000934,10.473022,2.20386
TH-PTHR0128,9.626186,2.0904593
MD-44206090,8.416274,2.2086985
NE-49300114,6.7707977,-0.1761226
NW-88009756,5.0086675,2.3015995
SO-RSN0473,10.05949,1.5568954
AN-26M14,11.315669,2.0945172
MD-RSN0498,8.141763,-1.3381897
TH-PKER0053,7.1496773,0.26872903
SW-RSN0877,10.0448065,-0.159862
MD-28208180,8.825556,2.6855645
NW-88000747,4.702404,0.99353623
SW-70531093,4.7372055,1.9486248
MD-50936250,10.315746,3.0801232
AN-STANLODG,6.0344486,0.6917458
SW-72910447,3.778322,3.8454986
NW-88023736,2.0795784,2.7464955
MD-60867650,5.9035707,2.3474374
AN-35M25,10.8490715,2.9997704
SO-E0004588,8.114851,5.243919
SW-60121007,6.467629,2.8090305
MD-RSN1814,6.493294,0.8096851
AN-GLV005,6.664535,1.6164311
NW-88003854,6.2112503,1.8756092
SW-Z8490124,6.19237,0.1797036
NE-49000682,0.046661448,5.38428
NW-88004940,-0.32285756,2.4697323
AN-NKELSEGS,8.282431,-0.6423106
TH-PMLR0012,11.371858,2.0427058
SW-70571010,1.141613,1.8097067
SW-60260020,4.4856133,-0.099008195
SW-RSN2190,6.9746604,0.59978765
AN-MEDB080B,7.140644,-1.6357073
SW-70633503,4.163614,4.481027
MD-SSN0040,4.4792657,2.1520362
TH-PLDR0017,9.858786,3.9685311
SW-82010347,2.802374,5.3497744
SW-RSN1507,2.6426425,4.48076
NW-RSN0847,2.7967722,0.9472787
AN-06M14,7.8743534,0.051586434
SW-70720104,1.9564397,3.529904
NW-88002083,2.3492222,1.2536489
NW-88000825,8.06821,2.193611
AN-CA02,9.02859,1.9010633
MD-72771630,8.822187,2.923455
NW-88002549,2.4350483,0.90118986
SW-Z8480103,8.093626,0.07793362
NE-49500035,1.7868787,1.9552765
MD-43902300,10.092245,1.6886938
MD-51546420,2.4243228,2.5810277
MD-79440460,4.530472,1.4266833
MD-59394920,10.783272,2.5885434
AN-WAV023,7.9571633,4.036631
NE-49301618,2.021331,2.00933
NW-RSN1004,7.748083,4.8024316
TH-PTAR0043,8.884768,2.3319998
SO-RSN1761,4.2564583,4.2286115
AN-GIP005,8.132448,4.4653807
SW-RSN1963,4.39228,2.7863367
MD-43902780,9.777365,1.0968959
MD-26492160,4.654712,2.45438
NW-88002075,8.188728,5.46172
SO-G0006938,9.247803,4.7130923
NE-49700055,5.203922,-0.21551198
NE-49100526,10.534402,3.8010983
AN-DOV040,8.862819,1.3556384
MD-SSN0111,6.9640875,1.3230091
NW-RSN0331,0.012956123,3.1538188
MD-67420660,5.1550374,1.4031942
NW-RSN2287,2.1040685,3.8809347
AN-04M18,5.602613,1.2293925
MD-28433600,8.186574,5.0853925
MD-57022560,4.731727,0.74489915
AN-DEB022,7.4994416,3.5014749
NE-49200302,7.8955665,2.3383253
NE-RSN2152,7.3715286,3.311837
SW-81020105,2.3800416,3.160974
NE-41000088,1.0080447,0.6753948
NE-49301060,9.353907,-0.35046756
AN-ST0862,8.356189,1.586455
SW-RSN0510,-0.018435445,5.4244003
SW-60031870,6.611843,0.78106374
SW-82521240,2.546801,5.1777887
MD-20349700,3.907763,2.7563386
NE-RSN1160,1.7490044,0.7260075
AN-12M12,4.7470675,2.1722927
MD-07708180,6.794541,0.014037881
SW-RSN1125,6.750736,1.6781808
NE-49400433,4.939942,1.9060261
AN-NENE420L,9.803296,1.2828376
SW-RSN1061,6.2575264,0.18170102
AN-48M45,8.8066845,1.5123113
SW-E2031000,9.110595,0.782944
AN-RSN0932,10.879606,0.7418191
AN-CTWEASTK,10.308704,1.5786461
MD-46257100,9.929005,3.4403906
TH-RSN2138,6.231429,1.2522705
NW-88024602,7.5348697,4.905989
NW-88002180,1.9684137,2.0359614
TH-PCNR0191,7.277273,2.3575451
SW-E7001300,6.927329,3.1747098
SW-50220136,7.1827707,-0.1890884
NE-RSN1720,0.65492153,2.4322693
SW-50211468,7.8912864,0.22671899
AN-RIPRUNDK,7.7949905,0.43696144
MD-50039700,8.60088,1.768669
NW-RSN1767,2.8406072,-0.2242846
TH-PWRR0020,7.4146557,-0.49052033
NW-88003499,1.8309946,0.7470015
NW-88003442,2.792217,0.026205353
SW-Z7500101,6.4574885,2.1307187
MD-RSN0916,10.120431,2.032674
NW-88006369,2.9518425,-0.29447442
SW-82310186,0.7086068,5.579225
AN-BUR134,7.8926325,3.6014516
NE-49600475,8.742042,-0.5437973
NW-88023696,0.5892966,1.5968583
NW-88004974,2.6441615,3.8998704
SO-E0000523,7.9477587,1.1337001
SW-50590127,7.230897,0.35493544
AN-WAV150,7.4540143,3.997715
SW-70630275,0.45033506,4.4073286
MD-RSN2284,9.527597,-0.3784983
NE-49105194,2.2648547,0.040390104
SW-RSN1142,2.5737147,3.7039442
SW-82311932,2.4264576,4.6975856
AN-BLY030,8.807432,3.8853178
NW-88003420,2.6287456,0.51969284
MD-51974020,5.5626144,-0.48199344
SW-73210805,0.2870327,1.1928359
SW-91241119,2.866579,3.3763294
AN-RSN1793,5.8949714,0.9696948
NW-88024647,4.356171,0.11528615
MD-RSN2014,6.571078,1.1324357
MD-27300202,10.053465,3.4432042
NW-88002580,5.1064796,3.6251805
NW-88001915,2.6077445,-0.013823595
AN-HONINGTN,10.534638,2.466922
AN-STLODET2,8.006345,4.9534416
AN-HK0909,9.623963,1.5441316
SW-72811040,2.790444,4.2353773
MD-25827980,8.311749,1.2112682
NW-RSN0812,3.3307774,0.6774472
NW-88022192,3.0841703,2.544441
SW-RSN0551,0.91779023,3.4879367
AN-GEAU2,8.561243,0.09338375
MD-02942160,7.4896374,1.5111513
SO-E0000719,10.503758,3.1014216
TH-PKER0045,7.468064,-0.98969513
AN-11M21,6.842016,0.15130918
SO-F0001989,4.522061,4.193478
SO-E0004858,7.8695035,-0.73432463
NW-88024617,-0.26466796,2.5090504
MD-27044180,8.515684,3.4847906
MD-19227500,3.8889725,3.0854511
AN-RSN0798,7.8570533,-0.40451667
SO-F0002548,5.6455708,2.468565
MD-38870190,3.6455472,1.8888563
NE-49105218,0.3501374,1.1039379
AN-GLV050,6.196068,-0.5702033
SW-82711476,3.2279289,3.6332927
SW-70423703,2.5893488,0.9355346
SO-Y0004517,8.660702,3.5880578
NE-49400522,5.870672,0.056003187
MD-03696680,5.379605,0.16267765
NW-RSN0424,6.5706134,3.4121144
MD-29270780,4.7672887,2.075901
SW-70571101,1.3184522,2.488668
AN-04M15,7.1452355,-1.6162335
MD-RSN0746,8.801838,1.5697529
AN-WELL030L,6.4150395,0.014094046
MD-25468580,8.2995205,0.5796919
AN-SSN1479,7.978771,2.4980576
NW-88000866,8.086343,3.2580314
SW-50220926,8.36922,-0.39929125
NE-49105185,9.477581,1.9387083
NE-41000358,2.85442,0.07721237
NE-49600044,8.501083,3.8661609
AN-NENE460O,9.730493,1.235031
AN-RASE4,9.13181,0.8424131
SO-F0001940,7.155719,4.8791766
SO-E0000546,7.5065074,4.776055
AN-USOSBNBY,9.413404,-0.46499124
NW-88003476,3.4252856,1.0510973
SO-F0002793,10.005499,2.084951
MD-RSN1118,10.530843,0.8143082
AN-CRIGBK,3.9471946,1.4344044
NE-49400645,6.3649592,1.1908181
SW-RSN0093,7.8916903,1.874248
NE-49000475,0.7157888,1.0958886
AN-CHT004,8.573027,1.7696985
NE-49301070,11.294053,3.5891013
SO-E0000470,7.7812715,-0.9929343
NW-88002241,2.8500352,2.404723
NE-RSN1020,5.0936112,0.51595265
TH-PUTR0189,8.391111,4.029875
NW-88021698,7.071114,2.9380724
NE-SSN0721,0.06572505,5.414834
AN-WEN235,7.5068393,1.4488684
MD-49065200,6.7193136,3.4641101
MD-47532180,5.9514823,-0.4433929
SO-E0000579,3.5118408,2.4460375
SW-70812665,8.753321,1.3488758
SO-E0000534,6.8373857,4.189943
NW-88002266,1.2255841,0.9330621
NW-88003518,2.5239592,0.3469382
NE-RSN0008,2.979532,2.2647035
NE-49600502,0.91879576,1.0666784
NW-88024626,7.989119,5.1046243
AN-GLD060,8.894561,-0.61680186
SW-RSN1595,0.8467455,3.5495734
AN-HUSBOFIR,4.299113,1.6893077
TH-PUTR0093,8.047053,2.325029
SO-E0000772,1.8538877,5.038925
SW-73070186,1.5361981,2.5824707
SW-Z1012304,5.8350925,-0.14744294
NE-RSN2268,1.9918474,1.0192145
NW-88006458,2.555374,-0.030975355
NW-88005652,1.0880202,2.2804508
MD-RSN0820,2.728208,1.7123679
TH-PTHR0082,7.9011292,0.39915475
MD-RSN0490,8.546303,4.816439
MD-RSN0494,6.8709245,2.9452977
TH-SSN0014,5.084232,4.885443
MD-48356850,6.9196467,2.681861
AN-RSN1625,9.7585945,2.3315668
MD-61642420,5.3029494,2.4082615
TH-PTHR0265,9.610946,0.8514147
MD-01104650,6.288876,0.22333604
MD-00021202,5.224013,2.0405536
SW-91221145,2.5980575,4.910519
AN-52M21,8.151444,3.6872447
MD-04465220,10.994148,1.7381563
SW-81810608,2.5418513,5.187367
NW-88002379,7.875846,2.7936735
SW-81951318,1.8066452,5.3651023
AN-MORC100S,9.024522,0.543318
MD-45246020,7.589888,3.5190656
NE-49200045,10.15904,0.0451691
MD-57022100,4.1857305,0.57114923
AN-STF006,6.4288507,1.5312566
NW-RSN0584,5.412117,3.5489004
AN-BUCKDSKR,7.6282744,4.740436
SW-73111266,1.3853976,3.2219458
SO-E0004844,5.077133,3.623962
NE-SSN0489,6.719004,-0.14592192
SO-F0002997,3.6467235,3.7089088
SW-A4070409,6.587244,1.3550875
SW-81930985,0.6056476,5.540966
NW-88024195,0.16074318,0.44234908
SO-E0000380,4.4571676,3.7715251
SO-E0000378,4.810118,3.620916
MD-13619900,3.4118936,1.2117493
NW-88002309,4.1944947,3.065175
NW-88006419,4.0286255,0.9320204
SO-F0002644,6.284105,3.7983932
NW-88002678,10.289388,3.1827908
SO-G0003610,5.954377,3.5612426
NE-49905158,2.584195,0.037593678
AN-BARE2,10.278715,0.44121885
MD-58650020,9.971344,0.10785839
SW-RSN0931,3.3047569,4.1385393
AN-BARE3,9.911209,0.037987877
TH-RSN0290,8.61143,-0.268495
AN-48M36,7.392602,2.8082812
NE-49105130,0.38743037,2.071891
NW-88001881,2.6433375,1.4045844
SW-70571103,0.95497847,2.3843694
AN-TUD060,7.5857773,1.5040087
NE-SSN0657,9.360642,-0.7110714
SW-50330162,6.260865,3.1306453
NE-49800098,1.2397714,2.335471
TH-PWER0127,4.9544125,3.8541532
SW-A4100101,6.8352284,2.399006
MD-29268970,5.296154,2.1805434
MD-38638380,10.860483,1.3706027
AN-YAR080,7.713494,-0.6589678
NW-88005677,0.5124051,1.672531
NW-88003950,3.6789823,-0.17365637
MD-00195400,5.4413185,-0.17279686
NW-88003816,-0.041787162,1.7238777
AN-LANG070G,10.236972,2.8519397
SO-F0003350,8.593408,4.3466015
MD-46880150,8.543391,-0.24306214
SW-82410232,3.435038,3.8583035
NE-49600382,9.911925,0.09620358
AN-WHIL060W,10.6589,2.4965363
AN-HUN040,11.048384,1.5749056
NW-88003958,0.92183053,0.44475868
MD-71363300,8.965848,1.7351152
SW-72921406,2.384423,2.1881003
SW-RSN1925,7.97238,5.718193
NE-49500479,5.7491,0.28509426
AN-48M14,6.918731,1.8009096
TH-RSN2165,4.1787844,4.36253
NE-49302181,4.9361844,2.3785732
NW-88002524,0.88813144,0.52172834
MD-43824020,6.619538,-0.1494975
AN-DOV080,8.336991,3.1573207
SO-G0006936,9.265172,4.699359
NW-88003559,4.9507933,1.940403
NW-88002060,3.9313169,1.617716
NW-RSN1248,8.586817,5.5186505
SW-50810139,5.0986996,0.5115385
SW-60032074,6.8014727,0.012259697
SW-70811912,5.2602963,2.8604114
SW-RSN1855,3.3370395,3.9777086
TH-PUTR0252,8.307878,3.7524838
NE-49600503,3.5854747,0.895619
MD-SSN0161,0.5795147,2.0242176
AN-EYEB130C,4.784968,2.3803532
SW-60080105,6.4232016,2.1194448
MD-00825100,3.2382073,0.41056705
SW-RSN0090,4.2592044,-0.16045731
MD-04076050,6.199943,1.6620095
SW-50231202,6.2550445,0.61639756
SW-82410291,2.5799572,5.14807
MD-40950960,10.206221,0.91081655
NE-49505172,2.8637645,4.678493
SW-SSN0192,0.020085735,5.08796
NE-49500602,0.86030275,2.3600996
SW-50450129,8.008888,0.5014373
MD-46266590,7.130698,-0.037890144
AN-LISS2,8.695475,-0.8064256
SW-E1201500,7.059853,-0.1069338
TH-PCHR0048,7.5211406,0.5699942
NE-49500020,6.2157407,2.2546697
SW-Z1010538,5.705578,0.4205879
AN-27M25,7.4707685,2.3880506
SW-81281177,0.5866816,3.5140686
NE-49500853,9.770452,3.6453867
MD-RSN2086,7.5410604,0.59198105
SW-RSN0638,3.554892,3.9283798
AN-WEST1,6.5989428,1.9583336
SO-E0000411,4.0865836,4.2749577
SO-E0001311,10.211087,1.2590744
SW-SSN1428,9.646981,3.1495197
MD-RSN0950,8.612861,1.5823952
SO-G0006986,6.524515,5.2585034
AN-FRO030,8.908351,3.7566319
SW-RSN0327,5.5061636,1.8134915
NE-49600497,0.8867943,0.5726623
SO-G0006982,5.0373526,4.7915835
SW-70230167,5.1555686,0.7683964
AN-POINLODE,6.927479,-0.18031305
NE-49300665,10.664101,2.9532473
MD-29600050,9.862768,3.5842645
AN-05M17,8.830264,-0.6693775
SW-70531616,6.7798786,-0.2290242
AN-BAINA,10.578395,2.1707132
SW-82611103,2.7769399,3.8389838
SW-RSN0011,-0.56501,5.1912704
MD-08022000,6.951818,1.5059367
SW-82312347,2.29632,5.0719585
NE-49800080,1.4320205,2.168656
NW-SSN0170,8.022912,5.278702
SW-81942260,4.0688086,2.986443
NW-88005544,0.27093235,1.2815783
NW-88004411,2.0111296,2.26691
SW-91251630,1.189511,3.670442
NE-49300220,6.915967,-1.534968
NW-RSN0043,2.3784049,0.38325244
SW-81611111,1.0157075,5.2512226
SW-73021607,2.5771747,1.6141431
SW-81202015,1.8683879,5.0622315
AN-FRAM4,11.570583,3.9136455
MD-RSN1150,10.890726,1.9813783
SW-72922004,1.7456039,2.1242294
NW-88022818,-0.08412952,5.094352
NW-RSN0587,-0.58380336,5.108593
AN-02M54,7.002567,-1.0931048
MD-55393900,7.9412766,0.8521188
MD-RSN0686,4.592107,0.23512757
AN-SIND5,10.860011,1.8941605
AN-RSN1885,10.037131,2.3670652
MD-59717900,4.823536,0.98710394
MD-RSN0062,6.2684546,1.0484169
SW-E1008300,9.060245,1.7408347
NW-88006382,1.7172072,0.36625138
MD-23525180,10.678421,2.1437228
TH-PCNR0013,7.9851966,0.20756392
AN-RSN0222,7.015961,1.9603757
MD-07797050,10.821278,2.8990479
NE-41000033,1.8086355,0.37270516
NE-49600081,4.9110765,-0.35860947
SW-70230103,4.9016175,1.0652263
MD-SSN1484,3.8356316,2.435307
SO-Y0004520,3.5764573,4.1964
SO-E0001559,3.5263,4.191291
SW-82513722,4.968278,2.5071473
SO-E0007057,7.351834,3.6669948
SW-60100118,4.8493814,0.9067345
TH-PLER0083,3.4282959,-0.43113396
NE-RSN1836,1.4525707,2.8786016
NE-49400520,3.403828,2.8282356
MD-39539600,10.718904,1.772805
NW-88001897,1.4640437,2.5861893
NE-49301620,2.0089176,1.379957
SW-SSN0110,8.132873,2.872977
MD-69280180,7.232048,0.15651284
MD-43267100,9.419819,1.1304964
MD-09834100,8.097654,0.4995195
MD-44756020,7.968767,-0.053834923
SO-F0017661,9.939904,2.158285
MD-54521950,4.2772274,0.3353435
NE-49905154,6.2589192,1.1997037
NW-88024245,0.6883606,3.2741957
AN-41M09,9.063425,-0.16083367
AN-MIL020,10.344902,0.859416
NW-SSN1354,2.3801038,1.7156887
NW-RSN0808,5.3424754,2.42826
NW-88003444,2.186846,1.764048
NW-RSN1812,8.479894,5.546237
NE-49600507,8.255471,-0.8402846
MD-44711100,8.607153,-0.1815985
AN-LORDDRN1,7.1364937,3.117167
SW-50550310,6.2390823,-0.28715605
SO-SSN1447,7.052486,4.886372
MD-49701620,4.3418417,0.4059369
NW-88024648,0.34325495,3.171697
NE-49300783,4.575548,1.4377047
SW-E4331300,6.803992,-0.3012635
AN-RSN2006,6.7880034,3.549468
SW-50340520,7.5135407,1.4107535
SW-91221705,1.8855702,4.6109548
NW-88000633,6.681238,2.485215
AN-HAMM3,6.235495,2.8394923
NW-88000816,9.583383,2.8094873
SW-70512720,8.294204,0.85038215
MD-11055720,7.3476167,4.6118207
MD-51795109,4.9081583,0.45310205
SW-72940121,0.8520357,2.9370627
NE-49400398,4.9803514,1.8890923
MD-53495265,0.112271994,2.696298
AN-BRN020,10.470248,0.89541316
SW-RSN2207,4.208704,3.3381157
NE-RSN1948,1.5667889,0.019476203
AN-30M05,10.603961,1.422662
SW-RSN1835,3.7738705,3.0751867
NE-49905182,1.57165,0.40387562
MD-48883750,11.518596,3.8224092
MD-42900950,8.361468,3.7502267
MD-08102620,6.142198,0.41109824
MD-RSN1014,8.59563,0.8390339
NE-49300662,10.943384,3.8405154
AN-SWATONEA,6.916811,0.7499072
NE-SSN0645,-0.0024276974,5.0894494
NE-49100297,10.086046,1.6266168
NE-RSN1503,2.5236921,2.1997938
SO-Y0004333,9.041793,3.0040727
NE-49301407,9.546594,2.1630201
SW-70711736,2.870639,1.6744633
SO-E0000415,4.1015353,4.2908487
MD-RSN1778,9.718451,1.5110052
MD-65161040,9.455256,3.3213644
NE-49305363,7.2623806,3.338445
AN-GLV020,6.965707,1.7397121
NE-49400581,6.260956,3.916273
TH-PMLE0391,3.6142514,4.2511406
SW-RSN0429,3.4417462,4.218359
SW-RSN1933,7.7811275,0.77146214
SW-82310570,2.0024698,5.2716746
NE-RSN0576,7.434074,4.0449862
NW-88025763,1.5258888,4.599465
SW-60020005,6.416288,2.418528
TH-PLDR0008,9.346362,4.1169853
AN-SHMD060C,7.385764,3.5365524
SW-50340432,7.572098,2.1472735
SW-82522304,0.41135108,4.57899
NE-49200304,10.090096,0.019839214
MD-C0000106,7.1241856,4.570938
AN-WAV114,7.171311,2.4889643
NW-88002874,8.457428,5.3209133
NE-RSN0528,10.565101,3.9213965
SW-50350137,8.547141,-0.20748284
SW-RSN1771,1.6102856,3.8031974
NW-88022958,3.2982273,2.7820523
SO-F0002304,4.8260574,4.4061656
MD-01870280,5.3204403,0.38488498
AN-NENE185G,8.43961,1.772493
AN-33M29,10.183148,1.6919353
SO-G0006978,6.405336,5.2522717
NE-49600490,0.59380317,0.36314783
AN-BAIN9,9.529412,0.26285514
MD-28625020,7.2101097,3.9629536
AN-THR060,7.389612,3.5132089
TH-RSN2330,7.744952,1.5958139
SW-A0360101,8.014381,3.7552814
NE-49600462,9.124841,-0.67875427
NW-88005050,0.8058332,4.1699247
NE-49800088,1.8124934,1.9850767
SO-RSN1069,4.7257967,3.395404
SW-81915135,1.9200416,4.87924
MD-04064620,5.4342475,0.1582108
MD-08105100,7.19577,1.9330107
SW-50040711,6.9906955,-0.28299507
SW-81310252,3.1397405,3.976231
AN-RSN0593,9.672477,2.3971212
AN-06M20,8.5759325,-0.46455884
AN-STF020,7.135966,1.5198219
NE-49000698,5.5331616,0.8943597
TH-PKER0099,10.796942,2.9330354
NW-RSN2096,2.4952369,0.19474484
AN-01M05,9.483591,0.7412497
TH-RSN0402,7.0861764,3.283866
MD-12028240,7.8107758,1.580472
NW-88006265,3.642852,2.0885792
SW-RSN1587,4.6130476,1.0846976
MD-SSN1377,3.0209267,3.2834716
NW-88004434,5.2565737,2.7103732
SW-50260464,7.901788,0.56667674
AN-CH02,7.8023734,1.4131399
SW-50210619,7.004092,1.1515309
SW-81611182,0.55139357,5.103999
AN-OAE045,8.5990095,3.8644626
TH-PUTR0009,10.690811,2.5789
MD-SSN1388,5.2916336,1.4219708
NW-88002579,7.2929034,1.9875743
TH-PBRR0007,7.757929,2.7211177
TH-PCRR0084,8.537188,4.4765167
SO-RSN0953,9.679882,1.942881
NW-88022962,7.5787296,4.481959
TH-SSN0499,9.4790745,-0.50346226
TH-RSN0978,7.7759285,1.7312766
TH-PLDR0007,9.227513,3.2090504
SW-A2300111,5.0658054,1.0660412
TH-PUTR0039,6.7626257,0.13635938
TH-PMLR0016,5.1525965,4.5198603
MD-23249180,8.784217,0.8588484
NW-88022913,5.4977107,0.6981176
MD-RSN1708,9.855194,4.100899
NW-88003550,1.5868815,0.50321066
MD-RSN2234,8.008913,4.6795173
AN-BT0175,6.539098,0.7018989
AN-THORSWAY,9.578067,-0.38273826
NW-88003912,8.438748,5.6558247
AN-BCAR050B,8.16022,-1.4523818
MD-04799980,9.324846,3.020208
SW-E8101000,6.3792667,1.0920513
MD-C0000080,4.28797,1.6120738
NW-88002843,11.33734,1.9794784
NW-88004372,0.8525996,2.0872502
SW-81010221,4.4618335,2.6798632
MD-09667070,7.2853947,1.7653828
MD-48123095,10.883812,2.9534147
AN-BROCKLES,10.812118,2.5480657
TH-PLER0130,11.392899,2.009823
SW-60033104,5.97934,0.7897914
AN-BUGB250N,10.570609,2.5856717
SW-70620569,-0.6200809,5.189783
NE-49505160,-0.029096443,0.9131171
SW-E1201400,6.906538,0.12883832
AN-SSN1319,8.598274,0.13283996
AN-21M19,10.219907,2.5066643
SW-81811127,2.9457953,4.94377
TH-PLDR0033,9.267232,1.0011563
MD-RSN2038,5.423059,-0.097410634
NW-88006213,3.4056864,-0.37878576
SW-A0350132,5.7140913,0.96904224
NE-49100565,9.491343,0.4375442
AN-SSN0511,7.855538,2.598548
AN-RSN0590,8.564569,-0.6661081
SW-91241199,0.65325385,4.5940723
SW-RSN1197,6.7913566,0.3881987
NW-88000787,6.811211,3.9049997
NW-RSN0843,-0.36213112,5.046173
AN-TIF090,6.93808,1.5547614
SW-81940158,2.8660064,4.705084
SO-RSN1653,1.3263849,4.644751
SW-81810610,2.8637702,4.749359
SO-F0002156,4.6896653,4.025055
SW-72940185,0.80741197,3.970717
NW-88000874,5.4400554,2.001418
MD-38644170,8.155793,-0.50359166
TH-PUTR0238,8.146477,3.1368768
SW-A2280103,7.896703,2.5848804
TH-PLER0039,11.394903,1.9742178
SW-A3200410,6.815355,-0.232627
SW-81611044,0.7097837,5.5827255
MD-18873190,9.167226,-0.22005129
MD-RSN1152,0.7557814,1.1387901
MD-58919035,7.6338553,0.31408885
MD-SSN0012,3.465964,3.73875
AN-FINE100D,7.0062666,0.24680136
AN-NENE610P,8.317125,-0.8049397
SO-G0006948,1.2004005,5.086131
NW-88005879,7.9643574,5.300977
SW-RSN1563,0.030567372,5.4384027
SW-70826019,1.8917909,1.7119058
SW-64200215,10.825743,3.5615559
MD-51113480,10.501901,3.164179
MD-RSN1108,0.88849723,2.519826
NW-88025760,0.18614554,0.40097597
TH-PKER0024,7.6095033,1.7300601
SO-G0006977,6.3395166,5.251099
SW-81940215,2.9169908,4.746202
MD-23325540,4.941272,0.8425898
MD-24492020,7.560712,0.009206287
NW-88004591,0.952736,3.3503582
SW-SSN1360,5.809311,0.64740694
TH-PTHR0126,11.183227,2.3154135
SW-63100100,7.024544,2.838071
AN-HOLR190S,7.9626875,2.7975287
NE-RSN0736,7.6064463,-1.364517
AN-WITTB200,9.288957,0.9075167
NW-88000835,5.0897202,0.29593801
SW-81950702,3.2846587,4.719777
MD-38367267,7.769185,3.9385505
MD-59023160,8.073427,4.655537
AN-RSN0734,9.370936,2.387565
SW-RSN1285,6.9431324,1.4610534
MD-06611280,7.5316186,1.8332913
SW-RSN0685,2.5920084,3.2327144
MD-38315200,5.293949,1.875684
MD-RSN0838,7.381538,1.7870055
NE-49905167,3.746887,-0.17899275
NW-88025843,0.9251232,3.2133453
NW-88002356,4.3396277,0.18290281
AN-ST0318,4.7503266,0.059778713
SW-72934611,2.2436604,4.3777323
NE-49200029,9.9770565,-0.22676212
AN-TIF100,8.891658,1.9043393
TH-PKER0052,8.343112,-0.15671133
NE-49105188,7.708034,2.1273158
AN-TILLTRB1,7.651988,3.2273223
AN-BUCK1,6.649193,1.7838717
AN-HARP200A,6.728562,1.2417415
SW-70591051,3.6016057,2.695565
AN-59M04,4.9194283,3.2171354
NW-88023099,4.0354605,2.422888
AN-18M01,10.437509,2.0620234
NE-49905155,5.458629,-0.057793338
SW-50270280,7.431537,0.005884688
NW-88002101,0.78948087,0.57301086
AN-FYN045,9.217578,4.779586
AN-BL0370,7.391111,2.333808
NW-88004063,0.8790472,1.8342514
NE-49300690,1.9316125,3.2050643
MD-04412220,7.0170894,2.8922133
NW-88002634,9.634759,3.8471687
SW-82010189,2.2880187,5.3966427
NE-49301311,1.5280843,1.1410353
TH-PEVR0006,7.688148,1.6966832
NW-88003549,2.9065995,1.5415106
MD-55723050,8.963638,0.59559137
NE-49800049,1.9145074,1.7243098
SW-73051213,1.1436678,3.5949316
SO-E0004726,3.6181076,4.191512
MD-23525980,10.597929,2.1362047
SO-E0004855,6.5896993,5.1014237
SW-60250424,7.8897786,2.4739213
SW-Z1530101,6.96289,4.26766
SW-81290191,1.8355511,4.146959
NW-RSN0811,7.8781137,5.5377526
NE-49100430,4.0204225,1.4694257
SW-E2020100,6.323882,3.9962442
TH-RSN1710,9.703297,-0.47646993
SW-E8000400,5.5012784,0.8398314
NW-88006348,4.269968,-0.2593715
MD-30696580,3.8148127,1.4735267
MD-SSN0684,6.9484873,1.3241963
NW-88003109,7.403531,4.852192
AN-RSN1753,11.238219,2.0700307
NE-49800230,3.4083333,2.0815444
SW-50320520,6.8932385,3.456004
SW-81201180,0.3252687,2.1904087
SW-SSN0484,2.5854745,5.1543946
SO-E0001604,4.59565,4.189135
AN-22M25,10.005206,3.9243321
NW-88024627,9.131843,3.7328017
AN-DSTETFRD,6.5967164,-1.3023018
SW-70722202,4.7868786,2.886293
AN-CL0230,8.474982,2.1448328
MD-51729020,5.244226,-0.59438944
TH-RSN2185,8.538737,5.6333127
SO-F0003056,9.019779,4.2805963
MD-22686360,5.7768016,1.5911127
NW-RSN1776,2.6754556,0.037373316
SW-81310296,0.57391876,5.456849
NE-49705101,-0.2970847,2.7556612
TH-PWRR0023,7.1895065,-0.805585
MD-23314180,10.869597,1.7089608
NW-88004467,1.4178469,4.6966066
AN-CALD5,6.996724,3.1743326
MD-70479750,8.274711,0.960453
MD-18506530,7.397437,-0.274888
NE-49301299,6.227315,3.3688998
NE-49000498,1.2076007,2.7673743
AN-PASE1,11.379091,1.9532356
AN-SPRA090S,5.207348,2.0428374
SW-RSN1663,2.6177003,3.8604636
SW-81950814,2.1600993,5.216204
SW-RSN0791,4.0652914,2.9712887
SW-70813312,3.7360437,3.8114636
SW-RSN1291,-0.5637169,5.1941566
NW-88006290,1.8281169,-0.0001229534
MD-51214030,7.7849727,3.2464063
NW-SSN0738,-0.016276764,5.113329
SW-RSN1015,2.9046886,5.1119466
MD-39067750,10.811951,0.93818295
AN-GTHORPBR,7.369512,3.8817492
NE-49500136,3.0091822,0.060737927
SW-81610447,1.0669723,5.3626328
SW-Z3110110,5.8696756,-0.7455496
AN-WAITHBCK,8.537212,-0.7119031
AN-GREN040G,10.756826,2.7146437
MD-38639980,10.865079,0.92124265
SW-RSN0263,3.0215776,3.1094735
MD-56423140,3.8354468,3.349127
SW-RSN0835,1.8541498,4.7259517
MD-46678100,9.960582,1.0397172
MD-09443030,8.165566,2.2459552
SW-RSN1605,7.1638594,3.8601797
NW-88003823,2.1747482,3.8270059
NW-88003084,3.8718522,4.139681
MD-24588380,6.7286882,0.008985169
SW-81930961,0.23191395,5.3401575
MD-23901180,4.544076,0.08234875
SW-60270239,6.1334734,1.6311729
MD-47679360,6.4960265,1.0367944
SW-50588888,3.9774513,2.7562544
NW-88002169,1.4579616,2.2671287
MD-RSN1138,5.4834247,0.08860076
SW-82010192,2.9113834,5.115804
NE-49105135,7.9939017,-0.78926057
SW-82518180,3.7176328,3.1463163
MD-59715620,8.023155,0.7156217
SO-G0003983,4.4911766,4.6776958
TH-RSN0850,7.202768,1.6195327
NE-49200303,7.2432117,1.1007266
NW-RSN1271,-0.59489226,5.076129
SW-72930819,1.5652666,3.5300815
NW-88010172,8.097265,5.3464327
NW-88000770,4.379185,2.77271
AN-37M29,9.220704,-0.98220766
AN-RSN1574,6.964547,2.0957017
SW-RSN0915,-0.0044047036,5.4518633
NW-RSN1699,6.372866,1.3777896
AN-GLEN140S,10.951721,1.3541892
NE-41000391,0.58537954,0.5276777
SW-82110801,1.3957539,5.422268
SW-SSN1304,0.63971746,5.590365
TH-PTAR0030,9.251857,1.4847463
AN-42M24,7.5180273,2.8969789
MD-56091300,1.9622207,2.4387186
SO-RSN1261,9.341216,-0.4117631
NW-88006214,4.183146,0.8775269
NE-49300174,3.9842746,0.91803265
SW-81512108,1.6248099,5.0542655
SW-RSN0679,3.0790014,1.7092965
NW-88023205,0.5870237,0.6824239
NW-RSN2047,0.8511532,0.9904796
AN-58M02,7.37731,2.7615862
NE-49600493,0.9205305,0.9351694
NW-88000854,9.289104,2.713093
MD-16375060,5.2372212,0.3599237
MD-48646180,5.188776,0.9548791
MD-RSN1650,4.69757,2.7601821
NE-49301340,2.1112173,1.221319
TH-PCNR0023,6.655814,0.80611587
SW-82410249,2.964903,4.6556363
SW-91210127,1.0528522,3.1062899
SW-70523330,6.2527413,2.6428883
SW-70531507,3.579528,2.0249321
MD-47588050,7.3602095,1.2691277
MD-38702007,10.368718,1.0576527
NE-49301589,2.3410783,2.322258
NE-49401003,3.6004086,0.8314248
NE-RSN2276,0.4094739,3.13759
AN-WITH2,9.994879,0.13617437
AN-17M02,9.202261,2.9128518
AN-BT0112,7.8583198,0.7556898
SW-81211237,3.2092712,3.4373617
NE-49400411,9.289481,2.6034093
SW-81271502,1.0679685,2.9630153
NW-88000705,9.075957,1.9845561
SW-82712765,2.6074536,3.4690192
MD-11559580,6.222893,1.8511803
SW-81950514,0.69574463,5.555733
AN-RSN0069,9.56656,-0.37839365
MD-RSN0119,1.2435318,2.6715846
AN-BX0126,9.172744,2.0184379
SW-A1260305,5.2599263,2.8153746
NW-88003561,4.946792,1.9137112
SW-60010055,8.185923,4.6757364
NW-88002563,9.377947,2.54531
MD-RSN0378,5.6360183,2.2057133
MD-RSN2142,4.9256105,0.38228324
MD-59714150,8.144609,1.1675816
SW-70722402,2.1193259,2.466734
NW-88003952,3.3036735,0.7010631
SW-73020802,2.148928,2.784582
AN-RSN1917,3.6145647,-0.4304349
SW-81522703,1.878777,4.8179507
NE-49600021,7.645532,-0.6360491
NE-49301657,1.1391314,2.6567123
NE-49905160,1.6268939,1.9248356
MD-42310155,9.260466,2.0127208
AN-WD0840,7.1744924,1.627569
NE-49600472,6.911067,-0.5387539
AN-15M03,7.397307,1.8130459
NW-RSN1927,3.925092,3.1855283
NE-SSN0486,2.7530477,3.834139
SO-E0001382,8.228476,5.1886935
SW-RSN1567,1.7119341,3.9189901
NW-88002457,5.0849905,2.6281686
SO-RSN1269,6.7200203,4.837464
MD-RSN0724,11.235735,1.3947256
AN-NENE550W,9.551279,1.1280851
TH-PTHR0029,9.079366,1.8984677
SO-F0017554,8.226958,5.7142816
MD-10929790,7.313431,0.7782085
MD-RSN1212,9.82015,1.0067844
MD-RSN1588,6.5771694,-0.21049885
AN-SABR100A,9.609741,0.28038734
AN-WEN175,7.540903,-0.051092792
SO-SSN0503,8.551414,1.052677
MD-SSN1455,5.314763,4.077903
TH-RSN1665,0.06556201,5.405809
TH-PUTR0002,7.2123876,0.2715272
NW-88005003,0.6995459,2.7626145
SW-60110147,2.6407046,0.8032977
TH-PLER0152,10.899096,1.622757
AN-RSN0597,9.069033,2.7488487
NE-RSN2336,-0.07340438,4.8853707
AN-61M02,9.8342,-0.01849754
NW-SSN0666,8.117348,5.6083555
SW-82010139,2.024575,5.342505
SO-E0000815,10.05029,2.1193705
MD-SSN1464,4.4183903,0.7221807
MD-50913080,8.335433,5.7263665
MD-25029400,9.650344,0.8634861
NE-49200288,9.825828,1.8768228
SW-82710970,2.6513076,3.7487526
AN-WFCW1,9.157134,2.0580719
TH-RSN0482,6.8547893,-1.5342345
SW-60580150,6.662649,-0.38177508
SO-RSN1777,3.6852686,3.492368
NW-88022537,4.955774,3.792144
SW-E1002900,2.5047336,1.7353234
AN-DSBRIGG,11.486849,3.8564558
SO-Y0004512,4.264458,3.1628625
AN-THAM200L,9.405407,-0.05193177
NE-49300799,5.841743,1.5057745
AN-17M05,9.526063,1.078487
AN-RSN1593,10.976824,1.1997472
SW-E4061800,7.1764803,4.473899
MD-50306820,5.3998976,1.9444216
TH-RSN0514,9.3600445,4.3109913
MD-RSN0682,8.264606,0.039936457
MD-58248700,7.1390047,3.2963684
AN-HUN022,11.129886,1.749471
NE-49400426,5.0394673,2.0267267
NE-49700161,1.9148557,0.15682946
MD-49706690,1.7384847,0.43452132
SW-60030706,7.5961676,4.636682
MD-36753920,9.550422,2.095927
NE-SSN0685,4.07729,3.5374577
NW-88022067,5.8450656,3.593838
NW-88005800,4.0551896,-0.430004
NE-49905166,6.1015778,-0.1353364
NW-88004468,7.0501413,4.9156413
SW-81261180,0.28808796,5.2994366
AN-WHIL010P,3.708999,1.9828176
AN-ST14,8.775655,0.9034499
NE-49500042,5.229391,1.6116345
NW-88023950,4.033123,1.0740216
MD-03342560,6.302718,-0.08446945
SO-F0002911,4.6160765,2.7150123
AN-ALD020,7.8124657,4.452696
NE-49100259,9.089647,2.9275365
SW-82221891,2.142073,5.237141
MD-03933100,5.555833,0.45037526
NW-88001949,0.6401829,2.4678593
NE-49600485,7.491572,-1.3085561
SW-60010710,8.491205,0.20040828
NE-49505155,0.6713045,3.2270641
AN-USSWLBY,8.719451,-0.6503097
AN-RSN1504,9.612387,0.7182803
AN-GEAU7,9.286562,-0.37287202
TH-PWYR0015,7.9560137,0.98273546
SO-RSN2189,9.535388,1.719007
TH-RSN1994,7.248499,4.4209533
AN-LTH030,7.4125614,3.557482
MD-54515140,5.2684646,1.545977
NW-RSN2247,2.376895,0.45422924
NE-49301229,7.514093,4.5956597
NW-88000667,3.1021624,3.3722157
AN-WYVILLE,9.413114,-0.43271104
TH-PBVR0003,11.027595,2.5085387
SW-70240265,3.6127372,2.8426955
NE-49105207,6.104727,2.0340614
SW-82112177,1.2691557,5.413275
NW-88003085,3.535409,3.94847
NE-49301483,9.863144,3.272029
SW-81211235,3.9195464,3.2111106
AN-02M04,9.566871,-0.7171265
NE-49401031,3.3839202,-0.33933726
TH-POCR0006,9.948363,1.5754783
NW-88003870,6.0847983,2.7297647
NW-26345,6.7216196,1.913089
NW-88024271,5.6139107,2.123417
NW-88004582,0.3990799,2.521749
NE-49302261,-0.025778873,5.3055177
MD-60587380,10.74295,3.7428925
NW-88004530,-0.10942035,3.0740848
SW-70642153,-0.55896515,5.2005568
SW-A1260204,5.792193,2.5581563
AN-WAV050,7.3410635,2.2305274
MD-59009850,10.464122,2.6665246
AN-RSN1966,9.295324,-0.05185118
SW-E3061100,7.0086813,3.2443862
SW-81810168,1.2396721,4.8526273
MD-36731820,9.134822,0.9260632
SW-70621805,5.388547,2.4777298
NE-49302347,5.819175,2.1474857
SW-72930813,1.5638928,3.8488975
MD-03959430,5.794588,1.0097737
SW-81951564,1.5104333,4.9168296
AN-ECTON2,11.23296,2.280193
MD-46260200,9.139277,1.8160439
MD-04793640,10.05167,1.860914
SW-RSN1858,6.7796273,1.5537398
NW-88003503,2.964023,0.18898782
NE-49905181,1.8335804,0.9038659
AN-32M04,10.89579,3.0072699
MD-25032420,9.772111,1.1621065
SW-60031100,7.5953145,4.6925898
SO-G0003625,5.105474,0.90832597
NW-88002656,5.465551,4.177649
MD-47934440,6.89211,2.0944269
MD-49121100,10.184956,1.3184245
NW-88003498,2.7745776,-0.03708467
SO-Y0004320,5.4577003,1.4364117
NE-49000684,0.0019320572,5.310775
AN-TRIBLUD,10.215972,-0.03459495
AN-MD0260,8.83306,3.7464035
AN-SSN1371,4.0544796,2.1083734
AN-RSN0369,10.562111,0.79364365
AN-GEAU1,9.264692,-0.47296807
NW-88002551,5.0912466,2.7606285
NE-49705094,2.7008061,0.7231225
SW-70523364,5.7099624,1.8715218
SW-RSN0707,1.144023,2.8156998
NE-49302053,4.939802,1.9686118
NW-88004084,6.0534873,1.8013804
AN-WEN219,8.185062,2.2195585
MD-44205010,9.501885,3.3177636
MD-RSN2066,7.898559,0.8751921
NW-88002380,9.263318,2.0538516
SO-E0001250,9.493343,1.8241858
NE-49505169,0.25308895,0.42587507
NW-RSN0779,4.1543984,2.5895653
SW-70531279,2.3461301,3.1274443
NW-88005621,0.19139639,3.3911707
SW-Z4170234,7.7086644,0.86424595
SW-70811777,4.8111734,3.1143606
AN-NENE020N,5.682011,-0.72873133
AN-YAR050,7.320451,1.1320459
SO-G0017493,0.41044894,0.3282592
AN-RSN1914,10.6809435,0.42369077
SW-70570190,1.3960673,2.4559767
AN-35M16,6.9553423,3.0609708
NW-88000600,9.256582,3.259089
AN-FOSC1,8.00907,4.3173294
NW-88002455,3.9636889,0.50854206
NE-49400710,4.872133,1.9483986
MD-59396900,9.19704,2.971956
SW-70424011,2.3149672,1.1409761
MD-40415330,8.432937,-0.6625936
NE-49301894,0.46653327,1.9562197
MD-43533250,10.161141,0.11835223
AN-ST1440,11.118052,3.3345745
MD-36787260,5.692157,2.0568643
SW-81110335,4.990745,3.2027323
SW-50231121,7.6297717,0.45219842
AN-SLAD120P,7.28917,1.1860361
MD-58662210,5.396113,4.2736692
AN-RSN0558,10.097977,1.9389343
SW-RSN1637,8.331362,1.4723307
SO-E0001784,11.026921,1.9104829
AN-GWSH030K,4.36439,-0.15662295
MD-C0000085,8.954419,-0.5036
SO-G0006979,8.240308,5.716166
SW-81916020,1.9225217,5.373752
NW-88005835,3.440695,2.2763438
TH-POCR0001,9.445436,2.4020712
SO-E0001681,6.983263,4.8105664
TH-PCNR0246,7.772477,1.9876179
MD-36899020,9.249489,1.5460067
NE-49105208,8.369522,3.6373804
AN-33M09,10.722864,1.5727015
NE-49500622,1.2920868,2.820603
MD-RSN2266,5.2843394,1.005922
NE-49300732,8.124897,-0.87126815
MD-47679040,5.7965894,1.6926414
SO-F0003326,9.430055,4.1072307
NW-88024637,1.5432235,0.76122487
AN-NTBK115H,9.056725,0.67917186
MD-RSN0714,8.055406,2.9533708
MD-39827430,4.6021276,3.6163895
SW-E4003200,6.552362,1.3248291
MD-46301150,6.5538864,3.268631
SW-73210606,0.6991093,1.1951754
AN-MILLHOUS,9.756867,-0.40263355
SO-E0001379,9.915127,3.8588638
NW-88001849,-0.18853548,2.361171
NE-RSN1048,6.9548197,2.5698957
SO-RSN2109,2.732215,4.2480874
NW-88002591,4.561505,1.6538901
MD-RSN0586,4.8886514,0.0074912426
NW-88003508,3.243559,1.7584516
NW-88004435,2.1433349,0.8207141
SW-81020826,0.9984611,4.6978664
MD-44206000,9.658466,3.8673398
NW-88025770,3.7292564,4.348416
AN-48M07,9.384122,0.79041857
NE-49405122,-0.25397164,2.5761905
NW-88000744,3.573334,4.386905
NE-49905185,4.8609867,1.5825527
SO-E0007232,7.4741545,0.100363605
TH-PLER0051,8.3590555,5.085675
MD-77938820,4.9398527,1.6326346
SW-72930270,1.8399976,4.2549915
SW-72911944,2.18929,2.0008192
MD-24265200,6.939042,-0.49149013
MD-03696450,7.5403004,1.6465842
SW-91241172,4.4258413,2.8758829
MD-RSN0330,4.210321,-0.30986437
MD-00041180,4.5889273,3.500832
TH-PUTR0080,9.673188,1.3261199
MD-70263400,6.623372,3.3613813
NW-88003480,4.794958,1.6035051
NE-49500656,0.6505694,1.2846522
SW-Z2040103,5.986357,1.8640764
NE-49700248,1.3395557,1.9454067
NE-49000683,0.015357817,4.530992
NW-88023957,6.4353924,4.0054154
NW-RSN0220,2.556185,1.0768386
NE-49400334,1.6055046,0.4872322
NW-88024629,8.453528,5.661386
SW-60226800,7.6521916,2.7145655
SW-Z1012323,7.6971545,0.33092725
NW-88003971,3.326849,0.73047185
SW-70581085,2.03727,3.7858002
NE-49301634,1.5618339,1.9311681
AN-DEB026,8.244761,4.0740747
AN-RSN1926,6.4918637,3.514619
MD-50048,6.003058,2.1876295
NW-88003529,2.270132,0.7571129
SW-70220169,5.0883956,2.434277
NW-88010151,2.856689,-0.15567967
AN-DOV060,8.269736,4.4604077
SW-70570115,1.8601375,2.3754241
AN-WELL080G,6.07562,2.2574818
NW-88023164,1.1865015,0.9622426
NW-SSN1286,4.249973,3.3532767
NE-49400624,5.297332,0.35664806
MD-05348780,8.573974,1.7777021
SO-F0017550,5.424944,4.232913
NW-RSN0911,0.71628356,0.4447028
MD-59008500,10.046884,3.4028718
NE-49000021,1.0324384,1.9939802
SW-81810602,2.958376,4.7941084
NW-88006266,3.410745,1.9793501
AN-10M01,7.351688,0.19095346
SW-70720238,1.1973321,1.6879975
AN-WILL050B,8.580066,1.6685227
NW-88023720,4.7063165,2.867421
SW-RSN0317,8.088854,4.8379016
MD-11973120,6.3515954,1.2707044
NW-88002581,5.2416263,1.8387394
TH-PTAR0003,6.3623915,2.7608523
SW-81310217,3.365842,4.0294886
NW-88002491,9.5016775,2.2717848
MD-39480020,10.08709,0.8952805
SW-60031962,6.1677327,0.56278735
SW-RSN0669,8.495378,0.46387577
SW-60270624,9.372732,2.3036337
AN-BUR020,7.5466824,-0.1604361
MD-07252100,7.934639,1.0188605
NW-RSN2218,9.740126,1.8669171
TH-SSN0655,8.0420265,5.0232663
SO-E0001645,4.82431,2.2782714
MD-02847960,8.363762,1.3382013
NE-49000488,0.7200465,2.1789966
MD-RSN1214,9.433127,2.8654084
MD-56091580,1.8070378,2.1173358
NE-49000501,0.37123206,3.3045824
NW-88002228,1.608044,2.344881
SW-50570145,7.5924654,-0.008053594
MD-SSN1505,10.634506,0.25989014
AN-01M02,6.4394436,1.9536254
SO-G0006945,4.232134,4.0499005
AN-ANT080,8.069945,5.4474998
NE-SSN1453,2.458377,0.8239379
NW-88005653,0.7828004,1.1868023
SO-SSN1326,1.1741261,5.197014
NW-88025771,2.6715176,1.0170513
NE-RSN1272,0.48724312,1.2247139
AN-ST1370,6.286417,-0.6900949
SW-RSN2055,2.7807038,3.2819924
NW-88005790,3.6775012,0.011058754
TH-POCR0010,10.773686,2.9945977
SW-50540108,6.887208,1.7943554
SO-G0006273,8.555751,-0.2338238
NW-88006339,5.1592093,1.7724891
SW-50020113,2.8441925,3.173879
MD-20670900,6.2530427,2.7947843
SW-70571461,0.6772251,2.3231096
AN-45M03,8.698287,1.9295646
MD-54519100,4.5903153,0.15382579
SW-81120275,0.21599227,4.567408
AN-44M02,10.859872,2.17948
AN-MOORDRSH,5.8430614,2.9616768
NW-88005627,-0.11111995,1.8055668
NE-49302155,0.16528337,0.42736974
NE-49200281,10.063765,-0.13687001
SW-82010111,2.8394258,4.6110516
AN-41M08,7.492241,0.15858929
AN-WELL400D,9.412192,1.8178033
SW-81940908,2.63734,4.623175
AN-ST05,7.5821686,0.25345927
SW-A0340317,5.8821516,0.39568794
TH-PCNR0184,9.110211,-0.24372637
TH-PTAR0020,10.494989,2.6206954
AN-03M23,6.9016933,-0.9301615
SW-E4004500,8.978501,2.439259
SW-50310289,3.347504,1.4601904
NW-88001912,2.0517066,0.83801156
SW-81231702,2.395912,4.2199707
MD-RSN1822,8.743238,-0.20609772
NE-49301715,11.050385,3.3901858
SW-70420229,2.6299741,1.6395707
NE-49400722,5.6642466,2.7285607
MD-13321140,6.55515,1.2935449
AN-52M19,10.626182,3.946369
AN-SEATONBK,6.5031147,0.68496567
SW-50580145,7.92341,1.1107664
SW-60500203,1.7343899,2.4218762
NE-49600019,6.8913517,4.1676397
NW-88025790,9.40794,3.6778543
MD-37644930,9.59465,3.970575
SW-E1111800,5.020466,0.78925055
NW-88023030,0.70891637,0.49454713
SW-RSN0531,3.776212,4.3279557
AN-WEN200,7.6163754,1.2729325
SW-82310520,2.4266348,5.3537393
MD-44590020,8.196546,2.3475056
MD-36791050,5.1817613,3.2845356
AN-FRES4,9.775857,0.45798162
SW-72932015,1.9126935,4.944712
SW-81930101,2.363882,5.2663536
SW-SSN1364,1.3317913,4.0449824
MD-28291180,8.750103,2.1768432
AN-SHIREDR3,8.50991,5.5639462
NW-88004595,1.9857318,1.7009805
NE-49800044,10.371077,3.0418384
SW-72932053,2.6688414,4.412484
AN-HD01,9.709749,1.8346822
AN-NKILLMDD,9.386771,4.711715
NE-RSN0500,4.962293,3.3340962
MD-36951020,9.591345,3.7910156
SW-60032810,6.905416,-0.030452704
NE-49600175,1.8687472,0.38109893
NE-49305352,0.03796331,5.3925385
AN-LTH008,7.9752684,3.231388
AN-BAIN3,8.174204,-0.33355826
SW-82410525,3.3247647,3.458267
NE-49600122,10.918376,0.9699221
SO-F0002024,7.5454054,4.9427924
NW-88001857,2.2169955,1.5523621
MD-RSN0468,10.305342,3.9214597
AN-13M03,7.508126,1.3955665
SO-Y0004521,3.5409253,4.077462
SW-70720277,0.5274614,4.196278
MD-30895240,4.791886,-0.36427552
TH-PUTR0144,6.490958,1.4164116
SW-82010191,2.8650293,4.8018947
SW-70557413,2.470473,2.8449886
SO-F0002028,10.88557,2.8718154
SW-RSN0267,3.4166572,4.044726
NE-49600492,2.9832315,3.4015489
NE-49800095,3.614335,3.3802373
SW-RSN0967,0.31172192,1.9992872
SW-81940415,2.513058,4.3813305
NW-88023165,0.09859831,0.5159482
MD-58248430,7.385039,3.4547846
MD-43558260,6.793845,1.4669404
SW-E1200700,2.4401803,2.7292228
AN-BRN005,10.538774,0.6770592
SW-81241110,0.67176133,4.4106264
NW-RSN1620,6.3532,2.103286
SW-70231937,3.4926138,3.9044008
SO-F0002067,2.310216,4.3132243
MD-04796150,10.21294,2.0841858
NE-49505167,7.40447,2.532639
AN-BLY009,6.9305143,4.447053
MD-48940560,8.925356,2.7370298
SW-Z9400101,6.5767417,0.989966
MD-06508480,7.116544,1.2040641
SW-73031005,1.4456834,3.1810977
SW-RSN0026,7.6609898,3.1761982
AN-TILL4,8.600298,-0.8900662
NE-49600449,0.42565793,0.5003038
AN-BR0150,10.7773075,1.5941714
SW-70920131,2.1834714,4.6153855
SO-Y0004390,0.42312345,0.35540292
NE-RSN1156,2.575482,2.0562978
SW-Z2030401,5.716621,0.68735707
AN-04M17,9.059173,0.76684916
SW-91212509,1.9574755,4.2149873
SW-RSN1027,1.7472285,3.5878003
MD-07424580,6.4642415,0.7104312
MD-51314420,9.502102,2.7472014
NW-88000673,4.9854403,0.93467724
SW-SSN1492,4.068962,2.4455776
AN-RSN2257,6.6580644,0.2818718
AN-16M15,10.185971,2.807538
NW-88024211,3.1416504,4.7202754
NE-49700003,1.1929507,0.90631765
NW-RSN1559,-0.3430987,5.0553193
MD-64501800,4.211397,1.1017486
TH-PUTR0040,7.488702,1.1736542
TH-PWER0006,4.907241,4.094385
SW-70581021,1.0635089,2.249804
SW-60270327,8.394989,5.2623487
AN-WOOT100M,6.8748713,3.0634704
NE-49301486,4.1648498,0.57164323
AN-LUDO4,9.739246,0.296211
SW-82110924,2.3465176,5.1886854
NE-49300013,0.76961476,1.3284262
MD-24585380,7.1792197,-0.43480656
NW-88003533,1.9637947,0.71618253
NE-49300585,8.026644,5.4207706
SO-E0001760,4.069499,3.455156
NE-49200003,8.411206,-0.8514331
SO-G0004243,7.8312397,-0.21589307
SW-SSN0500,3.4516745,4.5770965
NW-88002110,2.4629102,2.3685815
AN-RSN1198,8.420221,1.1478558
NW-88025765,5.0247064,4.640321
NW-88001964,2.652107,3.1542726
SW-RSN1035,0.7000919,3.6763408
AN-WAV040,7.9736257,4.5244255
MD-36777880,9.752992,2.0749218
NW-88023694,9.9270735,2.9424517
MD-12385020,6.1582036,1.928052
MD-61644950,5.478707,1.9466141
SO-SSN1399,8.0708,5.4703903
SW-SSN0712,0.7360572,5.544369
SW-81281991,1.4887046,4.5327353
MD-18505180,7.459804,1.2954451
MD-59010410,10.449483,2.8356206
TH-PLER0081,10.57899,1.6854521
AN-YAR070,6.3509536,0.114380695
SW-SSN0200,1.0307604,4.9163804
AN-CRIG4,7.3560348,-0.75060457
SW-50220854,8.41557,-0.30342144
MD-43532250,9.455962,0.014201227
MD-25925300,4.7640705,0.53419894
AN-BILC050C,8.1513405,3.1339536
AN-21M06,7.17433,2.6144595
NE-49301705,4.9207363,2.081005
NW-88002540,10.7467985,3.4355302
NE-49300011,0.31124192,3.2202485
MD-58472140,8.191364,2.296757
NE-RSN1128,8.546708,4.326385
SO-E0000556,3.7821019,3.9187193
NE-49905169,5.100726,1.5209788
SW-E4180700,5.6749067,1.3869319
SW-82312337,1.9551544,5.0974255
NW-RSN0459,-0.59153616,5.122103
AN-BT0300,7.909643,2.9577458
MD-59015550,8.666801,2.9183595
AN-WILS070D,10.948706,1.586301
TH-PTAR0028,7.6343813,3.2806437
MD-59000500,10.290742,2.6379504
TH-PUTR0096,8.212934,2.4546957
SW-82211940,4.541834,2.593868
NE-49400992,3.0656338,2.294293
NW-88024214,10.717582,2.6697373
AN-04M06,9.313899,1.2980808
TH-PLDR0004,8.246342,4.2574015
MD-48939750,10.12773,2.5522764
SO-E0001555,3.4686174,3.4377198
SW-91221702,1.9929204,4.5182796
MD-11581920,6.4102736,2.0142012
SW-RSN1659,0.06607368,5.3605075
TH-PRGR0001,8.87326,4.3710136
NW-88023187,0.82150835,3.0267162
MD-36761800,9.8855915,2.3905106
MD-C0000049,7.070773,2.267609
SW-E2032200,9.163096,1.8777679
NW-88003985,4.4012623,0.24473648
SW-81916610,5.1710773,2.1164927
AN-MOUL100M,8.489877,-0.82333004
SW-Z6540110,8.458445,1.0662395
AN-33M11,8.1854515,2.810801
SW-81950622,2.1022444,5.4037924
NE-49100406,8.780978,1.5635575
AN-STF070,6.6858277,0.3544168
AN-WILL130A,7.6612535,-1.2476442
SW-E3170200,6.9265842,3.1863332
NE-49301640,0.23545092,2.257536
NW-88002873,4.862968,3.343428
AN-NENE080D,8.940797,1.306225
NE-49600029,7.0093203,1.9741105
SW-RSN1683,3.5110514,1.5479853
NE-SSN0726,2.2888446,0.26214492
TH-PTAR0058,6.647491,3.5835702
SW-SSN1440,1.9165647,2.3257968
MD-11053760,6.928107,2.752454
TH-PUTR0104,8.502758,0.6708156
NW-88000641,9.413455,-0.0048902514
MD-59729350,6.2618046,-0.12424079
NW-88006467,0.8310689,0.5495144
SW-E8301300,6.8417997,3.0844724
MD-43847350,10.26408,-0.15149239
SO-F0017547,6.4325504,4.8923492
SW-82010200,10.608595,3.086386
NW-88005837,3.5572104,2.3026521
MD-20368540,2.3510787,1.8888953
NW-88024206,1.1251649,5.3897977
SW-82210112,2.8777783,5.330849
NW-88006296,1.4293318,0.19317254
NW-88000696,6.360166,0.90809286
SW-70230122,4.973158,0.83107865
MD-C0000067,3.6012123,0.44667658
SO-SSN1438,8.632254,2.8257878
NW-RSN0923,4.0909224,3.1499813
MD-52219100,1.0397846,1.2487518
SW-50250291,7.885082,0.49805817
SW-E1382300,7.064684,-0.36136734
MD-55632050,6.2164803,1.9303615
AN-DORRDYKE,7.3526897,3.115126
NW-88003465,2.660953,0.87500733
SO-Y0004344,5.057944,3.6985013
SW-Z5012850,4.5497055,0.8898997
SW-72940158,2.0538938,4.591243
AN-DEB010,8.562828,-1.4275056
MD-11570240,7.5189033,0.58141726
MD-RSN1644,10.242634,0.22281267
TH-PRTS0650,9.472496,2.302131
SO-G0006904,0.9053624,1.6267309
SW-Z4180101,7.3245296,-0.34742755
NE-49600476,8.188577,-0.36167607
NE-49105248,9.234683,1.2646476
SW-82710806,2.8492217,4.054615
NW-88004577,-0.13663599,2.720686
NE-RSN1972,2.7254193,2.0008483
SW-70540155,2.3728182,2.8265169
NW-88002855,9.949498,2.1911712
NW-88022118,0.11069892,4.7116327
SW-RSN0003,0.04198264,5.1179323
AN-RAAR060S,4.4705315,3.4357173
MD-12616020,7.964726,3.663946
AN-45M04,8.464517,-0.14928605
TH-PCHR0098,8.325487,-0.71438646
MD-49221140,9.977688,1.3828412
AN-30M02,10.913441,1.224949
MD-51214395,10.528413,3.381811
MD-48865100,5.085641,0.97540665
NW-RSN0715,1.6760914,2.207309
NW-88003137,5.0252237,2.8430448
NW-88003991,2.7195134,0.043892197
AN-METHBKDS,10.47731,2.5177977
SO-E0000616,9.58633,3.7795098
SW-70581172,0.44301733,3.3495927
SO-E0001581,1.9251188,3.9488502
SW-81950636,2.1338694,5.4623766
NW-88003849,4.3910522,1.1420612
MD-36701570,8.724791,-0.102597095
MD-18990850,5.406927,0.11285323
NE-49400277,9.349598,1.9646515
MD-36751680,9.270188,1.8879489
AN-WATA100A,7.032577,-1.576873
NW-RSN1964,4.9088907,3.5612812
NW-88002239,4.165622,1.1745845
AN-48M03,9.10388,0.6966014
NW-RSN1231,0.49803728,2.335775
MD-28571000,10.357641,1.5749321
AN-NETL5,9.252491,4.807499
TH-PTAR0034,9.36556,2.5520332
SW-E1491200,5.675022,0.28475475
NW-88000675,10.853547,3.8983364
MD-03696180,8.262017,4.318447
MD-06114240,7.2024264,1.8978162
SW-72940612,1.5980184,1.5250826
AN-53M04,8.467021,2.8182478
MD-29995950,6.4346633,2.1332312
TH-PRTS0652,7.94278,0.6424888
AN-37M11,8.875863,2.0401356
MD-61473180,8.693039,0.92389435
NW-SSN1349,2.793576,1.2231926
SW-RSN1627,5.865684,1.8333569
NW-88010534,7.118788,4.47091
NE-49000489,0.95877844,3.0355015
SO-E0000531,4.3139644,3.6985662
MD-51214950,4.6461024,0.5991657
SW-82521250,2.5302627,5.2255406
TH-RSN0321,10.014155,1.4230632
NW-88003427,1.3974541,-0.05108384
MD-29007200,10.687684,3.0056
SW-81411404,3.4961612,2.4686038
SW-60251400,8.272958,2.9401839
AN-LEAU3,9.332461,1.6428226
TH-PLER0151,10.440603,1.26503
NE-49800247,7.0283103,1.2846644
MD-41516360,8.349586,5.7101483
SW-SSN0740,2.5793605,5.1373878
SW-RSN0554,4.1087837,0.6039922
SO-G0006935,9.255231,4.707109
NW-88005573,0.14978102,0.48223767
AN-WEN140,9.418438,1.388787
NW-88019829,2.8128462,3.0441868
SO-E0000811,8.997869,2.3394308
TH-PWER0018,3.5668883,2.5868337
AN-FILLBECK,8.742926,-0.43975702
AN-GL0110,9.394716,1.762553
SW-82510139,3.559465,4.3586183
MD-00026230,5.052997,2.502134
NW-RSN1511,0.008885325,5.3352375
AN-27M26,9.37103,1.3420532
NW-88000793,9.338726,1.8513105
MD-37525590,6.951811,-0.12628466
NE-49700166,4.5665865,1.1273681
SO-E0000779,9.491333,3.010985
AN-ORE030,9.052325,3.0698705
SO-E0001479,7.025176,4.976337
SO-G0006527,4.249789,2.8617306
MD-01502050,4.2677083,-0.38638794
SO-E0000940,2.2742152,4.5801024
MD-73957350,8.044191,3.1257346
SO-E0001339,8.802757,3.763539
SO-RSN1189,7.8756003,2.0903578
SW-E1007700,6.6388717,0.74714893
AN-INGMDR01,7.6355658,3.5712175
NW-88002574,5.1478157,2.735124
AN-USTICKNY,7.6865916,0.9635003
NW-88025805,1.325564,5.2431355
SO-F0003181,4.1733203,3.1684823
AN-RSN0814,6.446925,-0.4403588
AN-ALD030,8.182738,2.9883435
SO-F0002585,5.006856,3.218964
TH-PKER0081,5.407625,4.2516913
SW-SSN0180,3.5534635,3.703686
AN-65M02,10.840347,0.9084407
NW-88023678,2.4676614,1.0925826
TH-SSN1427,7.6753836,1.151075
MD-25088745,9.045577,0.8176539
MD-SSN0044,5.9403048,0.4153981
MD-19358420,4.7412353,2.639738
NW-88024604,6.9477572,4.498729
AN-RSN1934,7.9254923,3.4296997
SW-82210145,2.7741573,5.3941984
SO-G0003943,8.292417,0.19557752
NE-49400595,3.0325792,-0.28850922
SW-Z2030310,5.662156,0.6033709
SO-RSN1545,1.3361244,5.2110543
SW-50341150,9.791066,3.5284033
AN-27M29,8.059216,3.6856513
SO-G0003996,4.501611,3.337268
SW-50580114,6.4595394,5.041427
AN-ECTON1,11.177483,2.4513397
AN-BRAM060B,8.955461,-0.2951182
SW-81201350,0.7214961,1.976406
NW-88005081,1.0445507,4.0790854
MD-25070020,8.878239,1.0354834
TH-PUTR0097,8.096304,2.9069626
MD-43972250,11.579698,3.9098969
MD-11238740,5.2758436,2.4573658
SW-E4141700,5.6517534,2.784738
MD-RSN2002,9.2438545,1.4641106
NE-49905243,0.05030283,1.0278064
SW-72934639,2.0267658,4.5176454
AN-20M24,8.219885,0.45892805
TH-PTAR0100,10.547431,2.1029816
SO-F0002899,4.561236,2.9184742
SW-E4061400,5.4138412,0.14273953
SW-Z1012008,7.7648153,0.7294162
AN-CL07,10.583407,2.967495
NE-41000383,0.012228177,0.8757937
NW-88004552,1.9023653,4.0388703
MD-46388050,9.875976,0.86421907
AN-SLEA2,10.627182,0.6178058
NE-41000051,1.0479904,1.581272
SO-F0003019,6.798441,4.1428385
MD-06109220,8.317125,2.0546706
AN-SCOT03,8.592456,-0.81168675
AN-STLODET1,9.233153,3.2007563
NW-RSN1615,-0.6031314,5.185445
NE-49500510,2.190372,2.5353668
SO-F0002568,6.9320593,4.818306
AN-TUD010,6.911447,-0.1657461
TH-PWER0014,4.867367,3.6819544
SW-A4070201,6.1834097,1.556335
NE-49000784,7.3012905,-0.8245231
AN-WILS040W,11.019284,1.6250243
TH-PKER0020,9.931329,1.8677092
NW-88023113,-0.15906113,2.6237464
MD-46048020,5.3935356,2.0725963
NW-88010167,7.858123,5.0749507
SW-60270787,8.043126,0.020492323
MD-52762070,2.5513258,0.28020513
MD-45781020,7.0272813,4.4629107
NW-88000626,5.5912023,2.854639
AN-WEN1905,7.7887053,0.79881346
AN-USSTOKAL,8.069854,0.07863851
SW-60010872,4.731489,0.7288854
NE-49200033,9.699564,-0.3213424
TH-PEVR0033,7.2175956,3.4874642
AN-WAV185,8.453511,4.9823747
MD-12828010,5.999666,0.40692142
AN-FARR1,10.939626,1.0584397
MD-SSN0687,9.506413,-0.00022140749
MD-50584150,4.263567,2.0365124
AN-37M07,7.9531684,1.8184752
NW-88022597,5.634431,2.5987165
MD-RSN0174,9.533605,1.6355978
SW-RSN2259,2.8820298,4.832502
MD-63292160,7.2025847,0.4164431
SW-70591774,2.365645,3.0748887
NW-88000664,9.484137,2.4858139
MD-RSN0100,9.172184,0.9010179
AN-RSN0868,8.477881,-0.2502398
AN-HARP140B,5.9388585,0.6098584
AN-CD0125,9.16786,1.4226598
NW-88004374,1.2368981,1.94921
NE-49700405,4.2456436,2.2146933
SW-81611105,0.90668404,5.3163037
SW-50050551,5.571396,2.7140849
SW-E8400700,6.9874744,3.3621526
NE-49000502,0.5947336,3.7996564
SW-Z1530105,7.704336,0.07881301
SW-82221813,2.4218144,5.272449
NE-49600458,6.16297,0.17525615
AN-12M23,8.643647,1.2847958
SW-60130005,6.3839793,0.7746078
NE-49300398,3.8013768,1.407573
TH-RSN0065,8.48589,-1.3633659
SO-E0001673,9.846134,3.0915887
AN-WELL280T,7.7276306,1.4729565
MD-11829620,10.093452,0.4131836
NW-RSN2208,3.0963519,3.0660014
NE-49000783,1.0982213,1.9797945
MD-13088020,7.043119,2.6393838
SW-A1260412,6.3338475,3.7709527
SW-Z9370428,7.835215,-0.046172634
NE-49603066,4.809267,-0.059968475
MD-28512180,9.659767,0.7768731
MD-30101980,4.395228,3.0763705
NW-88002775,1.4695387,0.7698974
NW-88005179,2.7102492,4.134964
AN-08M01,9.370762,2.340106
AN-WEN256A,7.7232018,2.222529
SW-Z3120106,6.67915,1.7506822
SW-70531646,6.899386,-1.2568796
MD-40782150,10.416849,2.3337693
MD-11054620,6.6868224,2.6296444
NW-88006314,0.0675247,0.961081
NE-49400545,3.255731,1.2533131
MD-51775107,4.9961576,0.50885576
SW-50450320,7.6844482,5.621358
NE-49301600,10.322115,3.1494694
NE-SSN1285,1.8015517,4.222238
SW-70512058,5.3305545,2.0359802
NW-88002586,9.983928,2.988035
AN-NRTHCAR,8.629721,4.7831492
SO-E0000638,3.5199735,3.6013553
NE-49400343,3.741614,-0.06726026
MD-78892030,6.4681144,3.2432833
NE-49600479,4.457565,-0.33120254
AN-SHMD110T,7.6446686,3.5588923
NE-49100285,9.48353,-0.7540019
AN-WEN010,8.755862,2.4469795
SW-70622002,2.3919823,3.0806024
MD-38485600,8.795469,0.4639558
SW-82712204,2.62604,2.7581344
SW-RSN1599,8.36132,4.179997
SO-E0000737,7.7208357,1.6236118
NW-88010350,6.600212,1.8879277
MD-SSN0175,6.765523,1.4648255
NE-RSN0588,1.4391793,0.102833316
MD-09693110,7.744356,3.3713293
AN-58M44,7.971515,3.0012643
MD-14860360,6.1300936,-0.5138825
MD-07689420,5.6610217,1.1369427
NW-RSN1719,-0.5927842,5.103495
MD-11054320,7.8288865,4.149577
SW-RSN1573,6.5790954,0.23665802
NE-49800237,0.4638426,1.5446578
MD-28913240,9.885526,1.46323
AN-LEGSBECK,8.36125,-0.71662647
AN-RSN0158,9.718199,1.7973335
MD-28209580,10.765697,1.6068289
SO-E0000460,8.105933,1.1210518
TH-PWER0129,4.0036554,3.3532913
MD-29742140,3.1349564,1.2703948
NE-49300099,9.005362,1.901836
NW-88024244,0.88857305,3.4285626
MD-51147050,10.402459,3.376412
NW-88003093,0.4724376,0.40462506
SO-E0004848,10.043657,2.1833298
TH-PLER0125,8.876077,0.77199185
SW-SSN0676,1.0696392,5.3471313
AN-WEN123,6.4098735,3.1396084
TH-PTAR0038,5.6098595,-0.04561571
MD-64498240,5.0366764,1.1433713
NW-88003445,1.184324,1.959758
TH-PCHR0046,7.4429884,-1.5770568
TH-RSN1614,7.2773275,-0.34295923
SW-70641037,1.7028906,2.6161091
SO-F0002716,4.5177813,4.184397
SW-A4070102,5.954872,0.26970893
MD-51546180,2.1215618,1.4316914
NW-88004624,7.3032393,0.16432671
AN-NENE330U,7.3443,2.5713716
SO-G0004128,2.2278712,4.678137
TH-PCHR0070,8.578455,0.76330155
TH-POCR0019,6.956501,2.7297223
SO-RSN1021,8.3004055,1.0017434
SO-RSN0997,4.186252,4.509808
MD-23529780,9.540634,3.8655412
MD-RSN1558,5.361307,0.1289373
SW-RSN0403,2.5804913,4.8986006
SW-SSN0668,7.100144,3.2196374
TH-PUTR0227,7.0064697,0.72072
NW-88006202,3.5582201,-0.4045679
MD-66332580,11.177339,1.8665509
SW-81201460,0.32384887,2.0292044
SW-81522746,0.9000461,5.3243275
AN-MIN010,7.5952506,4.3457875
MD-38979050,10.398232,0.44178787
SW-Z1440101,11.344861,2.0235488
MD-12386140,9.724505,1.0233448
TH-PLDR0055,8.088133,2.0793781
SW-RSN0643,0.90812033,3.6081927
MD-23649420,11.011757,1.6346787
SW-81231155,-0.077774726,1.1094881
SW-70220535,2.3853588,3.1125188
AN-SSN1331,5.4963064,1.7129167
SW-50830105,4.1468153,-0.3654127
MD-43757100,7.799368,3.9761415
SO-F0017659,0.6737783,2.4801185
SW-Z8480235,5.6535773,0.5713793
AN-14M05,7.9527993,2.9095
NE-49105193,5.3755646,-0.33227715
NE-RSN2224,9.510536,-0.75323206
AN-SSN1315,10.428166,0.05593514
AN-GIP020,9.9597025,2.418795
SW-82610526,3.0253344,4.751827
NE-49200031,8.076014,2.9194102
AN-BUR150,6.179251,2.370179
AN-53M39,7.7254505,1.8256282
SW-RSN0883,7.6997104,1.986306
MD-61646060,6.0131283,1.5504836
NW-88003558,4.4541903,1.1385952
AN-MIDR100D,7.7252803,2.5219998
SW-61400270,5.616423,0.49830216
MD-RSN0938,8.395821,2.8927345
NE-49400230,8.296332,5.338408
SW-91241720,1.0796582,4.461249
SW-81930147,1.8930765,5.2174225
AN-30M21,10.686961,1.5085404
AN-59M08,7.0298533,4.482341
AN-SSN1363,7.069774,-0.84654754
NE-49100429,9.589371,1.6078824
MD-36747940,8.140625,5.613767
MD-RSN1946,5.851532,1.6027651
SW-RSN0599,2.0096798,1.6027937
MD-25329180,9.781484,1.413967
NW-88002848,4.4410357,3.6060846
NW-88025749,8.04507,5.595537
NW-88004022,1.6541525,1.7958513
SO-F0001981,3.5508957,3.688607
MD-RSN0426,7.081039,3.166983
SW-50250102,7.662433,-0.3859887
MD-39482260,9.480187,-0.4158182
SO-RSN1749,8.110421,-0.010465939
MD-00597150,6.5162134,2.7271843
SW-70534628,1.2619487,0.9832172
MD-19229900,3.5504448,3.9379365
SO-F0002889,4.877834,3.5498118
NE-RSN0480,9.489254,-0.23043619
AN-RSN1657,7.9240546,4.0762167
TH-RSN1770,8.663512,1.8384608
MD-51997100,5.0769625,-0.7606569
MD-30015185,6.579038,2.4949055
NW-88003555,2.9898603,0.90887314
MD-70264520,7.804412,-1.5955799
NW-88002459,4.6028533,0.84501827
TH-PCHR0269,8.312949,3.77679
NW-88002201,1.1171023,2.87834
AN-THR065,7.466069,3.4961293
SO-F0017553,8.219123,5.713795
SW-70591016,4.4772735,2.7901533
NW-88006456,0.22132574,0.39609906
MD-37848560,8.912834,2.064969
SW-RSN1621,7.438269,-0.47273013
AN-17M13,6.1155653,0.3910928
AN-PIKEDR,6.9837494,4.840629
SW-Z1012302,7.5509977,4.6717567
SW-82010188,1.1991146,5.499119
TH-PRTS0659,8.005758,0.6365852
SO-E0000494,8.22258,1.9548185
NW-RSN0300,-0.21516007,3.0031385
MD-52597070,0.9128382,1.8303092
NW-88002503,7.8714576,5.102772
NW-88005557,0.43145153,0.9663486
MD-05217080,9.996065,1.479821
SW-70531633,9.272299,2.923722
NE-49400395,9.285926,2.830146
TH-PLER0023,9.228819,1.2371123
NW-88003839,1.7809575,1.8504071
AN-TG1400,11.098768,3.3298976
NE-41000444,1.1675887,1.4706175
AN-UPPB100U,10.982421,3.0772383
SW-81520350,0.8786313,3.9065416
NW-88002542,9.552874,2.9391608
MD-27047320,7.4507885,4.5780587
MD-47087250,4.800241,0.7065053
SW-82210140,2.9530735,5.3821564
MD-09253100,6.9238286,3.012122
SO-F0002155,4.4309826,3.8673239
MD-48045100,5.4914093,2.1889
NE-49301720,5.099578,2.050289
MD-RSN0052,10.759916,1.2515007
SO-G0004053,8.275274,2.9501655
SO-E0001597,3.927529,4.4691358
MD-17662160,6.0859447,0.35656258
NW-88002363,3.29501,1.6591202
NE-RSN2348,5.437059,-0.17440936
AN-DOV027,10.508246,2.3438141
NW-88000764,7.8592105,-0.32710806
MD-29577040,3.571511,1.7261468
TH-PWRR0008,7.300184,0.36531487
NW-88001832,0.5423762,1.4484972
AN-WEN070,8.571091,0.8689603
NE-SSN0101,8.585841,4.2669883
NW-88000638,8.648474,2.4403467
NE-49905205,1.0853636,0.0985622
MD-27230380,9.28771,3.6127944
MD-51785108,5.167095,0.53113604
SO-E0007230,7.8677616,0.28360334
TH-PRTS0046,8.855653,2.2235782
NW-88024079,6.53945,4.407137
SW-SSN1436,5.8486133,0.76757425
SW-RSN0179,4.9394455,0.48934925
NW-88001974,3.4532151,3.6297693
AN-WAIB1,8.959034,-0.627533
MD-RSN1270,6.1004457,0.68111664
SO-E0000903,6.336409,3.706131
NE-49300149,3.8972838,1.4563311
SW-81610172,1.8687717,4.1321955
MD-00056710,3.6003385,3.671116
AN-TE0152,10.333535,1.777027
AN-EFENCTW,6.0420847,1.4511307
MD-53771455,7.6925044,0.1579102
SW-50580183,9.953155,2.3728173
NE-49000065,9.442258,-0.7666095
TH-POCR0033,11.158945,3.6632845
SW-81231161,3.0750732,1.6135666
MD-04776040,8.709859,-0.9095696
AN-NWDR010C,5.942474,1.0103854
NW-88002750,11.546154,3.8833563
AN-48M09,7.9851823,0.7501262
SW-81930120,1.987191,5.0375876
SW-Z8480204,7.141337,-0.24503076
MD-49703460,4.2188168,0.33887225
NW-88003538,2.0971642,0.82734585
NE-41000371,7.3032656,-1.5837176
AN-THOR060T,9.998009,2.9717963
NW-88024638,2.4914963,1.3673507
SW-61200100,6.458356,0.63240784
NE-RSN0844,4.436591,1.6859347
MD-04131820,6.0656815,-0.8607612
AN-CHAT140S,7.6036158,0.05417844
NE-49100241,9.274013,3.6231496
NW-88025772,3.0421822,3.1938977
AN-DORR3,7.9119835,2.9623122
AN-RSN0881,8.132544,2.8209794
AN-FOURTOWN,7.088206,2.9411504
AN-64M10,10.522299,0.48059624
NE-49000183,7.878334,-0.69845843
SW-82210132,2.859145,5.3352256
AN-SSN1367,11.294671,1.9157027
MD-52762850,0.9767145,1.7890005
SW-81201166,1.7364922,4.374977
AN-PTRIBI,5.603999,4.2546167
SW-RSN1182,-0.09415669,5.356422
SW-81290141,2.2617202,4.2020593
NW-RSN0667,1.3442554,1.6425291
MD-00025312,5.463829,2.1341312
MD-11707580,7.932061,0.91778034
TH-PMLR0018,11.1825695,2.060377
AN-WELL150R,7.2349873,1.8445414
NE-49100344,2.2433808,0.3621302
MD-RSN2114,9.806903,1.3330225
NE-49301121,6.0184007,0.7690542
SW-73070207,2.2788968,2.7300196
MD-11707020,7.578546,1.0764881
TH-RSN1713,9.251389,-1.0096426
MD-29499050,1.2027946,1.1444508
NW-88000723,9.106928,1.7696179
MD-RSN1618,3.403859,2.321415
SO-RSN1837,6.8763375,4.679627
MD-30702200,5.2268248,2.1702392
MD-15782410,5.486128,-0.49572554
NW-RSN0075,-0.6082572,5.1234684
SW-72934659,1.745767,3.8482466
TH-PWRR0002,10.418807,2.746287
SW-RSN0739,2.1458726,4.1490626
NW-88006211,0.06485264,1.4678837
SW-81271217,1.7524673,3.5130835
AN-YAR190,7.8757143,1.2649922
NW-88002165,0.7049042,3.6015093
AN-SSN0407,7.430276,-1.5945674
SW-91221524,1.8663925,4.4520154
NE-RSN1240,2.5095117,0.4704554
NE-49600459,6.551953,-0.67381984
SO-E0004616,7.670896,3.579907
SW-81271510,1.9862663,4.421402
NW-88004545,1.4170301,0.71402735
AN-YAR003,8.37794,0.12625296
NE-49405171,9.289441,3.0477753
MD-45380360,7.244763,3.2284698
AN-RR0140,9.878868,1.2727786
NW-88024650,-0.13854875,2.6823027
NE-49000500,1.3731759,4.5474253
SW-RSN1955,3.490002,4.1719875
NE-49700306,2.3605337,0.07546976
SW-E7000500,6.3775015,0.020723494
AN-ST0952,8.061257,-1.4166185
TH-PUTR0048,6.1567793,3.0707226
NE-49400979,3.889139,0.99604726
NW-88022317,8.263523,5.7382636
MD-C0000104,8.465669,3.3379614
AN-RSN1705,6.573862,-1.4231312
MD-RSN1062,5.717452,1.2359377
SW-70550133,1.6769615,1.9929582
MD-62933100,8.636535,1.8487313
SW-70501902,3.4172466,1.7196652
SW-RSN2067,0.028714756,5.0135455
NW-88002407,3.952448,0.5216908
NE-49800090,0.36764288,1.1223906
NE-49305359,6.6013556,4.040046
MD-02899010,7.5693035,1.6763957
NW-88023162,1.0263305,0.63489896
SO-F0017662,11.338624,2.0449593
SO-F0002654,8.8715,2.5902019
SW-RSN0579,0.36545926,1.931036
AN-08M30,6.3220615,-0.4780976
NW-88003846,1.7120267,0.22201006
NE-49600455,8.919753,0.04637303
AN-23M11,9.514228,-0.60957104
SW-RSN1747,8.462568,5.3197303
MD-02851100,7.514948,1.9993967
AN-WLPSSMRB,8.450822,-0.83671135
MD-58661180,6.2981186,2.022291
MD-47588380,5.8912787,-0.67990404
NE-RSN0376,7.4040976,0.42213628
AN-NILL1,9.3099,4.760762
MD-11091180,5.764781,2.5076854
MD-28272180,8.200212,3.6779728
NW-88019824,0.70102376,1.354889
AN-FRES2,9.91889,1.8943664
SW-81241115,0.53124046,4.5312815
SO-E0007084,4.9737425,4.3587494
MD-39770040,11.1640415,2.0633314
SO-E0007287,5.838879,3.0290933
SW-70641830,0.7435152,2.6027732
NW-88003897,7.5229454,4.7001343
SW-70531790,9.032241,1.9518914
AN-04M39,6.3122177,-0.44658387
NW-88004083,6.858546,3.8993595
MD-00038490,4.211576,2.638461
AN-37M55,10.870217,0.88838094
NW-88002499,4.5167227,2.7235003
TH-RSN1210,6.867046,4.3299747
MD-50304820,10.294484,3.1028073
NW-SSN1350,0.33904,4.348254
AN-KINGERBY,7.417552,-1.138379
SW-Z5012802,7.800136,2.0042617
TH-PGUR0021,8.078871,1.0722547
SW-91241135,2.5002837,2.9784474
SW-RSN1090,7.9861054,1.0288326
SO-F0002444,4.971436,4.7509713
SW-70240325,3.165029,3.8750355
SO-Y0004524,4.877248,2.3631315
NE-49301905,9.431315,2.2951293
AN-DEB046,8.1785345,4.0155177
SO-G0004165,4.0483723,3.5300722
NW-88024634,4.7833834,4.006256
NW-88003219,9.843825,3.7228265
AN-30M25,10.703575,1.335489
AN-NTBK050G,11.298077,3.5536237
AN-11M02,9.473144,2.2778387
NW-88009794,-0.11326255,2.9584413
NE-49300195,10.899484,3.8999045
TH-PTHR0022,7.822523,4.803382
NW-88001943,0.6751848,2.624911
SO-E0004845,3.6929095,3.9441082
AN-ST1038,10.4623,2.5089483
NW-88006294,1.557103,0.693535
NW-RSN0856,0.96836656,3.8284273
SW-72930420,1.8070165,4.4067764
AN-MEDB100M,6.624295,-0.012872545
MD-45223850,7.0559807,-0.3735964
SW-RSN2238,2.3390858,3.341393
NW-88003894,7.7563415,2.6901283
TH-PLER0065,10.659214,1.023075
NE-49300688,10.642506,2.5373545
NE-49301411,9.47141,2.4564075
AN-CR01,9.399174,2.5258873
MD-25828090,7.6041675,0.81549925
SW-Z1011402,8.004035,0.54221314
TH-PTHR0085,7.354678,0.42792922
NE-49400453,2.3628218,0.89214855
NE-49905201,6.5185885,1.7297591
NE-49300744,9.914583,1.6765645
NE-RSN2008,5.9131646,0.5226142
TH-PCNR0088,6.729095,0.9107099
NW-88006246,1.6312774,1.2353923
NE-49000138,1.4410465,3.6622066
AN-WHAP120H,7.53761,3.8763678
TH-PBNR0004,7.687742,5.110896
NE-49105251,8.768498,4.7403507
SO-E0001687,10.443312,0.7339017
SW-81261124,1.4604598,3.5245059
NW-88001845,1.414654,2.448894
AN-GIP100,9.963921,1.9081304
AN-LTH005,7.4274945,-1.6665803
MD-50584550,4.1181774,1.6173744
SO-E0001306,7.894106,1.5954839
AN-BLY010,4.4863267,1.5174327
NW-88006460,1.4523957,0.9495388
MD-45212050,9.679248,3.3181949
MD-57024500,3.8224425,0.78186834
TH-PPSR0006,8.159245,5.2197094
NW-88003426,5.129816,0.68974006
AN-LANG060M,10.34179,3.0168147
TH-PWAR0053,7.6574373,1.5786152
NE-49301354,1.5278239,2.5437918
NW-88002392,2.4013891,0.5442822
NE-49200004,8.489453,5.126381
AN-BCKNLLCW,9.698146,0.028451428
NE-SSN1477,1.5240434,0.6483214
SW-81201520,0.070064515,2.4203174
NW-88002670,7.65256,4.449221
SO-E0001746,11.516225,3.861147
AN-RSN0785,11.577198,3.916339
AN-27M04,10.555023,1.9420664
SO-SSN1511,1.2172588,4.784797
MD-33343627,4.2821407,0.75274366
TH-PRTS0047,10.297126,3.23562
MD-RSN1298,8.524376,1.3623168
AN-BP0104,7.4111385,3.332202
NW-88002439,11.037502,3.8466413
AN-46M07,8.586394,1.4148393
AN-BX01,7.949535,0.04096296
AN-WNG030,10.671361,2.2186813
NW-88022200,1.5421234,1.8729727
TH-RSN2345,8.048582,2.1287735
NE-49900179,1.8688666,1.5343409
SW-60030911,7.624869,4.5219426
NE-49500857,4.9819584,1.2584162
NE-SSN1425,8.780222,0.7363051
SW-50281811,2.5464902,4.2013083
NW-RSN1207,4.3414154,2.7765694
SW-70501069,2.2794554,3.3199818
NW-88004964,0.93115914,4.3713636
AN-DOV031,10.368244,2.6886566
MD-09569250,8.226848,-0.9392406
MD-53209040,0.06528891,1.798636
NE-49200110,8.089299,-0.22761233
SW-82520733,1.563305,4.0423923
SW-RSN1275,2.5466018,4.5955963
NE-RSN0400,8.5117655,5.262129
MD-63437780,4.925912,-0.5388962
SO-F0002720,4.516443,2.4761052
NW-RSN0668,2.7799392,-0.12130775
AN-27M43,6.912548,2.039659
SW-82310132,2.81419,4.926573
NE-49600474,5.706166,-0.63031304
AN-07M03,6.5734186,-0.49002698
NE-49200299,10.786812,2.5634148
TH-PUTR0228,10.896854,3.5963888
SW-50320178,5.7119117,0.5812666
NW-88003487,1.4629776,0.084317945
NW-88006480,2.6890771,1.5001906
AN-TILL1,8.377774,2.1813583
AN-RSN0142,10.094271,0.2750306
NW-88004480,1.9761083,0.7368948
SO-F0003319,9.33613,4.125096
SW-50450151,8.392061,0.9043321
MD-01348240,5.5291204,0.09985005
NE-49600201,10.21303,2.8890054
AN-42M09,9.199125,2.73157
NW-88003987,2.9796944,0.46927047
NE-49105229,9.988336,3.216381
AN-RH0201,11.505229,3.83418
NW-88001962,0.7020467,2.183364
NW-88002409,10.376457,2.9898133
AN-SCOTHFEN,10.498825,0.4536509
MD-29578350,1.7236716,1.4578149
SW-73070104,3.4576902,3.825104
NW-88003943,0.63879704,1.3637073
NE-49400075,1.5744324,2.239283
SW-SSN0008,0.059268843,5.4008784
SW-73012133,2.9372058,3.363652
SW-RSN0637,6.270405,0.000567203
MD-72517100,6.221109,0.69113183
SW-50700169,6.7892613,-0.41609108
NW-88002509,9.126745,2.7183387
NW-88003504,1.9434984,0.82978386
SW-B3170101,6.024706,0.41176593
MD-00029500,4.5982313,2.058454
AN-34M20,7.8340282,-1.3036139
NW-88006395,4.0584493,-0.3310848
NE-49500617,3.0708692,3.7267518
MD-44283100,9.488434,2.8238728
NW-88003471,1.5532699,0.23870753
NW-88002255,-0.12292041,2.4850285
MD-48122380,10.206742,1.315806
NW-88003415,2.9686706,0.29883635
AN-58M04,7.3105764,2.1624131
SW-B3130505,6.2708526,-0.9183891
NW-88004088,8.202552,5.2346272
AN-WEN090,6.784665,-0.13660446
NW-88003965,1.0296559,0.12684166
SO-E0000807,4.9879146,3.9544637
MD-11828480,8.8331785,0.82108384
SO-G0003611,8.294054,2.8735578
MD-RSN1619,2.6655822,3.0528517
TH-PLER0012,6.8527946,1.9868425
AN-RAT050,8.053849,2.777461
TH-PTAR0013,8.627071,1.8530306
NW-88003175,2.818475,0.81938213
NE-49500633,1.8817141,1.628776
SW-SSN1408,5.361952,2.695578
MD-08179840,6.2688446,2.9310927
MD-60386050,8.680199,2.7999167
SO-F0002396,3.504815,3.8327916
SW-91212512,2.071317,4.2208247
NE-49105246,9.932413,2.5473933
NE-RSN0972,2.0985668,0.3457458
MD-61473250,9.671307,1.1984618
AN-SSN0727,8.29598,0.7838669
NW-88023679,3.359221,2.9847085
SW-RSN0307,7.6673894,4.6634197
SW-81610194,1.5090797,5.398784
MD-39469020,8.047411,-1.2860248
SW-SSN0036,1.1386997,3.8326612
NE-RSN2248,4.1695557,2.1401424
SO-RSN0677,2.5185864,4.5160303
NE-49600039,8.60185,3.3576384
MD-20792150,7.3575053,-0.04493503
AN-16M04,10.392243,1.940449
AN-GIP108,7.068311,2.9425228
AN-WELL170G,7.110329,1.7994808
AN-YAR180,7.5451503,2.4024904
SO-G0004161,1.3888383,5.166401
NW-88000671,4.5670185,1.3164521
SW-70722452,0.31577992,2.7613564
AN-NENE300I,10.331876,1.9342953
MD-46266820,6.2091994,-0.4541577
MD-46261980,9.96266,2.0654712
AN-33M02,10.234404,1.2684321
TH-PPSR0005,8.830382,1.7629621
TH-PMLR0003,9.3669815,4.1748023
TH-PEVR0002,7.7723265,0.5742852
AN-NENE260D,9.481172,-0.13067989
NE-SSN1429,4.506265,0.17440483
MD-RSN2143,0.8695789,2.4279587
NE-49700249,3.738293,1.3004175
SO-RSN1677,8.703373,0.9619161
MD-77243020,7.5478234,-0.6676984
NW-88000741,0.99503785,0.6012313
AN-GIP060,7.453448,3.0604951
SW-SSN0204,6.7698975,2.1624453
NW-88002437,5.728587,3.3784394
NW-88023175,0.53526485,5.150148
AN-GIP080,9.507693,3.6249309
AN-RSN2298,8.36157,1.308818
TH-RSN1562,7.549455,-0.16659555
AN-BL10320,6.8290467,0.6796365
SW-70423210,3.4727955,1.7956852
NW-88005901,6.9033027,4.9388633
MD-11563998,7.6865535,2.8809779
SW-81121420,0.8489988,5.2894993
SW-91241166,4.2402267,2.4478357
SW-91241195,0.6939087,4.5310316
MD-47555050,6.0972533,0.44613773
NW-RSN2007,1.6187671,2.879456
SW-RSN0557,7.5389056,-0.3171258
SW-81231764,2.5105257,4.682288
SW-B0050106,9.011035,2.887334
AN-02M10,9.280031,0.70081717
MD-51113100,10.127207,2.7863393
NW-SSN1306,10.592613,2.8462408
NE-49500340,1.4174377,2.4433746
SO-F0002924,4.8592134,2.7972174
SO-E0007231,8.201337,0.8097935
NW-88003838,1.8241693,1.6041479
AN-NEWARKLN,10.592837,2.6336854
NE-49100546,4.888131,2.0309718
AN-58M08,8.424953,-0.5465891
SW-A2270415,5.6499667,-0.5054602
SW-RSN1093,8.543897,0.077647865
SO-SSN0654,7.9419236,5.586432
NW-RSN0824,9.515331,2.531706
SW-RSN1131,1.1443855,5.466628
NE-49100399,6.766598,-0.61094177
SO-G0006950,7.667933,5.583138
SW-82710689,1.572327,4.516044
NW-SSN0198,4.4629874,1.6360145
NW-RSN0924,0.14336273,1.4154122
TH-PBNR0006,4.4288006,3.9955456
NE-49302036,10.961459,1.1189244
SW-RSN2099,4.4142447,1.5567936
MD-45781180,5.2631106,2.2392998
MD-61023580,10.832801,1.688368
NW-88000627,8.153319,2.1013787
NE-49600505,8.539619,2.8649933
NE-RSN2272,2.311491,0.281933
NW-88025784,2.2527347,4.042789
MD-10817080,6.1624284,0.6122756
SW-Z1140201,6.6486177,0.054791182
TH-PLER0089,8.143552,0.11912818
NE-49600473,3.7014883,0.9765027
AN-BLACKDK,5.591229,0.6106763
NW-88003146,4.531531,0.9586953
NW-RSN1792,0.11730064,5.2341623
AN-32M10,5.9215693,2.3569262
TH-RSN0770,10.205754,2.3988554
NW-RSN1124,0.8877094,0.7712346
AN-DEB0069,8.702184,-0.4444535
MD-48940950,9.017808,0.8040323
TH-RSN1170,10.024099,-0.02233694
NW-88003978,1.6365757,2.082322
MD-48278080,6.636136,2.0412812
SW-82610116,2.4974988,3.108808
SW-70532917,4.792603,1.8158728
SW-70631102,2.7639952,1.3073299
NW-88000697,7.2372375,1.0337493
AN-CE1540,6.877816,3.5334768
NW-88003843,2.183307,0.7177599
NW-RSN0684,0.6221704,0.3228135
SO-E0001456,7.3786025,0.07613385
AN-WITH5,9.211559,-0.4599916
NE-RSN2119,1.3650566,2.3416321
NW-88023676,3.829379,3.4598582
SW-70534904,1.3215984,3.360868
AN-MOULTON2,9.283612,4.7880235
NE-49100431,8.912839,1.9925157
NW-88003215,7.610473,4.159519
SW-82610505,2.59008,3.324038
NW-88006244,0.62864536,4.4446754
NE-RSN0444,4.3916574,-0.0060335444
TH-PUTR0152,7.6566005,0.32008728
NW-88006337,5.310751,3.7098365
NW-88000884,8.107943,5.266315
AN-BUCK2,8.49928,4.677186
SW-RSN1051,1.9971918,1.582659
SW-82610106,3.0258856,3.6309853
SW-81523205,0.44823715,4.455878
TH-PCHR0040,8.959255,3.6102192
TH-PCHR0149,8.106562,4.0499153
SW-70635506,0.5360196,3.5918498
NE-49905152,5.5815053,0.5914291
TH-PUTR0043,8.173313,5.4241033
MD-69555640,2.7619822,0.9183729
AN-MEDB060H,6.430004,-0.2397959
NW-88010439,1.8096987,0.19892138
MD-RSN0776,3.6656058,2.1312578
AN-STON020N,5.913492,-0.74108154
NW-88003173,4.0215144,1.1252018
NW-88000710,10.558281,2.7201757
AN-WITH14,9.891488,0.7502447
MD-50305300,9.274364,2.2893188
SW-70720289,-0.19575252,3.114415
SW-50560120,8.558806,-1.1150101
MD-13618180,4.780344,0.9671654
AN-26M23,9.367666,2.3614187
NW-RSN1856,4.740551,3.8819258
NE-41000037,0.7131054,0.49878097
AN-20M07,10.372461,3.1256917
SW-81250142,1.6327016,3.879751
MD-56089850,2.9467125,2.2830992
NE-49500351,9.266781,3.0015402
AN-WAV160,6.870919,2.3754177
AN-SSN1507,8.434903,0.8628379
SO-RSN0693,8.428332,5.6821146
AN-42M04,9.417475,4.316644
MD-60587160,10.720926,3.752837
NE-49300134,2.7729568,1.8705264
MD-RSN2250,9.5000105,0.5220291
AN-27M10,8.464816,0.54678214
AN-WGLENBP,9.515352,-0.02945817
TH-RSN0210,7.671334,1.4821109
MD-04131700,6.4019732,1.5224423
SW-81201619,0.49397197,2.834697
AN-STOD4,8.317398,-0.8782955
NW-88000637,8.734383,1.7905347
AN-CL0848,6.908134,0.017216172
NE-RSN0248,-0.07016086,1.4576808
AN-41M10,11.352466,1.9429252
NE-RSN1172,3.8693552,1.5434595
TH-PCHR0268,8.585671,3.272282
SW-70560900,2.791089,2.8498492
MD-61763100,6.5942893,3.5249445
SO-E0000490,7.957022,1.037206
SW-RSN1038,8.4274845,5.524117
SO-G0003685,7.157647,0.49357158
NE-49000479,3.1182816,0.47654873
NW-88003159,2.3599567,1.161267
SW-E2032700,7.4710193,1.1470422
NW-RSN1775,2.3249946,0.016780246
AN-64M04,9.853536,-0.345794
TH-RSN1898,6.857185,1.331273
NW-RSN2019,8.791414,4.017496
SO-E0001764,3.53732,3.3738594
SW-70523309,5.307607,1.7217497
MD-03959130,7.640396,4.600864
SW-RSN0391,7.336723,1.1540002
MD-39539400,10.682737,1.6466805
NE-49000770,0.79929906,0.87875444
SO-G0003970,3.3679109,3.4802327
MD-53841065,7.14549,3.297889
SW-50010208,3.8364027,4.3576794
AN-WD07,6.199431,2.8468084
AN-WAV051,7.5457177,2.9509842
NW-88000636,8.331266,3.1684518
TH-SSN0507,7.146291,2.353106
TH-PEVR0003,7.933481,1.7244753
NW-88022064,5.682276,1.5937687
SW-Z8480259,8.6145735,4.1938205
NE-49301219,9.7284565,3.1378129
NE-49800231,1.1680996,1.755393
MD-42169500,7.371996,0.23134477
SW-70241225,3.8527842,2.8070755
AN-TIF110,8.48781,1.7395797
MD-00017500,4.783597,2.163921
AN-STF080,8.072523,-0.20910789
MD-49121405,6.3073416,-0.34528992
MD-54536180,5.827651,0.80889267
AN-WITB030W,8.505556,-1.10609
SW-RSN1949,7.161171,-1.5543795
SW-SSN0032,4.249438,2.745248
AN-SHIREDR2,7.8169217,4.2275467
MD-23351300,5.0931506,1.0352811
NW-88002663,7.4826646,4.478208
MD-19337120,3.4169962,2.6807585
MD-30000380,4.9385643,-0.40552342
AN-TILL9,7.593861,-1.1407797
AN-FOXTONBK,5.2414236,2.4890952
AN-WAV026,9.072579,2.4555104
SW-60250405,7.610462,2.7577028
AN-MORT050E,6.4062986,3.1613774
NE-49100440,7.5816555,-1.476408
SW-A2270418,5.7572803,-0.25701723
SW-72920220,1.7837144,2.6641138
MD-00772090,3.7635505,3.1765077
SW-50342519,6.3637247,2.5384862
NW-88004541,2.7171402,4.4284153
NW-88001899,1.6477976,0.8265078
MD-01148620,6.31047,-0.72525746
TH-RSN2273,5.7159624,4.689038
SW-70220175,5.02927,1.8388847
AN-STOKDOYL,7.822353,0.3422149
MD-49223680,10.260549,1.4424037
TH-PLDR0016,6.4247894,5.161779
AN-WELL040L,7.068891,-1.5967412
NE-49301044,1.4185334,1.520358
SO-F0017615,0.58273244,1.6160405
SW-70230903,2.0249217,1.726622
NE-49900032,6.334503,1.0930945
SO-E0007263,4.071425,3.4394069
MD-35432331,4.3503118,0.61284935
AN-BILL100C,8.077498,-1.159452
SW-E3090400,5.6236515,0.6456503
NW-88001892,0.8923627,2.0663488
NW-88003483,1.9910289,0.12165061
NE-49100261,1.5672208,0.048781484
NW-RSN1763,-0.28804484,5.092519
NW-88023294,1.2362999,3.8298128
MD-20357445,1.6976991,1.878974
AN-04M04,7.595932,-0.040991433
AN-52M24,7.163686,3.2665012
TH-PCHR0039,8.198171,5.173169
MD-SSN0417,1.6952622,2.2730267
AN-LYVS070S,7.1148314,1.3815151
SO-E0001639,1.5160108,4.5321636
NE-SSN1389,0.0012238735,4.9680786
SW-70420211,2.9289362,1.5794855
NW-88003876,8.459271,4.4784184
NE-RSN1936,10.625114,0.30618232
AN-THR064,7.534861,4.816434
SW-73030261,0.44731426,5.3296432
SO-E0001623,9.968226,2.130732
NE-RSN0204,2.8459241,1.844234
SW-70920134,0.980499,3.9932303
SO-RSN2029,5.2767854,4.4058037
AN-CH06,8.810688,1.4800111
MD-46264840,9.379713,2.6518152
AN-CL0204,7.673578,-0.6096553
MD-18694610,6.357656,1.548616
SW-70220104,5.1671615,2.3261852
NW-88002184,1.6939191,2.105786
MD-56088780,3.8623018,3.2981706
NE-49300741,11.099852,3.5933905
NW-88021918,4.6584883,1.2316637
NW-88006381,4.3589816,0.1393992
SW-50280808,1.7125959,4.4103775
NE-49600055,0.24640481,0.49881378
NW-88002176,0.7252233,1.0431437
NW-88003437,2.7441413,1.2147756
MD-RSN2303,2.7522886,1.443439
AN-BAIND,9.529868,-0.32951316
MD-59400100,9.26582,0.8776763
NE-49500413,3.4822726,3.88234
TH-PCNR0001,6.481049,2.4227192
NE-49600118,8.819263,3.2950168
SW-70501717,2.0810173,2.335549
SW-50310169,7.266701,0.87235475
NE-RSN1768,4.993875,0.89308244
AN-CD0106,6.8436084,1.6694908
MD-20792180,4.3801575,2.1579914
SW-E3170600,10.924088,3.8032587
NW-88008371,3.8996255,3.247468
NW-88003553,2.8413727,1.3471512
SW-70725316,-0.037248746,4.970006
MD-29579190,8.181686,5.7116704
SW-91252506,2.8020804,4.7125306
MD-23529180,9.555217,3.613899
TH-PEVR0021,9.977264,1.48481
SW-70533630,9.448584,1.1535488
NW-88023202,0.5508829,1.1994662
NE-49400835,2.650835,0.9321004
SW-70310107,4.0902224,1.7871423
NW-88006301,1.2995679,0.123080045
AN-25M04,8.533902,5.1774964
AN-CL0704,9.310208,-0.47584972
MD-11289060,9.814125,1.4277056
SO-F0001994,3.3869233,3.5550585
SW-70512712,9.236392,1.2747027
NE-49105192,0.30692095,2.3100958
AN-WILN020P,6.4327564,3.209889
NW-88002321,9.129472,4.642036
SW-81120290,0.036632136,5.1279554
NE-49600066,5.7726755,-0.7533516
SW-50600268,8.154232,-0.3762468
AN-GLEN340L,10.020444,1.3505366
NE-49305350,10.374257,3.1009948
MD-46254380,9.641965,2.9678068
SW-E1271500,5.4485874,2.5629714
SW-70220148,5.1008716,2.459304
MD-00769700,4.1584086,0.34159625
NW-88022595,9.887079,1.8948355
SW-50370369,8.020519,1.0915049
NW-88023296,1.3105441,5.2289476
NW-88024212,5.3277297,4.647638
SW-RSN0254,0.4487615,4.445578
AN-BURWELBK,10.060417,-0.12063928
NW-88002471,8.32276,3.7876613
SW-72910722,3.4911234,2.889348
AN-RSN0917,8.696863,-1.1885684
NE-RSN0876,0.28970453,1.3696933
AN-WILC020W,7.6832457,4.0597587
SO-E0000565,11.168026,2.3292646
NE-RSN2140,9.151873,2.2312393
MD-46824570,6.8249917,-0.7130175
AN-RSN1597,7.386181,3.584909
NE-49301287,4.779263,2.4798355
NE-49800212,0.8828198,1.6895566
TH-PTAR0117,7.061197,1.2642504
NW-88004074,2.636826,1.1885476
NE-49200294,9.8766775,3.8712807
NE-49105216,8.93153,1.8725927
TH-RSN1289,0.4595272,4.449557
SO-F0001984,4.3178225,4.254521
SW-60250444,7.2910237,1.8879545
NW-88002389,1.9386446,1.8217359
SO-E0001478,7.0612464,4.9485416
SW-E4010300,8.904186,4.3005314
SW-E2033200,7.502459,2.0915546
AN-BT0200,7.241078,3.061555
NW-88000631,6.9106417,2.5607917
SW-81942221,2.7810996,4.5509624
SO-F0003094,11.251867,2.1419244
SW-70231430,7.0397177,-0.6808215
SW-60230008,7.1631007,4.0363026
NW-88021747,10.259675,3.2591178
NW-RSN0664,5.0725245,3.986903
AN-LYMN6,4.272428,1.8266453
TH-PTAR0105,10.373781,3.0315032
NW-88003847,4.086741,0.73866194
NW-RSN0188,3.416758,0.42945144
SW-70220551,2.791652,1.2295358
MD-09983000,7.243844,0.42352456
MD-03353040,8.438509,1.8838558
MD-50896350,9.34267,2.2808568
MD-45212350,10.459961,2.0234718
SW-81231175,-0.0863902,4.6157384
SW-81940309,2.8995645,5.023836
AN-GLEN160C,9.4951515,-0.33812642
TH-PLDR0039,8.179353,0.3557202
SW-82540105,3.36882,3.744133
AN-FRES6,9.673733,-0.06211342
SW-91222208,1.4892088,3.585993
SW-73110704,2.9141347,2.2505953
NW-88000613,8.830839,3.673706
AN-53M54,6.14105,1.3526796
NW-88003434,3.547707,-0.3266881
TH-PKER0002,8.828313,1.2441475
SW-82310575,2.0626364,5.459398
SO-G0004176,1.463593,4.973801
MD-75129380,7.611924,1.6386329
NW-SSN0130,-0.35768124,4.883875
NW-88005120,0.25049034,2.8257973
AN-BUR091A,6.124505,2.267618
TH-PKER0057,7.2745543,0.8143216
MD-11745040,6.107332,1.9215019
AN-WAIB2,7.959251,-0.9845612
TH-PUTR0135,6.7667775,3.4536042
SW-82521220,2.4297292,5.0411777
SW-RSN1101,5.6468015,0.53025836
NE-49505171,2.8997922,4.490167
SO-F0002378,3.8013542,3.862591
NE-49600163,8.8132,3.4190288
MD-89373386,10.604323,1.1256692
SO-F0002698,5.393353,2.2398489
AN-48M18,7.8119283,2.2143478
MD-RSN0502,4.4096117,0.021578195
MD-71450900,9.353661,3.6302896
NW-RSN1752,1.4470875,0.5538377
SW-70241255,3.9726927,3.8899283
MD-61649620,5.0116334,2.9493442
NW-88000737,9.517621,2.6582415
NE-RSN1180,3.2065272,-0.20661677
SW-81810185,0.73727024,5.3327985
MD-12458020,6.168602,2.5746355
TH-PRGR0017,5.723111,2.5109785
TH-PKER0019,10.038622,2.087538
AN-19M10,6.176889,2.6005473
NW-88005035,0.6857888,3.3643537
AN-RSN2132,8.168476,2.3465965
SW-70532960,5.167172,2.4539802
MD-25033580,9.951882,1.2620019
MD-30697020,3.616422,0.58046085
SO-F0002839,8.767898,3.744357
AN-GWSH090S,6.450802,2.9388714
SW-60032856,6.699797,0.74296796
MD-23032380,8.10212,-0.09003656
MD-16536500,5.0315423,0.2304156
MD-23349100,8.041308,0.4720668
MD-11559820,6.3850803,2.7091253
SO-G0006985,6.2523675,5.18415
SW-81940470,2.1670713,5.353018
SW-SSN0496,4.5907335,3.0275185
SW-72911919,2.437911,2.3314497
AN-USSWATON,5.5162635,-0.2138448
MD-61648150,4.9150734,2.9917295
NE-49105190,5.0166183,2.337473
MD-12027020,6.955909,2.0074513
NW-88001834,0.9502363,2.0450897
NW-88003867,5.87766,2.68808
MD-21133110,2.0469196,1.9177974
TH-PWER0325,4.375357,1.8607155
SO-G0003743,7.7240257,2.1047723
NE-49000477,1.4989674,0.30666533
SO-F0002957,4.4927144,4.1193905
TH-PLER0137,6.6103835,1.2842299
NW-88024635,5.230831,0.49993742
MD-48976180,6.942119,2.3363152
NE-49400172,8.154673,5.185388
SO-RSN2101,0.25159734,5.379043
SW-70720260,1.3824353,4.3666134
NW-88001847,2.5473285,3.0718627
TH-PTAR0044,6.068607,-0.51279473
SW-70550350,1.3751385,2.5411859
NW-88003983,2.235388,0.49310386
NW-88025788,10.423266,3.937383
MD-RSN0270,5.3482347,2.5349982
NE-RSN1576,10.49722,2.7591684
AN-03M15,8.77488,-0.27933133
MD-RSN1760,5.1804094,0.40268597
MD-54221500,6.148513,0.49803394
SW-C0417000,8.221227,1.9738096
AN-GOLTHOBK,11.015949,3.0947552
SW-81250277,1.7113072,3.3928256
TH-PKER0074,8.809166,0.8323253
AN-DOV035,9.159856,1.8086149
NW-88005046,-0.1839679,2.9941862
MD-04779270,9.835363,0.83951604
MD-RSN0148,6.4663553,3.821588
SO-F0002386,3.460186,3.8347526
SO-E0000924,4.537483,4.132491
MD-RSN0278,10.935214,1.6792052
AN-39M03,9.02413,1.2485082
NW-88006258,0.43199295,0.5658479
TH-PMLR0004,4.2666492,4.502726
SW-70581402,0.36736727,5.3071213
SW-82210902,2.368149,5.3236113
SW-81290111,2.1222126,4.4113693
SO-F0002260,6.0490527,5.0055714
NE-49500625,1.0085033,2.4564636
SW-50320152,9.397034,4.1809087
MD-63987300,4.7785015,2.2248118
NE-49200093,9.569968,1.3362627
MD-47691150,6.2040715,2.3328946
AN-WELL420C,8.230917,0.427545
AN-SFFT1,6.042344,1.1615524
SO-Y0004371,4.668627,3.8044834
TH-PCNR0012,7.0128603,1.3488908
AN-BL0675,7.865212,-0.29780364
SW-91212520,0.093281634,3.0106714
SO-E0001453,7.370574,0.05653255
SW-81201602,0.66744494,2.6158237
NW-88002558,5.375618,3.3316393
TH-PWRR0003,7.2577233,0.13391013
AN-42M26,9.52306,1.9354054
SW-72922451,2.2736678,2.5526218
SW-60030550,6.4467125,0.81811094
NE-49600144,5.428115,2.3597257
NW-88006297,0.8432923,0.18720138
TH-PMLR0042,6.470641,2.8412502
SW-E4170200,5.557521,0.56840104
MD-06109520,7.5634103,2.4960508
TH-PLDR0135,8.991326,3.5905411
NE-49400993,3.226436,1.4901927
AN-THORPMDS,9.27675,4.7580023
SW-50311154,8.953975,1.8201146
NW-88024642,3.6849487,2.0241542
SW-81611270,0.99125826,5.341776
SW-RSN0461,5.5813556,2.350924
TH-PUTR0251,7.289522,4.6901245
NE-49700051,8.456772,-0.031587373
NW-RSN0620,2.7732728,1.2655617
SO-F0002005,8.841708,3.7692678
AN-RSN0356,8.387982,3.1716788
NE-49301791,4.5289307,2.213353
NE-49905172,2.153305,1.075114
NE-49505162,0.2115293,0.36471218
MD-14135180,6.581858,0.97906625
SW-82710680,1.8809009,4.042993
SW-RSN0535,0.86866957,1.7840629
MD-RSN0372,9.474404,-0.40324846
MD-22244040,8.631362,1.3291097
NE-49600017,9.048396,1.1254927
SO-E0001779,4.4920793,4.155029
SO-F0017599,3.7704213,3.9869118
SW-E8300210,6.721781,0.38126767
TH-PMLE0386,4.8058367,3.3273785
SW-60031626,7.819376,4.472638
SW-82712755,10.7032585,3.4749017
AN-GEAU3,9.134379,-0.5505221
NE-49500338,9.228729,3.0049455
MD-30128200,8.819426,4.8352203
MD-36748340,8.990235,1.9011402
MD-46836180,7.52446,5.023208
NE-49301490,10.661143,2.8602479
AN-DEB088,7.426807,3.3740048
TH-PLDR0047,7.305575,0.27404398
AN-MAWM3,8.8248415,4.4270706
MD-H0000078,5.0309687,1.7354827
SO-F0017504,8.974627,4.454498
AN-WD0812,6.122375,3.5766861
AN-NENE340R,10.435548,1.6245496
AN-GLV026,6.252853,0.43753764
AN-SLEAB,8.927604,-1.2547377
TH-RSN0485,5.471045,3.624062
NE-49200038,7.0104613,2.330572
MD-RSN1922,5.325758,0.10716609
MD-03187100,8.61735,2.258057
NW-88005123,1.4749119,2.8488908
NE-49600484,0.8392119,0.645143
SO-E0001543,5.0955215,4.391039
MD-22686160,9.67225,1.8275278
MD-RSN0247,2.8792608,0.067378975
NW-88000812,9.366518,1.6851354
SW-70920125,1.2050757,3.524287
AN-WAV05320,8.2901535,-1.5274205
SW-SSN1488,-0.22089836,2.5177608
MD-36786080,4.4439187,0.5775781
SW-E8200450,7.2400837,2.7153955
MD-58639195,10.095375,1.1096823
SW-70512059,3.6315238,3.5217335
NW-88000760,9.1460085,3.5043273
NW-88004526,0.40260324,3.4057853
SO-F0002098,3.471142,4.1122303
MD-48503020,9.269922,2.7178576
NE-49301610,2.4221394,2.6833446
MD-39826880,11.203674,2.0196874
AN-FOSB2,8.142526,-0.71059346
MD-00045702,4.2375946,2.8459747
SW-E2330300,4.371996,0.012118155
SW-50550362,6.603578,0.28489566
MD-01348575,5.2317123,-0.33203527
AN-HOLT2,8.303493,4.868197
NE-49900040,8.279452,0.26736078
MD-17358150,6.000943,0.8433945
NW-88024630,8.359646,2.8500443
AN-48M44,10.007978,2.6171784
MD-38702620,10.6840105,0.80060714
AN-WITH12,8.677111,-1.0004429
NE-RSN0800,1.829357,2.3321912
SW-81430304,2.8315823,3.400539
NE-49105247,6.556697,2.8714554
NE-49600450,2.2649422,-0.07672436
NW-88025752,0.20939903,0.3446185
MD-36693498,9.106367,1.3381953
NW-88000880,8.0864935,4.6619363
SW-A2290102,6.6643295,-0.6336161
TH-PCNR0112,7.3214397,4.699828
SO-G0006968,8.464735,5.4241915
SO-E0000849,7.6099997,4.200893
SW-81250174,1.4241501,3.4295864
MD-RSN1958,5.748429,0.5249226
MD-01347550,6.086615,-0.5371951
AN-STAINBCK,8.626631,-0.75421214
NW-88003953,1.7877872,0.6587358
NW-88010034,0.23163345,0.3871113
SW-E4160900,5.648303,2.426816
SO-F0003111,4.8258476,4.3324237
SW-E4331500,7.2379413,-0.17089944
MD-09011200,5.9184413,-0.09869817
SO-E0007210,8.178352,5.3203044
MD-03398500,8.144742,3.2619336
MD-06114820,6.279028,0.78933984
MD-C0000040,8.089961,1.1302952
AN-CL0892,7.643589,4.6437564
SW-E2190800,7.0822115,-0.54522467
SW-Z1011545,7.807223,-0.6319552
AN-RSN1832,7.613001,-0.46723893
NW-RSN0086,9.263012,1.4009234
SO-RSN0009,10.577073,2.0846126
SW-70723203,3.3576252,2.3444269
SW-82712770,2.0106215,4.2284613
AN-MOORDRVA,7.965228,4.015171
MD-37609020,7.9737735,4.425622
NW-88001890,2.4154475,1.6066923
NW-SSN1290,0.9414911,5.264464
NW-88024643,3.1531627,-0.3075952
SW-RSN1727,8.378288,1.6402843
NW-88006278,3.2633529,1.198302
MD-76795060,6.3043146,-0.9703193
SO-E0007285,5.967646,3.3921125
NE-49600138,1.6419946,1.3279607
MD-78524380,5.610575,3.0942311
MD-02848860,8.037818,0.7679681
NW-88002749,11.28048,3.6844316
MD-65413100,7.5061817,4.587077
SW-70630180,0.92520016,2.5879474
SW-SSN1504,2.3903701,4.7657585
AN-WDCTRDBR,9.913994,0.7963855
AN-BL10310,8.345925,3.2524388
NE-49800092,2.419925,3.2568808
SW-Z7500108,9.669536,0.945578
MD-42486650,9.595137,0.3276225
MD-27049020,7.2331505,4.3570757
AN-GRAYFLT,6.3925757,-0.56912124
NW-88022689,6.659817,3.5500083
MD-65161220,9.9129095,3.1138563
TH-RSN0994,8.302235,-0.056194782
SW-60030462,6.6120734,0.74626505
SW-81241119,0.4429731,4.4691215
MD-26407010,4.995262,1.827549
MD-10863220,9.282633,0.46830136
MD-RSN0246,8.511481,1.8590688
SO-G0004151,4.246517,4.2344856
NW-88002705,6.2954063,3.0415857
AN-RSN1209,9.12878,2.363079
SW-RSN2178,5.644933,0.48741022
TH-PTAR0116,7.2613125,1.8467482
NE-49603068,8.067123,2.214655
SW-E4062000,6.0980687,2.1244867
SW-50900736,5.028614,0.5962539
AN-CL0488,8.603306,1.9308013
TH-RSN1034,9.250993,1.0771173
NE-SSN0037,7.6165953,2.6046393
NE-RSN2344,0.7297795,2.7555852
TH-PCHR0050,7.2175307,4.6114135
NW-88006388,0.012416501,1.4918009
NW-88006197,2.361484,0.73335254
SW-E7070500,6.566833,0.12229358
SW-RSN0109,3.62961,2.7982392
SW-72934707,1.3025113,2.973911
AN-RISE130R,6.727718,1.2417239
TH-PTHR0041,6.6401095,1.926211
AN-58M11,8.469465,0.7396748
AN-14M14,10.94271,2.4634054
SW-50360430,6.7848988,2.186584
AN-37M16,9.315007,1.7627074
AN-02M06,8.958415,-0.52591306
MD-26293085,4.6025105,0.6496346
SW-50361209,4.877822,3.9634457
MD-18208220,7.0736036,0.51742077
SO-RSN0793,8.486924,5.6427794
MD-51491050,2.296682,1.0472591
NE-49603065,5.179905,-0.22751318
AN-USTCHMAR,9.42798,3.7974885
NW-88005861,4.122803,1.1676629
NE-49105189,4.8003354,3.1160996
MD-50901140,2.9494896,1.8458009
SW-E1005000,8.919119,2.324579
AN-NENE370T,10.031752,1.0838066
AN-SSN0089,7.78208,1.1428123
NE-49900212,7.02451,2.273352
MD-RSN0646,9.705031,2.7481434
TH-RSN1774,6.4280963,1.7476548
SW-60010739,9.629985,1.5347024
NW-88021917,2.4053113,1.416956
AN-WAV135,9.7880125,3.6583524
NE-49905156,7.997174,1.2492297
AN-MTRNPAST,4.8563924,1.2390578
AN-HOLR110H,7.6556964,4.016006
SW-91241162,3.578021,2.459981
AN-NENE500E,8.343689,-1.3612876
SO-RSN1945,10.4643755,1.2524772
NW-SSN1298,1.582564,2.6011634
SW-50330367,6.5526433,3.864299
MD-C0000031,7.7076583,0.92371976
NE-SSN1501,6.4225793,4.2067885
SW-50270207,8.14994,-0.2984268
NW-88022126,0.35258532,4.5430484
SW-64200200,7.0646515,-1.2518874
TH-PEVR0043,6.634913,2.4735398
SW-82521235,4.075283,2.9293654
MD-59022250,8.382728,3.5521953
AN-WITHUSB,7.417052,-1.318524
SW-50050525,4.5858965,1.2802292
SO-G0004000,1.6047372,4.941208
SW-E1202200,7.1596694,-0.5242961
NW-88005218,3.0672374,0.69308364
NE-RSN1032,3.5253582,3.78764
TH-PLER0049,11.1484785,2.4452934
NE-49301429,10.7578335,3.6141474
TH-PLDR0051,9.377295,1.4879978
MD-08017430,9.3555355,1.0896338
SW-50331430,5.6020317,0.75068194
SW-60250679,6.6944447,1.8248351
AN-BL1030,8.122563,1.2849448
MD-25439020,9.926787,1.1684871
MD-59022840,7.6331835,4.605959
SO-Y0004523,7.681109,3.5375721
NE-49400825,0.9626712,1.5604658
AN-BURTONWA,7.5908575,0.87492925
NW-88002453,6.4225807,4.051512
MD-14138180,6.3553057,-0.19358462
TH-PRGR0012,10.619339,2.3407304
SO-SSN1294,6.7697196,5.0797935
SW-RSN1781,1.2499236,4.9848385
AN-41M14,8.578383,3.9630854
NW-88025804,9.19585,3.4677906
AN-RSN0405,7.0547795,3.2704923
NW-88005784,3.7474654,0.51763624
SW-Z1450103,6.4064207,1.4971778
NE-49105242,9.154733,3.397868
SW-60270102,6.560156,1.8655967
MD-19359900,4.335691,1.9745647
AN-ST0183,7.4112744,1.4562203
MD-47231350,6.922236,-0.15218109
NE-RSN0484,2.4642906,1.6698323
AN-RSN2281,8.643256,4.696696
MD-04794530,10.394835,2.3111954
MD-22485300,6.9946785,1.8447374
MD-49705580,3.2978876,0.12581727
TH-PWER0128,5.0212517,2.7397408
NE-49905177,4.2429476,1.8215669
TH-PLER0110,9.356174,4.2610483
NE-49301997,1.9696704,0.5582433
NE-RSN2288,3.6333256,-0.17750752
SW-81520593,0.27316234,5.3923807
NW-88002133,1.9469973,0.44906425
MD-RSN2322,2.8383029,2.0566466
NW-88000879,8.084043,3.294405
MD-29353820,5.1930165,-0.11141392
MD-SSN0497,0.64393866,5.340755
SO-E0004853,6.9029016,-1.5915823
SW-81231133,1.2546551,3.7253351
MD-RSN1262,6.90682,1.4658997
SW-50530138,5.49242,0.38466975
NE-49500668,0.9314282,1.8700573
NW-RSN1600,1.7816695,1.4591432
SW-60011118,4.6543984,2.2198489
SW-60032121,7.111285,-0.19790287
TH-PLDR0058,7.6132565,5.5844073
SW-81950840,2.0102017,5.3903985
AN-RSN0469,8.755049,3.9350393
SW-70725463,0.5355281,4.244945
NW-88006454,0.98302794,0.11223456
AN-STLODE02,5.4186516,2.6827035
NE-RSN0700,0.36130068,3.41387
SW-50951010,6.460363,2.705666
AN-SSN1369,9.987776,-0.28910378
TH-PLER0144,9.424795,1.2516282
SW-60010832,4.841679,0.9829028
SW-72930900,3.4028506,4.1247826
AN-WEN111,6.9332685,0.27379927
SW-50280545,7.793472,0.9660083
AN-GWSH010U,7.260509,3.4555824
SW-50430109,8.22826,-0.35284916
SW-82611104,2.1513317,2.8097146
MD-47232523,6.4307685,0.1653425
SW-E4141300,4.554017,0.7399356
TH-RSN0866,7.1537266,-0.3591035
SW-60010113,7.9350204,0.7258423
NE-49400593,4.392344,-0.053375848
NW-RSN2043,0.17741716,0.3782182
AN-WEN060,6.6350813,0.06429016
MD-78421659,7.6241546,0.53884274
AN-GIP156,8.713908,1.5878534
SW-91212515,1.3792989,3.5934868
SW-RSN0103,0.8243565,4.248674
TH-PLER0004,8.304137,0.9670396
SW-70711908,3.0592666,1.3940679
NE-RSN0752,6.2929626,3.95033
SO-G0003827,4.6154428,3.3674004
NE-49900011,7.466181,2.3022118
SW-91210233,2.1535707,4.3079877
NW-88003837,4.768639,3.2068162
SW-60010754,7.7464223,1.1363363
AN-TE0107,10.479225,1.1177678
SW-50905555,-0.55467534,5.1608424
NE-SSN1489,0.5123963,2.3782945
SO-E0007284,5.6842146,3.0598013
SW-50342554,5.6695404,2.4661925
MD-60386620,9.130659,2.4170272
NW-88003489,1.9968379,0.76808614
NE-49705091,2.0479543,1.1819822
NE-49500374,2.6118581,3.0553784
AN-WELL010S,9.419927,2.220731
TH-PTHR0028,9.100584,2.0450807
SW-81221940,3.0445292,4.1467223
NW-88022036,5.7491937,3.1688669
AN-GL01,7.7434244,2.2353501
SW-SSN1392,1.9743294,4.2323375
TH-PKER0098,3.4978495,3.2734015
MD-37499200,8.858959,4.1469975
AN-44M51,7.3397512,4.030761
SW-60270539,9.641169,2.7314339
SO-E0001708,4.25846,3.8260267
MD-RSN0694,6.886497,-0.19412832
AN-WEN203,6.7770023,2.3816576
NE-RSN1008,4.1285434,2.9430764
MD-25741060,5.339576,0.34131655
SW-RSN1715,2.610265,4.374107
MD-SSN0042,4.6454306,0.14233184
MD-58471500,7.5917163,0.8264143
SW-70501001,4.600822,3.4480264
SW-60060102,8.395764,0.7302902
SO-SSN0679,4.0933337,3.2103581
NW-88000902,8.434711,5.2394476
SW-E1004500,5.1145277,1.8145615
NE-SSN0737,2.9905212,1.9527524
SW-73050307,0.19144738,0.8759494
NW-88025781,1.91762,4.236094
SW-70515507,3.1414099,0.35458475
SW-82211921,4.5594087,2.6276398
SW-Z7500144,5.216698,2.1410804
MD-SSN0097,6.6680107,3.6657586
NW-88004424,4.1455135,2.246972
NW-88000644,7.1002674,0.8865577
NE-41000413,7.659374,-1.3221515
SW-64010100,6.5233436,1.0227453
SO-RSN0057,5.5785108,2.7664323
NE-49500630,2.548817,2.228443
TH-PWRR0073,7.9099627,3.7610457
SW-70240360,1.5592155,3.5870602
AN-HUGH1,7.3875146,4.266459
AN-LANG015S,7.970465,1.3559694
SW-81940469,2.1279342,5.4092083
NE-49000476,1.4263177,2.267367
NW-88004402,0.79225534,2.1289654
MD-19785120,3.3618171,3.7448356
NW-SSN0194,2.3101192,3.372361
SW-91241770,0.29395074,5.425536
SO-G0003988,5.1981645,3.7080495
MD-02847060,8.543812,1.4413694
MD-39827080,11.1359625,1.465241
MD-20671405,3.445559,2.598223
NW-88002564,7.0479383,4.569738
MD-RSN1818,6.725141,0.55246866
SW-50430144,8.67808,-0.4196379
SW-RSN1887,1.6970325,4.374256
SW-RSN2003,1.8858918,2.6420858
AN-FOSC5,8.617438,2.2169795
SO-Y0004401,6.579615,4.67013
NE-49900177,4.845997,1.5236825
TH-PTAR0039,10.513968,0.6884346
SW-SSN1424,7.5534897,4.729901
SO-E0000640,3.8486178,3.9356933
AN-WHAP060S,7.1071773,2.9594462
NW-RSN0171,0.16643627,1.2588134
SW-50330816,5.5198026,2.7929106
MD-36784280,10.163502,2.1051428
SW-E3181600,4.560717,1.0227193
SW-70556102,3.1286428,1.8493221
NW-88002273,0.22691147,1.6515503
AN-WILN040W,9.302348,4.6239147
NW-88001889,1.4649148,1.9083804
MD-04076260,6.1887565,2.7720194
MD-50162,7.8578815,1.7407889
NE-49000779,1.383788,2.981071
AN-LANDIKED,6.6695137,2.6023238
NW-88022385,0.5307645,1.425494
AN-37M28,7.8839135,2.670574
AN-WD02,9.452775,3.2976499
AN-09M07,3.7159088,1.992491
NW-88024197,0.6108744,1.8544562
NE-49302467,10.952396,3.691185
SW-72931508,1.7090725,2.7340133
MD-RSN2198,6.6045213,2.723534
AN-SLEAA,10.561183,1.4489706
NE-49300363,10.726758,1.0811656
NE-49700048,7.181744,-0.31186023
TH-PLER0145,10.012265,2.397847
SO-E0001484,6.8706174,4.983594
NW-RSN0671,4.3084927,0.21350124
SO-E0007233,10.101537,2.264283
NE-49600504,7.4581275,-1.6244714
AN-SANDHILL,9.463163,-0.6877637
SW-E3110500,7.7365947,2.9769063
MD-SSN0491,4.557561,1.0968742
NE-49500851,5.5932927,2.8579433
NE-49000777,8.634732,-0.24379632
NW-RSN2020,0.29349416,5.2673025
AN-YAR150,10.137069,2.542559
SW-RSN1517,4.5632334,3.0675726
TH-PTHR0098,7.634802,0.14027135
AN-RSN2120,5.9940977,1.1605699
SW-82528120,1.981569,4.569827
AN-RSN1076,9.067055,0.43638453
SO-RSN2041,3.6008656,3.604715
NE-49000133,1.1212548,1.3675448
SW-Z2030204,5.489187,0.7085547
MD-10928820,7.639437,0.99327284
MD-01749120,7.2399564,-0.34718645
NE-49105163,9.745522,2.2778802
NW-88003571,4.2611,0.7387205
AN-RSN2329,8.945598,2.1370618
MD-48189100,9.55747,4.1954265
SO-E0004842,2.3883708,2.1081223
MD-58809180,7.9321256,0.8575566
SW-60031397,7.798244,0.10007818
SW-A4070103,6.1378694,0.71029097
MD-48716220,6.5679016,2.331286
NE-RSN1596,8.186116,2.9034216
TH-RSN0269,7.7845807,5.5509543
SW-82710977,4.478249,4.080103
NE-49000381,0.91783583,0.49608847
AN-STEP5,8.084333,-0.8530773
AN-FOSTBECK,7.6592855,-0.34532645
SW-RSN2291,1.5002257,3.878167
TH-RSN2050,7.977544,0.53805774
MD-20367420,3.3201635,3.1498363
NE-49105205,1.3100183,2.4110386
NW-88000778,7.9910784,3.320519
NE-49100394,9.102513,1.9191015
NW-88000823,9.280519,-0.44702792
AN-41M03,11.052712,3.4737024
MD-38082200,10.922169,3.0796406
SO-G0003852,8.501988,-0.3048591
TH-PCHR0026,6.4064054,2.7437
TH-PTHR0105,7.9198236,1.4531164
SW-60030507,6.737877,1.4278849
NW-88002413,4.428528,0.9975699
MD-07687720,7.6830378,0.09339439
AN-02M18,10.747858,3.2637568
SW-70821702,3.2778316,3.294487
SO-E0000970,1.5077509,4.91596
NE-41000379,0.89113146,0.5361643
SW-Z1520115,7.4296227,2.503622
NE-49500641,1.2572783,1.8263311
NW-88025786,2.258227,3.6880407
SW-82511305,2.9055758,4.5558214
NW-RSN2308,1.6340493,2.296891
MD-RSN1678,4.05744,2.4404151
AN-ORE020,11.242182,3.4357195
SO-E0001712,11.044563,3.8036063
MD-RSN1566,6.1403418,2.8163505
AN-RSN0661,10.1802025,2.3631442
SW-81420208,3.2318542,3.5241227
NW-88000882,7.92975,4.764397
SW-50040405,7.6692324,3.2326164
SO-RSN0885,7.1934543,4.517055
SW-70810155,3.4840808,3.9518592
NE-49301481,5.362774,1.695035
SO-G0003885,8.125352,-0.16927934
NE-49200292,8.380413,-0.68991923
MD-RSN1066,6.8428583,2.3776643
NE-49500304,2.5484784,1.8151281
TH-RSN2306,6.946134,-0.22468793
AN-HELPST02,10.445953,1.4144999
MD-26272800,3.4040425,2.2251005
SO-F0002080,4.1132255,3.9045346
AN-NENE040F,8.633833,-0.98636514
NE-49505173,2.4436579,3.9832804
TH-PLDR0073,10.9363575,1.5682602
MD-00025085,5.0461345,2.3378584
AN-SPRINGWL,10.642528,0.8697362
SO-E0000957,3.8957498,3.3092449
SW-73060145,1.2285981,1.8973
AN-SEVENTOW,7.427718,3.376331
MD-38477180,9.83281,1.081566
AN-WINT3,6.308946,2.3375938
AN-ANWK3,11.242505,2.3806102
NW-88006196,1.9125121,-0.042607866
SW-E3160700,10.656389,3.4325972
NW-88003185,10.1342325,3.146281
NW-88005164,1.1092821,0.11366509
AN-BUGB090B,9.7133045,-0.012192425
NW-88003972,1.0194767,0.69749105
NW-88002741,6.9761252,3.9305472
AN-WILL040D,9.528327,0.9815529
NW-88002860,9.01936,4.7339344
TH-PCHR0030,10.463758,2.7963955
MD-29274830,7.599088,5.048842
TH-PCRR0063,8.812009,5.050981
SO-F0002084,3.747038,4.2485495
NE-SSN0085,8.253284,5.719192
MD-38814195,10.1541395,-0.24446857
SW-50040227,6.7677875,-0.19277848
NW-88003835,0.760355,1.1034588
MD-47513300,8.718331,1.6783254
NE-49100198,8.626789,3.1717353
NE-49505164,-0.04225834,2.0948741
TH-RSN1114,5.881064,1.0106565
NW-88000881,4.5849376,2.0943358
NW-88022180,8.324366,3.806242
NW-88022141,3.3788526,-0.3845306
MD-27045180,8.636945,3.7034616
SW-50221110,7.7418404,1.6377295
NW-88000618,10.5978155,3.9511788
AN-DOV010,10.943045,3.8156562
NE-49105197,2.5273929,0.53142864
SO-RSN2269,2.0113466,4.733623
MD-RSN0662,3.3328664,3.1059275
NW-88005567,0.7466228,3.029731
SO-E0001726,9.16446,4.159204
NE-RSN0447,1.7571765,2.3173792
SO-G0003699,8.27064,0.64794046
AN-RSN0177,9.641631,1.1470373
MD-51765106,4.5696974,1.7188072
TH-PUTR0057,9.1758375,4.0880904
AN-37M05,8.953015,1.1060814
MD-51025191,5.790523,4.915818
AN-04M19,9.30483,1.0329298
SO-E0007260,2.0256128,3.0439024
SW-50340205,8.276932,0.33424392
AN-CREEK,7.704708,3.3553164
AN-GLV060,6.5027685,0.37000296
NW-RSN1696,8.011837,2.2202556
MD-56379100,1.8317696,1.4655528
NW-88005731,3.0852768,2.1039448
MD-09199020,7.7117352,-1.3200183
AN-RSN2049,8.144142,2.3858452
NW-88005161,1.5673035,2.1043997
SW-82221871,0.67540234,5.5924673
MD-06379030,6.2975473,-0.2489288
NE-49500658,1.4510119,2.94275
SW-60120100,4.562325,1.8040957
AN-WEN045,8.926321,0.65735334
NW-RSN0143,2.9384754,0.1996279
NE-49200293,9.146214,0.37361255
NE-49500690,3.0015059,2.8022726
MD-RSN1794,6.2159443,2.343378
MD-28660240,10.263287,0.33894888
AN-WNG040,10.11311,2.5362406
SO-E0007196,10.552028,3.991931
NW-88004904,6.0272284,1.7740009
MD-RSN0822,5.1907573,1.2456123
SW-SSN0416,3.0740497,4.7871466
SW-73031097,1.4053642,5.2720904
SW-B3130502,7.2123694,1.778958
SW-72912320,2.6137962,4.2804728
NE-49301556,4.379026,3.938053
MD-43972380,11.223635,3.4624376
NE-49200005,7.9035797,3.764001
SW-C0489000,8.650748,-0.4487001
SW-50211720,8.13112,0.14789306
SW-81950650,1.7898607,5.44854
NW-88002147,-0.16799352,2.4773066
AN-BRAM140S,8.282678,2.252776
SW-72923103,1.7326508,3.3707762
SW-82710402,3.4572895,3.9725225
AN-DEB023,8.234493,3.1716368
SO-G0003806,7.95255,-0.25238004
NW-88024208,2.0211322,3.8976438
NW-88003554,3.0189786,1.308873
AN-FULBECKB,9.93357,-0.010090581
SW-73210106,0.75328344,1.0945253
NE-SSN0641,7.948815,3.533734
SW-C0538000,5.6063695,0.029910076
TH-PTAR0033,10.477791,2.8268404
SO-F0002895,4.5344667,2.9537992
SO-F0003020,9.759665,3.7053642
SW-60010811,9.316654,2.6740103
SW-70230605,4.5973654,0.13029763
SW-E8200200,8.238652,4.4228954
AN-DSCRANGS,10.175289,-0.010079076
NW-88001922,8.136373,4.5624475
MD-10933790,5.2879443,1.3912184
SW-60220800,9.304201,0.7322087
NE-49600184,3.3193083,1.0911428
AN-FRES7,9.348972,-0.08909255
NW-88022295,1.5769907,1.5907853
MD-53185280,0.3283559,2.103991
TH-PCHR0041,9.594577,3.9034781
AN-05M03,7.531372,0.94280475
MD-38642900,10.478787,0.6265503
AN-GLEN110B,8.635074,-0.80493516
NW-88004093,8.101255,5.4802732
NW-88000797,7.3695135,0.87308306
AN-TG315,9.70812,1.6509876
TH-SSN0699,6.695746,1.4768012
AN-DEB030,8.167365,4.1129575
MD-58326380,6.232871,1.4818292
AN-SB0101,6.527419,-0.79047686
AN-RISE260H,7.751935,-0.46619105
NE-SSN0505,6.6988716,-1.2632173
NE-49105221,9.443288,1.3609875
SW-82312350,4.2797866,3.9070728
AN-YAR100,7.030666,1.1462942
TH-PUTR0246,10.917637,3.9231923
AN-USODSMBY,6.730851,-1.4575263
SW-A0340115,6.7059326,2.3265197
NW-88022231,2.7195911,-0.020102827
AN-42M07,8.28698,3.3855424
AN-DEB0112,9.236599,-0.39270365
NE-49300644,10.933519,3.3954635
AN-SCALDWEL,9.1003475,-0.86202973
MD-37644333,8.226039,4.3565464
MD-38038070,8.969874,0.62193793
SO-F0002158,4.7286973,4.052103
SO-E0000979,0.5339836,4.3876405
SW-RSN0190,3.4283872,3.802758
AN-WELL570T,7.163264,-1.5472229
AN-CHAPELDR,7.5494947,3.4970512
TH-PTHR0065,8.0228405,1.2780255
SO-E0001524,9.238131,4.2477427
SO-E0004850,3.6740434,4.525922
MD-25293120,6.9740725,4.3202667
SW-60260100,6.016692,1.1946436
MD-05217560,5.612014,0.7293077
AN-16M03,10.787346,2.0013483
MD-42534050,8.694793,2.4569607
MD-25741080,5.0015826,0.08080403
SW-C0268000,6.4305434,3.8918025
MD-04832580,8.70779,4.3571205
SW-60033340,7.748559,4.9610586
SO-SSN0119,1.2552351,5.097316
NW-88022536,1.690851,-0.05433242
SO-RSN1921,5.267168,1.8154637
NW-88004604,1.8784573,1.4590114
NW-88003993,1.1106966,1.1143914
NW-88001830,0.42182973,1.8930566
NE-RSN1756,9.077741,3.1772883
AN-SFFT6,6.21149,1.1554497
MD-RSN1540,3.6548293,1.9816052
AN-58M06,8.581616,-0.40827727
AN-20M15,9.495362,4.1293917
SW-70522649,6.4116464,2.469726
NE-41000445,6.7222505,-0.776002
AN-27M07,9.737137,1.2317525
NE-49105132,9.6692915,1.6400558
AN-21M05,10.340683,2.801485
NE-41000083,2.5132382,0.8915484
MD-09190020,3.259152,0.28715178
NW-88023607,4.237073,3.6374063
SW-RSN1259,7.1221375,2.015618
AN-53M37,6.3877234,2.0740497
NE-49905163,-0.029233553,2.1134238
AN-BL11,8.770351,4.063054
SW-81261102,2.2312174,4.423999
NW-RSN1532,1.4402417,1.674507
MD-20205190,6.633954,2.2120175
TH-RSN0873,0.24506399,2.1134465
SW-E2032300,6.8389745,-0.96142083
SW-81610559,0.9984369,5.2370596
MD-42579020,5.6177497,-0.34032592
SO-E0007268,7.049404,4.6538124
SO-G0004027,4.520681,4.341875
MD-10932420,7.6859245,0.86063284
MD-00049650,4.259737,2.929766
SO-G0003795,8.321378,-0.18569125
MD-33422430,3.9502587,0.9737651
NW-88009719,3.468369,0.8788151
NW-RSN1895,3.415489,2.4101517
SW-70220566,3.5799525,3.6156242
MD-38474920,9.743912,0.88172233
SO-G0003976,8.928909,0.50448245
SW-A1330101,4.2902207,1.6637266
TH-PTAR0112,10.61228,2.7083504
TH-RSN1941,7.6159377,0.26834646
NW-RSN1252,0.31425276,1.8615689
AN-47M01,9.347512,0.9858421
NW-88002341,9.0676365,4.853316
SO-Y0004421,7.825929,1.2442424
MD-RSN1634,9.332609,2.5308104
AN-38M11,10.968318,3.0932777
NE-49505159,-0.20974372,2.2798357
SW-50510309,4.7667446,0.6149308
SW-70541218,3.4950168,1.8464147
AN-STONTON,5.647181,-0.3035551
AN-37M12,8.700215,1.4491198
SO-F0002099,1.8999877,4.408697
SO-G0004159,1.2471982,4.8804193
SW-82711480,2.335868,3.413336
MD-26272390,3.59966,2.3338993
SW-82610105,3.2900417,3.7699544
SW-70812370,8.36986,0.8010341
AN-RSN2034,9.075104,0.6572704
NW-88002496,7.94636,5.4500656
TH-PCNR0039,9.3748665,1.2252941
NE-49105195,1.9338789,0.50486016
AN-WITHA,9.045663,-0.29799384
NE-49400406,9.2462015,2.9066343
SW-RSN0455,1.8901552,1.826735
AN-STRC1,7.492486,3.3858705
SW-82540150,3.3086593,3.6616788
NE-49400428,3.6598532,-0.17052951
TH-PTAR0118,6.921242,1.684175
NW-88000610,9.576955,1.4798385
NE-49600457,7.085334,-1.0673865
NE-RSN2072,9.437298,0.6242453
NW-88023109,-0.18245631,3.0376062
TH-RSN0769,10.041758,2.6122851
MD-28147240,3.7690942,0.7859411
NW-SSN1410,-0.04254177,4.960742
NE-49000755,4.4336047,0.2691097
SW-A2280148,7.3886466,2.4616244
NE-SSN0081,9.699662,0.36579615
SW-50510120,5.8875203,0.38604227
NE-49301388,10.926371,3.338512
MD-61673900,4.4687896,1.0713516
NW-88003995,2.6772947,0.029488897
AN-48M55,8.405627,5.551602
AN-33M28,9.293606,3.799975
SO-E0004851,7.0045476,5.090616
MD-08036030,9.493996,-0.37172484
MD-66529440,6.130926,1.5186795
SW-E8000900,6.836043,3.3706753
SW-73060116,2.2642667,3.2715073
NE-49600487,1.7627745,2.037562
AN-37M08,8.983079,3.3557146
SW-RSN0771,0.757396,5.3854647
NW-88002014,4.5847363,1.3636845
NW-88004544,1.0373316,3.182853
NW-88003117,3.615116,0.5733393
SW-73030110,1.8041992,2.5414917
AN-CDRF080D,11.379842,3.8878558
AN-BL1140,11.100336,3.4308195
NW-RSN1848,3.7717621,1.6165013
MD-72772480,6.3461213,3.4002855
NW-88005180,2.071421,1.105392
SW-72932020,1.8495842,4.9640517
NW-88023206,0.15603368,0.43014598
SW-RSN1243,2.2788365,5.2857966
MD-RSN0180,8.026359,-0.68372303
SO-RSN0361,8.520732,0.039489895
MD-04833420,6.2861447,2.1463535
SW-A0340179,7.783956,1.6992341
NW-88006233,1.6546885,0.020977598
SW-RSN0423,2.3054771,0.47096223
SO-G0003858,7.761409,-0.29679635
SW-SSN1296,8.531957,5.687992
MD-04769220,9.525651,1.0314409
NW-88000858,5.8237476,2.650585
NW-88002589,4.806055,0.54400545
AN-03M10,8.228442,-1.147789
TH-PMLR0038,10.060864,2.4429982
SW-Z1520104,7.5647554,2.121142
SW-82115062,2.9056246,5.024833
SO-E0000551,8.031576,5.277149
AN-ORBY2,5.782831,0.90644336
SW-60250408,7.882082,2.1653526
AN-30M04,10.780208,0.74590284
SO-E0001788,3.6374211,4.080406
AN-GIP030,7.777291,2.2122588
SW-70501016,4.6499367,3.491815
NW-88005667,0.27034175,1.9562699
SW-81281158,2.0026023,4.318249
MD-78704020,4.687818,1.2053144
SW-82311344,10.346643,3.1199853
MD-08023980,5.0002847,2.5748987
TH-PTHR0014,6.8807993,4.147427
AN-02M22,5.6257296,-0.742934
AN-SOUTHWCK,6.726916,1.8214356
NE-49400449,9.448022,2.956999
SO-E0001425,7.1657662,1.8496025
SW-82511704,3.6221206,2.4780154
MD-30234380,8.048109,3.9238234
NE-RSN2316,2.4961355,2.0929186
MD-07423020,7.307228,0.82728285
SW-60041650,7.5400486,4.653961
SW-RSN0983,2.1898327,2.7581947
NE-49301513,9.78978,3.4930656
TH-PMLR0039,7.6423807,2.3738558
SW-Z1011102,5.3220744,-0.014825491
SO-E0004857,7.709999,3.0764425
NE-49505158,-0.2295529,3.040858
MD-RSN0750,11.119645,2.0881746
NW-88005536,0.39296293,3.2250218
AN-STLGWYFB,8.442726,3.071544
MD-45691150,6.7593718,3.3966987
TH-PTAR0014,7.8453207,3.2313914
NW-88019804,1.3367677,0.9171099
SW-73030189,0.54681605,3.4679165
SW-RSN1043,0.05135919,5.2486267
SO-E0007036,6.0608444,1.2495755
SW-63330106,7.344122,-0.029310847
NE-49300543,0.114545435,0.58810794
NW-88005903,4.8501983,1.8373011
NE-49105186,9.3008,-0.24128899
NE-RSN1100,1.0535715,0.102424815
NE-49705001,4.1612267,2.1020632
MD-37525190,11.485185,3.87993
NE-49905150,7.771217,2.6100342
NW-88023117,3.4825387,-0.35054684
NE-41000268,1.9540495,0.50061774
NW-88002870,5.1576295,1.7447453
TH-PUTR0023,7.2143745,2.2538884
AN-BB0125,7.977814,1.8527423
AN-SLAD060F,6.9757605,1.5457196
SW-70723020,1.1976589,1.8468596
NE-49700062,0.36695015,0.75431395
AN-FALDBECK,7.4756846,-0.93995494
SW-50040749,5.5980525,1.5948718
MD-53784050,9.728076,3.1900947
MD-54365670,6.2979,0.17800993
AN-ST15,8.151015,-1.125715
NW-88002089,1.8370934,1.3571811
TH-PTAR0047,7.6883187,3.9832659
SW-RSN1533,7.067601,1.7938352
SW-RSN0157,8.221391,4.0517373
NE-49100298,10.180054,1.0468656
SW-60250477,7.058678,1.4507989
NW-88000779,5.488099,1.7806503
MD-28432380,8.710179,3.0075326
SW-Z1470101,6.7027326,1.3065773
SO-Y0004525,5.093995,2.5901725
SW-73070130,0.08277711,1.4826185
AN-53M09,6.1183143,1.7175983
MD-42253300,10.703786,2.5573637
SW-81918003,7.1083856,4.718669
TH-RSN0018,8.05387,-0.06260496
NE-49105187,8.167849,0.05775806
MD-51705250,4.062802,0.68814874
AN-14M12,9.397067,-0.011726994
MD-38367972,7.7616735,3.8967474
TH-PCHR0014,8.228657,1.3789616
NW-88004927,0.05502116,4.6488013
SO-F0002083,4.229399,3.9836473
NW-88023120,4.029458,1.6546612
MD-22733450,4.81498,2.8702667
SW-70570104,1.4144586,2.0719752
NW-88023153,-0.18104877,5.0511284
AN-SCRVLSBY,9.61067,-0.5125665
AN-SLEA5,10.8991995,2.880693
TH-PUTR0051,8.346066,2.5595303
NW-88001916,4.4262223,1.5526805
MD-65901050,11.228565,3.6444945
NW-88002598,7.0733123,4.911168
MD-RSN0374,8.392268,1.032963
NW-RSN1060,2.5930057,3.8332431
TH-RSN2141,4.2408147,3.5638568
NW-88006181,3.4299977,-0.36892664
NE-49505154,0.57426167,1.6963199
NW-88000589,10.012802,1.642955
MD-25029740,9.696336,1.1466731
MD-47968200,8.327801,1.5498441
MD-23619190,5.8556023,1.9265105
AN-RSN0612,9.444853,4.1620135
MD-SSN0689,3.1450028,2.0043347
NW-88003989,1.3415974,0.6352167
NE-49705081,6.994609,1.8551246
NE-49301461,8.389893,0.17278926
AN-BARN085B,10.959739,3.8594635
TH-PUTR0079,8.927953,0.6813017
AN-26M20,11.0102,2.2647564
AN-BAINE,8.198738,-0.10932623
AN-BLY008,7.096786,3.2614818
AN-REDBRNE,10.296084,-0.14543921
TH-RSN0146,6.1738935,2.852778
SW-72940136,1.0591955,3.9435403
MD-20792100,5.91374,2.7867832
NW-88000672,6.3511324,2.5027108
AN-ALLB060C,8.05326,-1.4557537
MD-H0000084,7.2006454,2.2748296
AN-35M24,9.322376,1.3116132
SW-82511156,2.4062617,4.2213163
NE-RSN1908,4.034022,-0.26066428
NW-RSN1888,1.5658236,4.644597
AN-WAV100,8.199658,0.87716204
SW-SSN0512,-0.18576397,2.7959292
SW-50350160,8.473024,-0.047360606
SW-C0242100,7.336961,-0.2816034
SW-E3120500,6.6237884,1.6185905
SW-50341729,8.775691,2.5997941
NW-88002497,4.3158507,0.9958066
MD-46953033,9.274431,2.1244946
NW-88006427,2.297215,0.7188366
SW-Z4170201,8.55567,0.7424525
SO-E0001131,6.7364416,3.6252372
NW-88010165,0.92557824,2.5574307
MD-37219200,8.925552,3.0817235
SW-73111212,1.5404712,1.8762847
NE-49500626,1.560318,2.25176
NW-88022980,4.299523,0.96028256
NE-49400209,4.5050197,1.351393
NE-41000401,7.165936,-1.5907325
SW-E7010200,6.1386485,-0.25953037
NE-49302001,2.2703352,0.74269015
NW-88003450,0.46717265,1.3806487
NE-49300294,8.69179,2.2602866
AN-BOYG1,9.423797,0.8216374
AN-WHIL025T,6.132035,1.955577
MD-57202150,5.570854,-0.3904457
NW-88004016,2.0953906,0.5515745
NW-88002701,9.668351,3.1440575
MD-54420750,7.6421895,1.5360905
AN-SSN1353,6.1747203,0.32549533
NE-49400503,2.7937853,-0.20877378
NE-RSN1640,8.214492,3.0516703
SW-50700516,7.518003,-0.34019127
NW-88023953,7.9851065,5.059323
AN-HOLR120H,10.9405365,3.8858078
NE-49400339,3.8727453,-0.16311736
NE-49000780,4.826905,-0.29036918
AN-SSN0025,7.134839,0.73080814
TH-PLER0029,6.3268237,3.1372285
NW-88015139,1.901452,0.025411652
AN-NENE250D,9.5958,-0.020275123
NW-88025785,2.0678904,4.013495
AN-29M04,8.826726,1.2613397
SW-81201444,0.8188994,2.7121751
SW-Z9380202,7.4499574,-0.07114045
NE-49300619,4.9927516,2.0021987
NW-88005619,0.03992366,2.242436
SO-F0002874,6.4620304,2.8344839
AN-BRN040,10.463285,0.89095765
NE-49100419,4.7667603,2.3477347
SO-E0001640,5.0659256,4.134932
SW-91210261,1.9437618,4.3873816
SW-82111509,2.0632942,5.3601217
AN-36M03,10.271698,1.6014923
NW-88005147,0.95891464,2.003909
MD-30696755,3.5078814,0.9263106
AN-RSN1132,10.429077,1.6469744
MD-15785750,6.18652,0.57334244
NW-RSN1648,4.8061724,0.6652783
AN-GRMSTHRP,7.087785,-1.5255425
NW-88005137,1.0908905,3.308573
SW-50311174,8.099496,0.26563105
AN-FYN020,9.55807,3.6073587
SW-91251635,0.21671069,2.2709088
MD-03780020,4.8149586,1.734277
NE-RSN1820,1.3829951,2.418463
SW-50600278,8.159033,-0.4253277
NW-88006317,1.2271925,0.27054
MD-04791460,9.252959,-0.6923089
MD-53808080,9.001702,2.747561
SW-70220602,3.5752914,2.0540004
NW-88006212,3.5235426,-0.33368787
NE-49700056,5.1892095,1.319578
MD-26951900,10.013466,1.4614568
AN-LUDO3,9.164965,-0.9239769
MD-RSN0792,0.20779365,5.1532784
NW-88001982,0.595807,2.6775513
AN-29M08,9.6592455,2.9367466
SW-73020255,2.012439,1.8962291
MD-13310300,6.715967,2.2870493
SW-Z4170107,7.2585583,-0.46718648
SW-C0304100,4.403117,1.1007878
MD-58470100,8.309369,1.2743653
SO-G0004047,7.6621757,0.22364277
MD-61855310,9.039159,4.5906105
SW-RSN1915,1.9479265,4.3777537
NE-RSN1028,1.6520169,2.819735
SW-H1511748,2.2915206,4.8527594
SW-RSN0675,1.9566814,4.8608656
TH-PLER0073,7.9477477,0.4992689
NW-88002561,9.25885,2.4627047
SW-82115061,2.4108644,5.483252
SO-E0000995,11.309689,3.7061162
NW-88006176,3.902123,-0.4037676
AN-38M07,9.204859,-0.34082216
MD-00038360,4.362923,2.6351433
NW-SSN0005,3.7298093,2.1467898
AN-BDI030,9.842693,2.3837838
SW-Z1060103,5.3177238,0.012162702
AN-KETT1,9.015225,1.4322323
MD-RSN0262,5.574165,0.04567099
NE-RSN0416,9.664376,2.0145059
MD-46713100,10.5904255,3.2189271
MD-42734500,7.2199078,3.9047503
NE-49600112,9.101517,-0.8562342
NE-49700150,2.109932,1.8484774
MD-04464180,11.045472,1.5948093
SW-70232717,4.614595,0.7373316
AN-NETB2,10.4321995,0.6937394
SW-81281987,1.7849811,4.6848903
AN-VICTORBR,8.400463,-0.16812274
SO-G0004076,8.27308,-0.38008
SW-RSN2018,7.3291306,-0.28697857
MD-04831100,9.317637,2.8229742
TH-PTHR0216,9.5362425,4.1635857
SW-Z1020101,6.891359,2.4659338
NW-88002691,7.2583704,4.6524987
SO-F0017658,3.4081044,3.9861383
MD-42488950,4.8817453,1.8449206
NE-49100350,2.8305795,-0.0022847191
SO-G0003810,8.1387415,0.0866376
NW-88024657,3.793488,1.0243578
AN-RSN1940,8.542431,5.542519
NE-49105191,6.2392387,0.44913548
SO-RSN1957,1.7531457,4.236074
AN-BUR100,5.415654,1.5339969
AN-CA0321,7.921384,1.5452411
MD-30653040,3.2455459,3.3632734
AN-DEB0111,9.253564,-0.2939993
SW-70242023,2.5897577,1.5642118
SW-B3130407,6.185629,0.538595
NW-88002375,10.402879,2.8368049
NE-49000499,1.1317816,3.2232704
NE-RSN1232,2.1308668,0.46023193
MD-38367709,7.0850363,3.8937807
NE-49600461,9.51127,0.6827846
AN-RAT005,6.314267,-0.16448568
NW-88005782,2.887412,0.4862141
MD-37420400,9.565075,2.9482422
SW-50342011,7.527125,4.6051826
SW-82520734,1.8143971,3.735638
NW-88003169,5.228907,0.46682426
AN-CRIG5,7.857795,-1.5188673
NE-RSN1840,8.655343,1.6264384
AN-RSN0046,8.601605,-1.3291318
MD-59714780,8.284043,-0.73764974
NW-88002602,3.9166415,1.4854323
MD-39683250,8.152945,-0.016580006
NW-88000830,5.746354,2.1836555
AN-59M13,6.383395,3.9559846
AN-SANDBECK,10.289295,1.1919816
MD-46713640,5.2542977,0.076695584
NE-RSN0959,0.52907825,0.89274234
NW-88004567,0.79653805,3.013714
SW-73061202,1.8384739,2.7501628
AN-GL0158,7.998541,2.8941832
AN-66M01,10.047537,-0.093129516
SW-73040211,2.093174,2.772105
MD-03709420,7.8785105,4.112733
AN-FYN040,10.320874,1.6365027
NW-88001975,9.183064,3.0512946
TH-RSN0666,8.139987,3.1149175
NW-88024243,1.8527659,1.9792212
AN-28M04,10.651731,1.3132955
SO-E0001589,4.6988816,4.070222
MD-40015020,7.647987,-0.8475153
AN-SSN1475,6.5904627,3.7427075
NE-49300394,5.8453884,3.038
SO-G0006579,3.3268135,3.6680593
AN-BEL020,8.214969,3.1915882
SW-81917204,5.856579,1.1020161
AN-BRAM050L,9.5387745,0.07853977
SW-82115060,2.146166,5.525468
MD-04833900,4.379306,0.101665005
SW-50340404,7.3019295,1.8538855
MD-38367044,7.8054833,3.9135165
SW-C0398000,6.504365,-0.13623656
NE-49000103,0.9405458,0.7078389
AN-THP020,8.213062,5.411128
MD-RSN0134,9.551827,0.7091072
TH-PCNR0026,10.812934,1.4750133
NE-49401021,3.4993994,-0.31709635
NE-RSN0191,0.76808476,1.128542
NE-49000701,8.27424,3.9428573
MD-00047820,4.248961,2.949931
AN-LKS19,9.596966,3.1583366
NW-88025762,9.746584,3.058318
TH-PWRR0007,10.15392,2.7392037
NE-49302151,8.857076,4.6812096
MD-23416980,9.333337,0.63251543
NW-88002689,5.0073957,1.6408304
NE-49105219,9.6024065,-0.3246419
SO-E0001769,3.9364731,3.3679852
AN-RISG200R,7.176108,3.0590436
AN-GWSH320N,8.761574,1.1460636
NW-88024641,2.3849804,-0.07601785
AN-13M06,9.290517,0.544931
NW-88020889,0.71089125,0.8002111
MD-38367821,7.8018236,3.894777
NW-88025783,2.229442,3.7065854
SW-B3160107,6.6659594,1.6052924
SO-E0007261,4.86472,4.5700226
NE-49301355,0.71715605,0.8502564
NW-88023155,0.14972049,0.4734472
SW-60100220,5.0263486,1.9185675
SO-G0017179,3.8544185,4.5285325
SO-F0002789,9.802632,2.2351162
NW-88005875,4.588328,1.7873907
NW-RSN1726,8.269309,2.747326
SW-70724140,0.29595342,5.276125
AN-PYTB030P,8.764878,0.15247601
MD-58807990,5.792605,2.1505947
AN-41M30,8.965605,0.34995115
SW-73031080,0.7609134,3.3483942
SW-SSN1300,1.9442323,4.4686475
NW-SSN0106,1.7682712,4.3204618
NW-88000897,6.512005,3.7061036
SO-E0000919,11.555578,3.8836381
SO-E0001690,4.8527813,2.8369374
SW-72940381,0.195751,5.2970247
NW-88006288,2.5474107,0.98714703
NE-49600065,8.732417,-1.049196
MD-RSN1682,3.4407773,2.3964148
SW-72932016,1.7019153,2.65599
MD-03959280,4.272545,0.17530859
NW-88002390,2.3891149,1.863844
NW-RSN2127,0.039813578,0.6595907
SW-50260521,7.5115876,0.01364549
NW-88019870,1.9536463,0.7126271
TH-PRVR0029,5.5659766,4.3329387
SW-70514620,8.947742,4.4103103
SW-60031125,7.650931,4.3247504
MD-44205300,9.57301,3.9388592
NW-88003473,0.82793194,0.5615586
SW-50900712,5.4994106,2.5616126
NW-88025764,0.6593448,4.58422
NW-88025782,2.2733493,3.759195
SW-81290160,1.8352318,3.417122
NE-49000747,6.6204014,0.90793973
MD-10324230,8.523858,1.8700433
MD-38367889,7.8441577,3.909231
MD-37421950,9.837101,2.5204697
NW-88025758,0.1954357,0.40831858
NW-88003834,0.7738294,0.5849284
SO-F0003252,4.563595,3.3034475
NW-88001850,0.5167284,2.9750326
AN-WD08,6.0843782,0.6892999
SO-E0001751,3.8597367,3.5175154
NE-49500145,0.59987855,1.9213579
NW-88022195,2.7490513,-0.06293544
NW-88003526,2.731057,1.1656291
SW-70591508,3.5345013,1.9891174
MD-44925430,6.0866575,1.2849112
AN-52M20,7.6902475,3.9282877
AN-HD0035,9.340833,3.2217307
NW-88002434,3.9572563,0.6646908
SW-50260439,7.6089826,0.32455775
NW-88003881,7.9363513,4.3212204
NW-88023122,2.2109458,0.9320409
NW-88000766,3.4991298,2.1577759
SW-50340121,7.616026,0.15950243
AN-ALD004,7.960213,5.1009526
NW-88006218,1.2960055,0.7866282
SW-70826089,0.28987718,5.3844614
SW-70920116,2.3500657,3.2490487
SW-82710129,2.935858,2.7196965
NW-88002484,4.1626277,3.354773
AN-HUSBOSTA,7.0254,3.8239045
AN-RSN0670,6.98558,-1.540185
MD-10932840,8.024337,1.4561474
SW-60230007,7.535123,2.7835913
MD-13624310,3.7362683,2.756521
SO-RSN1281,5.1012573,4.488353
SO-F0003142,3.2751212,3.1502945
MD-23538220,7.3016324,-0.7567773
NW-88004529,0.0345398,1.5058979
MD-61226020,9.591141,1.440501
MD-04766100,9.845584,1.35469
NE-49905164,-0.113057196,2.649502
SW-50341811,10.218512,2.6842542
NW-SSN0166,1.429921,1.7000979
SW-50240184,8.150712,1.2265921
AN-PRIORLNE,10.601372,0.24718298
NW-88004403,2.012119,2.215033
NE-49301786,1.8366989,0.528872
AN-33M23,10.737186,1.7920254
MD-23416120,6.047321,3.4225628
MD-45216170,10.631215,2.2463589
AN-TRUSTHRP,7.65197,4.657692
NE-RSN1928,5.6535935,0.48427936
AN-MOWB2,8.105647,2.263139
NW-88003830,1.5804354,1.6000676
NW-88000584,6.5093493,2.4283142
MD-04782020,9.588388,1.0351188
TH-PWRR0035,8.053625,-0.3713368
NW-88022598,9.3026285,3.8688765
NW-88000832,5.5459247,2.8802454
SO-E0007265,5.19735,4.214418
TH-PTAR0045,11.337191,3.6879013
NW-88004422,2.5271924,1.7589188
TH-PLER0116,11.374532,1.9952319
TH-RSN1586,7.8365736,1.1812919
SW-81201612,0.2260353,2.0366051
AN-EYEB050T,7.2868447,-1.6291598
SW-E1004400,4.7306314,1.3081704
SW-RSN1555,1.9574815,4.2802
SW-RSN0663,0.47462267,1.9315512
SW-72811028,2.832408,3.5235863
SO-G0006971,8.097732,1.6394105
MD-RSN2271,4.108019,0.3868673
SW-A3230103,6.827452,-0.034703158
SW-60031210,8.272692,1.8559343
NE-49100596,7.8854103,4.207867
MD-52231140,0.86894405,2.9709384
NW-88003416,1.1289823,0.057346605
NW-88003817,-0.10333063,2.1753445
MD-11827020,6.167648,2.7626524
TH-PWER0001,6.6956444,3.6725113
AN-BRAM070B,9.070577,-0.8090092
NW-88023949,3.9335532,0.89938915
NE-49905207,6.77234,-0.8084532
SW-Z8480238,6.2766604,0.33518544
SW-60032880,6.4928393,0.12624393
NW-88002519,9.827308,3.7390246
NW-88000763,9.249706,2.0645385
SO-E0004859,8.590289,2.3715374
SW-82713235,1.7364482,2.8059082
NW-88005057,0.741067,3.247289
NW-RSN2016,6.5865498,4.4496317
SW-81930920,1.534701,5.1875787
NW-88003200,8.51496,4.3030457
AN-GIP160,8.255646,3.030456
NW-88022196,1.6213497,0.7328872
NW-88024649,0.44983864,3.768409
NE-49200306,8.573883,-0.91433823
SW-60220625,7.066506,3.939051
SW-A3200201,6.7314897,-0.13304807
SW-B3130102,6.3775396,0.79952073
AN-GLEN480B,7.4297915,2.7764838
SW-70240215,4.73376,1.2486702
NE-49105177,10.405178,3.2096622
SW-50830215,5.3903584,0.50019866
SW-RSN1893,5.003434,2.9015057
SW-E4002500,8.512919,2.3220477
NE-49105196,7.5594134,-1.6320657
TH-PTHR0008,9.688105,3.3175907
SO-G0004008,5.1317816,4.0208454
SW-82710441,1.8300503,4.074062
SW-60030367,6.6703377,1.0025218
SW-Z1530102,7.096339,1.304885
SW-60030905,10.695516,3.0751004
NE-49302227,7.0864444,2.9515085
TH-PUTR0248,10.970618,3.461939
MD-06274040,6.5601654,2.447378
TH-PWYR0041,7.560549,2.0051718
NW-88009713,2.401641,1.9947191
MD-04788950,8.52572,-0.89675117
SW-70522683,6.5753126,2.6063888
NW-88004406,0.23158185,1.0174185
NW-88009919,2.5277412,0.3561087
SW-E2091100,4.852421,0.9203764
SW-RSN0151,3.3732452,2.4746845
AN-RSN2312,10.012775,-0.14219277
SO-F0002356,1.8129785,3.1920862
MD-23320580,10.67069,1.945656
SW-81911144,2.1459737,5.246865
TH-RSN2113,9.416548,0.70710266
TH-RSN0786,7.967013,1.8417486
TH-PUTR0108,6.9680185,3.706036
NW-88010389,7.9286537,3.347729
AN-CH0276,7.4278646,0.076717034
AN-GIP002,4.9159164,1.6718745
AN-SSN0501,7.2624736,4.685777
NW-88000877,8.82959,2.3238618
MD-30219660,9.589048,2.9631484
AN-GLEN560S,5.5787535,0.9399466
MD-11296360,4.513843,0.846282
TH-PWAR0045,8.109189,0.47098836
AN-RSN0286,7.567104,0.80880123
NW-88002222,1.5470191,2.281801
AN-FOSVIKIN,9.696459,0.9061047
MD-37917080,8.45074,-0.3004229
SW-50590615,3.6230001,4.140164
NW-88003414,3.7031326,0.3534137
MD-64780180,4.9361744,1.925525
TH-PBNR0057,3.4592423,4.2391624
AN-BL031080,10.007873,0.046741616
TH-RSN1806,7.301447,-0.4285602
NW-88004052,8.376929,5.6551785
NE-49405130,3.475585,4.4594417
NW-88005710,4.7998567,0.1834545
AN-CUTQRD,8.241994,5.1669183
NW-88002272,1.1821547,2.3803375
NW-88003088,3.1554415,1.7674224
SO-G0004209,8.340917,-0.09021998
SW-82521405,2.9004755,4.2555585
NE-49301789,0.48513627,4.435406
NE-49500722,1.6962376,1.811986
AN-YAR226,7.8584905,4.956043
SO-G0004031,6.336862,3.116452
SO-G0003658,6.9728484,1.5952523
AN-RBRANTFA,7.229074,-1.2435135
AN-BRAM040D,8.563428,-0.85185105
AN-CH03,8.0210085,1.3267727
NW-88000859,8.402295,-0.24513435
MD-RSN0695,1.8346452,1.9913939
AN-RSN1790,3.6994834,2.018786
SO-E0007286,6.515909,3.744035
MD-60967900,9.6596155,1.3786707
AN-49M05,10.79409,2.5569441
NW-88022534,0.335009,1.3413368
SW-A3190204,7.5926547,0.587106
SW-81930177,0.5867243,4.50123
NE-49200089,9.538492,0.33119276
NE-49300621,5.6227894,2.350147
NE-49300672,6.075903,3.0217254
NW-88010528,9.148501,4.634961
TH-PUTR0013,6.199218,0.36788744
MD-RSN2176,1.419244,0.50554234
SW-70810128,3.4011047,2.6103795
SW-RSN2293,7.5877686,0.3591797
NW-88023210,-0.14887656,2.7187583
NE-49100201,9.006137,2.4609141
SW-A3240119,8.16595,0.57835716
SW-RSN2155,2.12987,5.430066
NW-88024658,1.8657312,1.222794
NW-88006368,4.0551486,1.1250756
NE-RSN0796,2.3929698,1.5226653
AN-03M22,5.8056602,0.37281388
SW-72810110,2.088129,2.8175902
SW-73040132,3.1481938,2.115707
MD-23475020,7.1517735,0.65606827
AN-11M37,11.025357,3.0723522
SO-Y0004511,8.6756735,3.4357
MD-RSN2126,6.0652056,1.5357249
MD-15787280,6.2437816,-0.1077453
SO-F0002082,3.731411,3.4924898
TH-PTHR0048,11.033819,2.7234192
SO-G0003680,8.270377,5.417337
NE-49105182,7.5908036,3.5112426
NE-49302178,3.9973867,2.1955638
NE-49400282,9.796896,3.5774226
SO-E0001005,4.291325,3.8367956
AN-NTBK140E,9.397591,-0.023278411
NW-88004418,1.9047639,1.4540019
NW-88006474,4.000917,1.8866928
MD-46265950,8.968074,2.6445873
NE-49300101,6.120263,0.17928177
SO-G0004098,8.272445,0.7905608
AN-GOLB1,10.795876,2.6014192
MD-58551025,9.695034,0.9924381
NW-88002518,7.039169,4.0109444
SO-F0002110,3.1592784,3.6019218
NE-49100031,2.8565805,-0.12304895
MD-11708880,6.1981993,1.9053183
AN-RSN0277,8.020197,3.8345144
MD-64177850,3.7572608,1.0323671
AN-SOUB2,10.714752,0.73003614
SW-SSN0720,4.4526443,2.7155879
AN-CHIGN070,10.2147875,0.5507831
SO-F0017616,0.6930268,1.5103498
AN-EVBK050E,5.8695273,0.3011318
MD-01746020,5.2533937,0.027788334
SW-50550158,6.294282,-0.10345224
AN-SFFT7,6.368222,2.7261734
TH-PUTR0249,6.8334556,0.077641055
SW-70513830,4.6421123,1.1719322
NE-SSN0193,8.121674,5.62475
MD-37535300,11.516925,3.9068303
MD-20669300,5.9280066,3.093052
AN-26M06,8.607755,-0.9486334
AN-48M54,7.8767724,4.289541
SO-F0002081,3.4800415,3.3562014
AN-33M06,10.032084,1.1672741
AN-RISE050A,6.9895873,-1.0475166
NW-88002545,1.7326536,1.4560201
NW-88010526,5.277868,4.4086943
MD-66201480,8.003403,3.1374314
SW-Z7500103,7.8728557,0.3790823
MD-50902050,2.2535114,1.74636
SO-F0002241,6.0819755,3.368438
AN-SFFT4,7.3242855,0.567192
MD-22687780,4.676258,2.3160203
AN-44M08,8.586961,2.882903
MD-54510700,5.3950877,1.5141746
SW-Z9370301,7.606582,-0.09974153
AN-DUN020,8.309462,5.7291427
MD-03959030,6.7706513,3.9252954
SW-82711471,2.54933,2.0927196
NW-88025938,3.841066,0.41135243
MD-RSN0966,3.4441805,3.3323233
MD-10762280,8.343681,0.1962158
TH-PBRR0094,8.900581,4.3572125
AN-SB0112,4.726736,2.0270019
AN-WILL170F,7.801486,0.43193996
NW-88003419,2.6599543,-0.050167423
SW-70534704,1.8633485,3.436485
NE-49603069,7.627671,1.1043156
TH-PCNR0028,9.901059,2.5043597
NW-88023836,1.258462,4.9870224
NE-49105250,8.201495,2.6072843
NE-49600453,8.8260565,2.6372755
SW-70571096,1.9918458,2.7005072
SW-82521521,2.567129,3.8964815
NE-49000482,2.3994145,0.9369831
NW-88002506,9.001131,2.8334796
AN-20M03,8.970558,1.8284866
NE-49905145,0.8466094,1.0517265
AN-LKS18,8.071454,0.81215584
SW-50231604,7.41072,1.7480832
NW-RSN0475,1.5770103,2.0948737
SO-F0017614,4.1728663,0.59141994
SO-RSN0821,4.881094,2.7776935
NW-88003412,1.8469118,0.0029340964
NE-RSN1784,9.23128,0.9944364
SW-72933916,2.0429945,4.350283
AN-48M56,7.3064756,4.783431
TH-PTAR0191,9.367479,1.4606647
TH-POCR0091,7.135258,-1.4369996
SW-82010145,1.9058543,5.3598433
NW-88000604,8.594877,3.227457
SW-50320219,7.0000196,3.1991801
AN-RAT020,8.669183,-0.36678377
SO-E0000414,3.4128711,3.0257475
MD-H0000005,2.34596,-0.1914788
MD-59008980,10.46265,2.531803
NE-49900017,5.0549273,-0.16834384
AN-53M07,7.0579367,2.511909
NW-RSN0795,4.084171,2.1263528
SW-RSN0621,8.298069,-0.42686194
SO-G0006583,0.8304132,4.6181984
AN-52M23,8.174037,3.6728058
SW-72923035,1.9994283,3.443907
AN-LUDO2,9.474118,-0.74699455
SO-E0001135,5.608084,1.7452043
SW-70822802,0.22837073,3.1161764
NW-88004899,8.548059,5.538554
MD-11581220,7.3451977,1.2385404
NW-88024651,0.0020896033,4.970686
SO-E0000664,11.565263,3.894229
MD-RSN1742,9.49511,2.0296068
AN-BX0134,7.889859,1.1682054
NE-49600168,8.390112,3.281742
AN-RA0580,10.876758,1.8524263
AN-41M05,8.311028,2.877869
NE-49600491,0.5010726,1.2039716
NW-88003217,10.489555,3.8632977
NE-49900028,4.5087705,-0.16338763
NE-49000781,4.4782906,-0.34430468
NW-88002415,10.298247,3.895533
NW-88004417,2.5933425,0.41847637
SW-RSN1843,2.120845,4.191959
AN-SSN0667,7.1106844,1.5042938
NW-88021290,1.1587807,4.2443495
NE-49905119,4.50551,-0.30117828
AN-DUN010,7.3801107,4.7334433
AN-BUR182,5.779307,4.2372317
AN-30M15,10.671596,1.3907907
AN-SWANDRNS,9.769894,1.7339779
AN-GWSH300B,8.729742,2.0527196
NE-49400258,10.590432,3.800256
NW-88022132,-0.14603502,2.0914667
SO-F0002102,7.4821496,4.997637
NW-88003484,2.1414316,0.77879584
SW-81420292,2.5868816,4.874316
NE-49600477,6.8617754,3.136879
MD-55004105,8.245446,0.8883978
TH-PUTR0116,10.402291,2.6251664
MD-RSN1748,7.3667555,4.1785245
SO-F0002078,3.8546824,3.9801612
SW-82540735,0.97557545,5.362919
SW-Z9380101,7.6746926,0.113920376
SO-G0003694,7.8625712,-0.11810483
SO-F0003059,6.359653,5.0597987
SW-70232783,4.079793,0.5350201
MD-55103100,7.064171,-0.11204347
TH-PKER0340,8.7945385,0.35237515
NW-88022623,8.02859,4.524179
NW-88025756,0.15849099,0.42211914
NW-88001852,1.4025588,0.7952397
AN-11M52,7.320425,3.8427799
MD-07708170,9.516083,1.9093248
AN-ANT180,6.10347,2.6704073
MD-47889180,6.6585603,-0.84894305
AN-TILL6,10.14608,0.02652953
NW-88004390,2.1235805,0.8194901
NE-49301788,0.49747193,2.8482275
SW-70611114,6.351958,0.40053895
SO-E0001500,8.570977,4.236796
NW-88023952,8.112731,4.9477596
MD-44071350,8.76667,1.9689502
SO-E0001571,4.4612412,2.5062387
SW-RSN2139,0.41141653,3.0168357
SW-B3130304,6.4486303,0.44058472
SW-E8320300,6.9346566,3.1119652
TH-PTAR0113,9.430133,2.6710699
MD-48359455,8.5388365,1.0558207
NE-49000012,4.6479745,-0.45914242
MD-44510300,6.850538,0.6999232
NW-88022929,4.775954,1.7554109
SW-81201455,0.34215468,2.089779
SW-RSN2091,1.7031823,4.6416087
SW-91221520,1.7762072,4.391582
MD-59716950,5.8922415,1.3246645
SW-91221760,1.2387155,4.8263125
NW-88000738,0.74344647,0.64520055
AN-GREN030T,10.674672,2.6138914
MD-55860150,4.310143,1.3361378
NW-88009838,7.6515203,3.5514967
SO-E0001309,8.031264,1.3944432
NW-88001872,2.592702,0.669094
MD-13627200,2.5792706,2.3976521
MD-39584220,9.763608,2.093673
AN-01M08,7.181845,0.26747578
SW-B3170603,5.5210514,0.60640866
NW-88006374,5.195369,-0.34657797
NW-88006359,3.6327965,-0.37087312
NE-49301745,5.727291,1.6101301
MD-44506300,8.247071,-0.20892216
SW-E1152200,6.606233,2.400957
SW-E4000250,6.3661265,-0.44431877
SW-82112141,2.1798985,5.3376627
AN-11M51,7.1727066,1.1555425
AN-TOFTNGS,9.76215,-0.0065168105
SW-81311020,2.2228417,5.4121084
SW-50341026,9.095199,-0.49388754
SW-70920250,3.8647187,3.9668045
MD-38263220,7.52542,3.2505496
TH-RSN0882,8.15758,1.9656154
NW-88000703,9.246865,4.6444225
NE-49300797,4.2542233,1.8856096
AN-53M57,7.399169,3.951036
AN-DPABUCK,6.871513,-0.7170942
TH-RSN1074,8.167569,1.147464
NE-49100549,4.984686,2.4236946
SW-81520450,1.1326908,3.702329
NE-49300441,5.9244394,0.2109661
AN-34M13,8.302515,0.27972555
MD-13659920,7.4414864,1.8316622
SW-70581050,1.6041968,2.8916705
SW-50050710,2.6673253,1.725685
NW-88003955,1.1059629,1.0181736
NE-49105172,7.369992,-0.7263683
SW-60080010,7.235788,-0.019287432
SW-82511119,2.8793228,4.1148863
NW-SSN1426,0.43344632,1.4591491
TH-PLER0107,7.534715,3.965402
SW-73024202,0.7872331,1.1508647
NW-88006193,2.011106,-0.12818433
MD-61643350,5.472513,3.2961657
NE-49800229,3.6012878,1.000783
NW-88002648,7.0490875,4.6133075
NE-49600494,4.110553,-0.38579726
SW-82522505,0.96665096,3.9138987
